# OBJ generated by ONSHAPE BY PTC INC, 1.217 Units = meters
mtllib newspoon1.mtl
g Part 1
v -0.0242775 0.015 0.00150164 
v -0.0249735 0.015 -0.00238046 
v -0.0251239 0.015 -0.00248076 
v -0.0244168 0.015 -0.00175888 
v -0.0245564 0.015 -0.00196327 
v -0.0240304 0.015 -0.000750359 
v -0.0239737 0.015 0.000367135 
v -0.0239564 0.015 3.50617e-16 
v -0.0272837 0.015 -0.0019435 
v -0.0274111 0.015 -0.00175631 
v -0.0275345 0.015 -0.00153302 
v -0.0260246 0.015 -0.00269782 
v -0.0261679 0.015 -0.00267901 
v -0.0255478 0.015 -0.00265589 
v -0.0256075 0.015 -0.00267161 
v -0.0248556 0.015 -0.0022855 
v -0.0247092 0.015 -0.00214422 
v -0.0240241 0.015 0.000718746 
v -0.0271516 0.015 -0.00210399 
v -0.0278048 0.015 -0.000714519 
v -0.0278546 0.015 -0.000365547 
v -0.0276424 0.015 -0.00128652 
v -0.0258823 0.015 -0.00270245 
v -0.0257573 0.015 -0.00269497 
v -0.0240801 0.015 0.000962211 
v -0.0241693 0.015 0.00124406 
v -0.027339 0.015 0.00186679 
v -0.0271967 0.015 0.00205256 
v -0.0276343 0.015 0.00130723 
v -0.027508 0.015 0.00158542 
v -0.027867 0.015 0.000192908 
v -0.02783 0.015 0.00056687 
v -0.027733 0.015 -0.0010157 
v -0.0248772 0.015 0.00230404 
v -0.0247339 0.015 0.00217 
v -0.0252801 0.015 -0.002563 
v -0.0241389 0.015 -0.00115723 
v -0.0242566 0.015 -0.00145677 
v -0.0268947 0.015 0.00234412 
v -0.0267675 0.015 0.00243529 
v -0.0270426 0.015 0.00221613 
v -0.027736 0.015 0.00100533 
v -0.0278718 0.015 5.92156e-17 
v -0.0243495 0.015 0.00163617 
v -0.0244689 0.015 0.00184032 
v -0.0244028 0.015 0.00173572 
v -0.0245976 0.015 0.00201589 
v -0.0253521 0.015 0.002594 
v -0.0252097 0.015 0.00252854 
v -0.0263125 0.015 -0.00264533 
v -0.0253168 0.015 -0.00257931 
v -0.0243495 0.015 -0.00163699 
v -0.0243839 0.015 -0.00170371 
v -0.0240486 0.015 -0.000835196 
v -0.0239752 0.015 -0.00038171 
v -0.0262704 0.015 0.00265669 
v -0.026122 0.015 0.00268659 
v -0.0267241 0.015 0.00246066 
v -0.0266144 0.015 0.00252486 
v -0.0273758 0.015 0.00181196 
v -0.0268673 0.015 -0.00236513 
v -0.0270127 0.015 -0.00224408 
v -0.0250696 0.015 0.0024471 
v -0.0263808 0.015 -0.00262418 
v -0.0254123 0.015 -0.00261493 
v -0.0254609 0.015 -0.00263307 
v -0.0258444 0.015 0.00270133 
v -0.0257026 0.015 0.00268827 
v -0.0264061 0.015 0.0026149 
v -0.0264557 0.015 0.00259698 
v -0.0277569 0.015 0.000928121 
v -0.0268125 0.015 -0.00240489 
v -0.0249317 0.015 0.00234857 
v -0.0254076 0.015 0.00261483 
v -0.0264043 0.015 -0.00261499 
v -0.0265263 0.015 -0.00256735 
v -0.0255607 0.015 0.002661 
v -0.0259713 0.015 0.00270119 
v -0.0264171 0.015 0.00261151 
v -0.0267241 0.015 -0.0024606 
v -0.0266703 0.015 -0.00249453 
v -0.0255478 0.015 0.00265718 
v -0.0254181 0.015 0.00261878 
v -0.0291084 0.014799 1.36056e-16 
v -0.0296737 0.0147071 1.71186e-16 
v -0.031546 0.0142009 -5.86024e-17 
v -0.0317247 0.0141526 -8.05242e-17 
v -0.0327953 0.0137449 -1.02956e-16 
v -0.0339185 0.0133172 -1.26487e-16 
v -0.0354356 0.0125739 -4.58334e-17 
v -0.0389328 0.0105941 -5.45834e-16 
v -0.0383241 0.0109539 -4.19735e-16 
v -0.0362978 0.0121516 0 
v -0.0419606 0.00851695 -3.34859e-16 
v -0.0416062 0.00876003 -3.59549e-16 
v -0.0454649 0.00582239 1.61638e-15 
v -0.00917113 0.00861024 -1.28597e-17 
v -0.00853981 0.00817132 -1.6634e-18 
v -0.00523731 0.00587536 5.69051e-17 
v -0.00419626 0.0050897 4.39219e-17 
v -0.0124315 0.0106517 5.93599e-16 
v -0.0152593 0.0121949 6.81998e-17 
v -0.0121575 0.0104801 5.42617e-16 
v -0.015284 0.0122062 6.88301e-17 
v -0.0219204 0.0146572 -1.32998e-16 
v -0.0177138 0.0133208 1.30922e-16 
v -0.019411 0.0139383 3.07989e-16 
v -0.0199825 0.0141462 3.67604e-16 
v -0.0220268 0.0146852 -1.60468e-16 
v 0.000433488 0.00109485 0.00487238 
v 0.000559988 0.00133304 0.0026457 
v 0.000413571 0.00105734 0.00512199 
v 0.000560561 0.00133412 0.00261495 
v -0.000634314 0.00240156 -5.00252e-19 
v 0.000609286 0.0014258 3.5505e-17 
v -0.0231412 0.014867 1.34697e-16 
v -0.027911 0.0149936 6.16534e-17 
v -0.0454719 0.00581651 1.61521e-15 
v -0.0497243 0.00223515 0.000278485 
v -0.0496358 0.00224527 0.00188563 
v -0.0497262 0.00223495 9.04844e-16 
v -0.0489844 0.00233903 0.00511372 
v -0.0489813 0.00233955 0.00512205 
v -0.0490957 0.00232134 0.00474628 
v -0.0495315 0.00225885 0.00261428 
v -0.0494236 0.00227292 0.0033687 
v -0.0485343 0.0024158 0.0063312 
v -0.0479887 0.00251868 0.00746547 
v -0.0479572 0.00252521 0.0075178 
v -0.0473462 0.00265158 0.00853048 
v -0.0472426 0.00267482 0.00867151 
v -0.0466644 0.00280463 0.00945929 
v -0.0463688 0.00287638 0.00979388 
v -0.0457918 0.00301641 0.0104469 
v -0.045322 0.00313997 0.0108837 
v -0.0446798 0.00330887 0.0114809 
v -0.044079 0.00347936 0.0119387 
v -0.0434248 0.00366498 0.0124372 
v -0.0425794 0.00392295 0.0129569 
v -0.0437795 0.00356434 0.012167 
v -0.0417174 0.00418601 0.0134869 
v -0.0407974 0.00448519 0.0139344 
v -0.0398082 0.0048069 0.0144157 
v -0.0386205 0.0052098 0.0148697 
v -0.0391214 0.00503987 0.0146782 
v -0.0371108 0.00572359 0.0154153 
v -0.0358499 0.00614593 0.0157611 
v -0.0376742 0.00553077 0.0152314 
v -0.0356327 0.00621869 0.0158207 
v -0.0345621 0.00657727 0.0161142 
v -0.0332813 0.00697915 0.0163951 
v -0.0321894 0.00728697 0.0165939 
v -0.032915 0.00708241 0.0164618 
v -0.0314761 0.00748805 0.0167238 
v -0.0297367 0.00787046 0.0169759 
v -0.0289906 0.00797548 0.0170617 
v -0.0307553 0.0076465 0.0168283 
v -0.0281834 0.0080891 0.0171545 
v -0.0277096 0.00812443 0.017201 
v -0.0274538 0.00812732 0.017223 
v -0.026526 0.00813783 0.0173029 
v -0.026285 0.0081501 0.0173023 
v -0.0260251 0.00815382 0.0172996 
v -0.0255527 0.00816059 0.0172948 
v -0.0252788 0.00814321 0.0172875 
v -0.024495 0.00809347 0.0172666 
v -0.0242715 0.00807928 0.0172606 
v -0.0228075 0.00786315 0.0171844 
v -0.0211403 0.007504 0.0170444 
v -0.0202371 0.00727272 0.0169422 
v -0.0207571 0.00740588 0.017001 
v -0.0166431 0.00624817 0.0163195 
v -0.017717 0.00656157 0.016545 
v -0.0180134 0.00664521 0.0165917 
v -0.0143225 0.00558297 0.0156959 
v -0.0121967 0.00501624 0.0149283 
v -0.0145304 0.00564254 0.0157517 
v -0.0120577 0.00498293 0.0148631 
v -0.0110099 0.00473199 0.014372 
v -0.0102351 0.00454641 0.0140089 
v -0.0101009 0.00451753 0.0139302 
v -0.00868694 0.00421318 0.013101 
v -0.00847071 0.00416968 0.0129544 
v -0.0080136 0.00407771 0.0126444 
v -0.00711382 0.00390649 0.0119376 
v -0.00658382 0.00380563 0.0115212 
v -0.00591967 0.00368511 0.0108824 
v -0.00538458 0.00358802 0.0103678 
v -0.00528804 0.0035705 0.0102749 
v -0.0048794 0.00349572 0.00979244 
v -0.00411656 0.00335612 0.00889171 
v -0.00395799 0.00332548 0.00867141 
v -0.00354197 0.00324509 0.00809343 
v -0.00195459 0.00287758 0.00525 
v -0.00318926 0.00316949 0.00751562 
v -0.0026147 0.00304634 0.00657439 
v 0.000403357 0.0010381 0.00525 
v -0.0151327 0.0058152 0.0159136 
v -0.0182695 0.00671749 0.0166321 
v -0.0206854 0.0143315 1.86038e-16 
v -0.0180909 0.013458 1.70265e-16 
v -0.0340987 0.0132289 -1.16906e-16 
v -0.0303166 0.0145333 9.22807e-17 
v -0.0267275 0.0138027 0.00867158 
v -0.0267281 0.0133956 0.00979414 
v -0.0256601 0.013415 0.0097938 
v -0.0376983 0.00985226 0.00867191 
v -0.0374967 0.00949876 0.00979457 
v -0.0347428 0.011057 0.00979445 
v -0.0267247 0.0148603 0.003882 
v -0.0267253 0.0146791 0.00512189 
v -0.0255697 0.0146951 0.00512174 
v -0.0312154 0.0129664 0.00867172 
v -0.0311095 0.0125734 0.00979432 
v -0.0299895 0.012896 0.009794 
v -0.026726 0.0144432 0.00633408 
v -0.0267267 0.0141515 0.0075177 
v -0.0256071 0.0141689 0.00751745 
v -0.0289423 0.0135436 0.00867124 
v -0.0288882 0.0131403 0.00979376 
v -0.0278006 0.013306 0.00979396 
v -0.0278276 0.013712 0.0086714 
v -0.0256316 0.013821 0.00867128 
v -0.0278506 0.01406 0.00751755 
v -0.03007 0.0132949 0.00867145 
v -0.0289885 0.0138892 0.00751741 
v -0.0301389 0.0136369 0.00751758 
v -0.029027 0.0141783 0.00633383 
v -0.0278697 0.014351 0.00633394 
v -0.0255865 0.0144599 0.00633387 
v -0.027885 0.0145863 0.00512179 
v -0.0301963 0.0139228 0.00633398 
v -0.029058 0.014412 0.0051217 
v -0.0302427 0.014154 0.00512181 
v -0.0313815 0.013585 0.00633415 
v -0.0313059 0.0133032 0.0075178 
v -0.0336289 0.0120403 0.00867166 
v -0.0334786 0.0116622 0.00979428 
v -0.0322705 0.012165 0.00979427 
v -0.0323995 0.012551 0.00867166 
v -0.0325099 0.0128818 0.00751775 
v -0.0337576 0.0123645 0.00751775 
v -0.0349124 0.0114269 0.00867181 
v -0.0350576 0.011744 0.00751787 
v -0.0338651 0.0126356 0.0063341 
v -0.0326021 0.0131585 0.0063341 
v -0.0314425 0.0138128 0.00512195 
v -0.0326765 0.0133822 0.00512191 
v -0.0339518 0.0128548 0.0051219 
v -0.0351789 0.0120093 0.0063342 
v -0.0352769 0.0122237 0.00512198 
v -0.0302782 0.0143317 0.00388194 
v -0.0315223 0.0141115 0.00261494 
v -0.0290817 0.0145917 0.00388185 
v -0.0278967 0.0147672 0.00388192 
v -0.0279049 0.0148948 0.00261486 
v -0.0290984 0.0147185 0.00261482 
v -0.0303032 0.0144572 0.00261487 
v -0.0340184 0.0130233 0.003882 
v -0.0327738 0.0136757 0.00261492 
v -0.0327335 0.0135542 0.003882 
v -0.0340653 0.0131423 0.00261491 
v -0.0353521 0.0123886 0.00388205 
v -0.0354051 0.012505 0.00261495 
v -0.0340932 0.013213 0.0013209 
v -0.0327976 0.0137477 0.0013209 
v -0.0354365 0.0125741 0.00132092 
v -0.038221 0.0107714 0.00388208 
v -0.0381316 0.0106138 0.00512202 
v -0.0446989 0.00478875 0.00867201 
v -0.0444539 0.00446383 0.0097947 
v -0.0406712 0.00736164 0.00979468 
v -0.0380151 0.0104088 0.00633426 
v -0.0378709 0.0101553 0.00751795 
v -0.0408977 0.00769968 0.00867199 
v -0.0410917 0.00798949 0.00751802 
v -0.0412539 0.00823191 0.00633431 
v -0.0413849 0.00842795 0.00512206 
v -0.0450841 0.00530032 0.00633432 
v -0.0449087 0.0050673 0.00751803 
v -0.0452258 0.00548875 0.00512207 
v -0.0414855 0.00857865 0.00388211 
v -0.0454114 0.0057359 0.00261499 
v -0.0383215 0.0109487 0.00132093 
v -0.0382841 0.0108826 0.00261497 
v -0.0415565 0.00868507 0.00261499 
v -0.0267296 0.0118194 0.0129532 
v -0.02673 0.0111756 0.0139286 
v -0.0258133 0.0112006 0.0139281 
v -0.0275794 0.0100203 0.0153099 
v -0.0275535 0.00963531 0.0157474 
v -0.025914 0.00974464 0.0157469 
v -0.0275268 0.00923672 0.0161731 
v -0.0274993 0.00882481 0.0165866 
v -0.0259705 0.00893426 0.016586 
v -0.0290944 0.00849472 0.0165867 
v -0.0290094 0.0080774 0.0169879 
v -0.0274711 0.00839987 0.0169878 
v -0.0291767 0.00889925 0.0161732 
v -0.0259417 0.0093461 0.0161725 
v -0.0292565 0.0092907 0.0157475 
v -0.0308395 0.00790782 0.0165877 
v -0.0310989 0.00867761 0.0157484 
v -0.0293335 0.00966881 0.01531 
v -0.0313407 0.00939587 0.0148615 
v -0.0276044 0.0103915 0.0148607 
v -0.0258616 0.0105007 0.0148603 
v -0.0267302 0.0108319 0.0144003 
v -0.0258369 0.0108578 0.0143997 
v -0.0258873 0.0101296 0.0153094 
v -0.0284971 0.0102459 0.0148604 
v -0.0285451 0.0106005 0.0143998 
v -0.0276517 0.0110914 0.0139284 
v -0.0276285 0.0107486 0.0144001 
v -0.0285912 0.010941 0.0139282 
v -0.0294792 0.0103841 0.0144002 
v -0.0294078 0.0100333 0.0148608 
v -0.0295478 0.0107208 0.0139285 
v -0.0314549 0.00973509 0.0144008 
v -0.0335213 0.00840351 0.0148619 
v -0.0332037 0.00771533 0.0157488 
v -0.0338151 0.00904058 0.0139294 
v -0.0315645 0.0100608 0.0139291 
v -0.0360465 0.00696298 0.0148621 
v -0.0356618 0.00628115 0.0157414 
v -0.0363952 0.00757178 0.0139297 
v -0.0367149 0.00813043 0.0129541 
v -0.0267287 0.0129296 0.0108835 
v -0.0267292 0.0124042 0.0119373 
v -0.0257287 0.0124261 0.0119369 
v -0.0316694 0.0103727 0.0134466 
v -0.025769 0.0118428 0.0129528 
v -0.0286776 0.0115787 0.0129528 
v -0.027695 0.0117336 0.0129531 
v -0.0296762 0.0113515 0.0129531 
v -0.0296135 0.0110433 0.013446 
v -0.0287559 0.0121581 0.0119369 
v -0.0277343 0.012317 0.0119371 
v -0.0297926 0.0119245 0.0119372 
v -0.0297359 0.0116453 0.0124501 
v -0.031865 0.010955 0.0124505 
v -0.0317695 0.0106709 0.0129536 
v -0.0340844 0.00962517 0.0129539 
v -0.0343289 0.0101563 0.0119379 
v -0.0319556 0.0112252 0.0119376 
v -0.0320415 0.0114812 0.0114152 
v -0.0256924 0.0129502 0.0108831 
v -0.0288261 0.0126786 0.0108831 
v -0.0277695 0.0128411 0.0108833 
v -0.029897 0.0124394 0.0108833 
v -0.0298463 0.0121892 0.0114148 
v -0.0299448 0.012675 0.010343 
v -0.0310508 0.0123556 0.0103433 
v -0.0309881 0.0121236 0.0108837 
v -0.0344418 0.0104017 0.0114154 
v -0.0345484 0.0106336 0.0108839 
v -0.0346487 0.0108521 0.0103435 
v -0.0321226 0.0117232 0.0108837 
v -0.032199 0.0119511 0.0103433 
v -0.0370052 0.00863803 0.011938 
v -0.0372658 0.00909414 0.010884 
v -0.0397928 0.00605315 0.0129543 
v -0.0394337 0.00551893 0.0139298 
v -0.0401189 0.00653855 0.0119382 
v -0.0441733 0.00409193 0.0108842 
v -0.0438567 0.00367271 0.0119382 
v -0.0404117 0.00697471 0.0108841 
v -0.0174945 0.00815678 0.0148621 
v -0.0178566 0.00749088 0.0157491 
v -0.0150494 0.00596258 0.0157492 
v -0.0171593 0.00877308 0.0139297 
v -0.0146415 0.00660144 0.0148623 
v -0.0139174 0.00773512 0.0129542 
v -0.0142639 0.00719272 0.0139298 
v -0.0108203 0.00500996 0.0139299 
v -0.0133193 0.00867027 0.0108841 
v -0.0136024 0.00822778 0.0119381 
v -0.0101027 0.00600703 0.0119382 
v -0.0168516 0.00933842 0.0129541 
v -0.0104443 0.00553246 0.0129543 
v -0.0165718 0.00985192 0.011938 
v -0.0163203 0.0103131 0.010884 
v -0.013068 0.00906261 0.00979463 
v -0.00979567 0.00643329 0.0108842 
v -0.0160971 0.0107221 0.00979458 
v -0.0194075 0.0104816 0.0129538 
v -0.0196666 0.00989239 0.0139293 
v -0.0199488 0.00925015 0.0148618 
v -0.0202535 0.00855622 0.0157487 
v -0.0205799 0.00781239 0.0165881 
v -0.0182464 0.00676342 0.0165802 
v -0.022338 0.00924249 0.0157483 
v -0.0225873 0.00846937 0.0165876 
v -0.0221052 0.00996378 0.0148614 
v -0.0208079 0.0103055 0.0139291 
v -0.0230954 0.0101995 0.0148614 
v -0.0232874 0.00946631 0.0157483 
v -0.0243502 0.00882716 0.016587 
v -0.0250665 0.00971623 0.0157471 
v -0.0251754 0.00891139 0.0165862 
v -0.0249651 0.0104672 0.0148603 
v -0.0241915 0.00962374 0.0157477 
v -0.0229176 0.0108782 0.0139291 
v -0.0240435 0.010367 0.0148609 
v -0.0239066 0.0110549 0.0139286 
v -0.0248713 0.0111623 0.0139281 
v -0.0227542 0.0115008 0.0129536 
v -0.0218896 0.0106314 0.0139291 
v -0.01896 0.0114974 0.0108838 
v -0.0191719 0.0110167 0.0119378 
v -0.0205779 0.0109066 0.0129536 
v -0.0203688 0.0114526 0.0119376 
v -0.0216915 0.0112438 0.0129536 
v -0.0215114 0.0118001 0.0119376 
v -0.0201807 0.0119431 0.0108837 
v -0.018772 0.0119236 0.00979438 
v -0.0200137 0.012378 0.00979427 
v -0.0213494 0.0122999 0.0108837 
v -0.0212054 0.012743 0.00979428 
v -0.022472 0.0125745 0.0108837 
v -0.0226057 0.0120664 0.0119376 
v -0.0247853 0.0118 0.0129527 
v -0.0237808 0.0116861 0.0129532 
v -0.0236664 0.0122594 0.0119372 
v -0.0247071 0.0123794 0.0119368 
v -0.0246366 0.0128998 0.010883 
v -0.0223533 0.0130251 0.00979431 
v -0.0235635 0.0127745 0.0108833 
v -0.0234721 0.0132312 0.00979397 
v -0.024574 0.0133614 0.00979368 
v -0.0186075 0.0122958 0.00867174 
v -0.0128484 0.00940519 0.00867195 
v -0.00952323 0.00681123 0.00979471 
v -0.00928515 0.00714124 0.00867202 
v -0.00523708 0.00377684 0.00979475 
v -0.00908098 0.00742399 0.00751804 
v -0.00498463 0.00409599 0.00867205 
v -0.015902 0.0110792 0.00867191 
v -0.0126601 0.00969872 0.00751798 
v -0.0157346 0.0113851 0.00751796 
v -0.0125025 0.00994412 0.00633428 
v -0.00444057 0.00478278 0.00512209 
v -0.00877196 0.0078514 0.00512208 
v -0.00891015 0.00766037 0.00633433 
v -0.00476817 0.00436944 0.00751806 
v -0.0155945 0.0116409 0.00633426 
v -0.012375 0.0101424 0.00512204 
v -0.0154811 0.0118477 0.00512203 
v -0.0183482 0.0128813 0.00633415 
v -0.0184664 0.0126147 0.00751781 
v -0.0222494 0.0134186 0.00867171 
v -0.0198676 0.0127577 0.00867166 
v -0.0197422 0.0130832 0.00751775 
v -0.0210795 0.01313 0.00867168 
v -0.0209715 0.0134616 0.00751777 
v -0.0245192 0.0137645 0.00867116 
v -0.023392 0.0136302 0.0086714 
v -0.0221601 0.0137558 0.0075178 
v -0.0233232 0.013972 0.00751754 
v -0.024472 0.01411 0.00751734 
v -0.0220854 0.0140377 0.00633414 
v -0.0196372 0.0133553 0.0063341 
v -0.0182526 0.0130968 0.00512194 
v -0.0195522 0.0135752 0.0051219 
v -0.0208809 0.0137389 0.00633412 
v -0.0208076 0.013963 0.00512192 
v -0.0244324 0.0143989 0.00633377 
v -0.0232656 0.0142579 0.00633393 
v -0.0220248 0.0142656 0.00512194 
v -0.0232189 0.014489 0.00512177 
v -0.0244003 0.0146325 0.00512165 
v -0.0181791 0.0132624 0.00388203 
v -0.00859065 0.00810174 0.00261499 
v -0.0122077 0.0104023 0.00261498 
v -0.012277 0.0102948 0.0038821 
v -0.0153939 0.0120065 0.00388209 
v -0.0153323 0.0121186 0.00261497 
v -0.00424838 0.00502487 0.002615 
v -0.0152957 0.0121851 0.00132093 
v -0.0180962 0.0134486 0.00132091 
v -0.0181271 0.0133793 0.00261493 
v -0.0207512 0.0141352 0.00388202 
v -0.0219453 0.0145644 0.00261493 
v -0.0194868 0.0137441 0.003882 
v -0.0194406 0.0138634 0.00261491 
v -0.0207113 0.0142568 0.00261492 
v -0.0243756 0.014812 0.00388182 
v -0.0231575 0.0147919 0.00261485 
v -0.0231829 0.0146666 0.00388191 
v -0.0255568 0.0148758 0.00388188 
v -0.024358 0.0149387 0.0026148 
v -0.0206876 0.0143289 0.00132091 
v -0.0194131 0.0139342 0.0013209 
v -0.0267242 0.0149883 0.00261491 
v -0.00287408 0.00253177 0.00756124 
v -0.00334702 0.00263423 0.00831885 
v -0.00391741 0.00274663 0.00909291 
v -0.00394057 0.0027512 0.00912434 
v -0.00513412 0.0029754 0.0104994 
v -0.00515047 0.00297847 0.0105183 
v -0.0079586 0.0035165 0.012896 
v -0.00654179 0.00323907 0.0118127 
v -0.00865013 0.00365925 0.013352 
v -0.00801371 0.00352787 0.0129323 
v -0.00971632 0.00389379 0.0139597 
v -0.0102363 0.00400818 0.0142561 
v -0.0118738 0.00440648 0.0150015 
v -0.0122388 0.00449527 0.0151677 
v -0.0142746 0.00504244 0.0158818 
v -0.0143986 0.00507577 0.0159253 
v -0.0178243 0.00606369 0.0167594 
v -0.0172219 0.00588831 0.0166362 
v -0.020347 0.00677149 0.017148 
v -0.0209293 0.00691917 0.0172128 
v -0.021244 0.00699899 0.0172478 
v -0.0228883 0.00734902 0.0173845 
v -0.0243205 0.00755766 0.0174587 
v -0.025557 0.00763458 0.0174922 
v -0.026262 0.00762453 0.0174994 
v -0.00194318 0.00231126 0.00589622 
v -0.00161865 0.00222726 0.00525 
v -0.00161882 0.0022434 0.00525 
v -0.00238959 0.00242681 0.00678514 
v -0.00162345 0.00230848 0.00525 
v -0.00162402 0.00231657 0.00525 
v -0.00163641 0.00238931 0.00525 
v -0.00163654 0.00239003 0.00525 
v -0.00165165 0.0024478 0.00525 
v -0.00167765 0.00252064 0.00525 
v -0.00168966 0.00254617 0.00525 
v -0.00171127 0.00259212 0.00525 
v -0.00177226 0.00269018 0.00525 
v -0.00177396 0.00269231 0.00525 
v -0.00175292 0.00266217 0.00525 
v -0.00182556 0.00275701 0.00525 
v -0.00188625 0.00281957 0.00525 
v -0.00188808 0.00282112 0.00525 
v -0.0265262 0.00812509 0.0173137 
v -0.0265267 0.00810011 0.0173337 
v -0.0265269 0.00808122 0.0173468 
v -0.0265275 0.00803544 0.0173786 
v -0.0265268 0.00808768 0.0173423 
v -0.0265275 0.0080352 0.0173787 
v -0.0265281 0.00796631 0.017417 
v -0.0265281 0.00795841 0.0174205 
v -0.0265282 0.00792148 0.0174364 
v -0.0265283 0.00789259 0.017449 
v -0.0265283 0.00784673 0.0174646 
v -0.0265282 0.0078242 0.0174703 
v -0.0265281 0.00780047 0.0174764 
v -0.026528 0.00777051 0.017484 
v -0.0265274 0.00769225 0.0174959 
v -0.0265273 0.00768344 0.0174963 
v -0.0265272 0.00767473 0.0174968 
v -0.0265264 0.00761186 0.0175 
v -0.0265264 0.007611 0.0175 
v -0.0167437 0.00574909 0.0165383 
v -0.0064871 0.00322836 0.0117709 
v -0.00256586 0.00299395 0.00660886 
v -0.00349839 0.00319278 0.00813142 
v -0.00252219 0.00293596 0.00664122 
v -0.00248409 0.00287295 0.00667115 
v -0.00345961 0.00313516 0.00816685 
v -0.00245196 0.00280553 0.00669836 
v -0.003426 0.00307279 0.00819939 
v -0.00242611 0.00273437 0.00672256 
v -0.00339787 0.00300625 0.00822873 
v -0.00240678 0.00266018 0.00674353 
v -0.00337551 0.00293618 0.00825458 
v -0.00239419 0.00258368 0.00676106 
v -0.00335912 0.00286324 0.00827672 
v -0.00238844 0.00250564 0.00677498 
v -0.00334885 0.00278812 0.00829491 
v -0.0033448 0.00271154 0.008309 
v -0.00407627 0.0033039 0.0089314 
v -0.00404055 0.00324657 0.00896831 
v -0.00400975 0.00318465 0.00900211 
v -0.00398414 0.00311872 0.00903248 
v -0.00396397 0.00304938 0.00905914 
v -0.00394942 0.00297728 0.00908185 
v -0.00394062 0.0029031 0.0091004 
v -0.00393767 0.0028275 0.0091146 
v -0.00525433 0.00351857 0.0103171 
v -0.00522476 0.00346191 0.0103562 
v -0.0051996 0.00340101 0.0103919 
v -0.00517905 0.0033364 0.0104237 
v -0.00516331 0.00326866 0.0104516 
v -0.00515251 0.00319837 0.0104752 
v -0.00514674 0.00312615 0.0104942 
v -0.00514606 0.00305264 0.0105086 
v -0.006557 0.00375417 0.011565 
v -0.00653386 0.00369836 0.0116054 
v -0.00651461 0.00363867 0.0116422 
v -0.00649939 0.0035756 0.0116749 
v -0.00648834 0.00350965 0.0117035 
v -0.00648155 0.00344139 0.0117275 
v -0.00647907 0.00337137 0.0117469 
v -0.00648093 0.00330016 0.0117614 
v -0.00799367 0.00402687 0.0126889 
v -0.00797698 0.00397208 0.0127298 
v -0.00796367 0.00391377 0.012767 
v -0.00795384 0.00385237 0.0128 
v -0.00794757 0.00378837 0.0128287 
v -0.0079449 0.00372227 0.0128528 
v -0.00794586 0.00365457 0.0128722 
v -0.00795044 0.0035858 0.0128866 
v -0.00866996 0.00416267 0.0131455 
v -0.00865605 0.00410837 0.0131865 
v -0.0086453 0.00405069 0.0132236 
v -0.00863781 0.00399006 0.0132566 
v -0.00863361 0.00392694 0.0132852 
v -0.00863275 0.0038618 0.0133092 
v -0.00863524 0.00379514 0.0133284 
v -0.00864105 0.00372745 0.0133427 
v -0.0102242 0.00449668 0.014053 
v -0.010216 0.00444349 0.0140936 
v -0.0102106 0.00438721 0.0141303 
v -0.0102079 0.00432824 0.0141628 
v -0.0102081 0.004267 0.0141909 
v -0.010211 0.00420392 0.0142145 
v -0.0102167 0.00413945 0.0142333 
v -0.0102252 0.00407405 0.0142472 
v -0.0121923 0.00496749 0.0149715 
v -0.0121902 0.00491559 0.0150111 
v -0.0121904 0.00486089 0.0150468 
v -0.0121929 0.00480376 0.0150784 
v -0.0121977 0.00474456 0.0151056 
v -0.0122047 0.00468371 0.0151283 
v -0.0122139 0.0046216 0.0151462 
v -0.0122253 0.00455865 0.0151594 
v -0.0143235 0.00553507 0.015738 
v -0.0143264 0.00548426 0.0157764 
v -0.0143313 0.00543085 0.0158109 
v -0.0143381 0.00537518 0.0158412 
v -0.0143467 0.00531762 0.0158673 
v -0.0143571 0.00525851 0.0158888 
v -0.0143693 0.00519825 0.0159057 
v -0.0143832 0.0051372 0.0159179 
v -0.0166482 0.0062008 0.0163605 
v -0.0166549 0.00615063 0.0163978 
v -0.0166633 0.00609799 0.0164311 
v -0.0166732 0.00604319 0.0164603 
v -0.0166846 0.00598658 0.0164851 
v -0.0166974 0.0059285 0.0165054 
v -0.0167116 0.00586932 0.0165211 
v -0.0167271 0.00580939 0.0165321 
v -0.0177234 0.00651426 0.0165856 
v -0.0177313 0.00646419 0.0166224 
v -0.0177407 0.00641165 0.0166553 
v -0.0177515 0.00635698 0.016684 
v -0.0177636 0.00630052 0.0167083 
v -0.0177771 0.00624259 0.0167281 
v -0.0177917 0.00618357 0.0167433 
v -0.0178075 0.00612382 0.0167537 
v -0.0202451 0.0072251 0.0169822 
v -0.0202542 0.00717469 0.0170183 
v -0.0202646 0.00712181 0.0170504 
v -0.020276 0.00706677 0.0170782 
v -0.0202885 0.00700992 0.0171016 
v -0.0203019 0.00695161 0.0171203 
v -0.0203162 0.00689219 0.0171343 
v -0.0203312 0.00683202 0.0171436 
v -0.021148 0.00745606 0.0170843 
v -0.0211569 0.00740531 0.0171203 
v -0.0211668 0.00735204 0.0171522 
v -0.0211776 0.00729659 0.0171798 
v -0.0211894 0.00723931 0.0172029 
v -0.021202 0.00718054 0.0172213 
v -0.0212154 0.00712065 0.017235 
v -0.0212294 0.00706001 0.0172438 
v -0.0228138 0.00781445 0.0172243 
v -0.0228208 0.00776285 0.0172602 
v -0.0228286 0.00770866 0.0172919 
v -0.0228371 0.00765223 0.0173192 
v -0.0228463 0.00759389 0.0173419 
v -0.0228561 0.00753403 0.0173599 
v -0.0228664 0.00747301 0.017373 
v -0.0228771 0.00741121 0.0173812 
v -0.0242753 0.00802997 0.0173005 
v -0.0242796 0.00797767 0.0173364 
v -0.0242844 0.00792272 0.017368 
v -0.0242895 0.00786547 0.0173952 
v -0.0242951 0.00780627 0.0174176 
v -0.024301 0.0077455 0.0174353 
v -0.0243072 0.00768355 0.0174481 
v -0.0243137 0.0076208 0.0174559 
v -0.0255528 0.00811092 0.0173348 
v -0.0255529 0.00805822 0.0173707 
v -0.0255532 0.00800283 0.0174023 
v -0.0255536 0.0079451 0.0174294 
v -0.0255541 0.0078854 0.0174518 
v -0.0255547 0.0078241 0.0174694 
v -0.0255553 0.0077616 0.017482 
v -0.0255561 0.00769829 0.0174897 
v -0.0262827 0.00810047 0.0173422 
v -0.0262804 0.00804782 0.0173781 
v -0.0262779 0.00799247 0.0174097 
v -0.0262753 0.00793479 0.0174368 
v -0.0262727 0.00787514 0.0174591 
v -0.0262701 0.00781389 0.0174767 
v -0.0262674 0.00775144 0.0174893 
v -0.0262647 0.00768819 0.0174969 
v -0.05 0.00163233 -7.69366e-19 
v -0.0499981 0.00163254 0.000283166 
v -0.0499955 0.00171747 1.73805e-16 
v -0.0499819 0.00180165 1.44108e-16 
v -0.0499594 0.0018839 1.14613e-16 
v -0.0499283 0.00196329 8.56559e-17 
v -0.049889 0.00203893 5.75649e-17 
v -0.0498418 0.00210994 3.06594e-17 
v -0.0497873 0.00217553 5.24484e-18 
v -0.0499067 0.00164337 0.00192058 
v -0.0498899 0.00164562 0.00203644 
v -0.0496366 0.00168041 0.00364367 
v -0.0496866 0.00167287 0.00343664 
v -0.0493452 0.00172431 0.00484891 
v -0.0492756 0.00173553 0.00507465 
v -0.0492289 0.00174306 0.00522613 
v -0.0487581 0.00182425 0.00647705 
v -0.0487447 0.00182681 0.00650449 
v -0.0480985 0.00195086 0.00778529 
v -0.0481864 0.00193266 0.00764268 
v -0.0473458 0.00210967 0.00895841 
v -0.047513 0.00207215 0.00873562 
v -0.0464691 0.00231228 0.0100513 
v -0.0467995 0.00223222 0.00968614 
v -0.0454512 0.00256781 0.0110896 
v -0.045889 0.00245285 0.0106926 
v -0.0442602 0.00289046 0.0120918 
v -0.0436958 0.0030505 0.0125108 
v -0.0447337 0.00275619 0.0117403 
v -0.0434373 0.0031238 0.0127027 
v -0.0421274 0.00352373 0.0134864 
v -0.0416849 0.00365882 0.0137511 
v -0.0402624 0.00412221 0.0144241 
v -0.0397385 0.00429284 0.0146719 
v -0.0379486 0.00490095 0.0153374 
v -0.0375772 0.00502712 0.0154755 
v -0.0370089 0.00522178 0.015656 
v -0.035006 0.00589265 0.0161916 
v -0.0344501 0.00607885 0.0163402 
v -0.0331709 0.00647978 0.0166143 
v -0.0313796 0.00698308 0.0169346 
v -0.0303627 0.00720523 0.0170804 
v -0.0296691 0.00735676 0.0171799 
v -0.028156 0.00756756 0.0173535 
v -0.0276993 0.00760087 0.0173986 
v -0.0499935 0.00171768 0.000282972 
v -0.04998 0.00180185 0.000282656 
v -0.0499575 0.0018841 0.000282221 
v -0.0499264 0.00196349 0.000281673 
v -0.0498871 0.00203912 0.000281017 
v -0.0498399 0.00211014 0.000280262 
v -0.0497854 0.00217573 0.000279414 
v -0.0499023 0.00172838 0.00191903 
v -0.049889 0.00181242 0.0019166 
v -0.0498668 0.00189455 0.00191331 
v -0.0498361 0.00197384 0.0019092 
v -0.0497971 0.00204938 0.00190432 
v -0.0497504 0.00212032 0.00189872 
v -0.0496964 0.00218587 0.00189247 
v -0.0496827 0.00175753 0.00343345 
v -0.0496699 0.00184125 0.00342858 
v -0.0496485 0.00192308 0.00342211 
v -0.0496187 0.00200209 0.0034141 
v -0.0495809 0.0020774 0.00340464 
v -0.0495354 0.00214816 0.00339383 
v -0.0494827 0.00221358 0.00338181 
v -0.049342 0.00180844 0.00484384 
v -0.0493304 0.00189162 0.00483632 
v -0.0493104 0.00197295 0.00482644 
v -0.0492822 0.00205151 0.00481431 
v -0.0492463 0.00212644 0.00480006 
v -0.0492028 0.0021969 0.00478385 
v -0.0491525 0.00226211 0.00476586 
v -0.0492261 0.00182699 0.00522052 
v -0.0492148 0.00191 0.00521224 
v -0.0491953 0.00199115 0.00520139 
v -0.0491678 0.00206956 0.00518809 
v -0.0491325 0.00214435 0.00517249 
v -0.0490898 0.0022147 0.00515476 
v -0.0490403 0.00227984 0.0051351 
v -0.0487566 0.0019074 0.0064695 
v -0.0487472 0.00198965 0.00645858 
v -0.0487298 0.00207009 0.00644441 
v -0.0487048 0.00214785 0.00642713 
v -0.0486723 0.00222209 0.00640693 
v -0.0486328 0.00229199 0.00638404 
v -0.0485866 0.0023568 0.0063587 
v -0.0481867 0.00201485 0.00763329 
v -0.0481795 0.00209616 0.00761986 
v -0.0481649 0.00217572 0.00760255 
v -0.048143 0.00225268 0.00758154 
v -0.0481141 0.00232622 0.00755704 
v -0.0480785 0.00239556 0.00752933 
v -0.0480366 0.00245994 0.0074987 
v -0.0475155 0.00215321 0.00872459 
v -0.047511 0.00223343 0.00870894 
v -0.0474997 0.00231195 0.00868885 
v -0.0474815 0.00238796 0.00866451 
v -0.0474568 0.00246067 0.00863619 
v -0.0474258 0.00252932 0.00860418 
v -0.0473888 0.00259317 0.00856882 
v -0.0468043 0.0023121 0.00967388 
v -0.0468027 0.00239117 0.00965654 
v -0.0467947 0.0024686 0.0096343 
v -0.0467804 0.00254361 0.0096074 
v -0.04676 0.00261544 0.00957611 
v -0.0467337 0.00268334 0.00954075 
v -0.0467017 0.00274662 0.00950167 
v -0.0458965 0.00253126 0.0106793 
v -0.0458983 0.00260889 0.0106606 
v -0.0458944 0.00268496 0.0106366 
v -0.0458848 0.00275872 0.0106074 
v -0.0458695 0.00282943 0.0105736 
v -0.0458488 0.00289639 0.0105352 
v -0.0458228 0.00295892 0.0104929 
v -0.0447445 0.00283281 0.0117265 
v -0.0447502 0.0029087 0.0117069 
v -0.0447508 0.00298312 0.0116817 
v -0.0447464 0.00305534 0.011651 
v -0.044737 0.00312468 0.0116152 
v -0.0447227 0.00319047 0.0115747 
v -0.0447036 0.00325206 0.0115298 
v -0.043451 0.00319856 0.0126889 
v -0.0434604 0.00327263 0.0126692 
v -0.0434655 0.00334531 0.0126435 
v -0.0434661 0.00341592 0.0126122 
v -0.0434623 0.00348381 0.0125756 
v -0.0434541 0.00354835 0.0125339 
v -0.0434416 0.00360893 0.0124877 
v -0.0417018 0.00373133 0.0137381 
v -0.0417151 0.0038032 0.0137189 
v -0.0417249 0.00387378 0.0136937 
v -0.0417309 0.00394244 0.0136626 
v -0.0417332 0.00400857 0.0136261 
v -0.0417317 0.00407158 0.0135844 
v -0.0417264 0.0041309 0.0135378 
v -0.0397578 0.00436326 0.0146601 
v -0.0397743 0.00443308 0.014642 
v -0.0397879 0.0045017 0.0146179 
v -0.0397984 0.00456853 0.014588 
v -0.0398057 0.004633 0.0145525 
v -0.0398098 0.00469457 0.0145117 
v -0.0398106 0.0047527 0.014466 
v -0.037598 0.00509587 0.0154652 
v -0.0376166 0.00516405 0.0154487 
v -0.0376328 0.00523111 0.0154262 
v -0.0376465 0.00529649 0.0153979 
v -0.0376575 0.00535965 0.015364 
v -0.0376659 0.00542008 0.0153247 
v -0.0376715 0.00547728 0.0152804 
v -0.0370299 0.00529023 0.0156462 
v -0.0370487 0.00535812 0.0156301 
v -0.0370654 0.0054249 0.0156081 
v -0.0370796 0.00549002 0.0155802 
v -0.0370914 0.00555295 0.0155467 
v -0.0371005 0.00561318 0.0155078 
v -0.037107 0.00567021 0.0154639 
v -0.0344706 0.00614668 0.0163322 
v -0.0344895 0.00621397 0.0163181 
v -0.0345066 0.00628018 0.016298 
v -0.0345219 0.00634479 0.016272 
v -0.0345352 0.0064073 0.0162403 
v -0.0345464 0.00646719 0.0162033 
v -0.0345554 0.006524 0.0161611 
v -0.0331904 0.00654769 0.0166072 
v -0.0332086 0.00661506 0.016594 
v -0.0332252 0.00668137 0.0165748 
v -0.0332402 0.00674609 0.0165497 
v -0.0332534 0.00680871 0.0165189 
v -0.0332647 0.00686874 0.0164827 
v -0.033274 0.0069257 0.0164413 
v -0.0313963 0.00705173 0.0169288 
v -0.031412 0.00711985 0.0169168 
v -0.0314264 0.00718689 0.0168987 
v -0.0314394 0.00725232 0.0168747 
v -0.031451 0.00731565 0.0168449 
v -0.031461 0.00737635 0.0168096 
v -0.0314694 0.00743397 0.0167692 
v -0.0296812 0.00742662 0.0171752 
v -0.0296925 0.00749594 0.0171642 
v -0.0297027 0.00756415 0.0171471 
v -0.0297119 0.00763073 0.017124 
v -0.0297199 0.00769515 0.0170951 
v -0.0297268 0.0077569 0.0170606 
v -0.0297324 0.00781549 0.0170208 
v -0.0281621 0.00763854 0.0173497 
v -0.0281675 0.00770896 0.0173396 
v -0.0281722 0.00777825 0.0173232 
v -0.0281761 0.00784587 0.0173008 
v -0.0281792 0.00791127 0.0172725 
v -0.0281815 0.00797394 0.0172384 
v -0.0281829 0.00803337 0.017199 
v -0.0277029 0.00767214 0.0173951 
v -0.0277059 0.00774285 0.0173852 
v -0.0277082 0.00781242 0.0173691 
v -0.0277099 0.00788031 0.0173468 
v -0.0277109 0.00794596 0.0173187 
v -0.0277111 0.00800886 0.0172848 
v -0.0277107 0.00806851 0.0172454 
v -0.0218054 0.00287117 0.017301 
v -0.0226918 0.00309551 0.0173711 
v -0.0238196 0.00333925 0.0174372 
v -0.0247461 0.00348534 0.0174733 
v -0.0254905 0.0035518 0.0174911 
v -0.0261425 0.00354869 0.0174988 
v -0.0265264 0.00352055 0.0175 
v -0.0265264 0.00351861 0.0175 
v -0.0209323 0.002633 0.0171966 
v -0.0191242 0.00213983 0.0169806 
v -0.0172254 0.00164419 0.0166211 
v -0.0165101 0.00145748 0.0164857 
v -0.0153733 0.00118964 0.0162039 
v -0.0142795 0.000963101 0.0158664 
v -0.0132611 0.000752182 0.0155521 
v -0.0118748 0.000515962 0.014997 
v -0.0112655 0.000412148 0.014753 
v -0.00971432 0.000195112 0.0139616 
v -0.0093836 0.000148839 0.0137928 
v -0.00905089 0.000107179 0.013598 
v -0.00802506 -1.12479e-05 0.0129153 
v -0.00744959 -7.7683e-05 0.0125324 
v -0.00655428 -0.00017266 0.0117977 
v -0.00599244 -0.000232262 0.0113367 
v -0.00514942 -0.000323115 0.0104842 
v -0.00467106 -0.000374668 0.0100005 
v -0.00438579 -0.000407432 0.00967181 
v -0.00393329 -0.000465247 0.00908072 
v -0.0033181 -0.000543848 0.0082771 
v -0.00287358 -0.000615583 0.00756164 
v -0.00237595 -0.000695888 0.00676069 
v -0.00194273 -0.000788922 0.00589649 
v -0.00161865 -0.000858518 0.00525 
v -0.00393529 -0.0012313 0.00681156 
v -0.00445666 -0.00114404 0.00755194 
v -0.00410091 -0.00120358 0.00704675 
v -0.00489773 -0.00107022 0.00817831 
v -0.00545769 -0.000990502 0.00882434 
v -0.00498784 -0.00105739 0.00828226 
v -0.00572069 -0.000953059 0.00912777 
v -0.00695621 -0.000788009 0.0103454 
v -0.00608335 -0.000902882 0.00951832 
v -0.00594823 -0.000920664 0.00939029 
v -0.00710638 -0.000768246 0.0104877 
v -0.00708972 -0.000770438 0.0104719 
v -0.00799069 -0.000651341 0.0111717 
v -0.00832487 -0.000607163 0.0114303 
v -0.00850421 -0.000583454 0.011569 
v -0.00839949 -0.000597298 0.011488 
v -0.00983039 -0.000394739 0.0124027 
v -0.00996687 -0.000375317 0.0124885 
v -0.00986284 -0.000390121 0.0124231 
v -0.0101447 -0.000346517 0.0125783 
v -0.0115512 -0.000118656 0.0132888 
v -0.011719 -9.14765e-05 0.0133735 
v -0.0119258 -5.21991e-05 0.0134557 
v -0.0135406 0.000254501 0.0140977 
v -0.0136096 0.000267605 0.0141251 
v -0.0138248 0.000316051 0.0141908 
v -0.0137468 0.000298495 0.014167 
v -0.0157119 0.000740985 0.0147665 
v -0.0158458 0.000775845 0.0147967 
v -0.0169395 0.00106061 0.0150436 
v -0.0161322 0.000850405 0.0148613 
v -0.0179362 0.00132013 0.0152685 
v -0.0177463 0.0012707 0.0152257 
v -0.0194573 0.00175182 0.0155052 
v -0.0204381 0.00203015 0.0156578 
v -0.0199483 0.00189117 0.0155816 
v -0.0205964 0.00207327 0.0156726 
v -0.0220457 0.00246801 0.0158082 
v -0.0226875 0.0026428 0.0158682 
v -0.0228926 0.00269868 0.0158874 
v -0.0235046 0.00282849 0.015924 
v -0.0230385 0.00273841 0.0159011 
v -0.0239706 0.00291855 0.0159468 
v -0.0247302 0.00306535 0.0159841 
v -0.0242045 0.00296374 0.0159583 
v -0.0248437 0.0030758 0.0159869 
v -0.0253275 0.00312035 0.0159991 
v -0.0255865 0.00314421 0.0160056 
v -0.0261293 0.00313372 0.0160117 
v -0.00304702 -0.0014286 0.00525 
v -0.00329348 -0.00136875 0.00566687 
v -0.00357076 -0.00130937 0.0061614 
v -0.00305975 -0.00141881 0.00525 
v -0.00299175 -0.00146622 0.00525 
v -0.00296963 -0.00148127 0.00525 
v -0.00292 -0.0015084 0.00525 
v -0.00288639 -0.00152676 0.00525 
v -0.00284467 -0.00154452 0.00525 
v -0.00279727 -0.00156469 0.00525 
v -0.00277601 -0.00157226 0.00525 
v -0.00276664 -0.00157497 0.00525 
v -0.00268254 -0.00159929 0.00525 
v -0.00260375 -0.00161389 0.00525 
v -0.00258662 -0.00161707 0.00525 
v -0.00252078 -0.00162258 0.00525 
v -0.00248841 -0.00162529 0.00525 
v -0.00243781 -0.00162429 0.00525 
v -0.00238626 -0.00162326 0.00525 
v -0.00235541 -0.00161945 0.00525 
v -0.00229341 -0.0016118 0.00525 
v -0.00227434 -0.00160746 0.00525 
v -0.00220213 -0.00159103 0.00525 
v -0.0021189 -0.00156277 0.00525 
v -0.00211429 -0.00156121 0.00525 
v -0.0020361 -0.0015254 0.00525 
v -0.00197762 -0.00149106 0.00525 
v -0.0019621 -0.00148194 0.00525 
v -0.00195174 -0.001475 0.00525 
v -0.00191369 -0.00144626 0.00525 
v -0.00188852 -0.00142725 0.00525 
v -0.00185482 -0.0013961 0.00525 
v -0.0018309 -0.001374 0.00525 
v -0.00180166 -0.00134088 0.00525 
v -0.0017789 -0.00131512 0.00525 
v -0.00176315 -0.0012946 0.00525 
v -0.00175429 -0.00128135 0.00525 
v -0.00172238 -0.00123355 0.00525 
v -0.00171383 -0.00121749 0.00525 
v -0.00168793 -0.0011689 0.00525 
v -0.00168026 -0.00115021 0.00525 
v -0.00165987 -0.00110049 0.00525 
v -0.00165322 -0.00108023 0.00525 
v -0.00165028 -0.00107126 0.00525 
v -0.00163288 -0.00100225 0.00525 
v -0.0016226 -0.000933632 0.00525 
v -0.00162227 -0.000931394 0.00525 
v -0.0265238 0.00343847 0.017496 
v -0.0265236 0.00343375 0.0174953 
v -0.0265235 0.00343192 0.017495 
v -0.0265209 0.00336037 0.0174842 
v -0.0265178 0.00328425 0.017465 
v -0.0265169 0.00326422 0.0174584 
v -0.0265164 0.00325348 0.0174549 
v -0.0265168 0.00326259 0.0174579 
v -0.026513 0.00317942 0.0174247 
v -0.0265094 0.00310984 0.0173879 
v -0.0265092 0.00310681 0.0173859 
v -0.0265091 0.0031055 0.017385 
v -0.0265041 0.00301835 0.0173245 
v -0.0265057 0.0030446 0.0173447 
v -0.0265008 0.00296913 0.0172809 
v -0.0265002 0.00295868 0.0172716 
v -0.0265008 0.00296804 0.0172799 
v -0.0264963 0.0029054 0.0172139 
v -0.0264924 0.00285832 0.0171516 
v -0.0264922 0.00285677 0.0171493 
v -0.0264907 0.00284029 0.0171239 
v -0.0264922 0.00285606 0.0171481 
v -0.026488 0.00281288 0.0170745 
v -0.0264868 0.00280162 0.0170542 
v -0.0264831 0.00277054 0.0169821 
v -0.0264879 0.00281227 0.0170734 
v -0.0264797 0.00274878 0.0169138 
v -0.026478 0.00273915 0.0168762 
v -0.0264794 0.00274682 0.0169077 
v -0.0264797 0.00274844 0.0169128 
v -0.0264759 0.00273111 0.016829 
v -0.0264745 0.00272575 0.0167975 
v -0.0264758 0.00273094 0.016828 
v -0.0264722 0.00272197 0.0167428 
v -0.0264712 0.00272032 0.0167189 
v -0.0264682 0.00272262 0.0166406 
v -0.0264722 0.0027219 0.0167418 
v -0.0264671 0.00272574 0.016609 
v -0.0264658 0.00273238 0.0165699 
v -0.0264644 0.00273916 0.01653 
v -0.0264658 0.00273251 0.0165691 
v -0.0264631 0.00275143 0.0164853 
v -0.0264621 0.00276006 0.0164538 
v -0.0264607 0.0027795 0.0164031 
v -0.026463 0.00275162 0.0164846 
v -0.0264594 0.00280146 0.0163518 
v -0.0264601 0.00278821 0.0163804 
v -0.0264607 0.00277972 0.0164025 
v -0.0264588 0.00281652 0.0163245 
v -0.0264579 0.00284033 0.0162814 
v -0.0264588 0.00281678 0.0163241 
v -0.0264573 0.00286175 0.0162503 
v -0.0264567 0.00288532 0.0162161 
v -0.0264563 0.00291472 0.0161814 
v -0.0264573 0.002862 0.01625 
v -0.0264557 0.00295832 0.0161332 
v -0.0264559 0.00293623 0.0161559 
v -0.0264563 0.00291493 0.0161811 
v -0.0264557 0.00297472 0.0161185 
v -0.0264555 0.00301752 0.0160801 
v -0.0264557 0.00297488 0.0161183 
v -0.0264556 0.00304137 0.0160626 
v -0.0264558 0.00310107 0.0160206 
v -0.0264559 0.00311314 0.0160133 
v -0.0262349 0.00313167 0.0160129 
v -0.0261705 0.00313292 0.0160122 
v -0.0264557 0.00308121 0.0160333 
v -0.0264556 0.00304146 0.0160625 
v -0.00238251 -0.000771003 0.00676514 
v -0.00332473 -0.00061984 0.0082803 
v -0.00239525 -0.000845448 0.00676608 
v -0.00241404 -0.000918559 0.00676351 
v -0.00333731 -0.000695141 0.00827933 
v -0.00243872 -0.000989686 0.00675744 
v -0.0033557 -0.000769063 0.0082742 
v -0.00246907 -0.00105819 0.00674793 
v -0.00337975 -0.000840934 0.00826496 
v -0.00250482 -0.00112347 0.00673506 
v -0.00340923 -0.000910099 0.00825168 
v -0.00254566 -0.00118494 0.00671895 
v -0.00344388 -0.000975929 0.0082345 
v -0.00259121 -0.00124205 0.00669974 
v -0.00348337 -0.00103782 0.00821356 
v -0.00264107 -0.00129429 0.00667761 
v -0.00352736 -0.00109522 0.00818906 
v -0.0026948 -0.00134119 0.00665275 
v -0.00357543 -0.00114759 0.00816122 
v -0.00275192 -0.00138234 0.00662537 
v -0.00362716 -0.00119446 0.00813029 
v -0.00281191 -0.00141737 0.00659574 
v -0.00368206 -0.00123541 0.00809656 
v -0.00287426 -0.00144598 0.00656411 
v -0.00373965 -0.00127006 0.00806033 
v -0.00293838 -0.00146789 0.00653076 
v -0.00379939 -0.0012981 0.00802194 
v -0.00300373 -0.00148292 0.00649598 
v -0.00386075 -0.00131926 0.00798173 
v -0.00306971 -0.00149094 0.0064601 
v -0.00392315 -0.00133336 0.00794007 
v -0.00313573 -0.00149187 0.00642343 
v -0.00398605 -0.00134027 0.00789733 
v -0.00320122 -0.00148571 0.00638629 
v -0.00404885 -0.00133993 0.00785392 
v -0.00326557 -0.0014725 0.00634903 
v -0.00411099 -0.00133234 0.00781022 
v -0.00332823 -0.00145237 0.00631196 
v -0.00417191 -0.00131756 0.00776663 
v -0.00338863 -0.0014255 0.00627542 
v -0.00423104 -0.00129574 0.00772354 
v -0.00344623 -0.00139212 0.00623974 
v -0.00428785 -0.00126707 0.00768136 
v -0.00350052 -0.00135254 0.00620523 
v -0.00434183 -0.00123181 0.00764046 
v -0.00439248 -0.00119029 0.00760122 
v -0.00439258 -0.000484462 0.00967404 
v -0.00440501 -0.000560771 0.00967142 
v -0.00442298 -0.000635647 0.00966397 
v -0.00444631 -0.000708388 0.00965175 
v -0.00447478 -0.000778315 0.00963489 
v -0.00450813 -0.000844774 0.00961354 
v -0.00454604 -0.000907144 0.00958791 
v -0.00458816 -0.00096484 0.00955822 
v -0.0046341 -0.00101732 0.00952476 
v -0.00468343 -0.00106411 0.00948784 
v -0.00473569 -0.00110475 0.00944781 
v -0.00479038 -0.00113887 0.00940504 
v -0.00484699 -0.00116615 0.00935992 
v -0.00490501 -0.00118633 0.0093129 
v -0.00496387 -0.00119923 0.00926439 
v -0.00502304 -0.00120473 0.00921486 
v -0.00508196 -0.00120277 0.00916477 
v -0.00514008 -0.00119338 0.00911458 
v -0.00519686 -0.00117663 0.00906478 
v -0.00525176 -0.0011527 0.00901581 
v -0.00530427 -0.00112179 0.00896815 
v -0.0053539 -0.0010842 0.00892223 
v -0.00540019 -0.00104029 0.00887848 
v -0.00467791 -0.000451978 0.0100025 
v -0.00469033 -0.000528559 0.00999953 
v -0.0047082 -0.000603691 0.00999154 
v -0.00473135 -0.000676666 0.00997863 
v -0.00475956 -0.000746797 0.00996091 
v -0.00479257 -0.000813422 0.00993856 
v -0.00483006 -0.000875916 0.00991178 
v -0.00487168 -0.000933688 0.00988083 
v -0.00491704 -0.000986194 0.009846 
v -0.00496572 -0.00103294 0.00980762 
v -0.00501725 -0.00107349 0.00976604 
v -0.00507115 -0.00110745 0.00972167 
v -0.00512691 -0.00113452 0.00967491 
v -0.005184 -0.00115442 0.00962621 
v -0.0052419 -0.00116699 0.00957602 
v -0.00530004 -0.00117208 0.00952483 
v -0.0053579 -0.00116967 0.0094731 
v -0.00541491 -0.00115978 0.00942134 
v -0.00547054 -0.00114248 0.00937002 
v -0.00552428 -0.00111796 0.00931963 
v -0.00557561 -0.00108643 0.00927065 
v -0.00562405 -0.0010482 0.00922353 
v -0.00566914 -0.00100363 0.00917872 
v -0.00599978 -0.000310857 0.0113381 
v -0.00601229 -0.000388687 0.0113337 
v -0.00602986 -0.000464993 0.0113236 
v -0.00605231 -0.000539032 0.0113079 
v -0.00607942 -0.000610084 0.0112867 
v -0.00611092 -0.000677456 0.0112602 
v -0.00614652 -0.000740493 0.0112287 
v -0.00618587 -0.000798579 0.0111925 
v -0.00622857 -0.000851151 0.011152 
v -0.00627422 -0.000897694 0.0111074 
v -0.00632237 -0.000937757 0.0110594 
v -0.00637256 -0.000970949 0.0110083 
v -0.00642428 -0.000996947 0.0109546 
v -0.00647705 -0.0010155 0.0108989 
v -0.00653034 -0.00102642 0.0108416 
v -0.00658364 -0.00102961 0.0107835 
v -0.00663642 -0.00102503 0.0107249 
v -0.00668818 -0.00101273 0.0106666 
v -0.00673841 -0.000992832 0.010609 
v -0.00678662 -0.000965525 0.0105528 
v -0.00683234 -0.000931077 0.0104984 
v -0.00687512 -0.000889823 0.0104465 
v -0.00691455 -0.000842165 0.0103974 
v -0.00745787 -0.000157619 0.0125335 
v -0.00747087 -0.000236747 0.0125281 
v -0.00748845 -0.000314271 0.0125162 
v -0.00751044 -0.000389406 0.012498 
v -0.00753662 -0.000461395 0.0124737 
v -0.00756672 -0.000529512 0.0124435 
v -0.00760043 -0.000593068 0.0124077 
v -0.00763742 -0.000651423 0.0123666 
v -0.00767732 -0.000703986 0.0123207 
v -0.00771972 -0.000750229 0.0122705 
v -0.00776419 -0.000789683 0.0122164 
v -0.00781029 -0.000821952 0.012159 
v -0.00785755 -0.000846708 0.0120989 
v -0.00790548 -0.000863703 0.0120367 
v -0.00795362 -0.000872765 0.011973 
v -0.00800147 -0.000873801 0.0119084 
v -0.00804855 -0.000866803 0.0118436 
v -0.00809439 -0.00085184 0.0117793 
v -0.00813851 -0.000829064 0.0117161 
v -0.00818049 -0.000798704 0.0116547 
v -0.00821988 -0.000761067 0.0115956 
v -0.00825631 -0.000716532 0.0115395 
v -0.00828939 -0.00066555 0.0114869 
v -0.00906071 2.59419e-05 0.013599 
v -0.00907473 -5.44451e-05 0.0135928 
v -0.00909279 -0.000133141 0.0135795 
v -0.00911472 -0.000209322 0.0135592 
v -0.00914027 -0.000282191 0.0135321 
v -0.00916918 -0.000350986 0.0134985 
v -0.00920116 -0.000414987 0.0134588 
v -0.00923586 -0.000473524 0.0134133 
v -0.00927292 -0.000525984 0.0133626 
v -0.00931195 -0.000571819 0.0133072 
v -0.00935255 -0.000610548 0.0132476 
v -0.00939429 -0.000641768 0.0131845 
v -0.00943673 -0.00066515 0.0131186 
v -0.00947944 -0.000680451 0.0130505 
v -0.00952195 -0.00068751 0.0129809 
v -0.00956383 -0.000686254 0.0129106 
v -0.00960465 -0.000676694 0.0128403 
v -0.00964396 -0.000658933 0.0127708 
v -0.00968137 -0.000633155 0.0127027 
v -0.00971648 -0.00059963 0.0126368 
v -0.00974892 -0.000558709 0.0125738 
v -0.00977835 -0.00051082 0.0125143 
v -0.00980446 -0.000456464 0.012459 
v -0.00939381 6.73604e-05 0.0137938 
v -0.0094081 -1.32597e-05 0.0137875 
v -0.00942633 -9.21718e-05 0.0137739 
v -0.00944829 -0.000168544 0.0137532 
v -0.00947377 -0.000241572 0.0137256 
v -0.00950249 -0.000310486 0.0136914 
v -0.00953415 -0.00037456 0.013651 
v -0.00956841 -0.000433119 0.0136047 
v -0.00960492 -0.000485545 0.0135531 
v -0.00964329 -0.000531287 0.0134967 
v -0.00968311 -0.000569862 0.0134361 
v -0.00972397 -0.000600863 0.013372 
v -0.00976544 -0.000623965 0.013305 
v -0.00980707 -0.000638924 0.0132358 
v -0.00984844 -0.000645581 0.0131652 
v -0.00988909 -0.000643867 0.0130938 
v -0.00992862 -0.0006338 0.0130226 
v -0.00996659 -0.000615487 0.0129521 
v -0.0100026 -0.000589119 0.0128831 
v -0.0100363 -0.000554975 0.0128165 
v -0.0100673 -0.000513415 0.0127528 
v -0.0100953 -0.000464876 0.0126928 
v -0.01012 -0.00040987 0.012637 
v -0.0112782 0.000329522 0.0147539 
v -0.0112944 0.000247799 0.0147469 
v -0.0113139 0.000167871 0.014732 
v -0.0113364 9.06112e-05 0.0147094 
v -0.0113618 1.68625e-05 0.0146793 
v -0.0113897 -5.2569e-05 0.014642 
v -0.0114199 -0.000116925 0.014598 
v -0.0114519 -0.000175503 0.0145477 
v -0.0114856 -0.000227663 0.0144917 
v -0.0115204 -0.000272836 0.0144305 
v -0.0115561 -0.000310527 0.014365 
v -0.0115922 -0.000340326 0.0142957 
v -0.0116283 -0.000361907 0.0142235 
v -0.0116641 -0.000375035 0.014149 
v -0.0116991 -0.000379565 0.0140733 
v -0.0117329 -0.000375448 0.0139969 
v -0.0117653 -0.00036273 0.0139209 
v -0.0117958 -0.000341549 0.013846 
v -0.0118242 -0.000312137 0.0137731 
v -0.01185 -0.000274815 0.0137028 
v -0.011873 -0.00022999 0.0136361 
v -0.011893 -0.000178152 0.0135737 
v -0.0119098 -0.000119867 0.0135161 
v -0.013277 0.000668783 0.015553 
v -0.0132956 0.000586322 0.0155453 
v -0.0133169 0.00050573 0.0155291 
v -0.0133405 0.000427913 0.0155048 
v -0.0133663 0.000353748 0.0154725 
v -0.0133938 0.00028407 0.0154326 
v -0.0134229 0.000219664 0.0153855 
v -0.0134531 0.000161255 0.0153318 
v -0.0134842 0.000109501 0.0152721 
v -0.0135157 6.49851e-05 0.0152071 
v -0.0135474 2.82079e-05 0.0151374 
v -0.0135788 -4.16018e-07 0.0150639 
v -0.0136097 -2.05643e-05 0.0149874 
v -0.0136396 -3.20101e-05 0.0149088 
v -0.0136683 -3.46244e-05 0.0148289 
v -0.0136953 -2.83778e-05 0.0147487 
v -0.0137205 -1.33407e-05 0.014669 
v -0.0137435 1.03175e-05 0.0145908 
v -0.013764 4.23306e-05 0.0145149 
v -0.0137819 8.23378e-05 0.0144422 
v -0.0137969 0.000129889 0.0143735 
v -0.0138089 0.000184448 0.0143096 
v -0.0138177 0.000245401 0.0142511 
v -0.0153926 0.00110591 0.0162043 
v -0.0154141 0.00102314 0.0161958 
v -0.0154375 0.000942298 0.0161784 
v -0.0154626 0.000864309 0.0161524 
v -0.015489 0.000790073 0.0161182 
v -0.0155165 0.000720447 0.0160759 
v -0.0155447 0.000656236 0.0160263 
v -0.0155733 0.000598179 0.0159697 
v -0.015602 0.000546946 0.015907 
v -0.0156304 0.00050313 0.0158388 
v -0.0156583 0.000467235 0.0157658 
v -0.0156852 0.000439675 0.015689 
v -0.015711 0.000420769 0.0156092 
v -0.0157352 0.000410735 0.0155274 
v -0.0157577 0.000409688 0.0154445 
v -0.0157781 0.000417641 0.0153614 
v -0.0157962 0.000434502 0.0152791 
v -0.0158118 0.000460075 0.0151985 
v -0.0158248 0.000494067 0.0151207 
v -0.0158349 0.000536085 0.0150464 
v -0.0158421 0.000585644 0.0149766 
v -0.0158463 0.000642173 0.014912 
v -0.0158474 0.000705018 0.0148534 
v -0.0165311 0.00137373 0.0164858 
v -0.0165539 0.00129095 0.0164767 
v -0.0165783 0.00121012 0.0164587 
v -0.016604 0.00113216 0.0164319 
v -0.0166307 0.00105799 0.0163966 
v -0.016658 0.000988482 0.0163533 
v -0.0166857 0.000924434 0.0163024 
v -0.0167134 0.000866594 0.0162446 
v -0.0167409 0.000815638 0.0161806 
v -0.0167677 0.000772158 0.016111 
v -0.0167936 0.000736662 0.0160366 
v -0.0168183 0.000709562 0.0159585 
v -0.0168415 0.000691175 0.0158773 
v -0.0168629 0.000681715 0.0157942 
v -0.0168822 0.000681291 0.0157101 
v -0.0168993 0.000689909 0.0156259 
v -0.016914 0.000707468 0.0155426 
v -0.016926 0.000733764 0.0154613 
v -0.0169353 0.00076849 0.0153828 
v -0.0169416 0.000811243 0.015308 
v -0.0169451 0.000861523 0.0152379 
v -0.0169455 0.000918746 0.0151732 
v -0.016943 0.000982244 0.0151148 
v -0.0191477 0.00205616 0.0169794 
v -0.0191724 0.00197347 0.0169689 
v -0.0191979 0.00189275 0.0169492 
v -0.0192239 0.00181494 0.0169205 
v -0.0192502 0.00174097 0.0168832 
v -0.0192764 0.00167171 0.0168377 
v -0.0193023 0.00160797 0.0167846 
v -0.0193275 0.00155051 0.0167244 
v -0.0193517 0.00150001 0.0166579 
v -0.0193746 0.00145706 0.0165859 
v -0.019396 0.00142217 0.0165093 
v -0.0194157 0.00139575 0.0164288 
v -0.0194333 0.00137812 0.0163455 
v -0.0194487 0.00136947 0.0162604 
v -0.0194616 0.00136992 0.0161745 
v -0.0194721 0.00137946 0.0160887 
v -0.0194798 0.00139797 0.0160042 
v -0.0194848 0.00142524 0.0159218 
v -0.0194869 0.00146094 0.0158426 
v -0.0194862 0.00150466 0.0157674 
v -0.0194826 0.00155588 0.0156973 
v -0.0194762 0.00161398 0.015633 
v -0.0194671 0.0016783 0.0155752 
v -0.0218281 0.00278718 0.0172982 
v -0.0218514 0.00270419 0.0172861 
v -0.021875 0.00262317 0.0172647 
v -0.0218986 0.00254509 0.0172343 
v -0.021922 0.00247087 0.0171952 
v -0.0219448 0.0024014 0.017148 
v -0.0219668 0.00233748 0.0170931 
v -0.0219877 0.00227989 0.0170313 
v -0.0220073 0.0022293 0.0169632 
v -0.0220253 0.0021863 0.0168897 
v -0.0220416 0.00215142 0.0168116 
v -0.0220559 0.00212506 0.0167298 
v -0.022068 0.00210754 0.0166454 
v -0.0220779 0.00209906 0.0165594 
v -0.0220854 0.00209972 0.0164726 
v -0.0220904 0.00210952 0.0163863 
v -0.0220929 0.00212833 0.0163013 
v -0.0220928 0.00215594 0.0162188 
v -0.0220902 0.00219203 0.0161396 
v -0.022085 0.00223615 0.0160647 
v -0.0220773 0.00228779 0.015995 
v -0.0220673 0.00234635 0.0159314 
v -0.0220549 0.00241111 0.0158746 
v -0.0227126 0.0030111 0.0173678 
v -0.0227339 0.00292769 0.0173551 
v -0.0227553 0.00284626 0.0173332 
v -0.0227767 0.00276779 0.0173023 
v -0.0227977 0.00269319 0.0172627 
v -0.0228181 0.00262334 0.017215 
v -0.0228376 0.00255909 0.0171597 
v -0.0228561 0.00250118 0.0170974 
v -0.0228733 0.0024503 0.017029 
v -0.0228891 0.00240705 0.0169552 
v -0.0229031 0.00237194 0.0168768 
v -0.0229153 0.0023454 0.0167948 
v -0.0229256 0.00232773 0.0167103 
v -0.0229337 0.00231914 0.016624 
v -0.0229396 0.00231973 0.0165372 
v -0.0229433 0.0023295 0.0164509 
v -0.0229446 0.00234833 0.0163659 
v -0.0229436 0.00237601 0.0162834 
v -0.0229403 0.00241219 0.0162044 
v -0.0229347 0.00245645 0.0161297 
v -0.0229269 0.00250828 0.0160602 
v -0.022917 0.00256705 0.0159968 
v -0.022905 0.00263207 0.0159403 
v -0.023836 0.00325399 0.0174333 
v -0.0238526 0.00316974 0.01742 
v -0.0238693 0.0030875 0.0173974 
v -0.0238859 0.00300822 0.0173659 
v -0.0239021 0.00293285 0.0173258 
v -0.0239178 0.00286227 0.0172776 
v -0.0239328 0.00279733 0.0172218 
v -0.023947 0.00273877 0.0171592 
v -0.02396 0.00268731 0.0170903 
v -0.0239719 0.00264354 0.0170162 
v -0.0239824 0.00260798 0.0169376 
v -0.0239914 0.00258105 0.0168555 
v -0.0239989 0.00256306 0.0167708 
v -0.0240046 0.00255424 0.0166845 
v -0.0240087 0.00255468 0.0165977 
v -0.024011 0.00256438 0.0165114 
v -0.0240114 0.00258322 0.0164265 
v -0.0240101 0.00261099 0.0163442 
v -0.0240069 0.00264735 0.0162653 
v -0.024002 0.00269187 0.0161909 
v -0.0239954 0.00274404 0.0161217 
v -0.0239871 0.00280322 0.0160586 
v -0.0239774 0.00286874 0.0160023 
v -0.0247572 0.00339934 0.017469 
v -0.0247685 0.00331436 0.0174552 
v -0.0247799 0.0032314 0.0174323 
v -0.0247911 0.00315142 0.0174004 
v -0.0248021 0.00307538 0.01736 
v -0.0248127 0.00300417 0.0173114 
v -0.0248228 0.00293863 0.0172554 
v -0.0248323 0.00287952 0.0171925 
v -0.024841 0.00282755 0.0171235 
v -0.024849 0.00278333 0.0170492 
v -0.024856 0.00274737 0.0169705 
v -0.024862 0.00272011 0.0168883 
v -0.0248669 0.00270186 0.0168036 
v -0.0248707 0.00269284 0.0167173 
v -0.0248733 0.00269315 0.0166305 
v -0.0248747 0.0027028 0.0165442 
v -0.0248748 0.00272166 0.0164595 
v -0.0248738 0.00274951 0.0163773 
v -0.0248715 0.00278603 0.0162985 
v -0.024868 0.00283079 0.0162242 
v -0.0248634 0.00288326 0.0161552 
v -0.0248577 0.00294282 0.0160923 
v -0.0248509 0.00300877 0.0160362 
v -0.0254945 0.00346528 0.0174865 
v -0.0254986 0.00337977 0.0174725 
v -0.0255027 0.00329628 0.0174493 
v -0.0255069 0.0032158 0.0174172 
v -0.025511 0.00313927 0.0173766 
v -0.0255151 0.00306758 0.0173279 
v -0.025519 0.00300159 0.0172718 
v -0.0255228 0.00294207 0.0172088 
v -0.0255263 0.00288972 0.0171397 
v -0.0255296 0.00284515 0.0170654 
v -0.0255326 0.00280889 0.0169867 
v -0.0255353 0.00278136 0.0169044 
v -0.0255376 0.00276289 0.0168197 
v -0.0255395 0.00275369 0.0167335 
v -0.025541 0.00275387 0.0166468 
v -0.025542 0.00276344 0.0165606 
v -0.0255427 0.00278227 0.0164759 
v -0.0255428 0.00281016 0.0163938 
v -0.0255426 0.00284676 0.0163151 
v -0.0255418 0.00289164 0.0162409 
v -0.0255407 0.00294429 0.016172 
v -0.0255391 0.00300408 0.0161092 
v -0.0255371 0.00307031 0.0160532 
v -0.0261378 0.00346225 0.0174941 
v -0.0261332 0.00337683 0.01748 
v -0.0261287 0.00329342 0.0174568 
v -0.0261245 0.00321302 0.0174246 
v -0.0261206 0.00313655 0.017384 
v -0.026117 0.00306493 0.0173352 
v -0.0261137 0.00299898 0.0172791 
v -0.0261109 0.0029395 0.0172161 
v -0.0261085 0.00288716 0.017147 
v -0.0261065 0.0028426 0.0170726 
v -0.026105 0.00280632 0.0169939 
v -0.026104 0.00277877 0.0169117 
v -0.0261035 0.00276026 0.016827 
v -0.0261036 0.002751 0.0167408 
v -0.0261041 0.00275111 0.0166541 
v -0.0261052 0.00276059 0.016568 
v -0.0261067 0.00277933 0.0164833 
v -0.0261088 0.0028071 0.0164012 
v -0.0261113 0.00284357 0.0163226 
v -0.0261142 0.00288833 0.0162484 
v -0.0261175 0.00294085 0.0161795 
v -0.0261212 0.0030005 0.0161167 
v -0.0261251 0.00306659 0.0160608 
v -0.0476662 -0.00205143 0.00559757 
v -0.0476329 -0.00204663 0.00566985 
v -0.0479379 -0.00208629 0.00481016 
v -0.0475068 -0.00202846 0.00594353 
v -0.0471741 -0.00198051 0.0066657 
v -0.0482302 -0.00138215 0.00756278 
v -0.0487438 -0.00144564 0.0065041 
v -0.0469495 -0.00194459 0.00704709 
v -0.0465503 -0.00188075 0.00772484 
v -0.0470108 -0.00195439 0.00694303 
v -0.0475056 -0.00128253 0.00874636 
v -0.0480952 -0.0013636 0.00778326 
v -0.0461427 -0.00180895 0.00828152 
v -0.0458688 -0.00176072 0.00865543 
v -0.046343 -0.00184423 0.00800796 
v -0.0466653 -0.00115395 0.00984719 
v -0.0473445 -0.00125788 0.00895738 
v -0.0450987 -0.00161255 0.00951967 
v -0.045067 -0.00160646 0.0095552 
v -0.0455659 -0.00170244 0.0089954 
v -0.0457026 -0.000990947 0.0108767 
v -0.0464721 -0.00112125 0.0100538 
v -0.0446739 -0.0015241 0.00991936 
v -0.0451437 -0.000889096 0.0113925 
v -0.0454607 -0.000946866 0.0110999 
v -0.0440703 -0.00139692 0.0104719 
v -0.0441109 -0.00140616 0.0104409 
v -0.0441623 -0.00141693 0.0103933 
v -0.0442612 -0.00071552 0.0120936 
v -0.0438984 -0.000644184 0.0123818 
v -0.0426871 -0.00107649 0.0114886 
v -0.0429691 -0.00114623 0.0113126 
v -0.0415713 -0.000800601 0.0121847 
v -0.0423136 -0.000298951 0.0134028 
v -0.0436972 -0.000600347 0.0125114 
v -0.0410924 -0.000672113 0.0124245 
v -0.041307 -0.000729696 0.012317 
v -0.0415123 -0.000784757 0.0122143 
v -0.0406388 0.000103124 0.0142729 
v -0.0421342 -0.000255881 0.013496 
v -0.0392352 -0.0001615 0.013292 
v -0.0398244 -0.000331915 0.0130594 
v -0.0399273 -0.000359528 0.0130079 
v -0.038643 0.000626271 0.015104 
v -0.0402656 0.00020096 0.0144283 
v -0.0369917 0.000502652 0.014104 
v -0.0378147 0.000249345 0.0138527 
v -0.0366088 0.000620487 0.0142209 
v -0.038026 0.000188237 0.0137693 
v -0.0361884 0.00132334 0.0158972 
v -0.0379462 0.000824161 0.0153292 
v -0.034123 0.00139338 0.0148721 
v -0.0332562 0.00166501 0.0150695 
v -0.0355122 0.000958006 0.0145557 
v -0.0356735 0.000908366 0.0145065 
v -0.0334778 0.00212621 0.0165522 
v -0.035004 0.00167415 0.0161834 
v -0.0327535 0.00182257 0.015184 
v -0.0330614 0.00172608 0.0151139 
v -0.0313007 0.00274399 0.0169472 
v -0.0303018 0.00252326 0.0155841 
v -0.0300042 0.00260833 0.0156327 
v -0.0308321 0.0023717 0.0154976 
v -0.0309561 0.00233625 0.0154774 
v -0.0303626 0.00297695 0.0170806 
v -0.0296202 0.00316133 0.0171861 
v -0.0284265 0.00293965 0.0158232 
v -0.0281947 0.00298832 0.0158512 
v -0.0290975 0.00279873 0.0157422 
v -0.0293417 0.00274745 0.0157127 
v -0.0281743 0.00342355 0.0173517 
v -0.0278549 0.0030289 0.0158848 
v -0.0279641 0.00301586 0.015874 
v -0.0269567 0.00310783 0.0159702 
v -0.0272168 0.00310508 0.0159478 
v -0.0266404 0.00352425 0.017491 
v -0.0274105 0.00350827 0.0174255 
v -0.0487675 -0.00144857 0.00645534 
v -0.0488295 -0.00149852 0.00630601 
v -0.0488019 -0.0015304 0.00636126 
v -0.048863 -0.00145964 0.00622769 
v -0.048756 -0.00158341 0.00645313 
v -0.0487405 -0.00160117 0.00647808 
v -0.0487537 -0.001586 0.00645677 
v -0.0486974 -0.00165084 0.00654787 
v -0.0486795 -0.00167135 0.00657147 
v -0.0486499 -0.00170539 0.00661063 
v -0.0486194 -0.0017403 0.0066434 
v -0.0485696 -0.00179719 0.00668791 
v -0.0485607 -0.00180731 0.00669363 
v -0.0485737 -0.00179247 0.00668483 
v -0.0486091 -0.00175203 0.00665441 
v -0.0485397 -0.00183123 0.00670716 
v -0.0485109 -0.00186393 0.00672054 
v -0.0484635 -0.00191769 0.00673085 
v -0.0484499 -0.00193302 0.00673054 
v -0.0484871 -0.00189092 0.00672761 
v -0.0484138 -0.00197384 0.00672418 
v -0.0484221 -0.00196445 0.00672667 
v -0.0484426 -0.00194133 0.00673037 
v -0.048378 -0.00201397 0.00670663 
v -0.0483606 -0.00203352 0.00669357 
v -0.0483957 -0.00199413 0.00671677 
v -0.0483514 -0.00204376 0.00668508 
v -0.0483451 -0.00205081 0.00667924 
v -0.0483276 -0.00207031 0.00665958 
v -0.0483104 -0.00208942 0.0066363 
v -0.0482935 -0.00210818 0.00660899 
v -0.0482845 -0.00211811 0.00659252 
v -0.0482644 -0.00214014 0.00655012 
v -0.0482451 -0.00216126 0.00650038 
v -0.0482688 -0.00213535 0.00655934 
v -0.0482246 -0.00218352 0.00643525 
v -0.0482032 -0.00220655 0.00634841 
v -0.048205 -0.00220458 0.00635583 
v -0.048184 -0.00222681 0.00624593 
v -0.048184 -0.00222683 0.00624584 
v -0.0481811 -0.00222981 0.00622468 
v -0.0481675 -0.00224384 0.00612504 
v -0.0481562 -0.00225508 0.00600775 
v -0.048151 -0.00225954 0.00590095 
v -0.0481422 -0.00226719 0.00571804 
v -0.0481429 -0.00226374 0.00550213 
v -0.0481435 -0.00226123 0.00534559 
v -0.0481491 -0.00225408 0.00526238 
v -0.0481635 -0.00223575 0.00504901 
v -0.0481697 -0.00222795 0.0049583 
v -0.0481902 -0.00220193 0.00465547 
v -0.0482106 -0.00217602 0.00435391 
v -0.0482309 -0.00215022 0.00405359 
v -0.0481575 -0.00211362 0.004109 
v -0.0480852 -0.0021052 0.00438298 
v -0.0482511 -0.00212451 0.00375441 
v -0.0265337 0.00311231 0.0160066 
v -0.0481739 -0.00222265 0.00489662 
v -0.0475712 -0.00208102 0.00597443 
v -0.0480076 -0.00213815 0.00483476 
v -0.0480677 -0.00218163 0.00485567 
v -0.0481311 -0.00220576 0.00487995 
v -0.0476287 -0.00212529 0.00600155 
v -0.0470712 -0.00200816 0.0069804 
v -0.04769 -0.00216321 0.00602995 
v -0.0471254 -0.00205336 0.00701326 
v -0.0477546 -0.00219443 0.00605939 
v -0.0471835 -0.0020922 0.0070477 
v -0.0478217 -0.00221866 0.00608956 
v -0.0472448 -0.00212431 0.0070834 
v -0.0478908 -0.00223566 0.00612021 
v -0.0473088 -0.00214938 0.00712003 
v -0.0479612 -0.00224528 0.00615103 
v -0.0473749 -0.00216718 0.00715724 
v -0.0480323 -0.00224743 0.00618174 
v -0.0474424 -0.00217754 0.00719468 
v -0.0481034 -0.00224209 0.00621205 
v -0.0475107 -0.00218036 0.00723198 
v -0.0481738 -0.0022293 0.00624167 
v -0.0475792 -0.00217562 0.0072688 
v -0.0482244 -0.00145978 0.00756547 
v -0.0487625 -0.00152586 0.00645735 
v -0.0463977 -0.00189936 0.00805178 
v -0.0464474 -0.00194583 0.0080908 
v -0.046501 -0.00198592 0.00813177 
v -0.0465579 -0.00201924 0.0081743 
v -0.0466175 -0.00204548 0.00821798 
v -0.0466794 -0.00206438 0.00826239 
v -0.0467428 -0.00207576 0.0083071 
v -0.0468073 -0.00207951 0.00835169 
v -0.0476472 -0.00216335 0.00730479 
v -0.0468721 -0.00207559 0.00839572 
v -0.047714 -0.00214368 0.00733961 
v -0.0469367 -0.00206405 0.00843877 
v -0.0477791 -0.00211679 0.00737293 
v -0.0470003 -0.00204499 0.00848043 
v -0.0478418 -0.00208293 0.00740442 
v -0.0470626 -0.0020186 0.0085203 
v -0.0479015 -0.00204243 0.0074338 
v -0.0471227 -0.00198513 0.00855799 
v -0.0479576 -0.00199568 0.00746078 
v -0.0471801 -0.0019449 0.00859314 
v -0.0480097 -0.00194311 0.00748511 
v -0.0472344 -0.00189831 0.00862541 
v -0.0480572 -0.00188522 0.00750656 
v -0.0472849 -0.00184578 0.00865449 
v -0.0480996 -0.00182256 0.00752492 
v -0.0473312 -0.00178785 0.00868011 
v -0.0481367 -0.00175573 0.00754003 
v -0.0473728 -0.00172505 0.00870201 
v -0.0481679 -0.00168535 0.00755173 
v -0.0474093 -0.00165799 0.00871999 
v -0.0481931 -0.0016121 0.00755991 
v -0.0474405 -0.00158733 0.00873387 
v -0.048212 -0.00153668 0.00756451 
v -0.0474659 -0.00151373 0.00874352 
v -0.0474853 -0.00143791 0.00874884 
v -0.0474986 -0.0013606 0.00874979 
v -0.0456159 -0.0017597 0.00904652 
v -0.0456603 -0.00180762 0.00909108 
v -0.0457087 -0.00184915 0.00913797 
v -0.0457604 -0.00188388 0.00918675 
v -0.045815 -0.00191147 0.00923693 
v -0.0458719 -0.00193166 0.00928803 
v -0.0459306 -0.00194423 0.00933954 
v -0.0459906 -0.00194908 0.00939097 
v -0.0460511 -0.00194615 0.0094418 
v -0.0461117 -0.00193547 0.00949153 
v -0.0461717 -0.00191715 0.0095397 
v -0.0462306 -0.00189136 0.00958581 
v -0.0462878 -0.00185836 0.00962943 
v -0.0463427 -0.00181847 0.00967013 
v -0.0463947 -0.00177209 0.0097075 
v -0.0464435 -0.00171965 0.00974118 
v -0.0464884 -0.00166169 0.00977084 
v -0.0465291 -0.00159875 0.0097962 
v -0.0465652 -0.00153147 0.009817 
v -0.0465962 -0.0014605 0.00983304 
v -0.046622 -0.00138652 0.00984416 
v -0.0466422 -0.00131028 0.00985026 
v -0.0466567 -0.0012325 0.00985127 
v -0.044718 -0.00158366 0.00997698 
v -0.0447566 -0.00163321 0.0100263 
v -0.0447991 -0.00167636 0.0100784 
v -0.044845 -0.00171268 0.0101327 
v -0.0448939 -0.00174181 0.0101888 
v -0.0449453 -0.00176345 0.0102459 
v -0.0449987 -0.00177739 0.0103036 
v -0.0450536 -0.00178349 0.0103614 
v -0.0451094 -0.0017817 0.0104185 
v -0.0451656 -0.00177202 0.0104745 
v -0.0452215 -0.00175456 0.0105287 
v -0.0452767 -0.00172948 0.0105807 
v -0.0453306 -0.00169705 0.01063 
v -0.0453826 -0.00165758 0.0106759 
v -0.0454323 -0.00161146 0.0107182 
v -0.0454791 -0.00155916 0.0107563 
v -0.0455225 -0.00150119 0.0107899 
v -0.0455623 -0.00143814 0.0108186 
v -0.0455978 -0.00137063 0.0108422 
v -0.0456289 -0.00129934 0.0108604 
v -0.0456551 -0.00122497 0.0108731 
v -0.0456763 -0.00114827 0.0108801 
v -0.0456922 -0.00107 0.0108813 
v -0.0441954 -0.00147418 0.0104437 
v -0.0442307 -0.00152465 0.0104952 
v -0.0442699 -0.00156872 0.0105497 
v -0.0443125 -0.00160594 0.0106067 
v -0.0443582 -0.00163594 0.0106655 
v -0.0444066 -0.00165842 0.0107255 
v -0.044457 -0.00167314 0.0107863 
v -0.044509 -0.00167997 0.010847 
v -0.0445621 -0.00167883 0.0109073 
v -0.0446158 -0.00166973 0.0109663 
v -0.0446694 -0.00165277 0.0110236 
v -0.0447225 -0.00162811 0.0110785 
v -0.0447745 -0.00159601 0.0111306 
v -0.044825 -0.00155679 0.0111792 
v -0.0448733 -0.00151084 0.011224 
v -0.044919 -0.00145862 0.0112643 
v -0.0449617 -0.00140067 0.0113 
v -0.0450009 -0.00133757 0.0113304 
v -0.0450362 -0.00126994 0.0113555 
v -0.0450673 -0.00119848 0.0113749 
v -0.0450938 -0.00112391 0.0113884 
v -0.0451156 -0.00104696 0.0113958 
v -0.0451322 -0.000968429 0.0113972 
v -0.0430264 -0.00121236 0.0113408 
v -0.0430548 -0.00126479 0.011396 
v -0.043087 -0.00131082 0.0114546 
v -0.0431228 -0.00134999 0.0115161 
v -0.0431618 -0.00138187 0.0115799 
v -0.0432035 -0.00140615 0.0116452 
v -0.0432476 -0.00142258 0.0117114 
v -0.0432936 -0.00143098 0.0117778 
v -0.043341 -0.00143127 0.0118437 
v -0.0433894 -0.00142345 0.0119085 
v -0.0434381 -0.00140759 0.0119715 
v -0.0434868 -0.00138386 0.0120321 
v -0.043535 -0.00135251 0.0120895 
v -0.043582 -0.00131386 0.0121433 
v -0.0436275 -0.0012683 0.0121928 
v -0.043671 -0.00121631 0.0122376 
v -0.043712 -0.00115842 0.0122771 
v -0.0437501 -0.00109523 0.0123111 
v -0.0437849 -0.00102739 0.0123391 
v -0.043816 -0.0009556 0.0123608 
v -0.0438432 -0.000880599 0.0123761 
v -0.0438662 -0.000803161 0.0123847 
v -0.0438847 -0.000724085 0.0123866 
v -0.0415298 -0.000846295 0.0122706 
v -0.0415503 -0.000901011 0.0123286 
v -0.0415745 -0.00094935 0.0123907 
v -0.0416024 -0.000990801 0.0124561 
v -0.0416336 -0.00102492 0.0125242 
v -0.0416677 -0.00105136 0.0125943 
v -0.0417045 -0.00106982 0.0126657 
v -0.0417435 -0.00108012 0.0127375 
v -0.0417842 -0.00108214 0.012809 
v -0.0418264 -0.00107587 0.0128794 
v -0.0418694 -0.00106137 0.0129481 
v -0.041913 -0.0010388 0.0130142 
v -0.0419565 -0.00100839 0.0130771 
v -0.0419996 -0.000970462 0.0131361 
v -0.0420418 -0.000925424 0.0131906 
v -0.0420826 -0.00087375 0.01324 
v -0.0421217 -0.000815988 0.0132838 
v -0.0421585 -0.00075275 0.0133216 
v -0.0421928 -0.000684706 0.0133528 
v -0.0422241 -0.000612575 0.0133772 
v -0.0422521 -0.000537123 0.0133946 
v -0.0422765 -0.000459148 0.0134047 
v -0.0422971 -0.000379476 0.0134074 
v -0.0399384 -0.000423684 0.0130668 
v -0.0399515 -0.00048053 0.0131264 
v -0.0399684 -0.000531035 0.0131906 
v -0.0399889 -0.000574648 0.0132586 
v -0.0400128 -0.000610897 0.0133298 
v -0.0400398 -0.000639386 0.0134034 
v -0.0400696 -0.000659807 0.0134786 
v -0.040102 -0.000671938 0.0135545 
v -0.0401364 -0.000675646 0.0136303 
v -0.0401727 -0.000670892 0.0137053 
v -0.0402104 -0.000657727 0.0137785 
v -0.040249 -0.000636295 0.0138492 
v -0.0402882 -0.000606827 0.0139167 
v -0.0403275 -0.000569645 0.0139801 
v -0.0403665 -0.000525152 0.0140389 
v -0.0404048 -0.000473831 0.0140923 
v -0.0404419 -0.000416242 0.0141399 
v -0.0404775 -0.000353008 0.0141809 
v -0.0405112 -0.000284819 0.0142152 
v -0.0405426 -0.000212413 0.0142421 
v -0.0405713 -0.000136579 0.0142615 
v -0.0405971 -5.81398e-05 0.0142732 
v -0.0406197 2.20516e-05 0.014277 
v -0.0380303 0.00012127 0.0138315 
v -0.0380361 6.22717e-05 0.0138917 
v -0.0380455 9.56487e-06 0.013957 
v -0.0380584 -3.62624e-05 0.0140268 
v -0.0380748 -7.46988e-05 0.0141003 
v -0.0380945 -0.000105316 0.0141765 
v -0.0381171 -0.000127771 0.0142548 
v -0.0381425 -0.000141815 0.0143341 
v -0.0381704 -0.000147291 0.0144137 
v -0.0382005 -0.000144137 0.0144926 
v -0.0382324 -0.000132389 0.0145699 
v -0.0382658 -0.000112178 0.0146449 
v -0.0383004 -8.37293e-05 0.0147166 
v -0.0383356 -4.73601e-05 0.0147842 
v -0.0383712 -3.47626e-06 0.014847 
v -0.0384067 4.74326e-05 0.0149044 
v -0.0384417 0.000104799 0.0149555 
v -0.0384759 0.000167982 0.015 
v -0.0385089 0.000236278 0.0150373 
v -0.0385402 0.000308924 0.0150669 
v -0.0385697 0.000385111 0.0150886 
v -0.0385968 0.000463987 0.0151021 
v -0.0386213 0.000544674 0.0151072 
v -0.0356698 0.000840331 0.0145655 
v -0.0356683 0.000779219 0.0146254 
v -0.0356702 0.000724337 0.0146911 
v -0.0356756 0.000676311 0.0147617 
v -0.0356845 0.000635693 0.0148366 
v -0.0356966 0.000602947 0.0149147 
v -0.0357118 0.000578448 0.0149953 
v -0.0357301 0.000562476 0.0150774 
v -0.0357511 0.000555215 0.01516 
v -0.0357747 0.000556747 0.0152423 
v -0.0358005 0.000567055 0.0153233 
v -0.0358282 0.000586021 0.015402 
v -0.0358577 0.000613427 0.0154775 
v -0.0358884 0.000648961 0.0155491 
v -0.0359201 0.000692215 0.0156158 
v -0.0359524 0.000742694 0.0156769 
v -0.0359849 0.00079982 0.0157318 
v -0.0360173 0.000862939 0.0157797 
v -0.0360491 0.000931329 0.0158201 
v -0.0360801 0.00100421 0.0158526 
v -0.0361099 0.00108074 0.0158768 
v -0.036138 0.00116005 0.0158924 
v -0.0361643 0.00124122 0.0158992 
v -0.0330539 0.00165855 0.015175 
v -0.0330472 0.00159559 0.0152339 
v -0.0330436 0.00153884 0.015299 
v -0.0330432 0.00148894 0.0153696 
v -0.033046 0.00144648 0.0154448 
v -0.0330519 0.00141196 0.0155239 
v -0.033061 0.00138578 0.0156058 
v -0.033073 0.00136825 0.0156896 
v -0.0330878 0.00135956 0.0157743 
v -0.0331053 0.00135983 0.0158589 
v -0.0331253 0.00136905 0.0159425 
v -0.0331475 0.0013871 0.0160241 
v -0.0331717 0.00141379 0.0161027 
v -0.0331976 0.00144879 0.0161774 
v -0.0332249 0.0014917 0.0162473 
v -0.0332532 0.00154203 0.0163116 
v -0.0332823 0.00159917 0.0163696 
v -0.0333117 0.00166247 0.0164206 
v -0.0333412 0.00173118 0.0164639 
v -0.0333705 0.0018045 0.0164992 
v -0.0333991 0.00188159 0.0165259 
v -0.0334267 0.00196152 0.0165437 
v -0.033453 0.00204338 0.0165526 
v -0.0309519 0.00228102 0.0155442 
v -0.0309434 0.00221674 0.015602 
v -0.0309377 0.00215867 0.0156663 
v -0.0309348 0.0021075 0.0157365 
v -0.0309347 0.00206384 0.0158116 
v -0.0309375 0.00202819 0.0158907 
v -0.030943 0.00200099 0.0159731 
v -0.0309514 0.00198255 0.0160575 
v -0.0309623 0.00197308 0.0161432 
v -0.0309758 0.00197271 0.016229 
v -0.0309916 0.00198142 0.016314 
v -0.0310096 0.00199913 0.0163971 
v -0.0310296 0.00202563 0.0164774 
v -0.0310513 0.00206059 0.0165539 
v -0.0310744 0.00210361 0.0166257 
v -0.0310988 0.00215418 0.016692 
v -0.031124 0.00221171 0.016752 
v -0.0311499 0.00227551 0.016805 
v -0.0311761 0.00234484 0.0168503 
v -0.0312022 0.00241887 0.0168875 
v -0.0312281 0.00249673 0.016916 
v -0.0312533 0.00257752 0.0169356 
v -0.029337 0.00269557 0.0157682 
v -0.0293297 0.00263021 0.0158251 
v -0.0293246 0.00257112 0.0158888 
v -0.0293219 0.00251902 0.0159585 
v -0.0293215 0.00247452 0.0160332 
v -0.0293234 0.00243814 0.0161123 
v -0.0293277 0.00241032 0.0161946 
v -0.0293342 0.00239138 0.0162793 
v -0.0293429 0.00238155 0.0163653 
v -0.0293537 0.00238095 0.0164516 
v -0.0293665 0.00238958 0.0165373 
v -0.0293811 0.00240734 0.0166212 
v -0.0293973 0.00243402 0.0167024 
v -0.029415 0.0024693 0.01678 
v -0.0294339 0.00251277 0.0168529 
v -0.0294538 0.00256391 0.0169204 
v -0.0294745 0.00262212 0.0169817 
v -0.0294957 0.00268671 0.017036 
v -0.0295172 0.00275691 0.0170827 
v -0.0295388 0.0028319 0.0171212 
v -0.0295601 0.00291079 0.0171511 
v -0.0312776 0.00266026 0.0169461 
v -0.0295809 0.00299263 0.0171721 
v -0.029601 0.00307648 0.0171838 
v -0.0279598 0.00295137 0.0159239 
v -0.027956 0.00288512 0.0159801 
v -0.0279539 0.00282523 0.0160432 
v -0.0279534 0.00277243 0.0161124 
v -0.0279545 0.00272733 0.0161868 
v -0.0279573 0.00269046 0.0162655 
v -0.0279617 0.00266227 0.0163477 
v -0.0279676 0.00264308 0.0164324 
v -0.027975 0.00263312 0.0165185 
v -0.0279838 0.00263252 0.0166051 
v -0.0279939 0.00264127 0.0166911 
v -0.0280051 0.00265927 0.0167754 
v -0.0280174 0.00268632 0.0168572 
v -0.0280306 0.00272209 0.0169354 
v -0.0280445 0.00276615 0.0170092 
v -0.028059 0.00281799 0.0170775 
v -0.0280739 0.002877 0.0171397 
v -0.0280889 0.00294247 0.017195 
v -0.0281041 0.00301363 0.0172427 
v -0.0281191 0.00308964 0.0172823 
v -0.0281338 0.0031696 0.0173133 
v -0.028148 0.00325256 0.0173354 
v -0.027246 0.00303087 0.0159935 
v -0.0272463 0.00296432 0.0160494 
v -0.0272476 0.00290419 0.0161121 
v -0.0272501 0.0028512 0.016181 
v -0.0272535 0.00280596 0.0162551 
v -0.027258 0.00276901 0.0163337 
v -0.0272634 0.00274079 0.0164157 
v -0.0272697 0.00272163 0.0165003 
v -0.0272768 0.00271175 0.0165863 
v -0.0272846 0.00271128 0.0166729 
v -0.0272931 0.00272022 0.0167589 
v -0.0273021 0.00273846 0.0168435 
v -0.0273115 0.00276579 0.0169254 
v -0.0273212 0.00280188 0.0170039 
v -0.0273312 0.00284631 0.0170779 
v -0.0273412 0.00289856 0.0171467 
v -0.0273511 0.002958 0.0172093 
v -0.027361 0.00302395 0.0172651 
v -0.0273705 0.0030956 0.0173134 
v -0.0273797 0.00317214 0.0173535 
v -0.0273884 0.00325263 0.0173852 
v -0.0281615 0.00333755 0.0173482 
v -0.0273965 0.00333615 0.0174079 
v -0.0274039 0.0034217 0.0174213 
v -0.0265396 0.00304367 0.0160551 
v -0.0265459 0.00297724 0.0161106 
v -0.0265525 0.00291726 0.016173 
v -0.0265594 0.00286442 0.0162415 
v -0.0265665 0.00281935 0.0163154 
v -0.0265738 0.00278258 0.0163937 
v -0.0265811 0.00275454 0.0164755 
v -0.0265883 0.00273557 0.0165599 
v -0.0265954 0.00272588 0.0166459 
v -0.0266023 0.00272559 0.0167324 
v -0.0266089 0.00273471 0.0168185 
v -0.0266151 0.00275311 0.0169031 
v -0.0266209 0.0027806 0.0169852 
v -0.0266261 0.00281685 0.0170639 
v -0.0266308 0.00286142 0.0171383 
v -0.0266348 0.0029138 0.0172074 
v -0.0266382 0.00297336 0.0172704 
v -0.0266408 0.00303942 0.0173267 
v -0.0266427 0.00311117 0.0173755 
v -0.0266438 0.0031878 0.0174163 
v -0.0266442 0.00326838 0.0174485 
v -0.0266437 0.00335198 0.0174719 
v -0.0266425 0.0034376 0.0174861 
v -0.0498943 -0.000265406 0.0020371 
v -0.0499617 -0.000187394 0.00124272 
v -0.0499243 -0.000230771 0.00168441 
v -0.05 -0.000143119 -7.69366e-19 
v -0.0498929 -0.000267063 0.00205397 
v -0.0497376 -0.000446749 0.00315907 
v -0.0492725 -0.000985146 0.0050737 
v -0.0496318 -0.000569234 0.003664 
v -0.049636 -0.0005643 0.00364366 
v -0.0495175 -0.000701501 0.00420924 
v -0.0491832 -0.00108863 0.00535025 
v -0.0492323 -0.00103174 0.00521571 
v -0.0482731 -0.0020978 0.00341202 
v -0.0483435 -0.00201229 0.00231586 
v -0.0483684 -0.00198199 0.00192743 
v -0.0483758 -0.00197301 0.00156299 
v -0.0484075 -0.00193449 0 
v -0.0485233 -0.00184352 0.00624014 
v -0.0496221 0.00224694 -0.00201975 
v -0.0498936 0.00164503 -0.00203707 
v -0.0498925 0.00164516 -0.00205748 
v -0.049533 0.00225864 -0.00261441 
v -0.0494081 0.00227507 -0.00344901 
v -0.0490877 0.0023226 -0.00477408 
v -0.0493368 0.00172565 -0.00487744 
v -0.0496397 0.00167982 -0.00364441 
v -0.0489692 0.00234225 -0.00512126 
v -0.0488953 0.00179978 -0.00614805 
v -0.0492691 0.00173702 -0.00507233 
v -0.0486654 0.00239263 -0.00601109 
v -0.0484772 0.0024261 -0.00646385 
v -0.0487444 0.00182685 -0.00650447 
v -0.0486983 0.00183513 -0.00661339 
v -0.0479544 0.00252592 -0.00751783 
v -0.0481037 0.0019492 -0.00778857 
v -0.0480959 0.0019507 -0.00780408 
v -0.0479024 0.00253585 -0.00762261 
v -0.0472276 0.00267735 -0.00870454 
v -0.0464477 0.00285563 -0.0097226 
v -0.0465731 0.00228544 -0.00995497 
v -0.047351 0.00210778 -0.00896225 
v -0.0463833 0.00287133 -0.00979492 
v -0.0460485 0.00241297 -0.0105297 
v -0.0464779 0.00230857 -0.0100592 
v -0.0459449 0.00297806 -0.0102867 
v -0.0453257 0.00313852 -0.010884 
v -0.045452 0.00256726 -0.011091 
v -0.0449915 0.0026864 -0.0115244 
v -0.0449284 0.00324146 -0.0112673 
v -0.0440738 0.00348127 -0.011939 
v -0.0437784 0.00356416 -0.0121712 
v -0.0442564 0.00289249 -0.0120874 
v -0.0436986 0.00304886 -0.0125146 
v -0.0435761 0.00308319 -0.0126083 
v -0.0435596 0.00362556 -0.0123432 
v -0.0425904 0.00391861 -0.0129566 
v -0.0421339 0.00351941 -0.0134967 
v -0.0419868 0.00356391 -0.0135874 
v -0.0420124 0.00409337 -0.0133224 
v -0.0416567 0.00420519 -0.01352 
v -0.0408016 0.00448351 -0.0139346 
v -0.0402629 0.0041218 -0.0144251 
v -0.0397476 0.0042898 -0.0146681 
v -0.0391225 0.00503968 -0.014675 
v -0.0386034 0.0052159 -0.0148716 
v -0.0398172 0.00480391 -0.0144118 
v -0.0379461 0.00490219 -0.0153319 
v -0.0374026 0.00508696 -0.0155322 
v -0.0358646 0.0061427 -0.01576 
v -0.035631 0.00622159 -0.0158272 
v -0.0375012 0.00559 -0.0152892 
v -0.0350102 0.00589511 -0.0162029 
v -0.034902 0.00593166 -0.0162333 
v -0.0350136 0.0064301 -0.0160048 
v -0.0329159 0.00708172 -0.0164579 
v -0.0324352 0.00669691 -0.0167544 
v -0.0322563 0.00727715 -0.0165894 
v -0.0325419 0.00719789 -0.0165387 
v -0.0317164 0.0068956 -0.0168797 
v -0.0318168 0.00739911 -0.0166673 
v -0.0307548 0.00764146 -0.0168256 
v -0.0303624 0.00720276 -0.0170791 
v -0.0297412 0.00734369 -0.0171706 
v -0.0292232 0.00795738 -0.0170397 
v -0.0291657 0.00744134 -0.0172419 
v -0.0289916 0.00798412 -0.0170646 
v -0.0282046 0.00807499 -0.0171494 
v -0.0278386 0.00759243 -0.0173852 
v -0.0274537 0.00812283 -0.0172222 
v -0.0278543 0.00811545 -0.0171871 
v -0.0265999 0.00761412 -0.0174942 
v -0.0265695 0.00813912 -0.0172995 
v -0.0265262 0.00812509 -0.0173137 
v -0.0265267 0.00809979 -0.017334 
v -0.026526 0.00813783 -0.0173029 
v -0.0265268 0.00808769 -0.0173424 
v -0.0265269 0.00808122 -0.0173468 
v -0.0265275 0.0080352 -0.0173787 
v -0.0265281 0.00796595 -0.0174172 
v -0.0265275 0.0080351 -0.0173788 
v -0.0265281 0.00795842 -0.0174205 
v -0.0265282 0.00792148 -0.0174364 
v -0.0265283 0.00789221 -0.0174491 
v -0.0265283 0.00784672 -0.0174646 
v -0.0265281 0.00780047 -0.0174764 
v -0.0265282 0.0078242 -0.0174703 
v -0.0265274 0.00769224 -0.0174959 
v -0.026528 0.0077705 -0.017484 
v -0.0265272 0.00767473 -0.0174968 
v -0.0265273 0.00768344 -0.0174963 
v -0.0265264 0.00761186 -0.0175 
v -0.0298102 0.00785703 -0.0169664 
v -0.0416228 0.00367846 -0.013784 
v -0.0473888 0.00209914 -0.00891399 
v -0.0496706 0.00167515 -0.00351887 
v -0.0496826 0.00218754 -0.00202712 
v -0.0497365 0.00212201 -0.00203386 
v -0.0497831 0.00205107 -0.0020399 
v -0.049822 0.00197554 -0.00204517 
v -0.0498527 0.00189628 -0.00204961 
v -0.0498748 0.00181417 -0.00205317 
v -0.0498882 0.00173014 -0.0020558 
v -0.0494672 0.00221573 -0.00346248 
v -0.0495197 0.00215032 -0.00347484 
v -0.0495651 0.00207957 -0.00348594 
v -0.0496029 0.00200428 -0.00349567 
v -0.0496326 0.00192529 -0.00350391 
v -0.0496539 0.00184349 -0.00351057 
v -0.0496666 0.00175979 -0.00351558 
v -0.0491444 0.00226337 -0.00479379 
v -0.0491947 0.00219817 -0.0048119 
v -0.049238 0.00212772 -0.00482823 
v -0.049274 0.0020528 -0.00484258 
v -0.0493021 0.00197425 -0.0048548 
v -0.049322 0.00189293 -0.00486475 
v -0.0493336 0.00180976 -0.00487233 
v -0.0487187 0.00233356 -0.00603697 
v -0.0487659 0.00226866 -0.00606081 
v -0.0488063 0.00219862 -0.00608233 
v -0.0488396 0.00212422 -0.0061013 
v -0.0488654 0.00204627 -0.00611752 
v -0.0488834 0.00196562 -0.00613081 
v -0.0488934 0.00188315 -0.00614103 
v -0.048529 0.00236712 -0.00649203 
v -0.0485747 0.00230236 -0.00651799 
v -0.0486139 0.00223251 -0.00654145 
v -0.048646 0.00215835 -0.00656216 
v -0.0486707 0.00208067 -0.00657988 
v -0.0486877 0.00200032 -0.00659442 
v -0.048697 0.00191817 -0.00660563 
v -0.0479495 0.00247715 -0.00765662 
v -0.0479908 0.00241283 -0.00768797 
v -0.0480258 0.00234359 -0.00771634 
v -0.0480541 0.00227016 -0.00774141 
v -0.0480755 0.00219332 -0.00776294 
v -0.0480897 0.0021139 -0.00778067 
v -0.0480965 0.00203274 -0.00779444 
v -0.0472693 0.00261901 -0.00874368 
v -0.0473054 0.00255525 -0.00877977 
v -0.0473356 0.00248674 -0.00881244 
v -0.0473596 0.00241418 -0.00884135 
v -0.047377 0.00233834 -0.0088662 
v -0.0473877 0.00226001 -0.00888672 
v -0.0473917 0.00218 -0.0089027 
v -0.0464834 0.00279775 -0.00976603 
v -0.0465139 0.00273465 -0.00980605 
v -0.0465388 0.00266699 -0.00984228 
v -0.0465578 0.00259544 -0.00987432 
v -0.0465709 0.00252074 -0.00990187 
v -0.0465779 0.00244365 -0.00992464 
v -0.0465786 0.00236495 -0.0099424 
v -0.045977 0.00292048 -0.0103321 
v -0.0460039 0.00285782 -0.010374 
v -0.0460256 0.0027907 -0.0104119 
v -0.0460417 0.00271979 -0.0104454 
v -0.0460522 0.00264582 -0.0104742 
v -0.0460568 0.00256951 -0.010498 
v -0.0460555 0.00249163 -0.0105166 
v -0.0449537 0.0031845 -0.0113157 
v -0.0449743 0.0031227 -0.0113601 
v -0.04499 0.00305666 -0.0114003 
v -0.0450006 0.00298702 -0.0114358 
v -0.0450061 0.00291446 -0.0114662 
v -0.0450064 0.00283968 -0.0114912 
v -0.0450015 0.00276342 -0.0115107 
v -0.043577 0.00356942 -0.0123935 
v -0.0435902 0.00350874 -0.0124397 
v -0.043599 0.00344408 -0.0124812 
v -0.0436034 0.00337604 -0.0125178 
v -0.0436032 0.00330526 -0.0125491 
v -0.0435986 0.0032324 -0.0125748 
v -0.0435895 0.00315814 -0.0125946 
v -0.0420226 0.00403811 -0.0133734 
v -0.042029 0.00397858 -0.0134199 
v -0.0420316 0.00391532 -0.0134617 
v -0.0420302 0.00384891 -0.0134983 
v -0.042025 0.00377993 -0.0135295 
v -0.042016 0.00370901 -0.0135548 
v -0.0420032 0.00363679 -0.0135742 
v -0.0416655 0.00415011 -0.0135709 
v -0.0416705 0.00409083 -0.0136174 
v -0.0416718 0.00402787 -0.0136591 
v -0.0416694 0.0039618 -0.0136956 
v -0.0416632 0.00389321 -0.0137266 
v -0.0416533 0.0038227 -0.0137518 
v -0.0416398 0.0037509 -0.013771 
v -0.0398196 0.00474971 -0.0144621 
v -0.0398188 0.00469157 -0.0145078 
v -0.0398147 0.00463 -0.0145486 
v -0.0398074 0.00456552 -0.0145842 
v -0.039797 0.00449868 -0.0146141 
v -0.0397834 0.00443006 -0.0146382 
v -0.0397669 0.00436023 -0.0146562 
v -0.0374981 0.00553655 -0.015338 
v -0.0374922 0.00547941 -0.0153822 
v -0.0374836 0.00541905 -0.0154213 
v -0.0374723 0.00535596 -0.0154551 
v -0.0374585 0.00529067 -0.0154834 
v -0.0374421 0.0052237 -0.0155057 
v -0.0374234 0.00515561 -0.015522 
v -0.0350072 0.00637686 -0.016052 
v -0.0349985 0.00632007 -0.0160944 
v -0.0349875 0.00626019 -0.0161318 
v -0.0349743 0.00619768 -0.0161638 
v -0.034959 0.00613305 -0.0161901 
v -0.0349417 0.00606682 -0.0162105 
v -0.0349227 0.00599951 -0.016225 
v -0.0325346 0.00714425 -0.0165845 
v -0.0325254 0.00708709 -0.0166255 
v -0.0325144 0.00702686 -0.0166613 
v -0.0325016 0.00696403 -0.0166916 
v -0.0324872 0.00689911 -0.0167163 
v -0.0324712 0.0068326 -0.016735 
v -0.0324538 0.00676502 -0.0167478 
v -0.0318098 0.00734519 -0.0167128 
v -0.0318011 0.00728774 -0.0167535 
v -0.0317907 0.0072272 -0.0167889 
v -0.0317786 0.00716406 -0.0168188 
v -0.0317651 0.00709882 -0.016843 
v -0.0317501 0.00703197 -0.0168613 
v -0.0317338 0.00696406 -0.0168736 
v -0.0298057 0.0078021 -0.0170113 
v -0.0298 0.00774355 -0.0170511 
v -0.029793 0.00768184 -0.0170857 
v -0.0297848 0.00761747 -0.0171146 
v -0.0297754 0.00755094 -0.0171377 
v -0.029765 0.00748277 -0.0171549 
v -0.0297535 0.0074135 -0.0171659 
v -0.0292198 0.00790218 -0.0170844 
v -0.0292152 0.00784333 -0.0171241 
v -0.0292095 0.00778131 -0.0171584 
v -0.0292027 0.00771659 -0.0171871 
v -0.0291948 0.00764971 -0.01721 
v -0.029186 0.00758117 -0.0172268 
v -0.0291763 0.00751153 -0.0172375 
v -0.0278549 0.00805958 -0.0172316 
v -0.0278548 0.00799999 -0.017271 
v -0.0278539 0.00793715 -0.0173049 
v -0.0278522 0.00787156 -0.0173331 
v -0.0278499 0.00780375 -0.0173554 
v -0.0278468 0.00773425 -0.0173716 
v -0.027843 0.00766363 -0.0173816 
v -0.0265746 0.00808309 -0.0173438 
v -0.0265794 0.0080233 -0.0173828 
v -0.0265839 0.00796023 -0.0174164 
v -0.026588 0.0078944 -0.0174443 
v -0.0265916 0.00782632 -0.0174661 
v -0.0265949 0.00775654 -0.0174818 
v -0.0265976 0.00768562 -0.0174912 
v -0.0434943 0.0021795 0 
v -0.0413598 0.00396677 0 
v -0.0396542 0.00516841 0 
v -0.0365276 0.00737116 0 
v -0.035133 0.00818391 0 
v -0.0338606 0.00890672 0 
v -0.0326564 0.00947029 0 
v -0.0315923 0.00995206 0 
v -0.0304769 0.0103304 0 
v -0.0298563 0.0105409 0 
v -0.0283868 0.0108848 0 
v -0.0284924 0.0108601 0 
v -0.026609 0.0110752 0 
v -0.0256352 0.0111052 0 
v -0.024737 0.0110545 0 
v -0.0237797 0.0109275 0 
v -0.0227898 0.0107401 0 
v -0.0206742 0.0101392 0 
v -0.0198109 0.00985116 0 
v -0.0183121 0.00917765 0 
v -0.016985 0.00858129 0 
v -0.0169117 0.00854837 0 
v -0.0123889 0.00593186 0 
v -0.0140689 0.00690381 0 
v -0.0105491 0.00464838 0 
v -0.00618035 0.00160049 0 
v -0.0363773 0.00747704 0 
v -0.0337011 0.00899731 0 
v -0.0294652 0.0106324 0 
v -0.0275432 0.0109957 0 
v -0.0270401 0.0110619 0 
v -0.0248037 0.0110633 0 
v -0.0233543 0.010871 0 
v -0.0195257 0.009723 0 
v -0.00136367 -0.00223376 0.00223791 
v -0.00613284 0.00156735 0 
v -0.00131878 -0.00214961 0 
v -0.00138344 -0.00227086 0.00272811 
v -0.0013688 -0.00224336 0.00249336 
v -0.00136525 -0.00223672 0.00231666 
v -0.00151141 -0.0025113 0.00472671 
v -0.00155951 -0.00260178 0.00525 
v -0.00150099 -0.00249169 0.00461335 
v -0.00146942 -0.00243239 0.00410709 
v -0.0217576 0.0105006 0 
v -0.0434853 0.00216173 0.00231696 
v -0.0396411 0.00514655 0.00231696 
v -0.0395249 0.00497386 0.00410934 
v -0.0433599 0.00199561 0.00410934 
v -0.0393583 0.00472635 0.00567033 
v -0.0431801 0.00175751 0.00567033 
v -0.0391516 0.00441929 0.00704931 
v -0.042957 0.00146213 0.00704931 
v -0.0389111 0.00406201 0.00828363 
v -0.0426975 0.00111844 0.00828363 
v -0.0386083 0.00361222 0.00952001 
v -0.0423708 0.000685756 0.00952001 
v -0.0383256 0.00319218 0.0104721 
v -0.0420657 0.000281698 0.0104721 
v -0.0379672 0.00265968 0.0114892 
v -0.0364885 0.00730137 0.00231696 
v -0.0363846 0.00712095 0.00410934 
v -0.0362358 0.00686236 0.00567033 
v -0.0360512 0.00654155 0.00704931 
v -0.0358364 0.00616828 0.00828363 
v -0.035566 0.00569836 0.00952001 
v -0.0353135 0.00525952 0.0104721 
v -0.0349934 0.00470318 0.0114892 
v -0.0346446 0.00409716 0.0124238 
v -0.0375768 0.00207962 0.0124238 
v -0.0342655 0.0034384 0.0132893 
v -0.0371523 0.00144908 0.0132893 
v -0.0338521 0.00271984 0.0140976 
v -0.0338266 0.00883211 0.00231696 
v -0.0351077 0.00813299 0.00231696 
v -0.0337387 0.00864341 0.00410934 
v -0.0350115 0.00794843 0.00410934 
v -0.0336127 0.00837295 0.00567033 
v -0.0348735 0.0076839 0.00567033 
v -0.0334565 0.00803742 0.00704931 
v -0.0347023 0.00735573 0.00704931 
v -0.0345031 0.00697388 0.00828363 
v -0.0332747 0.00764701 0.00828363 
v -0.0330458 0.00715551 0.00952001 
v -0.0342524 0.00649316 0.00952001 
v -0.032832 0.00669653 0.0104721 
v -0.0325611 0.00611464 0.0114892 
v -0.0322659 0.0054808 0.0124238 
v -0.031945 0.0047918 0.0132893 
v -0.031595 0.00404026 0.0140976 
v -0.0312112 0.00321601 0.0148577 
v -0.0326341 0.00941227 0.00231696 
v -0.0315168 0.0098852 0.00231696 
v -0.0314493 0.00968829 0.00410934 
v -0.0325558 0.00921939 0.00410934 
v -0.0313527 0.00940605 0.00567033 
v -0.0324437 0.00894293 0.00567033 
v -0.0312328 0.00905591 0.00704931 
v -0.0323046 0.00859996 0.00704931 
v -0.0310932 0.00864851 0.00828363 
v -0.0321428 0.0082009 0.00828363 
v -0.0309176 0.00813562 0.00952001 
v -0.031939 0.00769852 0.00952001 
v -0.0307536 0.00765665 0.0104721 
v -0.0317488 0.00722937 0.0104721 
v -0.0305456 0.00704944 0.0114892 
v -0.0315075 0.00663459 0.0114892 
v -0.0303191 0.006388 0.0124238 
v -0.0312448 0.00598671 0.0124238 
v -0.0300729 0.00566901 0.0132893 
v -0.0309592 0.00528244 0.0132893 
v -0.0298043 0.00488475 0.0140976 
v -0.0295098 0.00402462 0.0148577 
v -0.0304595 0.0102634 0.00231696 
v -0.0304038 0.0100628 0.00410934 
v -0.0303239 0.00977535 0.00567033 
v -0.0302248 0.00941873 0.00704931 
v -0.0301095 0.00900378 0.00828363 
v -0.0299643 0.0084814 0.00952001 
v -0.0298288 0.00799357 0.0104721 
v -0.0296569 0.00737511 0.0114892 
v -0.0294697 0.00670142 0.0124238 
v -0.0292662 0.00596912 0.0132893 
v -0.0290442 0.00517034 0.0140976 
v -0.0288008 0.00429428 0.0148577 
v -0.0285319 0.00332671 0.0155757 
v -0.0294498 0.0105583 0.00231696 
v -0.0294066 0.0103547 0.00410934 
v -0.0293447 0.0100628 0.00567033 
v -0.0292679 0.00970079 0.00704931 
v -0.0291786 0.00927953 0.00828363 
v -0.0290661 0.0087492 0.00952001 
v -0.0289611 0.00825395 0.0104721 
v -0.0288279 0.00762608 0.0114892 
v -0.0286828 0.00694214 0.0124238 
v -0.0285252 0.00619869 0.0132893 
v -0.0283532 0.00538776 0.0140976 
v -0.0281646 0.00449838 0.0148577 
v -0.0279562 0.00351609 0.0155757 
v -0.0275386 0.0109216 0.00231696 
v -0.0284807 0.010776 0.00231696 
v -0.0275231 0.0107141 0.00410934 
v -0.0284511 0.01057 0.00410934 
v -0.0275009 0.0104166 0.00567033 
v -0.0284087 0.0102748 0.00567033 
v -0.0274734 0.0100476 0.00704931 
v -0.028356 0.00990854 0.00704931 
v -0.0274414 0.00961819 0.00828363 
v -0.0282947 0.00948237 0.00828363 
v -0.0274011 0.00907761 0.00952001 
v -0.0282176 0.00894586 0.00952001 
v -0.0273634 0.0085728 0.0104721 
v -0.0281456 0.00844484 0.0104721 
v -0.0273157 0.0079328 0.0114892 
v -0.0280542 0.00780966 0.0114892 
v -0.0272637 0.00723567 0.0124238 
v -0.0279547 0.00711776 0.0124238 
v -0.0272072 0.00647786 0.0132893 
v -0.0278466 0.00636566 0.0132893 
v -0.0271455 0.00565127 0.0140976 
v -0.0277287 0.00554528 0.0140976 
v -0.0270779 0.00474471 0.0148577 
v -0.0275993 0.00464554 0.0148577 
v -0.0270033 0.00374345 0.0155757 
v -0.0256816 0.0110163 0.00231696 
v -0.0266089 0.0110003 0.00231696 
v -0.0256945 0.0108086 0.00410934 
v -0.0266077 0.0107921 0.00410934 
v -0.0257129 0.0105108 0.00567033 
v -0.0266059 0.0104938 0.00567033 
v -0.0257359 0.0101415 0.00704931 
v -0.0266037 0.0101237 0.00704931 
v -0.0257625 0.0097117 0.00828363 
v -0.0266011 0.00969299 0.00828363 
v -0.0257961 0.00917065 0.00952001 
v -0.0265978 0.00915081 0.00952001 
v -0.0258275 0.00866539 0.0104721 
v -0.0265948 0.0086445 0.0104721 
v -0.0258672 0.00802484 0.0114892 
v -0.0265909 0.00800261 0.0114892 
v -0.0259105 0.00732709 0.0124238 
v -0.0265867 0.00730341 0.0124238 
v -0.0259576 0.00656862 0.0132893 
v -0.0265821 0.00654336 0.0132893 
v -0.0260089 0.0057413 0.0140976 
v -0.0265771 0.00571432 0.0140976 
v -0.0260652 0.00483395 0.0148577 
v -0.0265717 0.00480507 0.0148577 
v -0.0261274 0.00383181 0.0155757 
v -0.0237953 0.0108542 0.00231696 
v -0.0247482 0.0109686 0.00231696 
v -0.0238357 0.0106501 0.00410934 
v -0.0247752 0.0107623 0.00410934 
v -0.0238937 0.0103575 0.00567033 
v -0.0248138 0.0104665 0.00567033 
v -0.0239657 0.00999449 0.00704931 
v -0.0248617 0.0100996 0.00704931 
v -0.0240495 0.00957215 0.00828363 
v -0.0249175 0.00967275 0.00828363 
v -0.0241549 0.00904046 0.00952001 
v -0.0249876 0.00913533 0.00952001 
v -0.0242534 0.00854394 0.0104721 
v -0.0250532 0.00863346 0.0104721 
v -0.0243782 0.00791446 0.0114892 
v -0.0251362 0.0079972 0.0114892 
v -0.0245142 0.00722878 0.0124238 
v -0.0252267 0.00730413 0.0124238 
v -0.024662 0.00648342 0.0132893 
v -0.0253251 0.00655074 0.0132893 
v -0.0248232 0.00567042 0.0140976 
v -0.0254324 0.00572897 0.0140976 
v -0.025 0.00477875 0.0148577 
v -0.0255501 0.0048277 0.0148577 
v -0.0251953 0.00379395 0.0155757 
v -0.0217787 0.0104133 0.00231696 
v -0.0228089 0.01067 0.00231696 
v -0.0218433 0.0102154 0.00410934 
v -0.0228619 0.0104687 0.00410934 
v -0.0219358 0.00993179 0.00567033 
v -0.022938 0.0101802 0.00567033 
v -0.0220506 0.00957992 0.00704931 
v -0.0230324 0.00982234 0.00704931 
v -0.0221842 0.0091705 0.00828363 
v -0.0231422 0.00940591 0.00828363 
v -0.0223523 0.00865508 0.00952001 
v -0.0232804 0.00888165 0.00952001 
v -0.0225094 0.00817375 0.0104721 
v -0.0234095 0.00839207 0.0104721 
v -0.0227085 0.00756353 0.0114892 
v -0.0235731 0.00777139 0.0114892 
v -0.0229253 0.00689882 0.0124238 
v -0.0237514 0.00709529 0.0124238 
v -0.023161 0.00617628 0.0132893 
v -0.0239452 0.00636036 0.0132893 
v -0.0234182 0.00538814 0.0140976 
v -0.0241566 0.00555871 0.0140976 
v -0.0237002 0.00452376 0.0148577 
v -0.0243884 0.00467951 0.0148577 
v -0.0240116 0.00356909 0.0155757 
v -0.0206991 0.0100781 0.00231696 
v -0.0207743 0.00988406 0.00410934 
v -0.0208822 0.00960592 0.00567033 
v -0.021016 0.00926087 0.00704931 
v -0.0211717 0.00885938 0.00828363 
v -0.0213677 0.00835394 0.00952001 
v -0.0215508 0.00788193 0.0104721 
v -0.0217828 0.00728353 0.0114892 
v -0.0220356 0.0066317 0.0124238 
v -0.0223104 0.00592315 0.0132893 
v -0.0226101 0.00515028 0.0140976 
v -0.0229388 0.00430264 0.0148577 
v -0.0233019 0.00336646 0.0155757 
v -0.0195562 0.00965482 0.00231696 
v -0.0196412 0.00946483 0.00410934 
v -0.0197631 0.00919251 0.00567033 
v -0.0199142 0.00885468 0.00704931 
v -0.0200901 0.00846159 0.00828363 
v -0.0203115 0.00796673 0.00952001 
v -0.0205182 0.0075046 0.0104721 
v -0.0207803 0.00691873 0.0114892 
v -0.0210659 0.00628054 0.0124238 
v -0.0213762 0.00558682 0.0132893 
v -0.0217148 0.00483012 0.0140976 
v -0.0220861 0.00400022 0.0148577 
v -0.0224962 0.00308363 0.0155757 
v -0.0170271 0.00850606 0.00231696 
v -0.0183362 0.00913371 0.00231696 
v -0.0171282 0.00832409 0.00410934 
v -0.0184298 0.00894779 0.00410934 
v -0.0172731 0.00806326 0.00567033 
v -0.018564 0.00868131 0.00567033 
v -0.0174528 0.00773968 0.00704931 
v -0.0187305 0.00835072 0.00704931 
v -0.0176619 0.00736318 0.00828363 
v -0.0189242 0.00796607 0.00828363 
v -0.0179251 0.0068892 0.00952001 
v -0.019168 0.00748182 0.00952001 
v -0.0193957 0.0070296 0.0104721 
v -0.018171 0.00644657 0.0104721 
v -0.0184826 0.00588542 0.0114892 
v -0.0188221 0.00527416 0.0124238 
v -0.0196844 0.00645629 0.0114892 
v -0.0191912 0.00460971 0.0132893 
v -0.0195937 0.00388495 0.0140976 
v -0.0200352 0.00309006 0.0148577 
v -0.0205228 0.00221215 0.0155757 
v -0.0140885 0.00687961 0.00231696 
v -0.0142023 0.00670532 0.00410934 
v -0.0143654 0.00645549 0.00567033 
v -0.0145678 0.00614557 0.00704931 
v -0.0148032 0.00578496 0.00828363 
v -0.0150996 0.00533098 0.00952001 
v -0.0153764 0.00490703 0.0104721 
v -0.0157273 0.00436955 0.0114892 
v -0.0161096 0.00378409 0.0124238 
v -0.0165251 0.00314767 0.0132893 
v -0.0169783 0.00245349 0.0140976 
v -0.0174754 0.00169215 0.0148577 
v -0.0105687 0.00462426 0.00231696 
v -0.010692 0.00445656 0.00410934 
v -0.0108688 0.0042162 0.00567033 
v -0.0110881 0.00391801 0.00704931 
v -0.0113432 0.00357106 0.00828363 
v -0.0116644 0.00313427 0.00952001 
v -0.0119644 0.00272637 0.0104721 
v -0.0123447 0.00220925 0.0114892 
v -0.0127589 0.00164595 0.0124238 
v -0.0132092 0.00103363 0.0132893 
v -0.0137004 0.000365738 0.0140976 
v -0.00623573 0.00153203 0.00231696 
v -0.00636642 0.00137 0.00410934 
v -0.00655373 0.00113777 0.00567033 
v -0.00678611 0.000849664 0.00704931 
v -0.0070565 0.00051444 0.00828363 
v -0.00739689 9.24215e-05 0.00952001 
v -0.00771476 -0.000301681 0.0104721 
v -0.0274564 0.00365181 0.0155757 
v -0.0265656 0.00380085 0.0155757 
v -0.0256801 0.00383229 0.0155757 
v -0.0291845 0.00307464 0.0155757 
v -0.0333986 0.00193177 0.0148577 
v -0.0366894 0.000761317 0.0140976 
v -0.0416789 -0.000230558 0.0114892 
v -0.0499617 -0.000187394 -0.00124272 
v -0.0483773 -0.00197125 -0.00149159 
v -0.0499243 -0.000230787 -0.00168458 
v -0.0483758 -0.00197302 -0.00156315 
v -0.0483684 -0.00198199 -0.00192743 
v -0.0498943 -0.000265406 -0.0020371 
v -0.0482771 -0.00209298 -0.00335028 
v -0.0497376 -0.000446749 -0.00315907 
v -0.0498929 -0.000267063 -0.00205397 
v -0.049636 -0.0005643 -0.00364366 
v -0.0496318 -0.000569269 -0.00366414 
v -0.0482731 -0.00209781 -0.00341215 
v -0.0481473 -0.00225617 -0.00527315 
v -0.0481489 -0.00225325 -0.0051779 
v -0.0481438 -0.00226526 -0.00571252 
v -0.048141 -0.00226759 -0.0056455 
v -0.0481633 -0.00224786 -0.0060721 
v -0.0481564 -0.00225489 -0.00601015 
v -0.0482002 -0.00220977 -0.00633413 
v -0.0481798 -0.00223122 -0.00621872 
v -0.0482052 -0.00220434 -0.00635503 
v -0.0481517 -0.00225877 -0.00589863 
v -0.0482133 -0.00219566 -0.00638844 
v -0.0481435 -0.00226313 -0.00550007 
v -0.0482346 -0.00217269 -0.00646639 
v -0.0482248 -0.00218334 -0.00643585 
v -0.0482516 -0.00215417 -0.00651821 
v -0.0482488 -0.0021573 -0.00651049 
v -0.0482688 -0.00213531 -0.00655922 
v -0.0483079 -0.00209214 -0.00663198 
v -0.048294 -0.0021076 -0.00660992 
v -0.0482735 -0.00213024 -0.00657024 
v -0.0483514 -0.00204375 -0.00668503 
v -0.0483467 -0.002049 -0.00668087 
v -0.0483278 -0.00207012 -0.0066598 
v -0.0483137 -0.0020858 -0.00664105 
v -0.0483773 -0.00201475 -0.00670617 
v -0.0483663 -0.00202711 -0.0066982 
v -0.0484328 -0.00195233 -0.00672903 
v -0.0484137 -0.00197389 -0.00672417 
v -0.0483953 -0.00199463 -0.00671655 
v -0.0484406 -0.00194359 -0.00673016 
v -0.0484499 -0.00193302 -0.00673055 
v -0.0484806 -0.00189833 -0.00672889 
v -0.0484603 -0.00192136 -0.00673099 
v -0.0485018 -0.00187431 -0.0067237 
v -0.048504 -0.00187181 -0.0067229 
v -0.0485676 -0.0017994 -0.00668932 
v -0.0485411 -0.00182967 -0.00670639 
v -0.0486194 -0.00174027 -0.00664311 
v -0.0485955 -0.00176764 -0.006667 
v -0.0485156 -0.00185865 -0.00671873 
v -0.0486761 -0.00167526 -0.0065775 
v -0.0486364 -0.00172082 -0.00662613 
v -0.0486795 -0.00167144 -0.00657286 
v -0.0486839 -0.00166629 -0.0065666 
v -0.0487405 -0.00160119 -0.00647869 
v -0.0486984 -0.00164972 -0.00654645 
v -0.0488019 -0.00153041 -0.00636436 
v -0.0487515 -0.0015886 -0.00646109 
v -0.0491831 -0.00108868 -0.00535037 
v -0.048863 -0.00145964 -0.00622769 
v -0.0488064 -0.00152519 -0.00635568 
v -0.0481583 -0.00224143 -0.00504717 
v -0.0495175 -0.000701501 -0.00420924 
v -0.0482511 -0.00212451 -0.00375441 
v -0.0482066 -0.00218057 -0.00437432 
v -0.0482289 -0.00215251 -0.00406404 
v -0.0492725 -0.000985146 -0.0050737 
v -0.0481842 -0.0022087 -0.00468532 
v -0.0492323 -0.00103174 -0.00521571 
v -0.0481603 -0.00223883 -0.00501843 
v -0.0481619 -0.0022369 -0.00499711 
v -0.0483423 -0.00204322 -0.00587905 
v -0.0487452 -0.00144591 -0.00650483 
v -0.0481376 -0.00137005 -0.00773031 
v -0.0487179 -0.00144273 -0.00656917 
v -0.0481032 -0.0013654 -0.00778821 
v -0.0473385 -0.00125646 -0.00895366 
v -0.0478073 -0.00132534 -0.00828654 
v -0.0464669 -0.00111979 -0.0100498 
v -0.0469958 -0.00120611 -0.00944136 
v -0.0460626 -0.0010538 -0.0105149 
v -0.045452 -0.000943617 -0.0110908 
v -0.0447521 -0.000814699 -0.0117252 
v -0.0442597 -0.000714577 -0.0120909 
v -0.0449991 -0.000861906 -0.0115179 
v -0.0436954 -0.000599827 -0.0125101 
v -0.0421292 -0.000253103 -0.0134888 
v -0.0434244 -0.000544732 -0.0127113 
v -0.0402649 0.000200984 -0.0144284 
v -0.0417509 -0.000167935 -0.0137158 
v -0.0379481 0.000822165 -0.0153351 
v -0.0393583 0.000433726 -0.0148281 
v -0.0398992 0.000291777 -0.0146037 
v -0.0350085 0.00167333 -0.0161979 
v -0.0373776 0.000979304 -0.0155402 
v -0.0320267 0.00254429 -0.0168269 
v -0.0347462 0.00175018 -0.0162708 
v -0.0303639 0.00298669 -0.0170864 
v -0.0290019 0.00328744 -0.0172612 
v -0.0303367 0.00299393 -0.0170907 
v -0.0279219 0.00345728 -0.017377 
v -0.0267854 0.00352706 -0.0174794 
v -0.0271074 0.0035239 -0.0174523 
v -0.0265264 0.007611 -0.0175 
v -0.0265264 0.00352055 -0.0175 
v -0.00238634 0.00242605 -0.00677933 
v -0.00287381 0.00253177 -0.00756143 
v -0.00318893 0.0031695 -0.00751595 
v -0.00353136 0.00324297 -0.00807779 
v -0.00333606 0.00263201 -0.00830306 
v -0.00393348 0.00274796 -0.0090805 
v -0.00456893 0.00344007 -0.00946046 
v -0.00397573 0.00332739 -0.00866996 
v -0.00440786 0.00284003 -0.00969783 
v -0.00492421 0.00293647 -0.010279 
v -0.00485858 0.00349272 -0.00979466 
v -0.0050689 0.00353096 -0.0100373 
v -0.00514263 0.00297718 -0.0104905 
v -0.00591974 0.00368493 -0.0108827 
v -0.00639399 0.00377075 -0.0113538 
v -0.00538186 0.00358759 -0.0103483 
v -0.00654839 0.00324124 -0.0118045 
v -0.00629144 0.00319132 -0.0116029 
v -0.00784944 0.00404546 -0.0125266 
v -0.00711856 0.00390751 -0.0119377 
v -0.00801917 0.00353059 -0.0129238 
v -0.00778985 0.00348244 -0.0127782 
v -0.00943907 0.00437111 -0.0135649 
v -0.00850555 0.00417987 -0.0129552 
v -0.00970975 0.00388982 -0.0139707 
v -0.00942142 0.00382501 -0.0138145 
v -0.0100946 0.00451548 -0.0139305 
v -0.0102351 0.00454641 -0.0140089 
v -0.0102363 0.00400818 -0.0142561 
v -0.0118744 0.004407 -0.0150002 
v -0.0120627 0.00498458 -0.0148637 
v -0.0110096 0.00473209 -0.0143711 
v -0.0122306 0.00502484 -0.0149423 
v -0.0122733 0.00450413 -0.0151815 
v -0.0142756 0.00504342 -0.0158791 
v -0.0143944 0.005603 -0.0157183 
v -0.0144714 0.00509617 -0.0159473 
v -0.0168585 0.00578257 -0.0165635 
v -0.0167571 0.00628145 -0.0163452 
v -0.015133 0.00581509 -0.0159143 
v -0.0145188 0.00563871 -0.0157513 
v -0.017223 0.00588788 -0.0166315 
v -0.0180609 0.00665954 -0.0165945 
v -0.0188403 0.00688555 -0.0167436 
v -0.0182696 0.00672005 -0.0166344 
v -0.0189515 0.00638738 -0.0169538 
v -0.0209307 0.00691346 -0.0172056 
v -0.0207564 0.00739893 -0.0169921 
v -0.0212293 0.00752563 -0.0170534 
v -0.0213322 0.00702019 -0.0172566 
v -0.0216817 0.00763177 -0.0170965 
v -0.0217797 0.00712397 -0.0172987 
v -0.0227859 0.00783955 -0.0171737 
v -0.0236111 0.00799484 -0.0172314 
v -0.0236765 0.00747655 -0.0174302 
v -0.0241931 0.00754352 -0.0174537 
v -0.0254588 0.00763281 -0.0174905 
v -0.0254506 0.00815869 -0.0172931 
v -0.0244952 0.00809 -0.0172657 
v -0.00261155 0.0030456 -0.00656863 
v -0.00195459 0.00287758 -0.00525 
v -0.00191245 0.00284317 -0.00525 
v -0.00188878 0.00282052 -0.00525 
v -0.0018473 0.00278083 -0.00525 
v -0.00182837 0.00275869 -0.00525 
v -0.00178896 0.00271259 -0.00525 
v -0.00178245 0.00270403 -0.00525 
v -0.00173525 0.00263431 -0.00525 
v -0.00172803 0.00262097 -0.00525 
v -0.00169564 0.0025611 -0.00525 
v -0.00166369 0.00248433 -0.00525 
v -0.00165853 0.00246887 -0.00525 
v -0.00165338 0.00245346 -0.00525 
v -0.00163422 0.00237919 -0.00525 
v -0.00162331 0.00230847 -0.00525 
v -0.00194307 0.00231126 -0.00589628 
v -0.0016226 0.00230383 -0.00525 
v -0.00161865 0.00222726 -0.00525 
v -0.0260247 0.00814755 -0.0172983 
v -0.0241404 0.00806449 -0.0172555 
v -0.00238519 0.00250488 -0.00676916 
v -0.00333385 0.00270934 -0.00829321 
v -0.00239095 0.00258293 -0.00675525 
v -0.00240355 0.00265943 -0.00673772 
v -0.00333792 0.00278594 -0.00827912 
v -0.00242288 0.00273363 -0.00671675 
v -0.00334822 0.00286107 -0.00826093 
v -0.00244875 0.00280479 -0.00669255 
v -0.00336465 0.00293402 -0.00823881 
v -0.0024809 0.00287221 -0.00666536 
v -0.00338705 0.00300411 -0.00821297 
v -0.002519 0.00293522 -0.00663544 
v -0.00341522 0.00307066 -0.00818366 
v -0.0025627 0.00299321 -0.00660309 
v -0.00344888 0.00313304 -0.00815114 
v -0.00348772 0.00319066 -0.00811574 
v -0.00440439 0.00291552 -0.00968815 
v -0.00440648 0.00299032 -0.00967385 
v -0.0044141 0.00306375 -0.00965507 
v -0.0044272 0.00313516 -0.00963199 
v -0.00444565 0.00320389 -0.0096048 
v -0.00446928 0.00326932 -0.00957375 
v -0.00449789 0.00333086 -0.00953913 
v -0.0045312 0.00338795 -0.00950126 
v -0.00492009 0.00301104 -0.0102694 
v -0.0049212 0.00308494 -0.010255 
v -0.00492754 0.00315753 -0.010236 
v -0.00493904 0.00322817 -0.0102126 
v -0.0049556 0.00329622 -0.0101849 
v -0.00497707 0.00336108 -0.0101533 
v -0.00500328 0.00342217 -0.0101179 
v -0.00503398 0.00347897 -0.0100791 
v -0.00628553 0.00326346 -0.0115934 
v -0.00628404 0.003335 -0.0115789 
v -0.006287 0.00340534 -0.0115595 
v -0.00629436 0.0034739 -0.0115355 
v -0.00630608 0.00354011 -0.0115071 
v -0.00632205 0.00360341 -0.0114744 
v -0.00634214 0.00366327 -0.0114377 
v -0.00636619 0.00371921 -0.0113974 
v -0.00778192 0.00355202 -0.0127688 
v -0.00777765 0.00362106 -0.0127543 
v -0.00777707 0.00368902 -0.012735 
v -0.00778019 0.00375537 -0.0127108 
v -0.00778698 0.00381958 -0.0126821 
v -0.0077974 0.00388117 -0.0126491 
v -0.00781136 0.00393964 -0.012612 
v -0.00782875 0.00399455 -0.012571 
v -0.00941132 0.00389204 -0.0138053 
v -0.00940419 0.00395858 -0.0137912 
v -0.00940009 0.00402414 -0.0137722 
v -0.00939904 0.00408825 -0.0137483 
v -0.00940105 0.00415043 -0.0137199 
v -0.00940611 0.00421023 -0.0136871 
v -0.00941417 0.00426722 -0.0136502 
v -0.00942519 0.00432098 -0.0136093 
v -0.0102252 0.00407405 -0.0142472 
v -0.0102167 0.00413945 -0.0142333 
v -0.010211 0.00420392 -0.0142145 
v -0.0102081 0.004267 -0.0141909 
v -0.0102079 0.00432824 -0.0141628 
v -0.0102106 0.00438721 -0.0141303 
v -0.010216 0.00444349 -0.0140936 
v -0.0102242 0.00449668 -0.014053 
v -0.0122598 0.00456747 -0.0151732 
v -0.0122484 0.00463038 -0.0151601 
v -0.0122391 0.00469246 -0.0151421 
v -0.012232 0.00475328 -0.0151195 
v -0.0122271 0.00481244 -0.0150923 
v -0.0122246 0.00486955 -0.0150607 
v -0.0122243 0.00492423 -0.0150251 
v -0.0122263 0.0049761 -0.0149855 
v -0.014456 0.00515755 -0.01594 
v -0.014442 0.00521854 -0.0159279 
v -0.0144298 0.00527876 -0.015911 
v -0.0144192 0.00533782 -0.0158895 
v -0.0144105 0.00539534 -0.0158635 
v -0.0144036 0.00545097 -0.0158332 
v -0.0143986 0.00550435 -0.0157987 
v -0.0143955 0.00555513 -0.0157603 
v -0.0168419 0.00584284 -0.0165574 
v -0.0168264 0.00590274 -0.0165464 
v -0.0168121 0.0059619 -0.0165308 
v -0.0167992 0.00601995 -0.0165105 
v -0.0167877 0.00607654 -0.0164857 
v -0.0167777 0.00613132 -0.0164566 
v -0.0167692 0.00618394 -0.0164234 
v -0.0167623 0.00623409 -0.0163861 
v -0.0189348 0.00644753 -0.0169488 
v -0.0189191 0.00650731 -0.0169389 
v -0.0189043 0.00656636 -0.0169242 
v -0.0188906 0.00662431 -0.0169049 
v -0.018878 0.00668081 -0.0168811 
v -0.0188666 0.00673551 -0.0168528 
v -0.0188565 0.00678808 -0.0168204 
v -0.0188477 0.0068382 -0.0167839 
v -0.0213177 0.00708126 -0.0172527 
v -0.0213038 0.00714196 -0.0172439 
v -0.0212906 0.0072019 -0.0172302 
v -0.0212781 0.00726072 -0.0172118 
v -0.0212664 0.00731806 -0.0171888 
v -0.0212556 0.00737355 -0.0171612 
v -0.0212458 0.00742686 -0.0171293 
v -0.021237 0.00747766 -0.0170933 
v -0.021766 0.00718535 -0.017295 
v -0.0217528 0.00724634 -0.0172864 
v -0.0217403 0.00730658 -0.0172729 
v -0.0217284 0.00736568 -0.0172546 
v -0.0217173 0.00742329 -0.0172317 
v -0.021707 0.00747904 -0.0172042 
v -0.0216976 0.00753259 -0.0171724 
v -0.0236676 0.00753927 -0.0174273 
v -0.0236589 0.00760159 -0.0174193 
v -0.0236506 0.00766313 -0.0174064 
v -0.0236427 0.00772349 -0.0173886 
v -0.0236352 0.00778231 -0.017366 
v -0.0236283 0.0078392 -0.0173388 
v -0.0216892 0.0075836 -0.0171364 
v -0.023622 0.00789381 -0.0173072 
v -0.0236162 0.0079458 -0.0172713 
v -0.0241858 0.00760659 -0.0174509 
v -0.0241788 0.00766925 -0.017443 
v -0.0241721 0.00773112 -0.0174302 
v -0.0241658 0.00779181 -0.0174125 
v -0.0241598 0.00785093 -0.01739 
v -0.0241542 0.00790811 -0.0173629 
v -0.0241491 0.00796299 -0.0173313 
v -0.0241445 0.00801523 -0.0172954 
v -0.0254574 0.00769651 -0.017488 
v -0.0254561 0.0077598 -0.0174803 
v -0.025455 0.00782228 -0.0174677 
v -0.0254539 0.00788356 -0.0174501 
v -0.025453 0.00794325 -0.0174277 
v -0.0254522 0.00800097 -0.0174006 
v -0.0254515 0.00805634 -0.017369 
v -0.025451 0.00810903 -0.0173331 
v 0.000560564 0.00133412 -0.00261505 
v 0.000559998 0.00133306 -0.00264544 
v 0.000433507 0.00109488 -0.00487213 
v 0.000413556 0.00105731 -0.00512218 
v 0.000403357 0.0010381 -0.00525 
v -0.0267281 0.0133955 -0.00979448 
v -0.0256601 0.0134149 -0.00979414 
v -0.0256924 0.01295 -0.0108835 
v -0.0374966 0.00949865 -0.00979491 
v -0.0347427 0.0110569 -0.00979479 
v -0.0345483 0.0106335 -0.0108842 
v -0.02673 0.0111753 -0.013929 
v -0.0258133 0.0112003 -0.0139285 
v -0.0258616 0.0105004 -0.0148607 
v -0.0311095 0.0125733 -0.00979466 
v -0.0299894 0.0128959 -0.00979434 
v -0.029897 0.0124392 -0.0108837 
v -0.0267292 0.012404 -0.0119377 
v -0.0257287 0.0124259 -0.0119373 
v -0.025769 0.0118425 -0.0129532 
v -0.0288882 0.0131402 -0.0097941 
v -0.0278006 0.0133058 -0.00979429 
v -0.0277695 0.0128409 -0.0108836 
v -0.0267287 0.0129295 -0.0108838 
v -0.0288261 0.0126785 -0.0108834 
v -0.0277343 0.0123168 -0.0119375 
v -0.0287558 0.0121579 -0.0119373 
v -0.027695 0.0117333 -0.0129535 
v -0.0267296 0.0118191 -0.0129537 
v -0.0286775 0.0115785 -0.0129532 
v -0.0276516 0.0110911 -0.0139289 
v -0.0297926 0.0119243 -0.0119376 
v -0.0296761 0.0113512 -0.0129535 
v -0.0285912 0.0109407 -0.0139286 
v -0.0308509 0.0116162 -0.011938 
v -0.0334786 0.0116621 -0.00979462 
v -0.0322705 0.0121649 -0.00979461 
v -0.0321226 0.0117231 -0.010884 
v -0.0309881 0.0121234 -0.0108841 
v -0.0333062 0.0112292 -0.010884 
v -0.0319556 0.011225 -0.011938 
v -0.0331117 0.0107413 -0.011938 
v -0.0340843 0.00962493 -0.0129543 
v -0.0343289 0.0101561 -0.0119382 
v -0.0317695 0.0106706 -0.012954 
v -0.0306981 0.0110517 -0.012954 
v -0.0295478 0.0107205 -0.0139289 
v -0.0305296 0.0104304 -0.0139295 
v -0.0315644 0.0100605 -0.0139295 
v -0.0294077 0.010033 -0.0148612 
v -0.0267321 0.00890296 -0.0165871 
v -0.0267311 0.00971548 -0.015748 
v -0.0259417 0.00934565 -0.016173 
v -0.025914 0.00974422 -0.0157474 
v -0.0276044 0.0103911 -0.0148612 
v -0.0267305 0.0104736 -0.0148613 
v -0.0258873 0.0101292 -0.0153099 
v -0.0284971 0.0102455 -0.0148609 
v -0.0275535 0.00963489 -0.0157479 
v -0.0283955 0.00949449 -0.0157476 
v -0.0274993 0.00882433 -0.0165871 
v -0.0292564 0.00929029 -0.015748 
v -0.0282868 0.0086895 -0.0165868 
v -0.0310987 0.00867722 -0.0157488 
v -0.0290943 0.00849425 -0.0165872 
v -0.033815 0.0090403 -0.0139299 
v -0.0313406 0.00939553 -0.0148619 
v -0.0303458 0.00975322 -0.0148619 
v -0.0335211 0.00840318 -0.0148623 
v -0.036395 0.00757152 -0.0139301 
v -0.0444538 0.00446373 -0.00979504 
v -0.0406711 0.00736153 -0.00979501 
v -0.0404116 0.00697457 -0.0108845 
v -0.0370051 0.00863784 -0.0119384 
v -0.0372657 0.00909399 -0.0108844 
v -0.0401187 0.00653837 -0.0119386 
v -0.0367148 0.0081302 -0.0129545 
v -0.0397927 0.00605293 -0.0129547 
v -0.0441732 0.0040918 -0.0108845 
v -0.0360464 0.00696267 -0.0148626 
v -0.0332035 0.00771495 -0.0157493 
v -0.0267253 0.0146791 -0.00512208 
v -0.0255697 0.014695 -0.00512192 
v -0.0255865 0.0144598 -0.0063341 
v -0.0383215 0.0109487 -0.00132098 
v -0.0354365 0.0125741 -0.00132097 
v -0.0303032 0.0144572 -0.00261497 
v -0.0279049 0.0148948 -0.00261496 
v -0.0290984 0.0147185 -0.00261492 
v -0.0327976 0.0137477 -0.00132095 
v -0.0340932 0.013213 -0.00132095 
v -0.0315223 0.0141115 -0.00261503 
v -0.0327738 0.0136756 -0.00261501 
v -0.0340653 0.0131423 -0.00261501 
v -0.0314425 0.0138127 -0.00512213 
v -0.0302782 0.0143317 -0.00388208 
v -0.0278967 0.0147671 -0.00388206 
v -0.0267242 0.0149883 -0.00261501 
v -0.0267247 0.0148603 -0.00388214 
v -0.0255568 0.0148758 -0.00388203 
v -0.0290817 0.0145916 -0.00388199 
v -0.027885 0.0145863 -0.00512197 
v -0.029058 0.014412 -0.00512188 
v -0.0327335 0.0135542 -0.00388215 
v -0.0326764 0.0133822 -0.00512209 
v -0.0340184 0.0130233 -0.00388214 
v -0.0354051 0.012505 -0.00261505 
v -0.0353521 0.0123886 -0.0038822 
v -0.0339518 0.0128548 -0.00512209 
v -0.0382841 0.0108826 -0.00261506 
v -0.0454114 0.00573589 -0.00261508 
v -0.0415564 0.00868506 -0.00261508 
v -0.0452258 0.00548872 -0.00512226 
v -0.0414855 0.00857863 -0.00388226 
v -0.038221 0.0107714 -0.00388223 
v -0.0352769 0.0122237 -0.00512217 
v -0.0381316 0.0106138 -0.00512221 
v -0.0351789 0.0120092 -0.00633443 
v -0.0267267 0.0141514 -0.00751797 
v -0.0256072 0.0141688 -0.00751772 
v -0.0256317 0.0138209 -0.00867159 
v -0.0302427 0.014154 -0.005122 
v -0.0301963 0.0139228 -0.0063342 
v -0.0278697 0.014351 -0.00633417 
v -0.026726 0.0144432 -0.0063343 
v -0.029027 0.0141783 -0.00633406 
v -0.0278506 0.0140599 -0.00751781 
v -0.0289885 0.0138892 -0.00751767 
v -0.032602 0.0131585 -0.00633433 
v -0.0313815 0.0135849 -0.00633438 
v -0.0301389 0.0136368 -0.00751785 
v -0.0313059 0.0133032 -0.00751807 
v -0.033865 0.0126356 -0.00633433 
v -0.0325099 0.0128817 -0.00751802 
v -0.0337576 0.0123644 -0.00751802 
v -0.03007 0.0132948 -0.00867175 
v -0.0278276 0.0137119 -0.00867171 
v -0.0267275 0.0138026 -0.00867188 
v -0.0289423 0.0135435 -0.00867154 
v -0.0323995 0.0125509 -0.00867197 
v -0.0312154 0.0129663 -0.00867202 
v -0.0336289 0.0120402 -0.00867197 
v -0.0350576 0.011744 -0.00751814 
v -0.0349124 0.0114268 -0.00867212 
v -0.0378708 0.0101552 -0.00751821 
v -0.0413849 0.00842792 -0.00512225 
v -0.0412539 0.00823187 -0.00633454 
v -0.0380151 0.0104088 -0.00633448 
v -0.0450841 0.00530028 -0.00633455 
v -0.0410917 0.00798943 -0.00751829 
v -0.0449087 0.00506724 -0.0075183 
v -0.0408977 0.0076996 -0.0086723 
v -0.0376982 0.00985217 -0.00867221 
v -0.0446988 0.00478867 -0.00867231 
v -0.0152957 0.0121851 -0.00132098 
v -0.0180962 0.0134486 -0.00132096 
v -0.0122077 0.0104023 -0.00261507 
v -0.00859065 0.00810173 -0.00261509 
v -0.00424838 0.00502486 -0.00261509 
v -0.00444059 0.00478275 -0.00512228 
v -0.00877198 0.00785138 -0.00512226 
v -0.012277 0.0102948 -0.00388224 
v -0.012375 0.0101424 -0.00512223 
v -0.0153323 0.0121186 -0.00261507 
v -0.0153939 0.0120065 -0.00388223 
v -0.00891018 0.00766033 -0.00633456 
v -0.00476821 0.00436938 -0.00751833 
v -0.00908103 0.00742393 -0.00751831 
v -0.00498469 0.00409591 -0.00867235 
v -0.00928521 0.00714116 -0.00867233 
v -0.00523716 0.00377673 -0.00979508 
v -0.0126602 0.00969866 -0.00751825 
v -0.0154811 0.0118477 -0.00512222 
v -0.0125025 0.00994408 -0.00633451 
v -0.0155945 0.0116409 -0.00633449 
v -0.0157346 0.0113851 -0.00751822 
v -0.0128485 0.00940511 -0.00867226 
v -0.00952331 0.00681112 -0.00979505 
v -0.015902 0.0110791 -0.00867222 
v -0.0130681 0.00906249 -0.00979497 
v -0.0182526 0.0130968 -0.00512213 
v -0.0206876 0.0143289 -0.00132096 
v -0.0219453 0.0145644 -0.00261503 
v -0.0181271 0.0133793 -0.00261503 
v -0.0194131 0.0139342 -0.00132095 
v -0.0194406 0.0138634 -0.00261501 
v -0.0181791 0.0132624 -0.00388217 
v -0.0194868 0.0137441 -0.00388214 
v -0.0207113 0.0142568 -0.00261502 
v -0.0207512 0.0141352 -0.00388216 
v -0.0195522 0.0135751 -0.00512209 
v -0.0220248 0.0142656 -0.00512213 
v -0.0231575 0.0147919 -0.00261495 
v -0.024358 0.0149386 -0.0026149 
v -0.0231829 0.0146665 -0.00388205 
v -0.0232189 0.014489 -0.00512196 
v -0.0243756 0.0148119 -0.00388196 
v -0.0244003 0.0146325 -0.00512184 
v -0.0208076 0.013963 -0.00512211 
v -0.0208809 0.0137389 -0.00633435 
v -0.0184664 0.0126146 -0.00751808 
v -0.0183483 0.0128813 -0.00633438 
v -0.0196372 0.0133552 -0.00633433 
v -0.0197422 0.0130831 -0.00751801 
v -0.0186075 0.0122957 -0.00867205 
v -0.0160972 0.010722 -0.00979492 
v -0.0198676 0.0127576 -0.00867196 
v -0.018772 0.0119235 -0.00979471 
v -0.0209715 0.0134616 -0.00751804 
v -0.0210796 0.0131299 -0.00867198 
v -0.0200137 0.0123778 -0.00979461 
v -0.0221602 0.0137557 -0.00751806 
v -0.0232656 0.0142579 -0.00633416 
v -0.0220854 0.0140377 -0.00633437 
v -0.0244324 0.0143989 -0.006334 
v -0.0233233 0.013972 -0.00751781 
v -0.024472 0.01411 -0.00751761 
v -0.023392 0.0136301 -0.00867171 
v -0.0222494 0.0134185 -0.00867201 
v -0.0212055 0.0127429 -0.00979462 
v -0.0223533 0.0130249 -0.00979465 
v -0.0245192 0.0137644 -0.00867147 
v -0.0234721 0.0132311 -0.00979431 
v -0.024574 0.0133613 -0.00979402 
v -0.0163204 0.010313 -0.0108844 
v -0.0189601 0.0114972 -0.0108842 
v -0.0188631 0.0117171 -0.0103437 
v -0.00979577 0.00643315 -0.0108846 
v -0.0133194 0.00867012 -0.0108845 
v -0.0101028 0.00600686 -0.0119386 
v -0.0136025 0.0082276 -0.0119385 
v -0.0104445 0.00553225 -0.0129547 
v -0.0139175 0.0077349 -0.0129546 
v -0.0108205 0.00500971 -0.0139303 
v -0.0165719 0.00985173 -0.0119384 
v -0.0168517 0.0093382 -0.0129545 
v -0.0142641 0.00719246 -0.0139302 
v -0.0194076 0.0104813 -0.0129542 
v -0.0192868 0.0107557 -0.0124511 
v -0.022472 0.0125743 -0.0108841 
v -0.0212752 0.0125284 -0.0103436 
v -0.019172 0.0110165 -0.0119382 
v -0.0190631 0.0112637 -0.0114157 
v -0.0213494 0.0122997 -0.010884 
v -0.0214282 0.0120569 -0.0114156 
v -0.0235635 0.0127743 -0.0108837 
v -0.0246367 0.0128997 -0.0108833 
v -0.0247071 0.0123792 -0.0119372 
v -0.0236136 0.012524 -0.0114152 
v -0.022537 0.0123275 -0.0114156 
v -0.0215115 0.0117999 -0.011938 
v -0.0226057 0.0120662 -0.011938 
v -0.0215993 0.0115288 -0.0124509 
v -0.0237222 0.0119798 -0.0124505 
v -0.0236665 0.0122592 -0.0119376 
v -0.0171595 0.00877281 -0.0139301 
v -0.0196667 0.00989211 -0.0139298 
v -0.0195342 0.0101934 -0.0134472 
v -0.0216916 0.0112436 -0.012954 
v -0.0217884 0.0109443 -0.013447 
v -0.0237809 0.0116858 -0.0129536 
v -0.0247854 0.0117998 -0.0129531 
v -0.0248714 0.011162 -0.0139285 
v -0.0238423 0.0113774 -0.0134465 
v -0.0218897 0.0106311 -0.0139295 
v -0.0174947 0.00815646 -0.0148626 
v -0.0146417 0.00660113 -0.0148627 
v -0.0150496 0.00596222 -0.0157497 
v -0.0202536 0.00855583 -0.0157492 
v -0.0178568 0.00749051 -0.0157496 
v -0.0182447 0.00677667 -0.0165889 
v -0.0239066 0.0110546 -0.013929 
v -0.0219953 0.0103041 -0.0144012 
v -0.0199489 0.00924982 -0.0148622 
v -0.0221053 0.00996344 -0.0148619 
v -0.0223381 0.00924209 -0.0157488 
v -0.0222196 0.00960937 -0.0153111 
v -0.0240436 0.0103666 -0.0148614 
v -0.0249651 0.0104668 -0.0148608 
v -0.0239737 0.0107176 -0.0144007 
v -0.0241162 0.0100018 -0.0153106 
v -0.0250149 0.0100982 -0.01531 
v -0.0241916 0.00962333 -0.0157482 
v -0.0250665 0.00971581 -0.0157475 
v -0.0225875 0.00846891 -0.0165881 
v -0.0243502 0.00882669 -0.0165874 
v -0.0242696 0.00923154 -0.0161739 
v -0.0205801 0.00781195 -0.0165885 
v -0.0259705 0.00893378 -0.0165864 
v -0.0244335 0.00840906 -0.0169887 
v -0.0260004 0.00850891 -0.0169876 
v -0.0308393 0.00790736 -0.0165882 
v -0.0356695 0.00630497 -0.0157496 
v -0.0394335 0.00551867 -0.0139303 
v -0.0438566 0.00367254 -0.0119386 
v -0.00194271 -0.000788918 -0.0058965 
v -0.00287365 -0.000615591 -0.00756159 
v -0.00237529 -0.000696011 -0.0067595 
v -0.003925 -0.000464754 -0.0090872 
v -0.00331932 -0.000543674 -0.00827887 
v -0.00414926 -0.000435533 -0.00938649 
v -0.005146 -0.000323534 -0.0104887 
v -0.00542389 -0.000292309 -0.0107959 
v -0.00655031 -0.000173657 -0.0118036 
v -0.00802308 -1.24839e-05 -0.0129195 
v -0.00683381 -0.000143794 -0.0120572 
v -0.00970836 0.000191099 -0.0139733 
v -0.00838637 2.76286e-05 -0.013183 
v -0.00974634 0.000195795 -0.013996 
v -0.0116574 0.000473638 -0.014926 
v -0.0118704 0.000511429 -0.0150071 
v -0.0136821 0.000832842 -0.0156966 
v -0.014278 0.000960943 -0.0158703 
v -0.0158259 0.00129372 -0.0163214 
v -0.0167445 0.00151526 -0.0165385 
v -0.0172242 0.00164169 -0.0166258 
v -0.0193904 0.00221265 -0.0170202 
v -0.0209323 0.00263176 -0.017196 
v -0.0262592 0.00354143 -0.0174994 
v -0.0265264 0.00351861 -0.0175 
v -0.0255495 0.00355416 -0.0174921 
v -0.0248217 0.00349467 -0.0174756 
v -0.0228439 0.00313165 -0.0173815 
v -0.023925 0.00335866 -0.0174422 
v -0.0220048 0.0029233 -0.0173182 
v -0.00161865 -0.000858518 -0.00525 
v -0.0478691 -0.00207831 -0.00505873 
v -0.0478918 -0.00208105 -0.00498124 
v -0.0474635 -0.00202258 -0.00604827 
v -0.0469257 -0.00194117 -0.00709482 
v -0.0472844 -0.00199637 -0.0064286 
v -0.0473815 -0.00201131 -0.00624824 
v -0.0466211 -0.00189148 -0.00759455 
v -0.0467894 -0.0019202 -0.00734785 
v -0.0460885 -0.0018006 -0.00837531 
v -0.0465287 -0.00187571 -0.00773009 
v -0.0458727 -0.00176017 -0.0086323 
v -0.0453286 -0.00165822 -0.00928028 
v -0.045635 -0.00171564 -0.00891533 
v -0.0450084 -0.00159289 -0.00959502 
v -0.044428 -0.00147445 -0.0101656 
v -0.0445906 -0.00150763 -0.0100057 
v -0.0440209 -0.00138426 -0.0104969 
v -0.0437909 -0.0013333 -0.0106842 
v -0.0425511 -0.0010435 -0.0115767 
v -0.0433858 -0.00124354 -0.0110139 
v -0.0419061 -0.000883793 -0.0119791 
v -0.0409778 -0.000643489 -0.0124929 
v -0.0413092 -0.000729259 -0.0123095 
v -0.0421738 -0.000953091 -0.011831 
v -0.0401818 -0.00042705 -0.0128775 
v -0.0392227 -0.000159816 -0.0133061 
v -0.0407074 -0.000573472 -0.0126426 
v -0.0389361 -7.99575e-05 -0.0134341 
v -0.0387089 -1.22565e-05 -0.0135144 
v -0.03687 0.000535765 -0.0141641 
v -0.0380849 0.000173723 -0.0137349 
v -0.0354248 0.000987591 -0.0145596 
v -0.0345742 0.00125354 -0.0147925 
v -0.0366002 0.000620112 -0.014238 
v -0.0342845 0.00134307 -0.0148517 
v -0.0318838 0.0020849 -0.0153428 
v -0.0332599 0.00165968 -0.0150613 
v -0.0318794 0.00208626 -0.0153437 
v -0.031662 0.00214551 -0.0153764 
v -0.0300301 0.00259018 -0.0156216 
v -0.0308308 0.002372 -0.0155013 
v -0.0290978 0.00280609 -0.0157448 
v -0.0295903 0.00271003 -0.0156877 
v -0.0287517 0.00287358 -0.0157849 
v -0.0280439 0.00301162 -0.0158669 
v -0.0284266 0.00293698 -0.0158226 
v -0.0278549 0.00303306 -0.0158854 
v -0.0277246 0.00304786 -0.0158982 
v -0.0273757 0.00308745 -0.0159323 
v -0.0269664 0.00310742 -0.0159693 
v -0.0272252 0.00310453 -0.015947 
v -0.0266687 0.00311075 -0.015995 
v -0.0269567 0.00310753 -0.0159702 
v -0.0265254 0.00348643 -0.0174994 
v -0.0265227 0.00340808 -0.0174924 
v -0.0265235 0.00343195 -0.0174945 
v -0.0265236 0.0034338 -0.0174947 
v -0.0265197 0.00333042 -0.0174776 
v -0.0265203 0.0033463 -0.0174806 
v -0.0265204 0.00334806 -0.017481 
v -0.0265164 0.00325348 -0.0174549 
v -0.026515 0.00322267 -0.0174434 
v -0.0265131 0.00318236 -0.017425 
v -0.0265115 0.00315132 -0.0174109 
v -0.0265131 0.00318386 -0.0174257 
v -0.0265079 0.00308318 -0.0173714 
v -0.0265091 0.0031058 -0.0173845 
v -0.0265092 0.00310717 -0.0173853 
v -0.0265041 0.00301835 -0.0173245 
v -0.0265025 0.00299309 -0.0173034 
v -0.026505 0.00303409 -0.0173359 
v -0.0265051 0.00303532 -0.0173368 
v -0.0265008 0.00296835 -0.0172796 
v -0.0264986 0.00293676 -0.0172492 
v -0.0265008 0.00296939 -0.0172806 
v -0.0264947 0.00288577 -0.0171895 
v -0.0264965 0.00290897 -0.0172167 
v -0.0264966 0.00290987 -0.0172177 
v -0.0264907 0.00284029 -0.0171239 
v -0.0264922 0.00285675 -0.0171477 
v -0.0264891 0.00282371 -0.017096 
v -0.0264922 0.0028575 -0.0171487 
v -0.0264879 0.00281232 -0.0170734 
v -0.0264853 0.00278859 -0.0170263 
v -0.026488 0.00281289 -0.0170746 
v -0.0264837 0.00277639 -0.0169947 
v -0.0264816 0.00276033 -0.0169531 
v -0.0264838 0.00277682 -0.0169958 
v -0.0264797 0.00274917 -0.0169126 
v -0.026478 0.00273915 -0.0168762 
v -0.0264765 0.00273285 -0.0168449 
v -0.0264797 0.00274946 -0.0169136 
v -0.0264758 0.00273065 -0.016828 
v -0.0264732 0.00272275 -0.0167674 
v -0.0264759 0.00273078 -0.0168291 
v -0.0264722 0.00272195 -0.0167419 
v -0.02647 0.0027203 -0.0166887 
v -0.0264722 0.00272198 -0.0167428 
v -0.0264688 0.00272258 -0.0166552 
v -0.0264671 0.00272574 -0.016609 
v -0.0264688 0.00272252 -0.0166561 
v -0.026466 0.0027301 -0.0165776 
v -0.0264635 0.00274621 -0.0165008 
v -0.026463 0.00275134 -0.0164845 
v -0.0264613 0.00276992 -0.0164255 
v -0.026463 0.00275113 -0.0164852 
v -0.0264607 0.00277975 -0.0164026 
v -0.0264594 0.00280146 -0.0163518 
v -0.0264607 0.00277951 -0.0164031 
v -0.0264587 0.002816 -0.0163235 
v -0.0264574 0.00285668 -0.016256 
v -0.0264587 0.00281594 -0.0163236 
v -0.0264588 0.0028157 -0.0163241 
v -0.0264564 0.00290405 -0.0161926 
v -0.0264562 0.00291468 -0.0161809 
v -0.0264557 0.00295832 -0.0161332 
v -0.0264562 0.00291446 -0.0161812 
v -0.0264556 0.00297532 -0.0161168 
v -0.0264555 0.0030356 -0.0160658 
v -0.0264558 0.00310107 -0.0160206 
v -0.0264559 0.00311314 -0.0160133 
v -0.0265615 0.00311195 -0.0160042 
v -0.0264555 0.0030411 -0.016062 
v -0.0264555 0.003041 -0.0160621 
v -0.0479077 -0.00208298 -0.00492695 
v -0.0477075 -0.00218826 -0.00616482 
v -0.0476433 -0.00215696 -0.00613475 
v -0.0480931 -0.00221418 -0.00499309 
v -0.0480294 -0.00217697 -0.00497057 
v -0.0479694 -0.00213342 -0.00494906 
v -0.0475823 -0.00211895 -0.00610573 
v -0.047525 -0.0020746 -0.00607803 
v -0.0487129 -0.00152005 -0.00657125 
v -0.048701 -0.00159665 -0.00657027 
v -0.0481317 -0.00144774 -0.0077331 
v -0.0481252 -0.00222351 -0.00635105 
v -0.0481941 -0.00220344 -0.00638033 
v -0.0476229 -0.00213171 -0.00750121 
v -0.048055 -0.00223625 -0.00632078 
v -0.0475565 -0.00215131 -0.00746543 
v -0.0479842 -0.00224154 -0.00628982 
v -0.0474889 -0.00216348 -0.00742846 
v -0.0479133 -0.00223933 -0.00625844 
v -0.0474209 -0.00216813 -0.00739063 
v -0.0478431 -0.00222964 -0.00622695 
v -0.0473531 -0.00216519 -0.0073523 
v -0.0477743 -0.00221257 -0.00619565 
v -0.0472861 -0.0021547 -0.00731385 
v -0.0472206 -0.00213676 -0.00727563 
v -0.0471571 -0.00211154 -0.007238 
v -0.0470964 -0.00207927 -0.00720133 
v -0.0470389 -0.00204027 -0.00716597 
v -0.0469852 -0.00199491 -0.00713224 
v -0.0478008 -0.00140322 -0.00828969 
v -0.0481192 -0.00152468 -0.00773214 
v -0.0481003 -0.00160016 -0.00772745 
v -0.0477879 -0.00148036 -0.00828874 
v -0.0480751 -0.00167346 -0.00771906 
v -0.0477687 -0.00155602 -0.00828371 
v -0.0480438 -0.00174387 -0.00770706 
v -0.0477434 -0.00162948 -0.00827464 
v -0.0480069 -0.00181073 -0.00769156 
v -0.0477122 -0.00170002 -0.00826162 
v -0.0479645 -0.00187341 -0.00767271 
v -0.0476755 -0.00176699 -0.00824478 
v -0.0479172 -0.00193131 -0.00765068 
v -0.0476335 -0.00182973 -0.00822427 
v -0.0478653 -0.00198387 -0.00762569 
v -0.0475867 -0.00188765 -0.0082003 
v -0.0478094 -0.00203061 -0.00759797 
v -0.0475356 -0.0019402 -0.00817309 
v -0.04775 -0.00207108 -0.00756779 
v -0.0474805 -0.00198687 -0.0081429 
v -0.0476876 -0.00210488 -0.00753543 
v -0.0474222 -0.00202721 -0.00811002 
v -0.047361 -0.00206084 -0.00807476 
v -0.0472976 -0.00208745 -0.00803747 
v -0.0472326 -0.00210676 -0.00799849 
v -0.0471666 -0.00211861 -0.00795821 
v -0.0471002 -0.00212287 -0.007917 
v -0.0470342 -0.00211951 -0.00787526 
v -0.046969 -0.00210856 -0.00783339 
v -0.0469054 -0.00209012 -0.00779178 
v -0.0468439 -0.00206437 -0.00775085 
v -0.0467852 -0.00203155 -0.00771097 
v -0.0467297 -0.00199198 -0.00767253 
v -0.0466781 -0.00194604 -0.0076359 
v -0.0469878 -0.00128447 -0.00944522 
v -0.0469739 -0.00136207 -0.00944424 
v -0.0469539 -0.00143816 -0.00943844 
v -0.0469283 -0.00151198 -0.00942788 
v -0.0468973 -0.00158284 -0.00941265 
v -0.046861 -0.00165004 -0.00939291 
v -0.04682 -0.00171292 -0.00936884 
v -0.0467745 -0.00177088 -0.00934069 
v -0.0467251 -0.00182335 -0.00930872 
v -0.0466722 -0.00186982 -0.00927325 
v -0.0466163 -0.00190985 -0.00923462 
v -0.0465579 -0.00194304 -0.0091932 
v -0.0464977 -0.00196906 -0.0091494 
v -0.0464363 -0.00198768 -0.00910364 
v -0.0463741 -0.0019987 -0.00905637 
v -0.0463119 -0.00200202 -0.00900805 
v -0.0462502 -0.0019976 -0.00895914 
v -0.0461896 -0.0019855 -0.00891013 
v -0.0461308 -0.00196582 -0.00886148 
v -0.0460742 -0.00193876 -0.00881367 
v -0.0460204 -0.00190458 -0.00876717 
v -0.0459701 -0.00186362 -0.00872243 
v -0.0459235 -0.00181626 -0.00867988 
v -0.0460529 -0.00113267 -0.0105194 
v -0.0460376 -0.00121076 -0.0105182 
v -0.0460168 -0.00128729 -0.0105116 
v -0.0459907 -0.00136152 -0.0104995 
v -0.0459597 -0.00143269 -0.0104821 
v -0.0459239 -0.00150012 -0.0104595 
v -0.0458838 -0.00156313 -0.0104319 
v -0.0458398 -0.0016211 -0.0103997 
v -0.0457923 -0.00167346 -0.0103632 
v -0.0457417 -0.00171968 -0.0103227 
v -0.0456887 -0.00175931 -0.0102786 
v -0.0456336 -0.00179196 -0.0102313 
v -0.045577 -0.0018173 -0.0101814 
v -0.0455196 -0.00183509 -0.0101292 
v -0.0454618 -0.00184514 -0.0100755 
v -0.0454042 -0.00184736 -0.0100205 
v -0.0453475 -0.00184172 -0.009965 
v -0.0452921 -0.00182829 -0.00990943 
v -0.0452386 -0.00180719 -0.00985437 
v -0.0451876 -0.00177864 -0.00980036 
v -0.0451396 -0.00174291 -0.00974794 
v -0.0450949 -0.00170036 -0.00969762 
v -0.0450542 -0.00165141 -0.0096499 
v -0.0449873 -0.000941308 -0.0115227 
v -0.0449704 -0.00101991 -0.0115212 
v -0.0449486 -0.00109691 -0.0115136 
v -0.044922 -0.00117154 -0.0114999 
v -0.0448909 -0.00124304 -0.0114803 
v -0.0448556 -0.0013107 -0.0114549 
v -0.0448166 -0.00137381 -0.0114239 
v -0.0447741 -0.00143176 -0.0113878 
v -0.0447286 -0.00148395 -0.0113469 
v -0.0446807 -0.00152985 -0.0113016 
v -0.0446306 -0.00156901 -0.0112523 
v -0.0445791 -0.00160103 -0.0111996 
v -0.0445265 -0.00162557 -0.0111439 
v -0.0444734 -0.00164241 -0.0110859 
v -0.0444204 -0.00165136 -0.0110261 
v -0.044368 -0.00165233 -0.0109651 
v -0.0443167 -0.00164532 -0.0109036 
v -0.044267 -0.00163039 -0.0108421 
v -0.0442195 -0.0016077 -0.0107814 
v -0.0441746 -0.00157748 -0.0107219 
v -0.0441327 -0.00154002 -0.0106644 
v -0.0440944 -0.00149572 -0.0106093 
v -0.0440599 -0.00144501 -0.0105573 
v -0.0447399 -0.000894218 -0.01173 
v -0.0447227 -0.00097293 -0.0117285 
v -0.0447005 -0.00105004 -0.0117206 
v -0.0446738 -0.00112475 -0.0117066 
v -0.0446427 -0.00119632 -0.0116864 
v -0.0446076 -0.00126402 -0.0116604 
v -0.0445687 -0.00132716 -0.0116288 
v -0.0445266 -0.00138509 -0.0115919 
v -0.0444816 -0.00143724 -0.01155 
v -0.0444342 -0.00148307 -0.0115037 
v -0.0443848 -0.00152212 -0.0114533 
v -0.044334 -0.00155398 -0.0113994 
v -0.0442824 -0.00157834 -0.0113426 
v -0.0442303 -0.00159496 -0.0112834 
v -0.0441784 -0.00160365 -0.0112224 
v -0.0441271 -0.00160434 -0.0111602 
v -0.044077 -0.00159701 -0.0110975 
v -0.0440286 -0.00158174 -0.0110348 
v -0.0439824 -0.00155869 -0.010973 
v -0.0439389 -0.00152809 -0.0109124 
v -0.0438984 -0.00149024 -0.0108539 
v -0.0438615 -0.00144554 -0.0107979 
v -0.0438284 -0.00139444 -0.0107451 
v -0.0434098 -0.00062483 -0.0127161 
v -0.0433907 -0.000704096 -0.012714 
v -0.0433673 -0.000781705 -0.0127049 
v -0.0433398 -0.000856851 -0.012689 
v -0.0433086 -0.000928752 -0.0126665 
v -0.043274 -0.000996661 -0.0126375 
v -0.0432363 -0.00105987 -0.0126023 
v -0.0431959 -0.00111773 -0.0125614 
v -0.0431532 -0.00116963 -0.0125151 
v -0.0431088 -0.00121503 -0.012464 
v -0.0430629 -0.00125347 -0.0124085 
v -0.0430162 -0.00128453 -0.0123493 
v -0.0429691 -0.00130791 -0.012287 
v -0.0429221 -0.00132335 -0.0122221 
v -0.0428757 -0.0013307 -0.0121554 
v -0.0428304 -0.00132988 -0.0120877 
v -0.0427865 -0.0013209 -0.0120194 
v -0.0427447 -0.00130384 -0.0119515 
v -0.0427053 -0.0012789 -0.0118846 
v -0.0426688 -0.00124633 -0.0118194 
v -0.0426354 -0.00120646 -0.0117565 
v -0.0426057 -0.00115971 -0.0116966 
v -0.0425798 -0.00110657 -0.0116404 
v -0.0417335 -0.000248656 -0.0137203 
v -0.0417122 -0.000328514 -0.0137173 
v -0.0416873 -0.000406657 -0.0137066 
v -0.041659 -0.000482247 -0.0136886 
v -0.0416277 -0.000554479 -0.0136632 
v -0.0415936 -0.00062258 -0.013631 
v -0.0415572 -0.000685822 -0.0135921 
v -0.0415188 -0.000743529 -0.0135469 
v -0.0414789 -0.000795084 -0.0134961 
v -0.0414378 -0.000839937 -0.01344 
v -0.041396 -0.000877609 -0.0133794 
v -0.041354 -0.000907696 -0.0133149 
v -0.0413121 -0.000929877 -0.0132471 
v -0.041271 -0.000943915 -0.0131767 
v -0.0412309 -0.00094966 -0.0131046 
v -0.0411923 -0.000947051 -0.0130315 
v -0.0411556 -0.000936115 -0.0129582 
v -0.0411213 -0.000916969 -0.0128854 
v -0.0410897 -0.000889818 -0.012814 
v -0.041061 -0.000854953 -0.0127447 
v -0.0410358 -0.000812745 -0.0126782 
v -0.0410141 -0.000763646 -0.0126153 
v -0.0409962 -0.000708181 -0.0125566 
v -0.0398791 0.000210496 -0.0146076 
v -0.0398558 0.000130107 -0.0146033 
v -0.0398294 5.14928e-05 -0.0145909 
v -0.0398004 -2.44834e-05 -0.0145707 
v -0.039769 -9.69874e-05 -0.0145427 
v -0.0397356 -0.000165223 -0.0145073 
v -0.0397005 -0.000228442 -0.0144648 
v -0.0396641 -0.000285949 -0.0144159 
v -0.0396269 -0.000337114 -0.0143609 
v -0.0395892 -0.000381374 -0.0143005 
v -0.0395515 -0.000418245 -0.0142354 
v -0.0395141 -0.00044732 -0.0141662 
v -0.0394775 -0.00046828 -0.0140938 
v -0.039442 -0.000480896 -0.0140189 
v -0.0394081 -0.00048503 -0.0139423 
v -0.0393762 -0.000480635 -0.013865 
v -0.0393465 -0.00046776 -0.0137876 
v -0.0393195 -0.000446546 -0.0137112 
v -0.0392954 -0.000417227 -0.0136364 
v -0.0392744 -0.000380124 -0.0135643 
v -0.0392569 -0.000335644 -0.0134954 
v -0.0392429 -0.000284275 -0.0134307 
v -0.0392327 -0.000226583 -0.0133707 
v -0.0393375 0.000352303 -0.0148317 
v -0.0393136 0.00027178 -0.014827 
v -0.0392869 0.000193048 -0.0148142 
v -0.0392577 0.000116977 -0.0147933 
v -0.0392263 4.44079e-05 -0.0147646 
v -0.0391931 -2.38563e-05 -0.0147283 
v -0.0391584 -8.7061e-05 -0.014685 
v -0.0391226 -0.000144507 -0.0146351 
v -0.0390861 -0.00019556 -0.014579 
v -0.0390493 -0.000239655 -0.0145175 
v -0.0390127 -0.000276305 -0.0144513 
v -0.0389766 -0.000305104 -0.014381 
v -0.0389414 -0.000325733 -0.0143074 
v -0.0389075 -0.000337966 -0.0142314 
v -0.0388753 -0.000341665 -0.0141538 
v -0.0388451 -0.000336792 -0.0140754 
v -0.0388173 -0.000323399 -0.0139971 
v -0.0387922 -0.000301634 -0.0139199 
v -0.0387701 -0.000271739 -0.0138444 
v -0.0387512 -0.000234043 -0.0137716 
v -0.0387356 -0.000188964 -0.0137023 
v -0.0387237 -0.000137 -0.0136373 
v -0.0387155 -7.87255e-05 -0.0135772 
v -0.0373545 0.000897432 -0.0155428 
v -0.037329 0.000816485 -0.0155368 
v -0.0373012 0.000737382 -0.0155222 
v -0.0372715 0.000661015 -0.0154992 
v -0.0372403 0.000588251 -0.0154681 
v -0.0372078 0.000519911 -0.0154291 
v -0.0371745 0.00045677 -0.0153828 
v -0.0371407 0.000399542 -0.0153296 
v -0.0371069 0.000348874 -0.0152702 
v -0.0370733 0.00030534 -0.0152052 
v -0.0370405 0.000269433 -0.0151354 
v -0.0370086 0.000241558 -0.0150616 
v -0.0369782 0.000222031 -0.0149845 
v -0.0369496 0.000211074 -0.0149052 
v -0.036923 0.000208809 -0.0148244 
v -0.0368988 0.000215263 -0.014743 
v -0.0368773 0.000230364 -0.0146621 
v -0.0368586 0.000253938 -0.0145825 
v -0.0368431 0.000285721 -0.0145051 
v -0.0368308 0.000325353 -0.0144308 
v -0.036822 0.000372384 -0.0143604 
v -0.0368167 0.000426283 -0.0142948 
v -0.036815 0.00048644 -0.0142346 
v -0.0347214 0.00166773 -0.0162719 
v -0.0346948 0.00158623 -0.016264 
v -0.0346666 0.00150663 -0.0162472 
v -0.0346372 0.00142986 -0.0162216 
v -0.0346069 0.00135679 -0.0161876 
v -0.0345761 0.00128828 -0.0161456 
v -0.0345451 0.00122512 -0.016096 
v -0.0345143 0.00116804 -0.0160394 
v -0.034484 0.0011177 -0.0159764 
v -0.0344546 0.00107469 -0.0159079 
v -0.0344264 0.0010395 -0.0158345 
v -0.0343998 0.00101254 -0.0157572 
v -0.034375 0.000994129 -0.0156768 
v -0.0343524 0.000984472 -0.0155943 
v -0.0343322 0.000983682 -0.0155106 
v -0.0343147 0.00099177 -0.0154267 
v -0.0343 0.00100864 -0.0153436 
v -0.0342883 0.0010341 -0.0152622 
v -0.0342798 0.00106786 -0.0151835 
v -0.0342745 0.00110951 -0.0151083 
v -0.0342725 0.00115859 -0.0150376 
v -0.0342739 0.00121452 -0.0149721 
v -0.0342786 0.00127665 -0.0149127 
v -0.0320028 0.00246089 -0.0168263 
v -0.0319776 0.00237847 -0.0168164 
v -0.0319514 0.002298 -0.0167973 
v -0.0319245 0.00222043 -0.0167694 
v -0.0318971 0.00214666 -0.0167328 
v -0.0318697 0.00207757 -0.0166881 
v -0.0318425 0.00201397 -0.0166357 
v -0.0318159 0.00195661 -0.0165763 
v -0.0317901 0.00190615 -0.0165106 
v -0.0317656 0.0018632 -0.0164394 
v -0.0317424 0.00182826 -0.0163634 
v -0.0317211 0.00180173 -0.0162837 
v -0.0317017 0.00178394 -0.016201 
v -0.0316845 0.00177509 -0.0161164 
v -0.0316698 0.00177528 -0.0160309 
v -0.0316576 0.00178451 -0.0159455 
v -0.0316482 0.00180268 -0.0158612 
v -0.0316416 0.00182957 -0.015779 
v -0.0316379 0.00186486 -0.0156999 
v -0.0316372 0.00190814 -0.0156247 
v -0.0316395 0.0019589 -0.0155544 
v -0.0316447 0.00201655 -0.0154898 
v -0.0316528 0.0020804 -0.0154316 
v -0.0303153 0.00290963 -0.0170889 
v -0.0302929 0.00282633 -0.0170778 
v -0.0302698 0.00274501 -0.0170574 
v -0.0302461 0.00266663 -0.0170281 
v -0.0302221 0.00259212 -0.0169901 
v -0.0301982 0.00252236 -0.016944 
v -0.0301747 0.00245817 -0.0168903 
v -0.0301517 0.00240032 -0.0168295 
v -0.0301296 0.00234948 -0.0167625 
v -0.0301087 0.00230626 -0.01669 
v -0.0300891 0.00227117 -0.0166128 
v -0.0300712 0.00224462 -0.016532 
v -0.0300551 0.00222693 -0.0164484 
v -0.030041 0.0022183 -0.016363 
v -0.0300291 0.00221884 -0.0162768 
v -0.0300195 0.00222855 -0.0161909 
v -0.0300124 0.0022473 -0.0161063 
v -0.0300078 0.00227488 -0.0160239 
v -0.0300057 0.00231095 -0.0159448 
v -0.0300063 0.0023551 -0.0158699 
v -0.0300095 0.0024068 -0.0158 
v -0.0300152 0.00246544 -0.015736 
v -0.0300234 0.00253033 -0.0156787 
v -0.0289854 0.00320206 -0.0172583 
v -0.0289679 0.00311769 -0.0172461 
v -0.0289497 0.00303533 -0.0172247 
v -0.0289311 0.00295595 -0.0171943 
v -0.0289122 0.00288049 -0.0171553 
v -0.0288933 0.00280985 -0.0171081 
v -0.0288746 0.00274486 -0.0170534 
v -0.0288563 0.00268629 -0.0169917 
v -0.0288386 0.00263483 -0.0169237 
v -0.0288217 0.0025911 -0.0168504 
v -0.028806 0.0025556 -0.0167726 
v -0.0287914 0.00252876 -0.0166911 
v -0.0287782 0.0025109 -0.0166069 
v -0.0287666 0.00250223 -0.0165211 
v -0.0287567 0.00250285 -0.0164347 
v -0.0287486 0.00251275 -0.0163486 
v -0.0287424 0.00253181 -0.0162639 
v -0.0287381 0.00255982 -0.0161816 
v -0.0287359 0.00259644 -0.0161027 
v -0.0287358 0.00264123 -0.0160281 
v -0.0287377 0.00269367 -0.0159587 
v -0.0287417 0.00275313 -0.0158953 
v -0.0287476 0.00281892 -0.0158386 
v -0.0279107 0.00337109 -0.0173734 
v -0.0278987 0.00328592 -0.0173604 
v -0.027886 0.00320278 -0.0173382 
v -0.0278729 0.00312264 -0.017307 
v -0.0278593 0.00304647 -0.0172672 
v -0.0278456 0.00297515 -0.0172193 
v -0.0278319 0.00290953 -0.0171639 
v -0.0278183 0.00285038 -0.0171015 
v -0.027805 0.00279842 -0.017033 
v -0.0277922 0.00275424 -0.0169592 
v -0.0277799 0.00271838 -0.0168809 
v -0.0277684 0.00269125 -0.0167991 
v -0.0277578 0.00267319 -0.0167146 
v -0.0277483 0.00266439 -0.0166286 
v -0.0277398 0.00266497 -0.016542 
v -0.0277325 0.00267492 -0.0164559 
v -0.0277266 0.00269412 -0.0163713 
v -0.0277221 0.00272234 -0.0162891 
v -0.0277189 0.00275926 -0.0162104 
v -0.0277173 0.00280442 -0.0161361 
v -0.0277171 0.00285731 -0.016067 
v -0.0277185 0.00291729 -0.016004 
v -0.0277213 0.00298366 -0.0159478 
v -0.0271043 0.0034372 -0.0174479 
v -0.0271004 0.00335153 -0.0174341 
v -0.0270957 0.00326788 -0.0174111 
v -0.0270904 0.00318726 -0.0173792 
v -0.0270845 0.0031106 -0.0173387 
v -0.0270781 0.00303882 -0.0172902 
v -0.0270711 0.00297276 -0.0172342 
v -0.0270638 0.00291319 -0.0171714 
v -0.0270562 0.00286083 -0.0171025 
v -0.0270484 0.00281629 -0.0170284 
v -0.0270405 0.00278008 -0.0169498 
v -0.0270325 0.00275265 -0.0168677 
v -0.0270247 0.00273432 -0.0167832 
v -0.0270169 0.00272529 -0.0166971 
v -0.0270095 0.00272568 -0.0166106 
v -0.0270024 0.00273549 -0.0165246 
v -0.0269957 0.00275458 -0.0164401 
v -0.0269895 0.00278275 -0.0163582 
v -0.0269839 0.00281966 -0.0162797 
v -0.026979 0.00286488 -0.0162057 
v -0.0269747 0.00291786 -0.016137 
v -0.0269712 0.00297799 -0.0160744 
v -0.0269685 0.00304456 -0.0160186 
v -0.026786 0.00344037 -0.0174746 
v -0.0267858 0.0033547 -0.0174605 
v -0.0267848 0.00327106 -0.0174372 
v -0.0267831 0.00319044 -0.017405 
v -0.0267806 0.00311378 -0.0173643 
v -0.0267774 0.00304199 -0.0173156 
v -0.0267736 0.00297591 -0.0172594 
v -0.0267691 0.00291633 -0.0171964 
v -0.026764 0.00286394 -0.0171274 
v -0.0267585 0.00281935 -0.0170531 
v -0.0267524 0.00278311 -0.0169744 
v -0.0267461 0.00275562 -0.0168923 
v -0.0267394 0.00273723 -0.0168077 
v -0.0267324 0.00272813 -0.0167217 
v -0.0267254 0.00272845 -0.0166351 
v -0.0267182 0.00273817 -0.0165491 
v -0.0267111 0.00275718 -0.0164647 
v -0.0267042 0.00278526 -0.0163829 
v -0.0266974 0.00282208 -0.0163045 
v -0.0266908 0.0028672 -0.0162306 
v -0.0266847 0.0029201 -0.0161621 
v -0.0266789 0.00298014 -0.0160996 
v -0.0266736 0.00304662 -0.016044 
v -0.00372284 -0.00127758 -0.0064258 
v -0.00415205 -0.00119195 -0.00714602 
v -0.00356573 -0.00130893 -0.00616217 
v -0.00458205 -0.00112306 -0.00772817 
v -0.00445444 -0.0011435 -0.00755541 
v -0.00511417 -0.00103782 -0.00844856 
v -0.00553444 -0.00097938 -0.00891333 
v -0.00618228 -0.000889295 -0.00962977 
v -0.00522609 -0.00102226 -0.00857233 
v -0.00659649 -0.000835119 -0.0100028 
v -0.00749286 -0.00071788 -0.01081 
v -0.00642633 -0.000857374 -0.00984956 
v -0.00887348 -0.000532792 -0.0118193 
v -0.00914112 -0.000493475 -0.0119778 
v -0.0079906 -0.000651152 -0.0111739 
v -0.00779185 -0.000677796 -0.0110286 
v -0.00774742 -0.000683753 -0.0109961 
v -0.00920767 -0.000483699 -0.0120172 
v -0.0104587 -0.000299926 -0.0127582 
v -0.0107076 -0.000257757 -0.0128756 
v -0.0122608 5.36225e-06 -0.0136083 
v -0.0125958 7.23292e-05 -0.0137317 
v -0.0137391 0.000300856 -0.0141528 
v -0.0122959 1.23703e-05 -0.0136212 
v -0.0150231 0.000586389 -0.0145555 
v -0.0142294 0.000398862 -0.0143334 
v -0.01637 0.000904621 -0.0149323 
v -0.0162804 0.000883439 -0.0149072 
v -0.0187834 0.00155678 -0.0154193 
v -0.017734 0.00127319 -0.0152075 
v -0.0184245 0.00145978 -0.0153469 
v -0.0171646 0.00111934 -0.0150926 
v -0.0205841 0.00206959 -0.0156495 
v -0.0217631 0.00240538 -0.0158003 
v -0.0197149 0.00182207 -0.0155384 
v -0.0222357 0.00252118 -0.0158336 
v -0.0226883 0.00263209 -0.0158656 
v -0.0235046 0.00283215 -0.0159232 
v -0.0238618 0.00291969 -0.0159484 
v -0.0230422 0.00271882 -0.0158906 
v -0.0242033 0.00297228 -0.0159613 
v -0.0240674 0.00295136 -0.0159562 
v -0.0250924 0.00310924 -0.0159947 
v -0.0253271 0.00312206 -0.0159995 
v -0.0249156 0.003082 -0.0159881 
v -0.025798 0.00314779 -0.0160089 
v -0.025589 0.00313638 -0.0160047 
v -0.02617 0.0031282 -0.0160114 
v -0.00162235 -0.000932208 -0.00525 
v -0.00162253 -0.000933644 -0.00525 
v -0.00162731 -0.000970947 -0.00525 
v -0.0016417 -0.00104077 -0.00525 
v -0.00165392 -0.00108002 -0.00525 
v -0.00163487 -0.0010076 -0.00525 
v -0.00166302 -0.00110924 -0.00525 
v -0.00169152 -0.00117642 -0.00525 
v -0.00171354 -0.00121763 -0.00525 
v -0.00171884 -0.00122757 -0.00525 
v -0.00175861 -0.00128841 -0.00525 
v -0.00180108 -0.00134133 -0.00525 
v -0.00180486 -0.00134603 -0.00525 
v -0.00185795 -0.00140033 -0.00525 
v -0.00191095 -0.00144532 -0.00525 
v -0.00191313 -0.00144685 -0.00525 
v -0.00197555 -0.00149062 -0.00525 
v -0.0020458 -0.00153036 -0.00525 
v -0.00204597 -0.00153044 -0.00525 
v -0.00212199 -0.00156424 -0.00525 
v -0.00218055 -0.00158464 -0.00525 
v -0.00219527 -0.00158842 -0.00525 
v -0.00226586 -0.00160656 -0.00525 
v -0.00235474 -0.00162042 -0.00525 
v -0.0023552 -0.00162045 -0.00525 
v -0.00244722 -0.00162578 -0.00525 
v -0.00248567 -0.00162538 -0.00525 
v -0.00252078 -0.00162259 -0.00525 
v -0.00258095 -0.00161781 -0.00525 
v -0.00267608 -0.0016008 -0.00525 
v -0.00268596 -0.001598 -0.00525 
v -0.00277083 -0.00157402 -0.00525 
v -0.00280705 -0.00156102 -0.00525 
v -0.00284466 -0.00154454 -0.00525 
v -0.00289572 -0.00152217 -0.00525 
v -0.00298006 -0.00147481 -0.00525 
v -0.00299192 -0.00146647 -0.00525 
v -0.00305975 -0.00141881 -0.00525 
v -0.00329375 -0.0013632 -0.00570579 
v -0.0262363 0.0031247 -0.0160119 
v -0.00349989 -0.00135267 -0.00620413 
v -0.00439364 -0.0011901 -0.00760285 
v -0.0034456 -0.00139225 -0.00623863 
v -0.00338799 -0.00142563 -0.00627431 
v -0.00434299 -0.00123163 -0.00764209 
v -0.00332759 -0.0014525 -0.00631085 
v -0.00428902 -0.00126689 -0.007683 
v -0.00326494 -0.00147263 -0.00634791 
v -0.00423221 -0.00129556 -0.00772519 
v -0.00320058 -0.00148583 -0.00638517 
v -0.00417308 -0.00131739 -0.00776828 
v -0.00313509 -0.001492 -0.00642231 
v -0.00411217 -0.00133216 -0.00781188 
v -0.00306906 -0.00149106 -0.00645897 
v -0.00405003 -0.00133976 -0.00785559 
v -0.00300308 -0.00148305 -0.00649485 
v -0.00398723 -0.0013401 -0.00789901 
v -0.00293773 -0.00146801 -0.00652962 
v -0.00392435 -0.00133319 -0.00794175 
v -0.0028736 -0.0014461 -0.00656296 
v -0.00386194 -0.00131909 -0.00798342 
v -0.00281126 -0.00141749 -0.00659459 
v -0.00380059 -0.00129793 -0.00802364 
v -0.00275126 -0.00138246 -0.00662422 
v -0.00374086 -0.00126989 -0.00806204 
v -0.00269414 -0.00134131 -0.00665158 
v -0.00368327 -0.00123525 -0.00809828 
v -0.00264041 -0.0012944 -0.00667644 
v -0.00362837 -0.0011943 -0.00813201 
v -0.00259055 -0.00124217 -0.00669857 
v -0.00357664 -0.00114742 -0.00816295 
v -0.002545 -0.00118506 -0.00671778 
v -0.00352857 -0.00109505 -0.0081908 
v -0.00250416 -0.00112359 -0.00673388 
v -0.00348459 -0.00103766 -0.0082153 
v -0.00246841 -0.00105831 -0.00674675 
v -0.0034451 -0.000975761 -0.00823625 
v -0.00243806 -0.000989807 -0.00675625 
v -0.00341045 -0.000909931 -0.00825344 
v -0.00241337 -0.000918681 -0.00676232 
v -0.00338097 -0.000840765 -0.00826672 
v -0.00239458 -0.000845569 -0.0067649 
v -0.00335693 -0.000768893 -0.00827597 
v -0.00238185 -0.000771125 -0.00676395 
v -0.00333853 -0.00069497 -0.0082811 
v -0.00332596 -0.000619668 -0.00828207 
v -0.00517713 -0.00107155 -0.00861763 
v -0.00512986 -0.00111492 -0.00866045 
v -0.00507925 -0.00115198 -0.00870533 
v -0.00502576 -0.00118238 -0.00875185 
v -0.00496991 -0.00120583 -0.00879959 
v -0.0049122 -0.00122213 -0.0088481 
v -0.00485317 -0.00123111 -0.00889693 
v -0.00479337 -0.0012327 -0.00894562 
v -0.00473336 -0.00122688 -0.00899373 
v -0.00467369 -0.0012137 -0.0090408 
v -0.00461493 -0.00119329 -0.00908639 
v -0.0045576 -0.00116583 -0.00913009 
v -0.00450226 -0.00113159 -0.00917149 
v -0.00444941 -0.00109087 -0.0092102 
v -0.00439955 -0.00104406 -0.00924586 
v -0.00435313 -0.000991601 -0.00927814 
v -0.00431059 -0.000933969 -0.00930675 
v -0.00427232 -0.000871704 -0.00933141 
v -0.00423869 -0.000805384 -0.00935189 
v -0.00421 -0.000735626 -0.00936801 
v -0.00418652 -0.000663078 -0.00937962 
v -0.00416846 -0.000588415 -0.0093866 
v -0.00415601 -0.000512331 -0.0093889 
v -0.00637868 -0.000910577 -0.00990452 
v -0.00633679 -0.000956907 -0.00995189 
v -0.00629155 -0.000996857 -0.0100019 
v -0.0062434 -0.00103004 -0.0100541 
v -0.00619279 -0.00105615 -0.010108 
v -0.00614021 -0.00107492 -0.010163 
v -0.00608617 -0.00108617 -0.0102186 
v -0.00603119 -0.00108981 -0.0102744 
v -0.00597579 -0.00108579 -0.0103297 
v -0.0059205 -0.00107415 -0.010384 
v -0.00586586 -0.00105501 -0.0104369 
v -0.00581239 -0.00102854 -0.0104877 
v -0.0057606 -0.000995004 -0.0105361 
v -0.00571099 -0.000954723 -0.0105815 
v -0.00566404 -0.000908083 -0.0106235 
v -0.0056202 -0.000855532 -0.0106617 
v -0.00557989 -0.000797573 -0.0106957 
v -0.00554349 -0.000734764 -0.0107253 
v -0.00551136 -0.000667706 -0.0107501 
v -0.0054838 -0.000597045 -0.0107699 
v -0.00546108 -0.000523459 -0.0107845 
v -0.00544342 -0.000447653 -0.0107938 
v -0.00543098 -0.000370356 -0.0107976 
v -0.00770806 -0.000741033 -0.0110539 
v -0.00767229 -0.000790631 -0.0111051 
v -0.00763317 -0.000833797 -0.0111596 
v -0.00759109 -0.000870102 -0.0112169 
v -0.00754647 -0.000899183 -0.0112763 
v -0.00749976 -0.000920753 -0.0113372 
v -0.00745141 -0.000934596 -0.0113992 
v -0.00740192 -0.000940576 -0.0114614 
v -0.00735176 -0.000938631 -0.0115234 
v -0.00730144 -0.000928783 -0.0115846 
v -0.00725146 -0.000911128 -0.0116442 
v -0.00720232 -0.000885842 -0.0117017 
v -0.00715451 -0.000853177 -0.0117566 
v -0.00710849 -0.000813458 -0.0118083 
v -0.00706474 -0.000767079 -0.0118562 
v -0.00702368 -0.000714502 -0.0119 
v -0.00698572 -0.00065625 -0.0119391 
v -0.00695124 -0.000592901 -0.0119732 
v -0.00692058 -0.000525087 -0.0120019 
v -0.00689405 -0.00045348 -0.012025 
v -0.00687191 -0.000378794 -0.0120422 
v -0.00685439 -0.000301771 -0.0120534 
v -0.00684164 -0.000223177 -0.0120584 
v -0.00917507 -0.000545997 -0.0120801 
v -0.00914607 -0.000598999 -0.0121344 
v -0.00911375 -0.000645538 -0.0121927 
v -0.00907843 -0.000685134 -0.0122542 
v -0.00904048 -0.00071738 -0.0123184 
v -0.00900029 -0.000741942 -0.0123846 
v -0.00895828 -0.000758567 -0.0124521 
v -0.00891487 -0.000767084 -0.0125202 
v -0.00887052 -0.000767405 -0.0125883 
v -0.00882569 -0.000759527 -0.0126556 
v -0.00878083 -0.00074353 -0.0127214 
v -0.00873641 -0.00071958 -0.0127851 
v -0.00869288 -0.000687925 -0.012846 
v -0.0086507 -0.000648889 -0.0129034 
v -0.00861031 -0.000602876 -0.0129568 
v -0.0085721 -0.000550361 -0.0130056 
v -0.00853649 -0.000491885 -0.0130493 
v -0.00850384 -0.000428051 -0.0130875 
v -0.00847449 -0.000359517 -0.0131198 
v -0.00844873 -0.000286991 -0.0131458 
v -0.00842683 -0.00021122 -0.0131653 
v -0.00840903 -0.000132986 -0.0131781 
v -0.00839549 -5.30948e-05 -0.013184 
v -0.0104643 -0.000357596 -0.0128228 
v -0.0104411 -0.000413288 -0.012879 
v -0.0104147 -0.000462514 -0.0129396 
v -0.0103853 -0.000504751 -0.0130039 
v -0.0103531 -0.000539552 -0.0130714 
v -0.0103186 -0.000566546 -0.0131412 
v -0.0102821 -0.000585448 -0.0132126 
v -0.0102439 -0.000596056 -0.0132849 
v -0.0102046 -0.000598258 -0.0133573 
v -0.0101645 -0.000592031 -0.0134291 
v -0.010124 -0.000577441 -0.0134994 
v -0.0100836 -0.000554642 -0.0135675 
v -0.0100437 -0.000523877 -0.0136327 
v -0.0100047 -0.000485471 -0.0136944 
v -0.00996705 -0.000439834 -0.0137517 
v -0.00993113 -0.000387449 -0.0138043 
v -0.00989732 -0.000328873 -0.0138514 
v -0.00986599 -0.000264727 -0.0138926 
v -0.00983747 -0.000195692 -0.0139274 
v -0.00981205 -0.000122501 -0.0139556 
v -0.00979002 -4.59317e-05 -0.0139767 
v -0.0097716 3.32041e-05 -0.0139905 
v -0.00975698 0.000114066 -0.013997 
v -0.0122837 -5.31417e-05 -0.013675 
v -0.0122685 -0.000112018 -0.0137328 
v -0.0122501 -0.000164456 -0.0137956 
v -0.0122287 -0.000209878 -0.0138628 
v -0.0122045 -0.000247786 -0.0139336 
v -0.0121777 -0.000277763 -0.0140072 
v -0.0121487 -0.000299479 -0.0140829 
v -0.0121178 -0.000312695 -0.0141597 
v -0.0120853 -0.000317267 -0.0142369 
v -0.0120515 -0.000313143 -0.0143136 
v -0.012017 -0.00030037 -0.014389 
v -0.0119819 -0.000279087 -0.0144621 
v -0.0119468 -0.000249528 -0.0145323 
v -0.0119119 -0.00021202 -0.0145988 
v -0.0118778 -0.000166973 -0.0146607 
v -0.0118447 -0.000114883 -0.0147176 
v -0.011813 -5.63235e-05 -0.0147686 
v -0.0117831 8.06262e-06 -0.0148133 
v -0.0117553 7.75672e-05 -0.0148511 
v -0.0117299 0.000151426 -0.0148817 
v -0.0117071 0.000228828 -0.0149047 
v -0.0116873 0.00030892 -0.0149198 
v -0.0116707 0.000390824 -0.014927 
v -0.0142215 0.000330903 -0.0143844 
v -0.0142143 0.000269497 -0.0144429 
v -0.0142039 0.000214471 -0.014507 
v -0.0141905 0.000166447 -0.014576 
v -0.0141743 0.000125969 -0.0146491 
v -0.0141553 9.34964e-05 -0.0147255 
v -0.0141338 6.93961e-05 -0.0148043 
v -0.0141101 5.39413e-05 -0.0148846 
v -0.0140844 4.73069e-05 -0.0149655 
v -0.0140571 4.95681e-05 -0.0150461 
v -0.0140283 6.06992e-05 -0.0151254 
v -0.0139985 8.05743e-05 -0.0152026 
v -0.013968 0.000108968 -0.0152769 
v -0.0139371 0.00014556 -0.0153473 
v -0.0139062 0.000189934 -0.015413 
v -0.0138757 0.000241588 -0.0154734 
v -0.0138458 0.000299939 -0.0155277 
v -0.0138169 0.000364323 -0.0155753 
v -0.0137894 0.000434014 -0.0156157 
v -0.0137635 0.000508221 -0.0156485 
v -0.0137396 0.000586104 -0.0156732 
v -0.0137179 0.000666781 -0.0156895 
v -0.0136986 0.000749339 -0.0156974 
v -0.0162833 0.000813062 -0.0149623 
v -0.0162837 0.000749929 -0.0150209 
v -0.0162811 0.000693096 -0.0150855 
v -0.0162754 0.000643223 -0.0151555 
v -0.0162668 0.000600885 -0.01523 
v -0.0162554 0.000566575 -0.0153081 
v -0.0162412 0.000540689 -0.015389 
v -0.0162245 0.000523527 -0.0154717 
v -0.0162054 0.000515289 -0.0155553 
v -0.0161842 0.000516069 -0.0156387 
v -0.0161611 0.00052586 -0.0157211 
v -0.0161364 0.000544546 -0.0158015 
v -0.0161104 0.000571912 -0.0158788 
v -0.0160833 0.00060764 -0.0159524 
v -0.0160555 0.000651318 -0.0160212 
v -0.0160273 0.000702438 -0.0160845 
v -0.0159991 0.000760408 -0.0161415 
v -0.015971 0.000824557 -0.0161917 
v -0.0159436 0.000894142 -0.0162343 
v -0.0159171 0.000968356 -0.016269 
v -0.0158918 0.00104634 -0.0162953 
v -0.0158679 0.00112719 -0.0163129 
v -0.0158459 0.00120997 -0.0163217 
v -0.0171691 0.00104172 -0.0151638 
v -0.0171724 0.000978114 -0.0152222 
v -0.0171726 0.000920776 -0.0152868 
v -0.0171699 0.000870374 -0.015357 
v -0.0171643 0.000827497 -0.0154318 
v -0.0171557 0.000792645 -0.0155104 
v -0.0171444 0.000766225 -0.0155919 
v -0.0171305 0.000748545 -0.0156753 
v -0.017114 0.000739811 -0.0157597 
v -0.0170953 0.000740126 -0.0158441 
v -0.0170744 0.000749484 -0.0159274 
v -0.0170518 0.000767779 -0.0160088 
v -0.0170276 0.000794795 -0.0160872 
v -0.0170021 0.000830217 -0.0161618 
v -0.0169756 0.000873633 -0.0162317 
v -0.0169484 0.000924536 -0.016296 
v -0.0169209 0.000982332 -0.016354 
v -0.0168933 0.00104635 -0.0164051 
v -0.016866 0.00111583 -0.0164486 
v -0.0168393 0.00118998 -0.0164841 
v -0.0168135 0.00126792 -0.0165111 
v -0.0167889 0.00134875 -0.0165293 
v -0.0167659 0.00143152 -0.0165384 
v -0.0197243 0.00175184 -0.0156122 
v -0.0197339 0.00168748 -0.0156699 
v -0.0197408 0.00162932 -0.0157342 
v -0.0197449 0.00157805 -0.0158043 
v -0.0197462 0.00153427 -0.0158794 
v -0.0197447 0.00149851 -0.0159586 
v -0.0197403 0.00147118 -0.0160411 
v -0.0197332 0.00145262 -0.0161257 
v -0.0197234 0.00144303 -0.0162116 
v -0.019711 0.00144253 -0.0162976 
v -0.0196962 0.00145113 -0.0163829 
v -0.0196791 0.00146873 -0.0164663 
v -0.01966 0.00149511 -0.0165469 
v -0.0196391 0.00152997 -0.0166238 
v -0.0196166 0.00157289 -0.0166959 
v -0.0195927 0.00162337 -0.0167626 
v -0.0195679 0.00168082 -0.016823 
v -0.0195423 0.00174454 -0.0168763 
v -0.0195163 0.00181379 -0.016922 
v -0.0194901 0.00188776 -0.0169595 
v -0.0194642 0.00196556 -0.0169883 
v -0.0194387 0.00204628 -0.0170082 
v -0.019414 0.00212897 -0.0170189 
v -0.0222466 0.00246269 -0.0158907 
v -0.022259 0.00239787 -0.0159475 
v -0.0222691 0.00233928 -0.0160111 
v -0.0222768 0.0022876 -0.0160807 
v -0.0222822 0.00224345 -0.0161555 
v -0.0222851 0.00220735 -0.0162347 
v -0.0222854 0.00217972 -0.0163172 
v -0.0222832 0.0021609 -0.0164022 
v -0.0222785 0.00215111 -0.0164885 
v -0.0222714 0.00215045 -0.0165753 
v -0.0222619 0.00215895 -0.0166614 
v -0.0222501 0.0021765 -0.0167459 
v -0.0222363 0.00220289 -0.0168276 
v -0.0222205 0.00223781 -0.0169058 
v -0.0222029 0.00228085 -0.0169794 
v -0.0221838 0.00233149 -0.0170476 
v -0.0221634 0.00238914 -0.0171095 
v -0.0221418 0.00245311 -0.0171645 
v -0.0221195 0.00252265 -0.0172118 
v -0.0220966 0.00259694 -0.017251 
v -0.0220734 0.00267509 -0.0172815 
v -0.0220502 0.00275618 -0.0173031 
v -0.0220272 0.00283924 -0.0173153 
v -0.0230503 0.00266741 -0.01595 
v -0.023062 0.00260233 -0.0160065 
v -0.0230719 0.00254351 -0.0160699 
v -0.0230796 0.00249165 -0.0161393 
v -0.0230852 0.00244736 -0.016214 
v -0.0230885 0.00241115 -0.016293 
v -0.0230896 0.00238347 -0.0163755 
v -0.0230885 0.00236464 -0.0164604 
v -0.023085 0.00235487 -0.0165468 
v -0.0230794 0.0023543 -0.0166336 
v -0.0230716 0.00236291 -0.0167198 
v -0.0230617 0.00238062 -0.0168044 
v -0.0230499 0.00240721 -0.0168864 
v -0.0230362 0.00244237 -0.0169648 
v -0.023021 0.00248567 -0.0170387 
v -0.0230042 0.00253662 -0.0171072 
v -0.0229862 0.0025946 -0.0171695 
v -0.0229672 0.00265894 -0.0172249 
v -0.0229473 0.00272886 -0.0172727 
v -0.0229268 0.00280355 -0.0173123 
v -0.022906 0.00288212 -0.0173433 
v -0.0228851 0.00296364 -0.0173653 
v -0.024077 0.00288741 -0.0160069 
v -0.0240865 0.00282184 -0.0160632 
v -0.0240945 0.00276261 -0.0161262 
v -0.0241009 0.00271041 -0.0161954 
v -0.0241057 0.00266585 -0.0162699 
v -0.0241088 0.00262948 -0.0163487 
v -0.0241102 0.0026017 -0.016431 
v -0.0241097 0.00258286 -0.0165159 
v -0.0241076 0.00257316 -0.0166022 
v -0.0241037 0.00257274 -0.016689 
v -0.0240981 0.00258159 -0.0167753 
v -0.024091 0.0025996 -0.01686 
v -0.0240823 0.00262658 -0.0169421 
v -0.0240721 0.00266218 -0.0170207 
v -0.0240607 0.00270601 -0.0170949 
v -0.0240481 0.00275754 -0.0171637 
v -0.0240345 0.00281616 -0.0172264 
v -0.02402 0.00288117 -0.0172822 
v -0.0240048 0.00295183 -0.0173304 
v -0.0239891 0.00302728 -0.0173706 
v -0.0239731 0.00310664 -0.0174022 
v -0.0228643 0.00304715 -0.0173781 
v -0.023957 0.00318897 -0.0174248 
v -0.0249217 0.00301761 -0.0160383 
v -0.0249281 0.00295162 -0.0160944 
v -0.0249336 0.00289203 -0.0161573 
v -0.024938 0.00283954 -0.0162263 
v -0.0249413 0.00279476 -0.0163006 
v -0.0249434 0.00275823 -0.0163793 
v -0.0249444 0.00273037 -0.0164615 
v -0.0249443 0.00271151 -0.0165463 
v -0.0249429 0.00270187 -0.0166325 
v -0.0249404 0.00270156 -0.0167193 
v -0.0249368 0.0027106 -0.0168056 
v -0.0249321 0.00272887 -0.0168903 
v -0.0249264 0.00275616 -0.0169726 
v -0.0249197 0.00279215 -0.0170513 
v -0.0249122 0.00283641 -0.0171256 
v -0.0249038 0.00288842 -0.0171946 
v -0.0248948 0.00294757 -0.0172575 
v -0.0248852 0.00301316 -0.0173135 
v -0.0248751 0.00308443 -0.0173621 
v -0.0248646 0.00316052 -0.0174025 
v -0.0248539 0.00324055 -0.0174344 
v -0.0239409 0.00327331 -0.0174381 
v -0.0248431 0.00332358 -0.0174574 
v -0.0255904 0.00307238 -0.0160541 
v -0.0255919 0.00300614 -0.0161101 
v -0.025593 0.00294635 -0.0161729 
v -0.0255938 0.0028937 -0.0162419 
v -0.0255942 0.00284881 -0.0163161 
v -0.0255943 0.00281221 -0.0163947 
v -0.025594 0.00278433 -0.0164768 
v -0.0255933 0.00276551 -0.0165615 
v -0.0255922 0.00275595 -0.0166477 
v -0.0255908 0.00275577 -0.0167344 
v -0.025589 0.00276498 -0.0168206 
v -0.025587 0.00278347 -0.0169054 
v -0.0255846 0.00281101 -0.0169876 
v -0.025582 0.00284729 -0.0170663 
v -0.0255792 0.00289188 -0.0171407 
v -0.0255762 0.00294425 -0.0172097 
v -0.025573 0.00300379 -0.0172727 
v -0.0255697 0.00306981 -0.0173289 
v -0.0255663 0.00314151 -0.0173776 
v -0.0255629 0.00321806 -0.0174182 
v -0.0255594 0.00329857 -0.0174503 
v -0.0248324 0.00340861 -0.0174712 
v -0.025556 0.00338208 -0.0174734 
v -0.0255527 0.00346761 -0.0174874 
v -0.0262314 0.00305988 -0.0160614 
v -0.0262265 0.00299385 -0.0161173 
v -0.026222 0.00293425 -0.0161801 
v -0.0262179 0.00288178 -0.016249 
v -0.0262144 0.00283706 -0.0163232 
v -0.0262115 0.00280061 -0.0164018 
v -0.0262092 0.00277286 -0.0164839 
v -0.0262075 0.00275414 -0.0165686 
v -0.0262064 0.00274467 -0.0166547 
v -0.0262061 0.00274455 -0.0167414 
v -0.0262063 0.00275379 -0.0168276 
v -0.0262073 0.00277228 -0.0169123 
v -0.0262089 0.00279981 -0.0169945 
v -0.0262111 0.00283604 -0.0170733 
v -0.0262139 0.00288056 -0.0171476 
v -0.0262173 0.00293284 -0.0172167 
v -0.0262213 0.00299227 -0.0172797 
v -0.0262257 0.00305815 -0.0173359 
v -0.0262305 0.0031297 -0.0173846 
v -0.0262358 0.00320609 -0.0174252 
v -0.0262413 0.00328642 -0.0174574 
v -0.0262471 0.00336974 -0.0174806 
v -0.0262531 0.00345508 -0.0174947 
v -0.00151998 -0.00252746 -0.00472396 
v -0.0014167 -0.00233331 -0.00334969 
v -0.00153921 -0.00256361 -0.00497981 
v -0.00138535 -0.00227443 -0.00272845 
v -0.00136998 -0.00224562 -0.00223688 
v -0.00139627 -0.00229491 -0.00307787 
v -0.00132287 -0.00215725 -0.000729402 
v -0.00134665 -0.00220187 -0.00149052 
v -0.00155951 -0.00260178 -0.00525 
v -0.0434227 0.00207882 -0.00335144 
v -0.0435175 0.00220439 -0.00149194 
v -0.0418616 1.14038e-05 -0.011031 
v -0.0414666 -0.000511658 -0.0119792 
v -0.0377705 0.00236746 -0.0119792 
v -0.0422211 0.00048747 -0.010007 
v -0.0381365 0.0029112 -0.011031 
v -0.0425391 0.00090863 -0.00891748 
v -0.0384696 0.00340609 -0.010007 
v -0.042821 0.00128196 -0.00773247 
v -0.0387643 0.0038439 -0.00891748 
v -0.0430653 0.00160554 -0.0064299 
v -0.0390255 0.00423199 -0.00773247 
v -0.0432682 0.00187424 -0.00498163 
v -0.0392519 0.00456836 -0.0064299 
v -0.0394399 0.0048477 -0.00498163 
v -0.0395831 0.00506036 -0.00335144 
v -0.0396709 0.0051909 -0.00149194 
v -0.0373633 0.00176256 -0.012876 
v -0.0369083 0.00108645 -0.0137309 
v -0.0340475 0.00305953 -0.0137309 
v -0.034454 0.00376591 -0.012876 
v -0.0348177 0.00439788 -0.0119792 
v -0.0351446 0.00496596 -0.011031 
v -0.0354421 0.00548301 -0.010007 
v -0.0357053 0.00594042 -0.00891748 
v -0.0359386 0.00634587 -0.00773247 
v -0.0361409 0.0066973 -0.0064299 
v -0.0363088 0.00698914 -0.00498163 
v -0.0364366 0.00721132 -0.00335144 
v -0.0365151 0.0073477 -0.00149194 
v -0.0335896 0.00226379 -0.0145517 
v -0.0313729 0.00356327 -0.0145517 
v -0.0317605 0.00439554 -0.0137309 
v -0.0321045 0.00513434 -0.012876 
v -0.0324124 0.00579533 -0.0119792 
v -0.0326891 0.0063895 -0.011031 
v -0.0329409 0.00693027 -0.010007 
v -0.0331637 0.00740868 -0.00891748 
v -0.0345979 0.00715555 -0.00773247 
v -0.0333612 0.00783275 -0.00773247 
v -0.0347854 0.00751506 -0.0064299 
v -0.0349411 0.0078136 -0.00498163 
v -0.0335323 0.00820032 -0.0064299 
v -0.0350597 0.00804088 -0.00335144 
v -0.0336745 0.00850555 -0.00498163 
v -0.0351325 0.00818039 -0.00149194 
v -0.0337827 0.00873794 -0.00335144 
v -0.0338491 0.00888057 -0.00149194 
v -0.0309323 0.00261706 -0.0153427 
v -0.0292957 0.0033996 -0.0153427 
v -0.0296339 0.004387 -0.0145517 
v -0.0299313 0.0052555 -0.0137309 
v -0.0311012 0.00563257 -0.012876 
v -0.0301953 0.00602646 -0.012876 
v -0.0313752 0.00630821 -0.0119792 
v -0.0316215 0.00691553 -0.011031 
v -0.0304315 0.00671623 -0.0119792 
v -0.0318457 0.00746829 -0.010007 
v -0.0306439 0.00733625 -0.011031 
v -0.032044 0.0079573 -0.00891748 
v -0.0308371 0.00790057 -0.010007 
v -0.0322198 0.00839077 -0.00773247 
v -0.0310081 0.00839981 -0.00891748 
v -0.0323722 0.00876647 -0.0064299 
v -0.0311596 0.00884234 -0.00773247 
v -0.0324987 0.00907847 -0.00498163 
v -0.031291 0.0092259 -0.0064299 
v -0.032595 0.009316 -0.00335144 
v -0.0314001 0.00954443 -0.00498163 
v -0.0326542 0.0094618 -0.00149194 
v -0.0314831 0.00978693 -0.00335144 
v -0.0315341 0.00993577 -0.00149194 
v -0.0286239 0.00365769 -0.0153427 
v -0.0289033 0.00466337 -0.0145517 
v -0.0291492 0.00554795 -0.0137309 
v -0.0293674 0.00633319 -0.012876 
v -0.0295626 0.00703573 -0.0119792 
v -0.0297381 0.00766723 -0.011031 
v -0.0298978 0.008242 -0.010007 
v -0.0300391 0.00875048 -0.00891748 
v -0.0301643 0.00920121 -0.00773247 
v -0.0302729 0.00959187 -0.0064299 
v -0.0303631 0.00991629 -0.00498163 
v -0.0304317 0.0101633 -0.00335144 
v -0.0280275 0.0038521 -0.0153427 
v -0.028244 0.00487308 -0.0145517 
v -0.0284345 0.00577112 -0.0137309 
v -0.0286036 0.00656831 -0.012876 
v -0.0287548 0.00728153 -0.0119792 
v -0.0288908 0.00792265 -0.011031 
v -0.0290146 0.00850616 -0.010007 
v -0.029124 0.00902237 -0.00891748 
v -0.0292211 0.00947996 -0.00773247 
v -0.0293052 0.00987657 -0.0064299 
v -0.029375 0.0102059 -0.00498163 
v -0.0304738 0.0103149 -0.00149194 
v -0.0294282 0.0104567 -0.00335144 
v -0.0294609 0.0106106 -0.00149194 
v -0.0276538 0.00502461 -0.0145517 
v -0.0275053 0.00399174 -0.0153427 
v -0.0270288 0.00408595 -0.0153427 
v -0.0277844 0.00593311 -0.0137309 
v -0.0271064 0.00512665 -0.0145517 
v -0.0279004 0.00673957 -0.012876 
v -0.0271747 0.00604203 -0.0137309 
v -0.0280041 0.00746111 -0.0119792 
v -0.0272353 0.00685461 -0.012876 
v -0.0280974 0.00810969 -0.011031 
v -0.0272895 0.00758161 -0.0119792 
v -0.0281822 0.00869999 -0.010007 
v -0.0273382 0.0082351 -0.011031 
v -0.0282573 0.00922222 -0.00891748 
v -0.0273826 0.00882988 -0.010007 
v -0.0283239 0.00968513 -0.00773247 
v -0.0274218 0.00935606 -0.00891748 
v -0.0283816 0.0100864 -0.0064299 
v -0.0274566 0.00982249 -0.00773247 
v -0.0284295 0.0104195 -0.00498163 
v -0.0274867 0.0102268 -0.0064299 
v -0.028466 0.0106732 -0.00335144 
v -0.0275118 0.0105625 -0.00498163 
v -0.0284883 0.0108289 -0.00149194 
v -0.0275308 0.0108181 -0.00335144 
v -0.0275425 0.0109749 -0.00149194 
v -0.026574 0.00518815 -0.0145517 
v -0.0265677 0.00414436 -0.0153427 
v -0.0261061 0.00417461 -0.0153427 
v -0.0265795 0.00610624 -0.0137309 
v -0.0260415 0.00521623 -0.0145517 
v -0.0265844 0.00692122 -0.012876 
v -0.0259846 0.00613241 -0.0137309 
v -0.0265888 0.00765037 -0.0119792 
v -0.0259342 0.0069457 -0.012876 
v -0.0265927 0.0083058 -0.011031 
v -0.025889 0.00767334 -0.0119792 
v -0.0265963 0.00890235 -0.010007 
v -0.0258484 0.0083274 -0.011031 
v -0.0265995 0.00943009 -0.00891748 
v -0.0258115 0.0089227 -0.010007 
v -0.0266023 0.00989789 -0.00773247 
v -0.0257788 0.00944935 -0.00891748 
v -0.0266047 0.0103034 -0.0064299 
v -0.0257498 0.00991618 -0.00773247 
v -0.0266068 0.0106401 -0.00498163 
v -0.0257247 0.0103208 -0.0064299 
v -0.0266083 0.0108964 -0.00335144 
v -0.0257039 0.0106568 -0.00498163 
v -0.0266092 0.0110538 -0.00149194 
v -0.025688 0.0109126 -0.00335144 
v -0.0256783 0.0110696 -0.00149194 
v -0.0255005 0.00520742 -0.0145517 
v -0.0256356 0.00417279 -0.0153427 
v -0.0251285 0.00413082 -0.0153427 
v -0.0253817 0.00611746 -0.0137309 
v -0.0249255 0.00515442 -0.0145517 
v -0.0252762 0.0069253 -0.012876 
v -0.024747 0.00605476 -0.0137309 
v -0.0251818 0.00764805 -0.0119792 
v -0.0245885 0.00685398 -0.012876 
v -0.025097 0.00829773 -0.011031 
v -0.0244467 0.00756904 -0.0119792 
v -0.0250198 0.00888904 -0.010007 
v -0.0243192 0.00821179 -0.011031 
v -0.0249515 0.00941216 -0.00891748 
v -0.0242032 0.0087968 -0.010007 
v -0.0248909 0.00987586 -0.00773247 
v -0.0241006 0.00931433 -0.00891748 
v -0.0248384 0.0102778 -0.0064299 
v -0.0240096 0.00977309 -0.00773247 
v -0.0247949 0.0106115 -0.00498163 
v -0.0239308 0.0101707 -0.0064299 
v -0.0247617 0.0108656 -0.00335144 
v -0.0238653 0.0105009 -0.00498163 
v -0.0247413 0.0110216 -0.00149194 
v -0.0238155 0.0107523 -0.00335144 
v -0.0237849 0.0109066 -0.00149194 
v -0.0242907 0.00504993 -0.0145517 
v -0.0245569 0.00404064 -0.0153427 
v -0.0239051 0.00389565 -0.0153427 
v -0.0240567 0.00593768 -0.0137309 
v -0.0235813 0.00488793 -0.0145517 
v -0.0238489 0.00672574 -0.012876 
v -0.0232966 0.00576073 -0.0137309 
v -0.023663 0.00743079 -0.0119792 
v -0.0230438 0.0065355 -0.012876 
v -0.0234958 0.00806456 -0.011031 
v -0.0228177 0.00722867 -0.0119792 
v -0.0233438 0.00864139 -0.010007 
v -0.0226144 0.00785176 -0.011031 
v -0.0232092 0.00915169 -0.00891748 
v -0.0224294 0.00841887 -0.010007 
v -0.0230899 0.00960404 -0.00773247 
v -0.0222657 0.00892057 -0.00891748 
v -0.0229865 0.0099961 -0.0064299 
v -0.0221206 0.00936529 -0.00773247 
v -0.0229007 0.0103217 -0.00498163 
v -0.0219949 0.00975075 -0.0064299 
v -0.0228353 0.0105696 -0.00335144 
v -0.0218905 0.0100708 -0.00498163 
v -0.0227952 0.0107217 -0.00149194 
v -0.021811 0.0103145 -0.00335144 
v -0.0217622 0.0104641 -0.00149194 
v -0.0231777 0.0036867 -0.0153427 
v -0.0228003 0.00465976 -0.0145517 
v -0.0224684 0.00551565 -0.0137309 
v -0.0221738 0.00627541 -0.012876 
v -0.0219102 0.00695516 -0.0119792 
v -0.0216732 0.00756618 -0.011031 
v -0.0214575 0.00812231 -0.010007 
v -0.0212668 0.00861429 -0.00891748 
v -0.0210976 0.0090504 -0.00773247 
v -0.020951 0.00942839 -0.0064299 
v -0.0208293 0.00974229 -0.00498163 
v -0.0207366 0.00998127 -0.00335144 
v -0.0223559 0.00339717 -0.0153427 
v -0.0219297 0.00434987 -0.0145517 
v -0.0215547 0.00518784 -0.0137309 
v -0.0212219 0.00593171 -0.012876 
v -0.0209242 0.00659723 -0.0119792 
v -0.0206565 0.00719546 -0.011031 
v -0.0204129 0.00773995 -0.010007 
v -0.0201974 0.00822163 -0.00891748 
v -0.0200064 0.00864861 -0.00773247 
v -0.0198408 0.00901869 -0.0064299 
v -0.0197033 0.00932602 -0.00498163 
v -0.0206797 0.010128 -0.00149194 
v -0.0195986 0.00956 -0.00335144 
v -0.0195344 0.00970361 -0.00149194 
v -0.020356 0.00251246 -0.0153427 
v -0.0198492 0.00342496 -0.0145517 
v -0.0194034 0.00422757 -0.0137309 
v -0.0190077 0.00494005 -0.012876 
v -0.0186537 0.00557749 -0.0119792 
v -0.0183354 0.00615048 -0.011031 
v -0.0180458 0.00667199 -0.010007 
v -0.0192798 0.0072599 -0.010007 
v -0.0190424 0.00773126 -0.00891748 
v -0.018832 0.00814908 -0.00773247 
v -0.0177895 0.00713335 -0.00891748 
v -0.0186497 0.00851123 -0.0064299 
v -0.0175624 0.00754231 -0.00773247 
v -0.0184982 0.00881196 -0.00498163 
v -0.0173655 0.00789678 -0.0064299 
v -0.0183829 0.00904092 -0.00335144 
v -0.017202 0.00819114 -0.00498163 
v -0.0183122 0.00918146 -0.00149194 
v -0.0170776 0.00841524 -0.00335144 
v -0.0170012 0.0085528 -0.00149194 
v -0.0172659 0.00201291 -0.0145517 
v -0.016764 0.00278166 -0.0137309 
v -0.0163185 0.00346407 -0.012876 
v -0.0159199 0.00407461 -0.0119792 
v -0.0155616 0.00462343 -0.011031 
v -0.0152355 0.00512293 -0.010007 
v -0.0149469 0.00556482 -0.00891748 
v -0.0146912 0.00595653 -0.00773247 
v -0.0144696 0.00629604 -0.0064299 
v -0.0142855 0.00657798 -0.00498163 
v -0.0141453 0.00679262 -0.00335144 
v -0.0140593 0.00692438 -0.00149194 
v -0.0134682 0.000681481 -0.0137309 
v -0.0129854 0.00133805 -0.012876 
v -0.0125534 0.00192548 -0.0119792 
v -0.0121651 0.00245351 -0.011031 
v -0.0118116 0.0029341 -0.010007 
v -0.011499 0.00335926 -0.00891748 
v -0.0112218 0.00373613 -0.00773247 
v -0.0109816 0.00406278 -0.0064299 
v -0.0107821 0.00433405 -0.00498163 
v -0.0106302 0.00454057 -0.00335144 
v -0.010537 0.00466733 -0.00149194 
v -0.00792741 -0.000565315 -0.011031 
v -0.00755288 -0.000100979 -0.010007 
v -0.00722155 0.000309805 -0.00891748 
v -0.00692785 0.000673933 -0.00773247 
v -0.00667329 0.000989538 -0.0064299 
v -0.0064619 0.00125163 -0.00498163 
v -0.00630096 0.00145116 -0.00335144 
v -0.00620217 0.00157364 -0.00149194 
v 0.000666508 0.00138455 -8.34495e-18 
v 0.000790714 0.00131794 -1.33472e-17 
v 0.000727141 0.0013485 -1.08375e-17 
v 0.000806521 0.00120078 0.00264569 
v 0.000856732 0.00129309 -1.31159e-17 
v 0.000677421 0.000963861 0.00487237 
v 0.000803526 0.00119528 0.00269735 
v 0.000438142 0.00101212 0.00525 
v 0.000460074 0.000998223 0.00525 
v 0.000503401 0.000970763 0.00525 
v 0.000572845 0.000935796 0.00525 
v 0.000581874 0.000932326 0.00525 
v 0.000646635 0.000907437 0.00525 
v 0.00061703 0.00129199 0.00264494 
v 0.000677448 0.00125608 0.00264469 
v 0.000740774 0.0012256 0.00264494 
v 0.000490015 0.00105436 0.00487092 
v 0.000549819 0.00101886 0.00487044 
v 0.000612445 0.000988617 0.00487092 
v 0.000806531 0.0012008 -0.00264544 
v 0.000803522 0.00119527 -0.00269735 
v 0.00067744 0.000963896 -0.00487212 
v 0.000646635 0.000907437 -0.00525 
v 0.000605767 0.000922091 -0.00525 
v 0.000582067 0.0009327 -0.00525 
v 0.000535248 0.000953658 -0.00525 
v 0.000467748 0.000992244 -0.00525 
v 0.000459869 0.000997856 -0.00525 
v 0.000740784 0.00122562 -0.00264469 
v 0.000677457 0.0012561 -0.00264443 
v 0.00061704 0.00129201 -0.00264469 
v 0.000612464 0.000988652 -0.00487068 
v 0.000549837 0.00101889 -0.00487019 
v 0.000490034 0.00105439 -0.00487068 
v 0.0340908 -0.00386679 1.57299e-16 
v 0.0348071 -0.00385667 1.13308e-17 
v 0.023947 -0.00338514 -8.5514e-16 
v 0.0257346 -0.00350817 -5.21047e-16 
v 0.0289498 -0.00372946 7.98669e-17 
v 0.0302307 -0.00376368 9.91604e-17 
v 0.0213182 -0.00308996 -8.2577e-16 
v 0.0190759 -0.00283818 -8.00717e-16 
v 0.0169811 -0.00250887 -2.43123e-17 
v 0.014329 -0.00209194 9.58669e-16 
v 0.00854265 -0.000857457 4.55101e-16 
v 0.00518534 -1.17732e-05 2.05499e-16 
v 0.0127227 -0.00176474 8.13787e-16 
v 0.0097002 -0.00114903 5.41159e-16 
v 0.0743264 0.00132265 0.00269758 
v 0.0743128 0.00138472 0.00110408 
v 0.0690837 0.000193928 -1.42626e-16 
v 0.0621204 -0.00124307 -5.72024e-16 
v 0.0639448 -0.000874076 -4.50941e-16 
v 0.0682433 -4.73411e-06 -1.65673e-16 
v 0.0588877 -0.00178153 -8.21519e-16 
v 0.05618 -0.00223255 -1.0305e-15 
v 0.0539116 -0.00252738 -1.16025e-15 
v 0.0504143 -0.00298194 -1.36029e-15 
v 0.0442004 -0.00353244 -1.32905e-15 
v 0.039464 -0.00378735 -9.2735e-16 
v 0.049016 -0.00311116 -1.36552e-15 
v 0.0448157 -0.00349932 -1.38124e-15 
v 0.0393768 -0.00379205 -9.19951e-16 
v 0.00444024 0.000212839 1.67868e-16 
v 0.00312698 0.00013091 0.00525 
v 0.00430755 -0.000203845 0.00525 
v 0.00579652 -0.000626046 0.00525 
v 0.00848595 -0.00130899 0.00525 
v 0.0111929 -0.00191856 0.00525 
v 0.00842433 -0.00129334 0.00525 
v 0.0139152 -0.00245562 0.00525 
v 0.0126235 -0.00220079 0.00525 
v 0.0166506 -0.0029212 0.00525 
v 0.0168985 -0.00295688 0.00525 
v 0.0193971 -0.00331652 0.00525 
v 0.0221526 -0.00364291 0.00525 
v 0.0212541 -0.00353649 0.00525 
v 0.0249152 -0.00390188 0.00525 
v 0.0276832 -0.00409501 0.00525 
v 0.0256879 -0.0039558 0.00525 
v 0.0304549 -0.00422396 0.00525 
v 0.0332288 -0.00429046 0.00525 
v 0.0302011 -0.00421215 0.00525 
v 0.0360034 -0.00429626 0.00525 
v 0.0347937 -0.00429373 0.00525 
v 0.0415512 -0.00413301 0.00525 
v 0.039465 -0.0041944 0.00525 
v 0.0443209 -0.0039676 0.00525 
v 0.0470869 -0.00374875 0.00525 
v 0.0442172 -0.0039738 0.00525 
v 0.0490459 -0.00353893 0.00525 
v 0.0526053 -0.00315767 0.00525 
v 0.0553553 -0.00278902 0.00525 
v 0.0580987 -0.00237387 0.00525 
v 0.0539581 -0.00297632 0.00525 
v 0.0589471 -0.00222432 0.00525 
v 0.0635642 -0.00141042 0.00525 
v 0.0640175 -0.00131611 0.00525 
v 0.0689975 -0.000279982 0.00525 
v 0.074343 0.00124726 0.00330503 
v 0.0743264 0.00132263 0.00269803 
v 0.0691673 -0.000239545 0.00525 
v 0.0743961 0.00100575 0.00525 
v 0.0743034 0.00142772 5.06665e-19 
v 0.0302229 -0.00389106 0.00269758 
v 0.0348038 -0.00397678 0.00269758 
v 0.0212998 -0.00322286 0.00269758 
v 0.0257215 -0.00363969 0.00269758 
v 0.0169573 -0.00264074 0.00269758 
v 0.0126939 -0.00189343 0.00269758 
v 0.00850934 -0.000981096 0.00269758 
v 0.0044033 9.61883e-05 0.00269758 
v 0.0691066 7.67956e-05 0.00269758 
v 0.0589062 -0.00191414 0.00269759 
v 0.0639665 -0.00100209 0.00269758 
v 0.0539258 -0.00265946 0.00269759 
v 0.0490254 -0.00323821 0.00269759 
v 0.044205 -0.00365054 0.00269759 
v 0.0394645 -0.00389666 0.00269758 
v 0.0743116 0.00139026 -0.00110417 
v 0.0743036 0.00142642 -0.000307641 
v 0.0691673 -0.000239546 -0.00525 
v 0.074342 0.00125149 -0.00330554 
v 0.0743274 0.00131794 -0.00269736 
v 0.0743287 0.0013121 -0.00282595 
v 0.0689975 -0.000279982 -0.00525 
v 0.0635642 -0.00141042 -0.00525 
v 0.0640175 -0.00131611 -0.00525 
v 0.0580987 -0.00237387 -0.00525 
v 0.0589471 -0.00222432 -0.00525 
v 0.0526638 -0.00315033 -0.00525 
v 0.0539565 -0.00296564 -0.00525 
v 0.0470796 -0.00374939 -0.00525 
v 0.0490458 -0.00353847 -0.00525 
v 0.0442154 -0.00394806 -0.00525 
v 0.0415429 -0.00413343 -0.00525 
v 0.0394651 -0.00419878 -0.00525 
v 0.0365536 -0.00429036 -0.00525 
v 0.0316082 -0.0042591 -0.00525 
v 0.0304355 -0.00422328 -0.00525 
v 0.0347938 -0.00427924 -0.00525 
v 0.0302012 -0.00421036 -0.00525 
v 0.0256403 -0.00395881 -0.00525 
v 0.0248944 -0.00390019 -0.00525 
v 0.0193748 -0.0033136 -0.00525 
v 0.0202405 -0.00342379 -0.00525 
v 0.0212549 -0.00352762 -0.00525 
v 0.014857 -0.00262416 -0.00525 
v 0.0138914 -0.00245124 -0.00525 
v 0.0169017 -0.00293619 -0.00525 
v 0.0126257 -0.00219046 -0.00525 
v 0.00950364 -0.00154717 -0.00525 
v 0.00430544 -0.000211174 -0.00525 
v 0.00421979 -0.00018867 -0.00525 
v 0.00846046 -0.00130288 -0.00525 
v 0.0743961 0.00100572 -0.00525 
v 0.0302229 -0.00389106 -0.00269758 
v 0.0348038 -0.00397678 -0.00269758 
v 0.0691066 7.67956e-05 -0.00269758 
v 0.0169573 -0.00264074 -0.00269758 
v 0.0126939 -0.00189343 -0.00269758 
v 0.0212998 -0.00322286 -0.00269758 
v 0.0257215 -0.00363969 -0.00269758 
v 0.00850934 -0.000981096 -0.00269758 
v 0.0044033 9.61883e-05 -0.00269758 
v 0.0539258 -0.00265946 -0.00269759 
v 0.0490254 -0.00323821 -0.00269759 
v 0.0589062 -0.00191414 -0.00269759 
v 0.0639665 -0.00100209 -0.00269758 
v 0.044205 -0.00365054 -0.00269759 
v 0.0394645 -0.00389666 -0.00269758 
v 0.0745436 0.000465327 0.00107557 
v 0.0745436 0.000441625 0.00323016 
v 0.0745436 0.000419405 0.00525 
v 0.0745436 0.000477159 -7.22224e-35 
v 0.0745436 0.000441625 -0.00323016 
v 0.0745436 0.000419405 -0.00525 
v 0.0745436 0.000465327 -0.00107557 
v 0.0278531 -0.00818312 -0.00525 
v 0.0230943 -0.0078295 -0.00525 
v 0.034283 -0.00835213 -0.00525 
v 0.0326586 -0.00835446 -0.00525 
v 0.0248201 -0.00795774 -0.00525 
v 0.0202037 -0.0074949 -0.00525 
v 0.0745436 -0.00315518 -0.00525 
v 0.0686266 -0.00453093 -0.00525 
v 0.0181288 -0.00725472 -0.00525 
v 0.0156635 -0.00686369 -0.00525 
v 0.0135697 -0.00653159 -0.00525 
v 0.0623611 -0.00577764 -0.00525 
v 0.0570304 -0.00665953 -0.00525 
v -0.00131936 -0.0027314 -0.00525 
v 0.0644847 -0.00535509 -0.00525 
v 0.0112009 -0.00605416 -0.00525 
v 0.00681641 -0.00506891 -0.00525 
v 0.00471167 -0.00455104 -0.00525 
v 0.0541165 -0.00704748 -0.00525 
v 0.0517342 -0.00736467 -0.00525 
v 0.0464724 -0.00788809 -0.00525 
v 0.00909893 -0.00563051 -0.00525 
v 0.0440489 -0.00804404 -0.00525 
v 0.041245 -0.00822447 -0.00525 
v 0.0375101 -0.00834749 -0.00525 
v 0.00251058 -0.00390775 -0.00525 
v 0.000400446 -0.00329103 -0.00525 
v -0.0015035 -0.00264124 -0.00525 
v -0.00152622 -0.00262674 -0.00525 
v -0.00138329 -0.00270661 -0.00525 
v -0.00139259 -0.002703 -0.00525 
v -0.00146149 -0.00266805 -0.00525 
v -0.00120198 -0.00222655 -7.81539e-20 
v -0.00126207 -0.00219064 -2.58599e-18 
v -0.00113899 -0.00225708 2.46884e-18 
v -0.00110885 -0.00234662 -0.00172932 
v -0.00111922 -0.00236563 -0.00223802 
v -0.0011244 -0.00237511 -0.00249168 
v -0.00113945 -0.00240263 -0.0027281 
v -0.00125942 -0.00262196 -0.00461275 
v -0.00119191 -0.00249853 -0.00355214 
v -0.00127015 -0.00264155 -0.00472683 
v -0.00107357 -0.00228198 0 
v -0.00130625 -0.00227437 -0.00223714 
v -0.00124231 -0.00230128 -0.00223751 
v -0.00117951 -0.00233173 -0.00223775 
v -0.0013252 -0.00230845 -0.00272808 
v -0.00126278 -0.00233921 -0.00272816 
v -0.00120008 -0.00236962 -0.00272845 
v -0.00145481 -0.00255018 -0.00472549 
v -0.00139564 -0.00258543 -0.00472495 
v -0.00133371 -0.00261555 -0.00472549 
v 0.034283 -0.00835213 0.00525 
v 0.0375101 -0.00834749 0.00525 
v 0.0278531 -0.00818312 0.00525 
v 0.0326586 -0.00835446 0.00525 
v 0.0248201 -0.00795774 0.00525 
v 0.0202037 -0.0074949 0.00525 
v 0.0230943 -0.0078295 0.00525 
v 0.0181288 -0.00725472 0.00525 
v 0.0541165 -0.00704748 0.00525 
v 0.0570304 -0.00665953 0.00525 
v 0.0623611 -0.00577764 0.00525 
v 0.0156635 -0.00686369 0.00525 
v 0.0135697 -0.00653159 0.00525 
v 0.0440489 -0.00804404 0.00525 
v 0.0464724 -0.00788809 0.00525 
v 0.0517342 -0.00736467 0.00525 
v 0.0644847 -0.00535509 0.00525 
v 0.00681641 -0.00506891 0.00525 
v 0.00909893 -0.00563051 0.00525 
v 0.0112009 -0.00605416 0.00525 
v 0.0745436 -0.00315518 0.00525 
v 0.041245 -0.00822447 0.00525 
v 0.0686266 -0.00453093 0.00525 
v -0.00138309 -0.00270623 0.00525 
v -0.0013585 -0.00271727 0.00525 
v -0.00142856 -0.00268582 0.00525 
v -0.00131936 -0.0027314 0.00525 
v 0.000400446 -0.00329103 0.00525 
v 0.00251058 -0.00390775 0.00525 
v 0.00471167 -0.00455104 0.00525 
v -0.00150371 -0.00264161 0.00525 
v -0.00149558 -0.00264741 0.00525 
v 0.0745436 -0.0027402 0.00231583 
v 0.0745436 -0.00267684 0.00155694 
v 0.0745436 -0.00270028 -0.00172982 
v 0.0745436 -0.00271655 -0.00216708 
v 0.0745436 -0.00263591 0 
v 0.0745436 -0.00280644 0.00310917 
v 0.0745436 -0.00288389 -0.00371583 
v 0.0745436 -0.00286649 -0.00355476 
v 0.0745436 -0.00296863 0.00410486 
v 0.00678314 -0.00456633 0 
v 0.00695062 -0.00460109 0 
v 0.0113304 -0.00551009 0 
v 0.0149157 -0.0062542 0 
v 0.0157614 -0.0063634 0 
v 0.0234567 -0.00735706 0 
v 0.0248793 -0.00743546 0 
v 0.0322838 -0.00784356 0 
v 0.0295558 -0.0076932 0 
v 0.034303 -0.00781284 0 
v 0.0416378 -0.00770121 0 
v 0.044031 -0.00750456 0 
v 0.0513063 -0.00690673 0 
v 0.0540632 -0.00650564 0 
v 0.061371 -0.00544247 0 
v 0.0643997 -0.00482077 0 
v 0.0202883 -0.00694794 0 
v 0.00268554 -0.00337494 0 
v 0.0717018 -0.00332188 0 
v 0.00259368 -0.00366082 -0.00355524 
v 0.00688898 -0.0048184 -0.00355524 
v 0.00693573 -0.00465488 -0.0017303 
v 0.00264737 -0.00349945 -0.0017303 
v 0.011263 -0.00580059 -0.00355524 
v 0.0113028 -0.00563526 -0.0017303 
v 0.0157151 -0.00660753 -0.00355524 
v 0.0157481 -0.0064407 -0.0017303 
v 0.0202447 -0.00723938 -0.00355524 
v 0.0248515 -0.0076964 -0.00355524 
v 0.0248712 -0.00752748 -0.0017303 
v 0.020271 -0.00707136 -0.0017303 
v 0.0342948 -0.00808717 -0.00355524 
v 0.0343018 -0.00791725 -0.0017303 
v 0.0440422 -0.00778248 -0.00355524 
v 0.0440373 -0.00761248 -0.0017303 
v 0.0540926 -0.00678508 -0.00355524 
v 0.0540767 -0.00661576 -0.0017303 
v 0.0644457 -0.00509755 -0.00355524 
v 0.0644196 -0.0049295 -0.0017303 
v -0.00127895 -0.00265756 0.00472384 
v -0.00115239 -0.00242634 0.0030762 
v -0.00114135 -0.00240612 0.00272846 
v -0.0012314 -0.00257068 0.00410477 
v -0.00112575 -0.00237754 0.00223677 
v -0.00107761 -0.00228939 0.000720248 
v -0.00112824 -0.00238211 0.00231529 
v 0.00263457 -0.00353793 0.00231676 
v 0.00692458 -0.00469387 0.00231676 
v 0.00686737 -0.00489396 0.00410888 
v 0.00256887 -0.00373539 0.00410888 
v 0.0112933 -0.00567469 0.00231676 
v 0.0112446 -0.005877 0.00410888 
v 0.0157402 -0.00648048 0.00231676 
v 0.0156998 -0.00668463 0.00410888 
v 0.0202648 -0.00711143 0.00231676 
v 0.0248665 -0.00756776 0.00231676 
v 0.0248424 -0.00777446 0.00410888 
v 0.0202326 -0.00731703 0.00410888 
v 0.0295451 -0.00784977 0.00231676 
v 0.0343001 -0.00795777 0.00231676 
v 0.0342915 -0.0081657 0.00410888 
v 0.0440384 -0.00765302 0.00231676 
v 0.0440445 -0.00786104 0.00410888 
v 0.0540805 -0.00665613 0.00231676 
v 0.0541 -0.00686333 0.00410888 
v 0.0644258 -0.00496957 0.00231676 
v 0.0644578 -0.00517521 0.00410888 
v -0.00118475 -0.00233999 0.00223703 
v -0.00124231 -0.00230127 0.0022374 
v -0.00120281 -0.00237451 0.00272808 
v -0.00130223 -0.00226548 0.00223764 
v -0.00126278 -0.00233921 0.00272816 
v -0.00132261 -0.00230348 0.00272845 
v -0.0013337 -0.00261553 0.00472537 
v -0.00139563 -0.00258541 0.00472483 
v -0.0014548 -0.00255017 0.00472537 
vn 0 1 0 
vn -0.0466452 0.948089 0.314565 
vn -0.0469068 0.929224 0.366529 
vn 0.0140277 0.930335 0.366443 
vn -0.499854 0.806935 0.314646 
vn -0.490197 0.79075 0.366636 
vn -0.42165 0.829344 0.366606 
vn -0.0456962 0.991467 0.122089 
vn -0.0458975 0.984837 0.167301 
vn 0.0191602 0.985726 0.167262 
vn -0.288018 0.904474 0.314599 
vn -0.283099 0.886272 0.366574 
vn -0.230342 0.901457 0.366493 
vn -0.0461304 0.975611 0.214606 
vn -0.0463832 0.963463 0.263794 
vn 0.0170784 0.964445 0.263732 
vn -0.173527 0.933269 0.314479 
vn -0.171226 0.914553 0.366434 
vn -0.108582 0.924068 0.366482 
vn -0.109665 0.942895 0.314521 
vn 0.0156787 0.949131 0.314491 
vn -0.110504 0.958239 0.263755 
vn -0.233906 0.919977 0.314532 
vn -0.175353 0.948527 0.26372 
vn -0.236759 0.935079 0.263764 
vn -0.17675 0.960588 0.214544 
vn -0.111124 0.970366 0.214573 
vn 0.0182356 0.976541 0.214556 
vn -0.111557 0.979579 0.167274 
vn -0.238967 0.947021 0.214581 
vn -0.177771 0.969755 0.167252 
vn -0.240604 0.9561 0.167281 
vn -0.295083 0.931054 0.214625 
vn -0.291985 0.919317 0.263819 
vn -0.387299 0.866623 0.314586 
vn -0.380189 0.849169 0.366563 
vn -0.333433 0.868594 0.366561 
vn -0.339503 0.886439 0.314585 
vn -0.344413 0.900992 0.263806 
vn -0.393058 0.880859 0.263806 
vn -0.429719 0.846377 0.314623 
vn -0.436265 0.860269 0.263837 
vn -0.397577 0.892118 0.214613 
vn -0.348258 0.9125 0.214613 
vn -0.297403 0.939977 0.167315 
vn -0.351151 0.92125 0.167305 
vn -0.400984 0.900678 0.167304 
vn -0.441411 0.871256 0.214637 
vn -0.445296 0.87961 0.167323 
vn -0.241747 0.96263 0.122074 
vn -0.300104 0.950621 0.0791058 
vn -0.178471 0.976346 0.122052 
vn -0.111837 0.986201 0.122069 
vn -0.111998 0.990556 0.079087 
vn -0.178906 0.980683 0.0790763 
vn -0.242474 0.966929 0.0790903 
vn -0.179194 0.983814 -3.77892e-14 
vn -0.209481 0.977813 -4.27965e-14 
vn -0.300849 0.953672 1.24597e-14 
vn -0.403411 0.906837 0.122089 
vn -0.354542 0.931688 0.0791007 
vn -0.353207 0.927545 0.12209 
vn -0.404992 0.910892 0.0791 
vn -0.448071 0.88562 0.122103 
vn -0.449883 0.889577 0.079109 
vn -0.405854 0.913131 0.0384005 
vn -0.308768 0.951137 2.0131e-14 
vn -0.355487 0.934681 4.12751e-14 
vn -0.355267 0.933976 0.0384008 
vn -0.399352 0.916798 3.16217e-14 
vn -0.450874 0.891761 0.0384048 
vn -0.451176 0.892435 6.1796e-15 
vn -0.521925 0.844206 0.12211 
vn -0.518571 0.838501 0.167333 
vn -0.595973 0.738781 0.314672 
vn -0.584227 0.72404 0.366667 
vn -0.544129 0.754641 0.366662 
vn -0.513888 0.830568 0.214651 
vn -0.507703 0.820133 0.263855 
vn -0.554993 0.770043 0.314668 
vn -0.563833 0.7826 0.263873 
vn -0.570807 0.792527 0.214665 
vn -0.576093 0.80007 0.167344 
vn -0.613083 0.760294 0.214667 
vn -0.605535 0.750797 0.263875 
vn -0.61881 0.767509 0.167345 
vn -0.579885 0.805494 0.122118 
vn -0.625619 0.776107 0.0791185 
vn -0.525327 0.850033 0.0384069 
vn -0.524121 0.847961 0.0791134 
vn -0.582372 0.809063 0.0791182 
vn -0.538383 0.8427 1.36177e-13 
vn -0.525697 0.850672 9.56055e-14 
vn -0.475713 0.8796 0 
vn -0.588932 0.808183 8.37147e-14 
vn -0.584161 0.811638 1.25776e-13 
vn -0.627497 0.778619 -4.03716e-13 
vn -0.047642 0.85014 0.524397 
vn -0.0478815 0.816297 0.575644 
vn 0.00479578 0.817779 0.575512 
vn -0.0979435 0.754461 0.648996 
vn -0.0966659 0.734 0.672234 
vn -0.00146802 0.740456 0.672103 
vn -0.0953696 0.712899 0.694752 
vn -0.0940675 0.691225 0.716491 
vn -0.00506061 0.697739 0.716335 
vn -0.184451 0.672736 0.716522 
vn -0.180071 0.650965 0.737441 
vn -0.0927748 0.66905 0.737404 
vn -0.188747 0.694016 0.694778 
vn -0.0032224 0.719381 0.694608 
vn -0.192938 0.714734 0.672258 
vn -0.256632 0.648374 0.716764 
vn -0.270865 0.688784 0.672465 
vn -0.197007 0.734824 0.649016 
vn -0.284217 0.726795 0.625292 
vn -0.099191 0.774218 0.625097 
vn 0.00180867 0.780632 0.624988 
vn -0.0480084 0.798072 0.600647 
vn 0.0033374 0.799611 0.600509 
vn 0.000207749 0.760894 0.648876 
vn -0.152003 0.765661 0.625027 
vn -0.154469 0.784533 0.60054 
vn -0.101559 0.811398 0.575603 
vn -0.100399 0.793215 0.600609 
vn -0.15683 0.802598 0.575535 
vn -0.204711 0.772879 0.600626 
vn -0.200936 0.754224 0.625116 
vn -0.208319 0.790738 0.575619 
vn -0.290509 0.744754 0.600787 
vn -0.356629 0.694051 0.625387 
vn -0.339035 0.657802 0.672571 
vn -0.372851 0.727584 0.575851 
vn -0.296522 0.76195 0.575767 
vn -0.41278 0.662131 0.625456 
vn -0.391901 0.62766 0.672649 
vn -0.432052 0.694016 0.575911 
vn -0.449523 0.722986 0.524614 
vn -0.0471612 0.906666 0.419205 
vn -0.0474053 0.880305 0.472035 
vn 0.00994582 0.881582 0.471925 
vn -0.302242 0.778339 0.550307 
vn 0.00750613 0.851515 0.524276 
vn -0.161204 0.836144 0.524287 
vn -0.103711 0.845163 0.524351 
vn -0.214995 0.823904 0.524365 
vn -0.21175 0.807758 0.550172 
vn -0.165074 0.866046 0.471927 
vn -0.105609 0.875258 0.471986 
vn -0.220904 0.853474 0.471999 
vn -0.218048 0.839149 0.498281 
vn -0.312756 0.808572 0.498393 
vn -0.307656 0.793889 0.524489 
vn -0.387541 0.758054 0.524562 
vn -0.400593 0.78523 0.472165 
vn -0.317536 0.822369 0.472101 
vn -0.321992 0.835271 0.445695 
vn 0.0121184 0.907855 0.419108 
vn -0.168415 0.892182 0.419103 
vn -0.107233 0.901559 0.419156 
vn -0.226018 0.879325 0.419169 
vn -0.223561 0.866867 0.445602 
vn -0.228278 0.890852 0.392775 
vn -0.280262 0.875849 0.392863 
vn -0.277164 0.864522 0.419264 
vn -0.406488 0.797541 0.445753 
vn -0.41196 0.808994 0.419306 
vn -0.417012 0.819592 0.3929 
vn -0.326125 0.847272 0.419253 
vn -0.329937 0.858376 0.39285 
vn -0.465066 0.748821 0.472208 
vn -0.478622 0.771409 0.419343 
vn -0.498455 0.690131 0.524655 
vn -0.478865 0.662543 0.575956 
vn -0.515896 0.714728 0.472244 
vn -0.57017 0.706417 0.419381 
vn -0.55373 0.685828 0.472253 
vn -0.531119 0.736232 0.419374 
vn 0.346366 0.69917 0.625453 
vn 0.32796 0.663319 0.672644 
vn 0.375948 0.637307 0.672683 
vn 0.363416 0.732296 0.575909 
vn 0.396741 0.671835 0.625487 
vn 0.433483 0.732699 0.524639 
vn 0.415986 0.70374 0.575939 
vn 0.455451 0.678838 0.575972 
vn 0.462757 0.78102 0.419361 
vn 0.449096 0.758493 0.47223 
vn 0.491417 0.731767 0.472256 
vn 0.378931 0.76236 0.524614 
vn 0.474462 0.70683 0.524669 
vn 0.392787 0.789137 0.472209 
vn 0.404924 0.812519 0.419344 
vn 0.474462 0.800283 0.36665 
vn 0.506243 0.753548 0.419384 
vn 0.415334 0.832511 0.366637 
vn 0.310728 0.792658 0.524539 
vn 0.297648 0.761465 0.575827 
vn 0.283288 0.727095 0.625364 
vn 0.267799 0.6899 0.672549 
vn 0.25137 0.650325 0.716861 
vn 0.308422 0.625173 0.716962 
vn 0.19025 0.715277 0.672446 
vn 0.177562 0.674356 0.716739 
vn 0.202215 0.753748 0.625279 
vn 0.257339 0.776053 0.575776 
vn 0.158719 0.764091 0.625278 
vn 0.14884 0.725031 0.672441 
vn 0.0944657 0.691073 0.716585 
vn 0.0509538 0.738673 0.672136 
vn 0.0449006 0.696252 0.716392 
vn 0.0565784 0.778571 0.625 
vn 0.102713 0.733114 0.672305 
vn 0.167879 0.800197 0.575761 
vn 0.110447 0.772652 0.625149 
vn 0.117601 0.809203 0.575639 
vn 0.0617553 0.815461 0.575509 
vn 0.176234 0.832978 0.52449 
vn 0.213318 0.789302 0.575758 
vn 0.332681 0.844703 0.419286 
vn 0.322424 0.820441 0.472143 
vn 0.269017 0.807797 0.524495 
vn 0.279469 0.836071 0.472105 
vn 0.223445 0.821577 0.524485 
vn 0.232518 0.850327 0.4721 
vn 0.288647 0.860761 0.419254 
vn 0.341493 0.865446 0.366587 
vn 0.296541 0.881871 0.366561 
vn 0.240495 0.875436 0.419254 
vn 0.247367 0.896906 0.366564 
vn 0.190309 0.887695 0.419261 
vn 0.183722 0.862184 0.472107 
vn 0.0664639 0.84896 0.524262 
vn 0.124118 0.842393 0.524375 
vn 0.129959 0.871967 0.472001 
vn 0.0706878 0.878812 0.471902 
vn 0.0744187 0.904894 0.41908 
vn 0.195989 0.909513 0.366571 
vn 0.135103 0.897802 0.419165 
vn 0.139546 0.9199 0.366485 
vn 0.077658 0.927206 0.366413 
vn 0.348893 0.882778 0.314606 
vn 0.484266 0.81638 0.314658 
vn 0.518938 0.772176 0.366671 
vn 0.529563 0.787745 0.314675 
vn 0.553373 0.74788 0.366679 
vn 0.538228 0.800424 0.263878 
vn 0.564651 0.762983 0.314682 
vn 0.424063 0.849216 0.314648 
vn 0.492267 0.829487 0.263864 
vn 0.431196 0.862815 0.263857 
vn 0.498599 0.839834 0.214659 
vn 0.586635 0.792372 0.16735 
vn 0.550289 0.818033 0.167347 
vn 0.54508 0.810435 0.21467 
vn 0.573846 0.775285 0.263884 
vn 0.436849 0.873548 0.214653 
vn 0.503417 0.847685 0.167339 
vn 0.441157 0.881691 0.167335 
vn 0.359764 0.908023 0.214625 
vn 0.354952 0.896888 0.263822 
vn 0.200783 0.927747 0.314597 
vn 0.303182 0.89951 0.314584 
vn 0.308628 0.913868 0.263805 
vn 0.253159 0.914846 0.314589 
vn 0.257919 0.929452 0.263811 
vn 0.0804163 0.945858 0.314461 
vn 0.143305 0.938371 0.314521 
vn 0.204729 0.942596 0.263817 
vn 0.146409 0.953414 0.263753 
vn 0.0827128 0.961051 0.263704 
vn 0.207883 0.954317 0.214623 
vn 0.312963 0.925201 0.214612 
vn 0.363439 0.916471 0.167313 
vn 0.316281 0.933796 0.167303 
vn 0.261717 0.94098 0.214618 
vn 0.264632 0.949725 0.167309 
vn 0.0845729 0.973049 0.214531 
vn 0.1489 0.965292 0.21457 
vn 0.21031 0.963211 0.167313 
vn 0.150825 0.974306 0.167271 
vn 0.0860261 0.982156 0.167241 
vn 0.366097 0.922532 0.122096 
vn 0.556501 0.827071 0.0791195 
vn 0.509172 0.857021 0.0791157 
vn 0.506886 0.85332 0.122114 
vn 0.444264 0.887535 0.122111 
vn 0.446316 0.891372 0.0791143 
vn 0.551544 0.834146 3.21493e-15 
vn 0.558282 0.829651 5.3481e-14 
vn 0.593216 0.801146 0.079121 
vn 0.587652 0.809114 -1.42263e-14 
vn 0.5951 0.803652 7.12633e-15 
vn 0.506124 0.86246 -1.484e-13 
vn 0.448376 0.893845 -1.70499e-14 
vn 0.447451 0.893483 0.0384074 
vn 0.510825 0.859685 -1.53931e-13 
vn 0.447802 0.894133 -1.62377e-14 
vn 0.368834 0.928702 0.0384024 
vn 0.367857 0.926512 0.0791041 
vn 0.266752 0.956 0.122093 
vn 0.213262 0.973787 0.079105 
vn 0.318687 0.939964 0.122089 
vn 0.320284 0.944013 0.0790998 
vn 0.268164 0.96012 0.0791028 
vn 0.0871039 0.988695 0.122044 
vn 0.153183 0.985028 0.0790851 
vn 0.152235 0.980777 0.122066 
vn 0.0198626 0.992324 0.12206 
vn 0.0878379 0.992992 0.0790712 
vn 0.214133 0.976804 3.01181e-14 
vn 0.268954 0.962387 0.0384019 
vn 0.321174 0.946241 0.0384004 
vn 0.381337 0.924436 -3.28514e-14 
vn 0.321451 0.946926 -8.67246e-14 
vn 0.29843 0.954431 -9.1901e-14 
vn 0.209109 0.977892 4.0117e-14 
vn 0.612379 0.774618 0.157986 
vn 0.618004 0.782081 0.0801253 
vn 0.611448 0.773386 0.167351 
vn 0.618053 0.782145 0.0791209 
vn 0.614632 0.788814 1.25063e-16 
vn 0.619932 0.784655 -8.92419e-15 
vn 0.0921916 0.994774 0.0438834 
vn 0.0881839 0.994946 0.0480132 
vn 0.153887 0.988088 9.32054e-14 
vn 0.106188 0.994135 0.0205073 
vn 0.10311 0.994285 0.0276589 
vn 0.10895 0.993993 0.0103634 
vn 0.0981881 0.994514 0.0360704 
vn 0.109897 0.993943 8.71349e-14 
vn 0.0395879 0.996301 0.076265 
vn 0.0314769 0.996425 0.0783985 
vn 0.058483 0.9959 0.0690132 
vn 0.0553905 0.995977 0.0704434 
vn 0.0665945 0.995678 0.0647304 
vn 0.0475576 0.996152 0.0736227 
vn 0.0852077 0.995053 0.0510895 
vn 0.081506 0.99519 0.0543425 
vn 0.0742798 0.99544 0.0598488 
vn 0.0277194 0.996473 0.0792088 
vn 0.0283184 0.996466 0.0790795 
vn -0.0204615 0.996548 0.0804623 
vn -0.028015 0.996473 0.0790968 
vn -0.012154 0.996604 0.0814403 
vn -0.00367105 0.996632 0.0819173 
vn 0.0115419 0.996607 0.0814888 
vn 0.00350019 0.996633 0.0819197 
vn 0.0196064 0.996554 0.0805923 
vn 0.0203404 0.99655 0.0804669 
vn -0.045538 0.995826 0.0791002 
vn -0.0286258 0.996465 0.0789861 
vn -0.0307606 0.996438 0.078512 
vn -0.0395075 0.996312 0.0761645 
vn -0.107502 0.994074 0.016102 
vn -0.109585 0.993963 0.00541743 
vn -0.112089 0.993698 -1.44107e-14 
vn -0.0964777 0.99461 0.0379838 
vn -0.102205 0.994342 0.0289423 
vn -0.103382 0.994285 0.0266563 
vn -0.0893566 0.994915 0.0464625 
vn -0.0718496 0.995547 0.0610241 
vn -0.0798432 0.995279 0.0551843 
vn -0.0819153 0.995204 0.053473 
vn -0.0479212 0.996161 0.0732611 
vn -0.0549782 0.996008 0.0703213 
vn -0.0455225 0.996213 0.0740811 
vn -0.0632212 0.9958 0.0662202 
vn -0.627561 0.778567 -4.04615e-13 
vn -0.657678 0.753258 0.00784397 
vn -0.656375 0.752369 0.0557886 
vn -0.657704 0.753276 -2.24695e-13 
vn -0.645865 0.744955 0.167033 
vn -0.645818 0.744925 0.167349 
vn -0.647732 0.746285 0.153306 
vn -0.654978 0.751494 0.0791209 
vn -0.653079 0.750071 0.104314 
vn -0.638128 0.739434 0.214546 
vn -0.628442 0.732536 0.261632 
vn -0.627913 0.732183 0.263881 
vn -0.616738 0.724283 0.308299 
vn -0.614929 0.723077 0.314677 
vn -0.604089 0.715514 0.35088 
vn -0.598783 0.712048 0.366671 
vn -0.587684 0.704448 0.397971 
vn -0.579127 0.699092 0.419383 
vn -0.566594 0.69085 0.449108 
vn -0.555534 0.684367 0.472254 
vn -0.542712 0.676477 0.497838 
vn -0.527223 0.668402 0.524666 
vn -0.549766 0.680866 0.483921 
vn -0.510283 0.658989 0.55258 
vn -0.493543 0.651671 0.575969 
vn -0.474353 0.642569 0.601742 
vn -0.452341 0.63572 0.625498 
vn -0.461924 0.638717 0.615359 
vn -0.421452 0.627258 0.654924 
vn -0.39528 0.625536 0.672651 
vn -0.43295 0.62956 0.645143 
vn -0.390399 0.625183 0.675821 
vn -0.364703 0.623016 0.691984 
vn -0.33294 0.624208 0.706764 
vn -0.302205 0.628358 0.716825 
vn -0.323331 0.625534 0.710045 
vn -0.278456 0.63121 0.723903 
vn -0.21102 0.642125 0.736984 
vn -0.179273 0.646989 0.741125 
vn -0.25234 0.636206 0.729085 
vn -0.136069 0.651927 0.745974 
vn -0.107697 0.654444 0.748401 
vn -0.0920105 0.65553 0.749543 
vn -0.0383242 0.656204 0.75361 
vn -0.0244624 0.656965 0.753524 
vn -0.00860739 0.657561 0.753352 
vn 0.0215288 0.657511 0.753138 
vn 0.0391971 0.657091 0.752791 
vn 0.0870498 0.653513 0.751893 
vn 0.0994527 0.652031 0.751641 
vn 0.166722 0.642651 0.747799 
vn 0.230137 0.631265 0.740636 
vn 0.258197 0.626537 0.735382 
vn 0.242637 0.629245 0.738362 
vn 0.34179 0.623858 0.702838 
vn 0.319227 0.622349 0.714686 
vn 0.313006 0.622887 0.716965 
vn 0.386439 0.634 0.669857 
vn 0.424556 0.65121 0.629029 
vn 0.382841 0.633182 0.672691 
vn 0.427171 0.652877 0.62552 
vn 0.445943 0.664829 0.599281 
vn 0.459109 0.672784 0.580156 
vn 0.461644 0.67464 0.575974 
vn 0.487015 0.692413 0.532335 
vn 0.491014 0.695429 0.524675 
vn 0.499244 0.701515 0.508559 
vn 0.51596 0.714668 0.472265 
vn 0.525152 0.721585 0.451144 
vn 0.537426 0.73163 0.419394 
vn 0.546609 0.738817 0.394167 
vn 0.5482 0.740031 0.389653 
vn 0.555615 0.746216 0.36668 
vn 0.568188 0.756146 0.324661 
vn 0.570874 0.758339 0.314683 
vn 0.577507 0.763571 0.288869 
vn 0.600509 0.780857 0.172198 
vn 0.583268 0.768221 0.263885 
vn 0.591546 0.77441 0.224415 
vn 0.610944 0.77272 0.172198 
vn 0.371989 0.630728 0.681034 
vn 0.307481 0.623332 0.718966 
vn -0.109852 0.993948 -1.35053e-14 
vn 0.269201 0.963084 -7.688e-14 
vn 0.369137 0.929375 -4.61405e-14 
vn -0.406116 0.913821 2.88925e-14 
vn -0.242973 0.970033 -3.8147e-14 
vn 0.652586 0.708923 0.267508 
vn 0.591546 0.77441 0.224415 
vn 0.571071 0.780394 0.254683 
vn 0.631986 0.698183 0.336353 
vn 0.707184 0.636437 0.30796 
vn 0.754801 0.557668 0.345372 
vn 0.680463 0.626164 0.380644 
vn 0.794966 0.473395 0.379375 
vn 0.722476 0.548197 0.421318 
vn 0.827285 0.384449 0.409633 
vn 0.757627 0.465023 0.457991 
vn 0.851436 0.291707 0.435847 
vn 0.785581 0.377432 0.490313 
vn 0.867183 0.196086 0.457759 
vn 0.806074 0.286256 0.517979 
vn 0.87437 0.0985294 0.475152 
vn 0.81891 0.192362 0.540724 
vn 0.823969 0.0966398 0.558334 
vn 0.848091 0.000261187 0.529851 
vn 0.8212 0 0.57064 
vn 0.577507 0.763571 0.288869 
vn 0.567849 0.761715 0.31199 
vn 0.618559 0.690876 0.374266 
vn 0.663203 0.619209 0.420406 
vn 0.701707 0.54181 0.462654 
vn 0.733715 0.459394 0.500619 
vn 0.75893 0.372725 0.533949 
vn 0.777118 0.282606 0.562335 
vn 0.788112 0.18987 0.585515 
vn 0.79181 0.0953766 0.603275 
vn 0.789525 7.12513e-05 0.613719 
vn 0.788176 0 0.615449 
vn 0.568188 0.756146 0.324661 
vn 0.544447 0.76005 0.354827 
vn 0.590335 0.675125 0.442392 
vn 0.627293 0.604298 0.491251 
vn 0.65875 0.528172 0.535801 
vn 0.684429 0.447414 0.575654 
vn 0.704107 0.362732 0.610458 
vn 0.71761 0.27487 0.639908 
vn 0.72482 0.184597 0.663747 
vn 0.725674 0.0927049 0.681765 
vn 0.721147 0.000163491 0.692782 
vn 0.720163 0 0.693804 
vn 0.558685 0.657252 0.505856 
vn 0.526556 0.747278 0.405356 
vn 0.5482 0.740031 0.389653 
vn 0.543442 0.743113 0.390453 
vn 0.587605 0.587494 0.556392 
vn 0.611674 0.512884 0.602333 
vn 0.630692 0.43404 0.643302 
vn 0.644503 0.351612 0.678959 
vn 0.652993 0.266281 0.70901 
vn 0.656091 0.178752 0.733207 
vn 0.653772 0.0897463 0.75135 
vn 0.524164 0.637972 0.564131 
vn 0.507302 0.729843 0.45823 
vn 0.525152 0.721585 0.451144 
vn 0.545024 0.569486 0.615334 
vn 0.561661 0.496588 0.661768 
vn 0.573947 0.419843 0.703077 
vn 0.581787 0.339845 0.738938 
vn 0.585119 0.257215 0.769075 
vn 0.583919 0.172591 0.793253 
vn 0.578195 0.0866313 0.811286 
vn 0.567991 0 0.823035 
vn 0.643289 0.00087699 0.765623 
vn 0.499244 0.701515 0.508559 
vn 0.489806 0.698231 0.522077 
vn 0.508234 0.629278 0.587968 
vn 0.525626 0.561404 0.639174 
vn 0.539059 0.489301 0.685565 
vn 0.548432 0.413513 0.726794 
vn 0.553675 0.334611 0.762548 
vn 0.554748 0.253188 0.792559 
vn 0.551643 0.169859 0.816602 
vn 0.544383 0.0852506 0.834494 
vn 0.533023 0 0.846101 
vn 0.565255 0.00041118 0.824916 
vn 0.487015 0.692413 0.532335 
vn 0.460218 0.679413 0.571487 
vn 0.472686 0.610628 0.635375 
vn 0.482909 0.544138 0.686085 
vn 0.489704 0.473786 0.731926 
vn 0.493024 0.400073 0.772573 
vn 0.492845 0.323519 0.807737 
vn 0.489169 0.24467 0.837168 
vn 0.482021 0.164085 0.860658 
vn 0.471452 0.0823344 0.87804 
vn 0.483046 0.00656681 0.87557 
vn 0.457537 0 0.889191 
vn 0.430078 0.590274 0.683089 
vn 0.441106 0.684793 0.580072 
vn 0.426312 0.658242 0.620465 
vn 0.459109 0.672784 0.580156 
vn 0.432733 0.525402 0.732594 
vn 0.432504 0.457028 0.777217 
vn 0.429391 0.385608 0.816658 
vn 0.423416 0.311617 0.850655 
vn 0.414618 0.235549 0.878981 
vn 0.403057 0.15791 0.901448 
vn 0.388809 0.0792192 0.917906 
vn 0.388403 0.00656318 0.921466 
vn 0.371969 0 0.928245 
vn 0.424556 0.65121 0.629029 
vn 0.386439 0.634 0.669857 
vn 0.385237 0.574131 0.722472 
vn 0.381589 0.510614 0.770495 
vn 0.375515 0.443853 0.813624 
vn 0.367055 0.374271 0.851582 
vn 0.356263 0.302311 0.884129 
vn 0.343208 0.22843 0.911059 
vn 0.327972 0.153098 0.932199 
vn 0.310651 0.076793 0.947417 
vn 0.296243 0.00201711 0.95511 
vn 0.291357 0 0.956614 
vn 0.335453 0.564639 0.754092 
vn 0.371956 0.646299 0.666293 
vn 0.382687 0.638952 0.667301 
vn 0.327044 0.501935 0.80069 
vn 0.316616 0.436131 0.842344 
vn 0.304234 0.367635 0.878798 
vn 0.289973 0.296869 0.909826 
vn 0.273922 0.224271 0.935238 
vn 0.25618 0.150288 0.954875 
vn 0.236856 0.0753765 0.968616 
vn 0.34179 0.623858 0.702838 
vn 0.319227 0.622349 0.714686 
vn 0.311253 0.563212 0.76545 
vn 0.301368 0.500619 0.811516 
vn 0.289634 0.434952 0.852601 
vn 0.276121 0.366616 0.888453 
vn 0.260914 0.29603 0.918852 
vn 0.244106 0.223627 0.943612 
vn 0.225799 0.149852 0.962579 
vn 0.206107 0.0751566 0.975639 
vn 0.185149 0 0.98271 
vn 0.202162 8.59573e-05 0.979352 
vn 0.248269 0.567012 0.785404 
vn 0.308 0.628839 0.713931 
vn 0.313314 0.626346 0.713811 
vn 0.236817 0.504005 0.8306 
vn 0.223909 0.4379 0.870694 
vn 0.209626 0.369106 0.905438 
vn 0.194055 0.298043 0.934619 
vn 0.177291 0.22515 0.958058 
vn 0.159438 0.150873 0.975611 
vn 0.140606 0.0756688 0.98717 
vn 0.12091 0 0.992663 
vn 0.258197 0.626537 0.735382 
vn 0.242561 0.62886 0.738715 
vn 0.22043 0.571347 0.790553 
vn 0.209361 0.5079 0.835587 
vn 0.196999 0.441317 0.87546 
vn 0.18342 0.372008 0.909927 
vn 0.168709 0.300401 0.938774 
vn 0.152955 0.22694 0.961823 
vn 0.136257 0.152076 0.978931 
vn 0.118717 0.0762737 0.989994 
vn 0.106838 -0.00267081 0.994273 
vn 0.100445 0 0.994943 
vn 0.230137 0.631265 0.740636 
vn 0.166722 0.642651 0.747799 
vn 0.158885 0.581788 0.797671 
vn 0.150055 0.517286 0.842555 
vn 0.140287 0.44955 0.88217 
vn 0.129641 0.379003 0.916269 
vn 0.118185 0.306086 0.944639 
vn 0.10599 0.231255 0.967102 
vn 0.0931317 0.154978 0.983518 
vn 0.0796914 0.0777321 0.993784 
vn 0.0657527 0 0.997836 
vn 0.0994527 0.652031 0.751641 
vn 0.0946753 0.590387 0.801548 
vn 0.0893002 0.525016 0.846394 
vn 0.0833612 0.45633 0.885897 
vn 0.076896 0.384763 0.919807 
vn 0.0699452 0.310766 0.947909 
vn 0.0625529 0.234808 0.970027 
vn 0.0547656 0.157367 0.98602 
vn 0.0466326 0.0789327 0.995789 
vn 0.0382051 0 0.99927 
vn 0.0867565 0.648599 0.756169 
vn 0.0390662 0.650912 0.758147 
vn 0.0214584 0.595421 0.803127 
vn 0.0212517 0.529549 0.848013 
vn 0.0209099 0.460312 0.887511 
vn 0.0204352 0.38815 0.92137 
vn 0.0198308 0.313521 0.949374 
vn 0.0191003 0.236901 0.971346 
vn 0.0182484 0.158775 0.987146 
vn 0.0172806 0.0796406 0.996674 
vn 0.016203 0 0.999869 
vn 0.0215288 0.657511 0.753138 
vn -0.00852378 0.654693 0.755847 
vn -0.0216275 0.594926 0.803489 
vn -0.0186552 0.529108 0.84835 
vn -0.0155644 0.459928 0.88782 
vn -0.0123747 0.387825 0.92165 
vn -0.00910634 0.313259 0.949624 
vn -0.00578014 0.236703 0.971565 
vn -0.00241722 0.158642 0.987333 
vn 0.000961058 0.0795739 0.996829 
vn 0.00433323 0 0.999991 
vn 0.896777 -0.000965484 0.442481 
vn 0.912197 -1.47141e-14 0.409752 
vn 0.912976 0.01988 0.407529 
vn 0.872925 0 0.487855 
vn 0.912375 0.0998187 0.397 
vn 0.911885 0.109717 0.395509 
vn 0.903256 0.198607 0.380373 
vn 0.903133 0.199482 0.380207 
vn 0.890731 0.269756 0.365829 
vn 0.867832 0.357944 0.344592 
vn 0.857662 0.389087 0.336194 
vn 0.836905 0.443991 0.320098 
vn 0.779036 0.561114 0.279739 
vn 0.777509 0.563725 0.278736 
vn 0.797558 0.52778 0.292146 
vn 0.727451 0.640221 0.246845 
vn 0.668026 0.713583 0.211045 
vn 0.666305 0.715488 0.210034 
vn 0.600509 0.780857 0.172198 
vn -0.0244624 0.656965 0.753524 
vn -0.0374363 0.640341 0.767178 
vn -0.0356899 0.609258 0.792169 
vn -0.0383242 0.656204 0.75361 
vn -0.0343956 0.586323 0.809347 
vn -0.0311275 0.528748 0.848208 
vn -0.0348416 0.594215 0.803551 
vn -0.0311109 0.528457 0.84839 
vn -0.0261919 0.442673 0.896301 
vn -0.0256361 0.433045 0.901008 
vn -0.0229881 0.387324 0.921657 
vn -0.0208663 0.350862 0.936195 
vn -0.0175224 0.293731 0.955728 
vn -0.0158867 0.265932 0.963861 
vn -0.0141431 0.236383 0.971557 
vn -0.0119169 0.198783 0.979971 
vn -0.00609964 0.101257 0.994842 
vn -0.0054436 0.0903236 0.995898 
vn -0.00479131 0.0794626 0.996826 
vn -6.41833e-05 0.00106356 0.999999 
vn 5.68143e-17 -9.43055e-16 1 
vn 0.21607 0 0.976378 
vn 0.646056 0 0.76329 
vn -1 0 5.18029e-14 
vn -0.999906 0 0.0136944 
vn -0.99423 0.106423 0.0134523 
vn -0.994321 0.106427 1.48502e-14 
vn -0.977261 0.211638 0.0130574 
vn -0.977347 0.211645 -2.22712e-14 
vn -0.949192 0.314449 0.0125141 
vn -0.949271 0.314458 -5.91396e-14 
vn -0.910342 0.413688 0.0118288 
vn -0.910413 0.4137 -9.53362e-14 
vn -0.861152 0.508228 0.0110091 
vn -0.861214 0.508243 -1.3045e-13 
vn -0.802181 0.596996 0.0100644 
vn -0.802232 0.597012 -1.64082e-13 
vn -0.734098 0.678983 0.00900531 
vn -0.734138 0.679001 -1.9585e-13 
vn -0.657678 0.753258 0.00784397 
vn -0.99504 0 0.0994762 
vn -0.989543 0.106258 0.0975383 
vn -0.97284 0.211314 0.0944958 
vn -0.945119 0.313976 0.0903831 
vn -0.906695 0.413082 0.0852469 
vn -0.858003 0.50751 0.0791452 
vn -0.799594 0.596191 0.0721472 
vn -0.73213 0.67812 0.0643322 
vn -0.656375 0.752369 0.0557886 
vn -0.976976 0.105837 0.185248 
vn -0.994366 0.000937842 0.105999 
vn -0.961039 0.210483 0.17917 
vn -0.934297 0.312764 0.171077 
vn -0.897053 0.411528 0.161061 
vn -0.849724 0.505667 0.149235 
vn -0.792842 0.59412 0.135731 
vn -0.727047 0.675895 0.120701 
vn -0.653079 0.750071 0.104314 
vn -0.641531 0.763223 0.0769971 
vn -0.955604 0.105152 0.275253 
vn -0.979317 0.00200368 0.202323 
vn -0.98193 0 0.189244 
vn -0.941054 0.209135 0.265859 
vn -0.916046 0.310794 0.253509 
vn -0.880859 0.408999 0.238343 
vn -0.835883 0.50266 0.220528 
vn -0.781618 0.590734 0.200263 
vn -0.718668 0.672245 0.177772 
vn -0.647732 0.746285 0.153306 
vn -0.959535 0 0.281589 
vn -0.954853 0.000333245 0.297077 
vn -0.947985 0.104914 0.30053 
vn -0.933945 0.208666 0.290181 
vn -0.909568 0.310109 0.276621 
vn -0.875123 0.408119 0.259998 
vn -0.830991 0.501611 0.240498 
vn -0.777662 0.589552 0.218336 
vn -0.715724 0.670967 0.193757 
vn -0.645865 0.744955 0.167033 
vn -0.951531 0 0.307552 
vn -0.91788 0 0.396857 
vn -0.916022 0.103936 0.387429 
vn -0.904183 0.20674 0.37378 
vn -0.882493 0.307291 0.356059 
vn -0.851189 0.404495 0.334458 
vn -0.81061 0.497291 0.309213 
vn -0.7612 0.58467 0.280599 
vn -0.703496 0.665678 0.248929 
vn -0.638128 0.739434 0.214546 
vn -0.6455 0.745227 0.167232 
vn -0.875914 0.102737 0.471403 
vn -0.917005 0.000441361 0.398876 
vn -0.866919 0.204375 0.454624 
vn -0.848654 0.303828 0.432984 
vn -0.821314 0.400032 0.406715 
vn -0.785193 0.491959 0.376096 
vn -0.740675 0.578626 0.341456 
vn -0.688238 0.659105 0.303165 
vn -0.628442 0.732536 0.261632 
vn -0.828374 0.101326 0.550936 
vn -0.869545 0.00237946 0.493848 
vn -0.875543 0 0.483141 
vn -0.822799 0.201592 0.531377 
vn -0.808613 0.299748 0.506257 
vn -0.785963 0.394766 0.475838 
vn -0.755086 0.485653 0.440439 
vn -0.716306 0.571456 0.400429 
vn -0.670029 0.651278 0.356228 
vn -0.616738 0.724283 0.308299 
vn -0.625986 0.73429 0.262602 
vn -0.778931 0.0998505 0.619109 
vn -0.813697 0.00341663 0.581279 
vn -0.825277 0 0.564727 
vn -0.776916 0.198678 0.597434 
vn -0.766945 0.295472 0.569642 
vn -0.749119 0.389239 0.536016 
vn -0.723622 0.479021 0.4969 
vn -0.690715 0.563896 0.452696 
vn -0.650734 0.642997 0.403856 
vn -0.604089 0.715514 0.35088 
vn -0.610834 0.728068 0.311124 
vn -0.718511 0.0980134 0.688575 
vn -0.750752 0.00585306 0.660558 
vn -0.77297 0 0.634443 
vn -0.720783 0.19505 0.665152 
vn -0.715869 0.290141 0.635098 
vn -0.703818 0.38234 0.598712 
vn -0.68475 0.470727 0.556356 
vn -0.658856 0.554421 0.508454 
vn -0.626392 0.632588 0.455483 
vn -0.587684 0.704448 0.397971 
vn -0.590937 0.723051 0.357758 
vn -0.647376 0.0957848 0.756128 
vn -0.681672 0.00767236 0.731617 
vn -0.709075 0 0.705133 
vn -0.654523 0.190645 0.731611 
vn -0.655352 0.283666 0.700034 
vn -0.649858 0.373949 0.6617 
vn -0.638091 0.460623 0.616981 
vn -0.620167 0.542852 0.566308 
vn -0.596258 0.619842 0.51017 
vn -0.566594 0.69085 0.449108 
vn -0.570372 0.713941 0.406157 
vn -0.575431 0.0934545 0.812494 
vn -0.607228 0.00745253 0.794492 
vn -0.573991 0.00489751 0.818847 
vn -0.633982 0 0.773347 
vn -0.587216 0.186038 0.787761 
vn -0.593526 0.276887 0.755685 
vn -0.594304 0.365155 0.716564 
vn -0.589542 0.450018 0.670764 
vn -0.579283 0.530687 0.61871 
vn -0.563625 0.606408 0.560889 
vn -0.5448 0.692655 0.472676 
vn -0.548853 0.699076 0.458316 
vn -0.542712 0.676477 0.497838 
vn -0.558281 0 0.829652 
vn -0.492966 0.00790454 0.870013 
vn -0.490762 0.0906447 0.866566 
vn -0.507476 0.18048 0.842553 
vn -0.51966 0.268705 0.811019 
vn -0.527205 0.354531 0.772245 
vn -0.530044 0.437192 0.726579 
vn -0.528152 0.515951 0.674426 
vn -0.521545 0.590104 0.616253 
vn -0.510283 0.658989 0.55258 
vn -0.520695 0.68875 0.50448 
vn -0.469667 0 0.882843 
vn -0.410173 0.00696694 0.911981 
vn -0.411397 0.0880227 0.907196 
vn -0.432029 0.175293 0.88466 
vn -0.448968 0.261064 0.85456 
vn -0.462068 0.344604 0.817155 
vn -0.471218 0.425197 0.772762 
vn -0.476338 0.502155 0.721763 
vn -0.477387 0.574819 0.664594 
vn -0.474353 0.642569 0.601742 
vn -0.490112 0.670193 0.557344 
vn -0.387248 0 0.921976 
vn -0.324624 0.00285174 0.945839 
vn -0.337648 0.0859366 0.937341 
vn -0.36087 0.171166 0.916774 
vn -0.381122 0.254988 0.888666 
vn -0.39824 0.336712 0.853247 
vn -0.412081 0.415666 0.810809 
vn -0.422532 0.491201 0.761701 
vn -0.429508 0.562695 0.706327 
vn -0.451384 0.651489 0.609766 
vn -0.43295 0.62956 0.645143 
vn -0.460691 0.653135 0.600982 
vn -0.311649 0 0.950197 
vn -0.29408 0 0.955781 
vn -0.320287 0.0855599 0.943449 
vn -0.34388 0.170422 0.923419 
vn -0.364667 0.253893 0.895855 
vn -0.382479 0.335293 0.860981 
vn -0.39717 0.413957 0.819083 
vn -0.40862 0.489243 0.770501 
vn -0.416736 0.560537 0.715632 
vn -0.421452 0.627258 0.654924 
vn -0.237335 -0.0040802 0.971419 
vn -0.250258 0.0847822 0.96446 
vn -0.27389 0.168891 0.946816 
vn -0.295347 0.251658 0.92165 
vn -0.314457 0.332426 0.889163 
vn -0.331069 0.410553 0.849612 
vn -0.345051 0.485418 0.803311 
vn -0.356293 0.556427 0.750629 
vn -0.390744 0.635175 0.666237 
vn -0.395589 0.636116 0.662469 
vn -0.364703 0.623016 0.691984 
vn -0.219338 0.0848852 0.971949 
vn -0.224637 0 0.974442 
vn -0.242022 0.169101 0.955421 
vn -0.262799 0.251985 0.931365 
vn -0.281505 0.332883 0.899969 
vn -0.297993 0.411158 0.861481 
vn -0.312132 0.486193 0.816205 
vn -0.323812 0.557397 0.764496 
vn -0.33294 0.624208 0.706764 
vn -0.178801 0.0858158 0.980136 
vn -0.194926 0 0.980818 
vn -0.19835 0.170957 0.965107 
vn -0.21634 0.254756 0.942495 
vn -0.232631 0.336552 0.912478 
vn -0.247094 0.415705 0.875291 
vn -0.259615 0.491591 0.831227 
vn -0.270097 0.563615 0.780632 
vn -0.301802 0.625889 0.719151 
vn -0.278456 0.63121 0.723903 
vn -0.323111 0.624426 0.71112 
vn -0.157847 0 0.987464 
vn -0.134964 -0.0185108 0.990678 
vn -0.141752 0.0873326 0.986042 
vn -0.155786 0.173976 0.972349 
vn -0.168591 0.259246 0.950983 
vn -0.180066 0.342471 0.922112 
vn -0.190119 0.422993 0.885964 
vn -0.198672 0.500177 0.842824 
vn -0.205658 0.573414 0.793033 
vn -0.21102 0.642125 0.736984 
vn -0.251605 0.629113 0.735467 
vn -0.126599 0 0.991954 
vn -0.101802 0 0.994805 
vn -0.109442 0.0887254 0.990025 
vn -0.116212 0.176745 0.977372 
vn -0.122057 0.263359 0.956945 
vn -0.126932 0.347879 0.928907 
vn -0.130797 0.429631 0.893482 
vn -0.133622 0.507967 0.850949 
vn -0.135384 0.582262 0.801649 
vn -0.136069 0.651927 0.745974 
vn -0.178855 0.63763 0.749292 
vn -0.0993191 0.0890915 0.991059 
vn -0.103065 0.177472 0.978714 
vn -0.105989 0.264437 0.958561 
vn -0.108067 0.349293 0.930761 
vn -0.109284 0.431362 0.895536 
vn -0.109628 0.509989 0.853166 
vn -0.109098 0.584549 0.80399 
vn -0.0748252 0.0785257 0.9941 
vn -0.0947807 0 0.995498 
vn -0.0776431 -4.11527e-15 0.996981 
vn -0.0696766 0.19799 0.977724 
vn -0.0744013 0.0893582 0.993217 
vn -0.0739634 0.100325 0.992202 
vn -0.0678337 0.235633 0.969472 
vn -0.0615203 0.350303 0.934614 
vn -0.066307 0.265221 0.961905 
vn -0.0648052 0.293081 0.953889 
vn -0.0592768 0.386812 0.920251 
vn -0.0562878 0.432607 0.899824 
vn -0.0493623 0.528207 0.84768 
vn -0.0556312 0.442268 0.895156 
vn -0.0493396 0.528498 0.8475 
vn -0.0446476 0.586166 0.80896 
vn -0.0398263 0.640308 0.767085 
vn -0.0383242 0.656204 0.75361 
vn -0.0922704 0.649973 0.754335 
vn -0.0439672 0.594108 0.803183 
vn -0.0426528 0.609162 0.791898 
vn -0.107697 0.654444 0.748401 
vn -0.657704 0.753276 -2.25394e-13 
vn 0.0882063 0 0.996102 
vn 0.107502 0 0.994205 
vn 0.100445 0 0.994943 
vn 0.069718 0 0.997567 
vn 0.0657527 0 0.997836 
vn 0.0475761 0 0.998868 
vn 0.0382051 0 0.99927 
vn 0.0304555 0 0.999536 
vn 0.016203 0 0.999869 
vn 0.0173461 0 0.99985 
vn 0.00433323 0 0.999991 
vn 0.00631253 0 0.99998 
vn 0 0 1 
vn 4.8927e-07 0 1 
vn 0.185149 0 0.98271 
vn 0.12091 0 0.992663 
vn 0.107502 0 0.994205 
vn 0.150743 0 0.988573 
vn 0.202145 0 0.979356 
vn 0.291357 0 0.956614 
vn 0.21607 0 0.976378 
vn 0.223051 0 0.974807 
vn 0.258623 0 0.965978 
vn 0.295743 0 0.955267 
vn 0.371969 0 0.928245 
vn 0.332368 0 0.94315 
vn 0.387035 0 0.922065 
vn 0.457537 0 0.889191 
vn 0.412208 0 0.91109 
vn 0.48195 0 0.876199 
vn 0.533023 0 0.846101 
vn 0.497279 0 0.867591 
vn 0.513317 0 0.858199 
vn 0.565198 0 0.824955 
vn 0.567991 0 0.823035 
vn 0.594469 0 0.804118 
vn 0.643186 0 0.76571 
vn 0.720163 0 0.693804 
vn 0.646056 0 0.76329 
vn 0.673218 0 0.739444 
vn 0.721135 0 0.692795 
vn 0.747121 0 0.664688 
vn 0.788176 0 0.615449 
vn 0.763177 0 0.646189 
vn 0.789521 0 0.613724 
vn 0.822796 0 0.568337 
vn 0.848074 0 0.529878 
vn 0.8212 0 0.57064 
vn 0.873642 0 0.48657 
vn 0.896823 0 0.442389 
vn 0.872925 0 0.487855 
vn 0.912197 0 0.409752 
vn 0.865441 -0.0938933 0.492135 
vn 0.873642 0 0.48657 
vn 0.847945 -0.00276186 0.530076 
vn 0.814497 -0.0949906 0.572339 
vn 0.849525 -0.18695 0.493313 
vn 0.826036 -0.27834 0.490093 
vn 0.798779 -0.189116 0.571127 
vn 0.795184 -0.367248 0.482504 
vn 0.775787 -0.281519 0.564714 
vn 0.757244 -0.452883 0.470615 
vn 0.745728 -0.371358 0.553157 
vn 0.712553 -0.534481 0.45453 
vn 0.708877 -0.457814 0.536562 
vn 0.661511 -0.611314 0.434393 
vn 0.66557 -0.540101 0.51508 
vn 0.604572 -0.682699 0.410385 
vn 0.616201 -0.617468 0.488907 
vn 0.542243 -0.747997 0.382718 
vn 0.561219 -0.689212 0.45828 
vn 0.475081 -0.806627 0.351639 
vn 0.501125 -0.754678 0.42348 
vn 0.403684 -0.858068 0.317426 
vn 0.436468 -0.81327 0.384822 
vn 0.328688 -0.901859 0.280383 
vn 0.367834 -0.864455 0.342659 
vn 0.250763 -0.937611 0.240841 
vn 0.295851 -0.907766 0.297376 
vn 0.170602 -0.965004 0.199152 
vn 0.221173 -0.94281 0.249383 
vn 0.0889201 -0.983796 0.155687 
vn 0.144481 -0.969266 0.19912 
vn 0.00644575 -0.993818 0.110835 
vn 0.0664721 -0.986894 0.147043 
vn -0.0760861 -0.994981 0.064995 
vn -0.0121418 -0.995533 0.0936262 
vn -0.15794 -0.987274 0.0185755 
vn -0.0906451 -0.995105 0.039357 
vn -0.238385 -0.970767 -0.0280097 
vn -0.168323 -0.985614 -0.0152707 
vn -0.316706 -0.945606 -0.0743452 
vn -0.244467 -0.967145 -0.0697593 
vn -0.392204 -0.912015 -0.120018 
vn -0.318385 -0.939867 -0.123612 
vn -0.464205 -0.870295 -0.164621 
vn -0.389403 -0.904029 -0.17634 
vn -0.532068 -0.820817 -0.207756 
vn -0.456875 -0.859957 -0.227461 
vn -0.520185 -0.808053 -0.276511 
vn -0.588362 -0.757775 -0.282148 
vn -0.578757 -0.748789 -0.323042 
vn -0.591992 -0.748051 -0.299943 
vn 0.822796 0 0.568337 
vn 0.78945 -0.00136883 0.613813 
vn 0.754688 -0.096287 0.64898 
vn 0.739142 -0.191674 0.645701 
vn 0.716685 -0.285268 0.636385 
vn 0.687525 -0.376195 0.621117 
vn 0.651937 -0.463604 0.600042 
vn 0.610252 -0.546677 0.573355 
vn 0.562861 -0.624639 0.541308 
vn 0.510206 -0.69676 0.504198 
vn 0.45278 -0.762365 0.462373 
vn 0.391121 -0.820842 0.416225 
vn 0.325804 -0.871642 0.366185 
vn 0.25744 -0.914292 0.31272 
vn 0.18667 -0.948393 0.256332 
vn 0.114153 -0.973624 0.197546 
vn 0.0405693 -0.989752 0.136913 
vn -0.033394 -0.996624 0.0749998 
vn -0.107045 -0.994177 0.0123852 
vn -0.179695 -0.982433 -0.0503452 
vn -0.250665 -0.961503 -0.112605 
vn -0.31929 -0.931581 -0.173811 
vn -0.38493 -0.892948 -0.233393 
vn -0.446971 -0.845965 -0.290792 
vn -0.504832 -0.791072 -0.345471 
vn -0.569502 -0.739952 -0.357965 
vn -0.557972 -0.728781 -0.39692 
vn -0.570876 -0.734418 -0.367056 
vn 0.747121 0 0.664688 
vn 0.738551 -0.0966371 0.667236 
vn 0.723025 -0.192364 0.663499 
vn 0.700689 -0.286279 0.653513 
vn 0.671753 -0.377498 0.637372 
vn 0.63649 -0.465161 0.615228 
vn 0.595233 -0.548443 0.587289 
vn 0.548369 -0.626559 0.553818 
vn 0.49634 -0.698775 0.515131 
vn 0.439637 -0.764408 0.471593 
vn 0.378792 -0.822842 0.423613 
vn 0.31438 -0.873526 0.371642 
vn 0.247007 -0.915982 0.316172 
vn 0.177308 -0.949811 0.257723 
vn 0.105938 -0.974694 0.196847 
vn 0.0335705 -0.990397 0.134117 
vn -0.0391131 -0.996771 0.0701241 
vn -0.111428 -0.993757 0.0054705 
vn -0.182694 -0.981384 -0.0592347 
vn -0.252239 -0.959767 -0.123382 
vn -0.319408 -0.92911 -0.186367 
vn -0.383569 -0.889703 -0.247597 
vn -0.444117 -0.841915 -0.306495 
vn -0.500482 -0.786198 -0.362506 
vn -0.552133 -0.723076 -0.415102 
vn 0.664042 -0.0982438 0.741213 
vn 0.721179 0.000616024 0.692748 
vn 0.648399 -0.195531 0.735763 
vn 0.626441 -0.290913 0.723147 
vn 0.598382 -0.383463 0.703488 
vn 0.564495 -0.472278 0.676978 
vn 0.525111 -0.556493 0.643874 
vn 0.480612 -0.635288 0.6045 
vn 0.431433 -0.707896 0.559239 
vn 0.378052 -0.77361 0.508531 
vn 0.320989 -0.83179 0.45287 
vn 0.2608 -0.881869 0.392799 
vn 0.198071 -0.923359 0.328902 
vn 0.133412 -0.955856 0.261802 
vn 0.0674548 -0.979044 0.192153 
vn 0.000840294 -0.992697 0.120632 
vn -0.0657824 -0.996682 0.0479356 
vn -0.131764 -0.99096 -0.0252273 
vn -0.196463 -0.975587 -0.0981444 
vn -0.259248 -0.950713 -0.170106 
vn -0.319509 -0.916579 -0.24041 
vn -0.376658 -0.873519 -0.308373 
vn -0.430138 -0.821951 -0.373333 
vn -0.479429 -0.762378 -0.434657 
vn -0.524051 -0.695381 -0.491748 
vn -0.547619 -0.70978 -0.443087 
vn -0.546869 -0.717911 -0.430741 
vn 0.584118 -0.0999194 0.805495 
vn 0.643367 0.00280176 0.765553 
vn 0.673218 0 0.739444 
vn 0.567871 -0.19883 0.798742 
vn 0.545893 -0.295735 0.783927 
vn 0.518405 -0.389654 0.7612 
vn 0.485685 -0.47964 0.73079 
vn 0.448063 -0.564786 0.693005 
vn 0.405919 -0.644231 0.648225 
vn 0.359678 -0.717174 0.596903 
vn 0.309807 -0.782879 0.539556 
vn 0.256808 -0.840682 0.476763 
vn 0.201218 -0.89 0.409158 
vn 0.143597 -0.930336 0.337424 
vn 0.0845266 -0.961282 0.262284 
vn 0.0246031 -0.982525 0.184497 
vn -0.0355687 -0.993852 0.104848 
vn -0.0953816 -0.995148 0.0241409 
vn -0.154232 -0.9864 -0.0568101 
vn -0.211525 -0.967697 -0.137188 
vn -0.266684 -0.939226 -0.216181 
vn -0.319151 -0.901276 -0.292992 
vn -0.368397 -0.85423 -0.366846 
vn -0.413924 -0.798561 -0.436997 
vn -0.52043 -0.691793 -0.500575 
vn -0.521259 -0.691463 -0.500168 
vn -0.455274 -0.734833 -0.502738 
vn -0.507167 -0.656797 -0.558031 
vn -0.492029 -0.663689 -0.563405 
vn 0.501038 -0.101546 0.859447 
vn 0.565589 0.00504256 0.824672 
vn 0.594469 0 0.804118 
vn 0.483516 -0.20203 0.851702 
vn 0.460935 -0.3004 0.835044 
vn 0.43353 -0.395626 0.809649 
vn 0.401589 -0.486713 0.775781 
vn 0.365446 -0.572707 0.733796 
vn 0.325479 -0.652707 0.684132 
vn 0.282105 -0.725878 0.62731 
vn 0.23578 -0.791454 0.563923 
vn 0.186988 -0.848747 0.494635 
vn 0.136239 -0.897159 0.420172 
vn 0.0840648 -0.936184 0.341311 
vn 0.0310106 -0.965412 0.25888 
vn -0.022368 -0.984538 0.173739 
vn -0.0755126 -0.993361 0.0867805 
vn -0.127867 -0.991791 -0.00108614 
vn -0.178883 -0.979842 -0.0889415 
vn -0.228028 -0.95764 -0.175866 
vn -0.274787 -0.925417 -0.26095 
vn -0.31867 -0.883511 -0.343304 
vn -0.359218 -0.83236 -0.422066 
vn -0.396008 -0.772499 -0.496411 
vn -0.487673 -0.659394 -0.572166 
vn -0.492267 -0.657345 -0.570588 
vn -0.428654 -0.704554 -0.565561 
vn -0.456814 -0.629237 -0.628794 
vn 0.513317 0 0.858199 
vn 0.497279 0 0.867591 
vn 0.48452 -0.101848 0.868831 
vn 0.466656 -0.202624 0.860915 
vn 0.443875 -0.301264 0.843928 
vn 0.416417 -0.396729 0.818048 
vn 0.38457 -0.488014 0.783548 
vn 0.348672 -0.574157 0.740792 
vn 0.309099 -0.654249 0.690229 
vn 0.266269 -0.727448 0.632393 
vn 0.220633 -0.792981 0.567893 
vn 0.172673 -0.850158 0.49741 
vn 0.122892 -0.898376 0.421684 
vn 0.0718172 -0.937128 0.341516 
vn 0.0199853 -0.966005 0.257748 
vn -0.0320572 -0.984703 0.171265 
vn -0.0837618 -0.993025 0.0829771 
vn -0.134584 -0.990883 -0.00618525 
vn -0.183988 -0.978299 -0.0952825 
vn -0.231453 -0.955407 -0.183376 
vn -0.276479 -0.922447 -0.269536 
vn -0.318592 -0.879768 -0.352857 
vn -0.357348 -0.827817 -0.43246 
vn -0.392338 -0.767144 -0.507505 
vn -0.453591 -0.626123 -0.634212 
vn -0.457342 -0.624482 -0.633136 
vn -0.423194 -0.698387 -0.577203 
vn -0.449591 -0.62227 -0.640818 
vn 0.396308 -0.103282 0.91229 
vn 0.482523 0.00560958 0.875865 
vn 0.37608 -0.205435 0.903526 
vn 0.351745 -0.305345 0.884895 
vn 0.323568 -0.401921 0.8566 
vn 0.291857 -0.494107 0.818949 
vn 0.256959 -0.580896 0.772355 
vn 0.219255 -0.661341 0.717325 
vn 0.179156 -0.734564 0.654461 
vn 0.1371 -0.799764 0.584449 
vn 0.0935468 -0.85623 0.508055 
vn 0.0489722 -0.903344 0.426112 
vn 0.00386265 -0.940593 0.339515 
vn -0.0412891 -0.967569 0.24921 
vn -0.0859898 -0.983978 0.156183 
vn -0.129751 -0.98964 0.0614512 
vn -0.172096 -0.984495 -0.0339522 
vn -0.212561 -0.968597 -0.128985 
vn -0.250705 -0.942121 -0.222609 
vn -0.28611 -0.905356 -0.313802 
vn -0.318391 -0.858703 -0.401567 
vn -0.347195 -0.802672 -0.484947 
vn -0.372207 -0.737874 -0.563031 
vn -0.393153 -0.665018 -0.634965 
vn -0.419335 -0.585518 -0.693777 
vn -0.414245 -0.588968 -0.693915 
vn -0.409806 -0.5849 -0.699965 
vn 0.312547 -0.104249 0.944164 
vn 0.388479 0.0105116 0.921397 
vn 0.412208 0 0.91109 
vn 0.289206 -0.207325 0.934546 
vn 0.262608 -0.308065 0.914403 
vn 0.233052 -0.405336 0.883962 
vn 0.200872 -0.498042 0.843567 
vn 0.166429 -0.585139 0.793671 
vn 0.130113 -0.665647 0.734837 
vn 0.0923308 -0.738658 0.667727 
vn 0.053509 -0.803351 0.593097 
vn 0.0140845 -0.858996 0.511788 
vn -0.0254985 -0.904968 0.424716 
vn -0.0647944 -0.940747 0.33286 
vn -0.103361 -0.965933 0.237256 
vn -0.140763 -0.98024 0.13898 
vn -0.17658 -0.983508 0.0391383 
vn -0.210408 -0.9757 -0.0611438 
vn -0.241867 -0.956903 -0.160737 
vn -0.270601 -0.927331 -0.258521 
vn -0.296289 -0.887314 -0.353393 
vn -0.318639 -0.837305 -0.444285 
vn -0.337402 -0.777867 -0.530173 
vn -0.352364 -0.709668 -0.610091 
vn -0.363358 -0.633477 -0.683138 
vn -0.376141 -0.552191 -0.744045 
vn -0.374537 -0.553763 -0.743686 
vn -0.37026 -0.550152 -0.748492 
vn -0.372129 -0.546047 -0.750569 
vn 0.234459 -0.104664 0.966475 
vn 0.298373 0.014192 0.954344 
vn 0.332368 0 0.94315 
vn 0.207589 -0.20812 0.955821 
vn 0.178325 -0.309174 0.934137 
vn 0.147002 -0.406662 0.901674 
vn 0.113984 -0.499456 0.858808 
vn 0.0796502 -0.586488 0.806032 
vn 0.0443974 -0.666753 0.743955 
vn 0.00863238 -0.739324 0.673295 
vn -0.0272323 -0.803364 0.594865 
vn -0.0627827 -0.858135 0.509571 
vn -0.0976087 -0.903004 0.418398 
vn -0.131308 -0.937453 0.322397 
vn -0.163493 -0.961086 0.222676 
vn -0.193791 -0.973628 0.120385 
vn -0.221853 -0.974937 0.0167057 
vn -0.247355 -0.964996 -0.0871667 
vn -0.270003 -0.94392 -0.190033 
vn -0.289536 -0.911953 -0.290707 
vn -0.305727 -0.869463 -0.388027 
vn -0.318391 -0.816941 -0.480869 
vn -0.327382 -0.754992 -0.568162 
vn -0.332594 -0.684332 -0.6489 
vn -0.333969 -0.605775 -0.72215 
vn -0.333995 -0.521935 -0.784877 
vn -0.331491 -0.520229 -0.787068 
vn 0.258623 0 0.965978 
vn 0.223051 0 0.974807 
vn 0.196806 -0.10469 0.974837 
vn 0.168269 -0.208161 0.963512 
vn 0.137772 -0.309207 0.940962 
vn 0.105669 -0.406651 0.907452 
vn 0.0723364 -0.499358 0.863371 
vn 0.0381607 -0.586248 0.809232 
vn 0.00354046 -0.666309 0.745667 
vn -0.031121 -0.738609 0.673416 
vn -0.06542 -0.802304 0.59332 
vn -0.0989568 -0.856653 0.506313 
vn -0.131341 -0.901024 0.413407 
vn -0.162195 -0.934898 0.315686 
vn -0.19116 -0.957882 0.214288 
vn -0.217898 -0.969708 0.110394 
vn -0.242098 -0.970238 0.00521303 
vn -0.263477 -0.959466 -0.100028 
vn -0.281788 -0.937516 -0.204104 
vn -0.296816 -0.904646 -0.305803 
vn -0.308386 -0.861238 -0.403939 
vn -0.316364 -0.807798 -0.49737 
vn -0.320657 -0.744947 -0.585007 
vn -0.321214 -0.673419 -0.665829 
vn -0.31803 -0.594046 -0.738895 
vn -0.311141 -0.507754 -0.803354 
vn -0.32535 -0.504349 -0.799862 
vn 0.121379 -0.104592 0.98708 
vn 0.204752 0.0107819 0.978754 
vn 0.0905814 -0.20795 0.973936 
vn 0.058715 -0.308853 0.949296 
vn 0.0261556 -0.406111 0.91345 
vn -0.00671261 -0.498574 0.866821 
vn -0.0395016 -0.585153 0.809961 
vn -0.0718242 -0.664824 0.743539 
vn -0.103299 -0.736648 0.668341 
vn -0.133555 -0.799776 0.585254 
vn -0.162234 -0.853463 0.495258 
vn -0.188998 -0.897077 0.399416 
vn -0.213531 -0.930101 0.29886 
vn -0.235543 -0.952146 0.194776 
vn -0.254775 -0.962952 0.0883925 
vn -0.271 -0.962391 -0.0190342 
vn -0.284026 -0.95047 -0.126236 
vn -0.293699 -0.92733 -0.231948 
vn -0.299906 -0.893243 -0.334922 
vn -0.302572 -0.848613 -0.433943 
vn -0.301667 -0.793965 -0.527841 
vn -0.2972 -0.729946 -0.615509 
vn -0.289226 -0.65731 -0.695911 
vn -0.292504 -0.49876 -0.815892 
vn -0.29533 -0.49453 -0.817448 
vn -0.277838 -0.576915 -0.768098 
vn -0.26317 -0.489711 -0.831219 
vn 0.150743 0 0.988573 
vn 0.106632 -0.00310975 0.994294 
vn 0.0597751 -0.104984 0.992676 
vn 0.0306361 -0.208725 0.977494 
vn 0.0011343 -0.309994 0.950738 
vn -0.0283809 -0.407592 0.912723 
vn -0.0575601 -0.500364 0.8639 
vn -0.0860576 -0.58721 0.804847 
vn -0.113536 -0.667103 0.736263 
vn -0.13967 -0.739097 0.65896 
vn -0.16415 -0.802338 0.573854 
vn -0.186686 -0.856078 0.481953 
vn -0.207012 -0.899681 0.384345 
vn -0.224886 -0.93263 0.282185 
vn -0.240097 -0.954534 0.176684 
vn -0.252465 -0.965136 0.0690903 
vn -0.261844 -0.964309 -0.0393213 
vn -0.268121 -0.952063 -0.147267 
vn -0.271224 -0.928542 -0.253469 
vn -0.271115 -0.894026 -0.35667 
vn -0.267796 -0.848924 -0.455647 
vn -0.261305 -0.793768 -0.549228 
vn -0.25172 -0.729213 -0.636306 
vn -0.239154 -0.656023 -0.715848 
vn -0.242932 -0.486849 -0.839025 
vn -0.251558 -0.479448 -0.840743 
vn -0.223756 -0.575065 -0.786914 
vn -0.239473 -0.486088 -0.840459 
vn -0.205709 -0.487296 -0.848661 
vn 0.069718 0 0.997567 
vn 0.0436509 -0.105512 0.99346 
vn 0.0170675 -0.209776 0.9776 
vn -0.00971781 -0.311559 0.950177 
vn -0.0363882 -0.409656 0.911514 
vn -0.0626281 -0.502907 0.862069 
vn -0.0881272 -0.590209 0.802426 
vn -0.112584 -0.670529 0.733291 
vn -0.135709 -0.742918 0.655481 
vn -0.157228 -0.806519 0.569918 
vn -0.176888 -0.860579 0.477614 
vn -0.194455 -0.904459 0.379659 
vn -0.209722 -0.93764 0.277213 
vn -0.222508 -0.95973 0.171489 
vn -0.232662 -0.970467 0.0637354 
vn -0.240064 -0.969724 -0.0447719 
vn -0.244626 -0.95751 -0.15275 
vn -0.246294 -0.93397 -0.25892 
vn -0.245049 -0.899381 -0.362028 
vn -0.240906 -0.854154 -0.460854 
vn -0.233912 -0.798822 -0.554228 
vn -0.224151 -0.734041 -0.641045 
vn -0.211739 -0.660578 -0.72028 
vn -0.196823 -0.5793 -0.790995 
vn -0.187148 -0.49305 -0.849633 
vn -0.179578 -0.491169 -0.852353 
vn 0.0475761 0 0.998868 
vn 0.0270855 -0.106569 0.993936 
vn 0.00627527 -0.21188 0.977276 
vn -0.014609 -0.314691 0.949082 
vn -0.0353209 -0.413788 0.909688 
vn -0.0556159 -0.508002 0.859559 
vn -0.0752546 -0.596221 0.799286 
vn -0.0940053 -0.677404 0.72958 
vn -0.111647 -0.750593 0.651265 
vn -0.12797 -0.814924 0.565264 
vn -0.142784 -0.869638 0.472592 
vn -0.155912 -0.914089 0.374343 
vn -0.167201 -0.947753 0.271677 
vn -0.176516 -0.970232 0.165804 
vn -0.183749 -0.981262 0.0579751 
vn -0.188812 -0.980712 -0.0505383 
vn -0.191648 -0.968588 -0.158455 
vn -0.192222 -0.945034 -0.264502 
vn -0.190528 -0.910327 -0.367428 
vn -0.186585 -0.864878 -0.466017 
vn -0.18044 -0.809222 -0.559108 
vn -0.172166 -0.744016 -0.645599 
vn -0.16186 -0.67003 -0.724473 
vn -0.149644 -0.588137 -0.794796 
vn -0.158482 -0.507144 -0.847165 
vn -0.174354 -0.492102 -0.852899 
vn -0.135662 -0.499304 -0.85574 
vn 0.0304555 0 0.999536 
vn 0.0165121 -0.10749 0.994069 
vn 0.00237426 -0.213714 0.976893 
vn -0.0117916 -0.31742 0.948212 
vn -0.0258185 -0.417388 0.908361 
vn -0.0395413 -0.51244 0.857812 
vn -0.0527984 -0.601456 0.797159 
vn -0.0654336 -0.683388 0.727117 
vn -0.0772981 -0.757271 0.648511 
vn -0.0882522 -0.822234 0.562266 
vn -0.0981668 -0.877513 0.469398 
vn -0.106925 -0.922456 0.371002 
vn -0.114424 -0.956534 0.268236 
vn -0.120575 -0.979345 0.162311 
vn -0.125306 -0.990621 0.0544735 
vn -0.128561 -0.99023 -0.0540052 
vn -0.130302 -0.978175 -0.161848 
vn -0.130508 -0.954599 -0.267784 
vn -0.129177 -0.919779 -0.370566 
vn -0.126325 -0.874126 -0.468984 
vn -0.121984 -0.818177 -0.561878 
vn -0.116207 -0.752591 -0.648154 
vn -0.109061 -0.678141 -0.726795 
vn -0.100631 -0.595703 -0.796876 
vn -0.0972838 -0.505401 -0.857383 
vn -0.126364 -0.515278 -0.847656 
vn -0.0910148 -0.506249 -0.857571 
vn 0.0173461 0 0.99985 
vn 0.0123957 -0.108157 0.994057 
vn 0.00729953 -0.215043 0.976577 
vn 0.00211755 -0.319401 0.947617 
vn -0.00308933 -0.420004 0.907517 
vn -0.00825988 -0.515669 0.856748 
vn -0.0133333 -0.605272 0.795907 
vn -0.01825 -0.68776 0.725709 
vn -0.0229522 -0.762162 0.64698 
vn -0.0273845 -0.827604 0.560644 
vn -0.0314949 -0.883316 0.467718 
vn -0.035235 -0.928645 0.369293 
vn -0.038561 -0.963056 0.266527 
vn -0.0414335 -0.986145 0.160628 
vn -0.043819 -0.997641 0.0528398 
vn -0.0456894 -0.997409 -0.0555693 
vn -0.0470226 -0.985451 -0.163325 
vn -0.047803 -0.961908 -0.269161 
vn -0.0480215 -0.927057 -0.371832 
vn -0.0476754 -0.881307 -0.470132 
vn -0.0467688 -0.825197 -0.562906 
vn -0.0453124 -0.759385 -0.649061 
vn -0.0433233 -0.684646 -0.727587 
vn -0.0408249 -0.601859 -0.797558 
vn -0.0571865 -0.518473 -0.85318 
vn -0.0328122 -0.512333 -0.85816 
vn 0.00631253 0 0.99998 
vn 0.0121937 -0.108046 0.994071 
vn 0.0179316 -0.214824 0.976488 
vn 0.0234589 -0.319079 0.947438 
vn 0.0287108 -0.419587 0.907261 
vn 0.0336255 -0.515167 0.85643 
vn 0.0381453 -0.604697 0.795542 
vn 0.0422172 -0.687126 0.72531 
vn 0.0457932 -0.761486 0.646562 
vn 0.0488315 -0.826903 0.56022 
vn 0.0512964 -0.88261 0.467299 
vn 0.0531588 -0.927951 0.368891 
vn 0.054397 -0.962395 0.26615 
vn 0.0549964 -0.985538 0.160284 
vn 0.0549499 -0.997106 0.0525361 
vn 0.0542581 -0.996965 -0.0558292 
vn 0.0529291 -0.985116 -0.163539 
vn 0.0509785 -0.961698 -0.269328 
vn 0.0484293 -0.926987 -0.371954 
vn 0.0453113 -0.881389 -0.470213 
vn 0.0416613 -0.825441 -0.562949 
vn 0.0375219 -0.759799 -0.649074 
vn 0.032942 -0.685235 -0.727577 
vn 0.0279752 -0.602623 -0.797535 
vn 0.0226798 -0.512935 -0.858128 
vn -0.590888 -0.782481 -0.196402 
vn -0.609928 -0.758134 -0.230695 
vn -0.595189 -0.764022 -0.24904 
vn -0.603172 -0.771104 -0.203917 
vn -0.53783 -0.826825 -0.164617 
vn -0.515697 -0.84324 -0.151667 
vn -0.467606 -0.875188 -0.12406 
vn -0.433923 -0.894793 -0.105145 
vn -0.393116 -0.915767 -0.0826449 
vn -0.345493 -0.936692 -0.0569364 
vn -0.324263 -0.944865 -0.0456544 
vn -0.315016 -0.94821 -0.0407741 
vn -0.230426 -0.973085 0.00296887 
vn -0.150782 -0.987642 0.0427445 
vn -0.133266 -0.989751 0.0513189 
vn -0.0661113 -0.994302 0.0836205 
vn -0.0329182 -0.994517 0.0992632 
vn 0.0192577 -0.992168 0.12342 
vn 0.0723677 -0.986414 0.147479 
vn 0.104561 -0.981268 0.161801 
vn 0.168852 -0.967192 0.189811 
vn 0.189031 -0.961711 0.19844 
vn 0.264466 -0.93657 0.229985 
vn 0.352453 -0.897429 0.265324 
vn 0.357229 -0.894983 0.267194 
vn 0.440469 -0.846519 0.298985 
vn 0.503651 -0.801654 0.322004 
vn 0.519899 -0.788852 0.327745 
vn 0.531073 -0.779722 0.331655 
vn 0.572949 -0.742983 0.345986 
vn 0.599621 -0.717333 0.354806 
vn 0.637203 -0.677796 0.366831 
vn 0.662682 -0.648454 0.374646 
vn 0.695834 -0.60667 0.384403 
vn 0.720229 -0.57292 0.391194 
vn 0.737812 -0.54673 0.395877 
vn 0.748321 -0.53023 0.398587 
vn 0.78375 -0.469108 0.407032 
vn 0.794188 -0.449147 0.409307 
vn 0.823163 -0.387349 0.415166 
vn 0.832871 -0.364118 0.416826 
vn 0.856091 -0.301269 0.419935 
vn 0.864257 -0.275911 0.420633 
vn 0.867675 -0.264628 0.420846 
vn 0.88956 -0.1784 0.420543 
vn 0.904112 -0.0930607 0.417038 
vn 0.896684 -0.00320606 0.442659 
vn 0.904473 -0.090261 0.416871 
vn 0.912197 -1.77726e-14 0.409752 
vn 4.8927e-07 -3.16508e-15 1 
vn 0.0100359 -0.0995016 0.994987 
vn 0.010633 -0.105386 0.994375 
vn 0.0108676 -0.107696 0.994124 
vn 0.0199308 -0.196492 0.980303 
vn 0.0296752 -0.291044 0.956249 
vn 0.03226 -0.315984 0.948216 
vn 0.0336397 -0.329267 0.943637 
vn 0.0324699 -0.318006 0.947533 
vn 0.0432403 -0.421306 0.905887 
vn 0.0523251 -0.50781 0.859879 
vn 0.0527325 -0.511685 0.857554 
vn 0.0529106 -0.513377 0.85653 
vn 0.0643465 -0.621617 0.780674 
vn 0.0608898 -0.588951 0.805871 
vn 0.0708867 -0.683381 0.726612 
vn 0.072217 -0.695898 0.7145 
vn 0.071024 -0.684672 0.725382 
vn 0.079248 -0.76227 0.64239 
vn 0.0854476 -0.820981 0.564525 
vn 0.0856558 -0.822963 0.561601 
vn 0.0878129 -0.843482 0.529932 
vn 0.0857525 -0.823883 0.560235 
vn 0.091481 -0.878638 0.468643 
vn 0.0928555 -0.891806 0.442786 
vn 0.0968499 -0.930729 0.352653 
vn 0.091556 -0.879356 0.46728 
vn 0.0996121 -0.958429 0.26738 
vn 0.100751 -0.970223 0.220265 
vn 0.0998204 -0.960538 0.259621 
vn 0.0996481 -0.958794 0.266053 
vn 0.101789 -0.981623 0.161419 
vn 0.102277 -0.987268 0.121824 
vn 0.101807 -0.981829 0.160149 
vn 0.10268 -0.993272 0.0535455 
vn 0.102704 -0.99443 0.0236692 
vn 0.102072 -0.992005 -0.0742095 
vn 0.102683 -0.993335 0.0523634 
vn 0.101519 -0.988313 -0.113718 
vn 0.100585 -0.981521 -0.162787 
vn 0.0993787 -0.97209 -0.212521 
vn 0.100564 -0.981359 -0.163774 
vn 0.0976598 -0.95825 -0.268739 
vn 0.0962587 -0.946581 -0.307764 
vn 0.0935539 -0.923697 -0.371527 
vn 0.0976314 -0.958014 -0.269586 
vn 0.0903373 -0.895777 -0.435227 
vn 0.0922081 -0.912062 -0.399551 
vn 0.0935217 -0.923417 -0.372229 
vn 0.0883446 -0.878285 -0.469905 
vn 0.0849519 -0.847927 -0.523262 
vn 0.0883101 -0.877972 -0.470497 
vn 0.0821717 -0.822503 -0.562793 
vn 0.0789144 -0.792441 -0.604822 
vn 0.0751013 -0.757025 -0.649055 
vn 0.0821393 -0.822203 -0.563236 
vn 0.0692679 -0.702267 -0.708536 
vn 0.0721681 -0.729559 -0.680099 
vn 0.0750742 -0.756769 -0.649358 
vn 0.0671926 -0.682655 -0.727645 
vn 0.061563 -0.62905 -0.774923 
vn 0.0671703 -0.68244 -0.727848 
vn 0.058556 -0.600212 -0.797695 
vn 0.0508505 -0.525628 -0.849194 
vn 0.049318 -0.510683 -0.858354 
vn 0.0323933 -0.512352 -0.858164 
vn 0.0267457 -0.515275 -0.856608 
vn 0.0533805 -0.550219 -0.833313 
vn 0.0585439 -0.60009 -0.797787 
vn 0.0882063 0 0.996102 
vn 0.763177 0 0.646189 
vn 0.57674 -0.790564 -0.205863 
vn 0.64636 -0.73046 -0.220561 
vn 0.648188 -0.727401 -0.225255 
vn 0.582447 -0.797157 -0.159046 
vn 0.652257 -0.735403 -0.183695 
vn 0.507223 -0.851503 -0.132918 
vn 0.427285 -0.897934 -0.105555 
vn 0.504854 -0.845902 -0.171967 
vn 0.643217 -0.727811 -0.237828 
vn 0.635729 -0.721471 -0.27446 
vn 0.569904 -0.782503 -0.250797 
vn 0.428232 -0.893306 -0.136458 
vn 0.502077 -0.839005 -0.209734 
vn 0.347594 -0.932333 -0.0996695 
vn 0.429491 -0.887555 -0.166683 
vn 0.263696 -0.962615 -0.061946 
vn 0.352835 -0.927691 -0.122051 
vn 0.177325 -0.983868 -0.0236415 
vn 0.272833 -0.959034 -0.0762628 
vn 0.089291 -0.995894 0.0148847 
vn 0.190245 -0.981286 -0.0297514 
vn 0.000419303 -0.99858 0.0532713 
vn 0.105854 -0.994236 0.0170419 
vn -0.0884563 -0.9919 0.0911583 
vn 0.0204598 -0.997761 0.0636737 
vn -0.176502 -0.975917 0.12819 
vn -0.0651287 -0.991828 0.109702 
vn -0.871593 -0.0970353 0.480531 
vn -0.878808 2.71051e-16 0.477176 
vn -0.917003 0.000499939 0.398881 
vn -0.912379 -0.0966145 0.397782 
vn 0.640483 -0.706424 -0.301241 
vn 0.621617 -0.709461 -0.33205 
vn 0.632328 -0.718583 -0.289483 
vn 0.56024 -0.771044 -0.302693 
vn 0.498067 -0.829128 -0.253923 
vn 0.431103 -0.879237 -0.202711 
vn 0.359994 -0.92089 -0.14955 
vn 0.285422 -0.953687 -0.0949501 
vn 0.208105 -0.977311 -0.0394371 
vn 0.128787 -0.991536 0.0164551 
vn 0.0482295 -0.996224 0.0721891 
vn -0.1501 -0.976494 0.15469 
vn -0.0327915 -0.991331 0.127229 
vn -0.233648 -0.951904 0.198212 
vn -0.113497 -0.976904 0.181045 
vn -0.314981 -0.91829 0.239855 
vn -0.193111 -0.953081 0.23312 
vn -0.393329 -0.875971 0.279225 
vn -0.270868 -0.920092 0.282952 
vn -0.467948 -0.825349 0.315948 
vn -0.346019 -0.878253 0.330064 
vn -0.538132 -0.766904 0.349675 
vn -0.417843 -0.827968 0.374001 
vn -0.603214 -0.701188 0.380088 
vn -0.485648 -0.769719 0.414341 
vn -0.662579 -0.628827 0.406899 
vn -0.548782 -0.704068 0.450696 
vn -0.715663 -0.550504 0.429852 
vn -0.606638 -0.631645 0.482716 
vn -0.761962 -0.466963 0.44873 
vn -0.65866 -0.553147 0.510093 
vn -0.80104 -0.378995 0.463355 
vn -0.704347 -0.469329 0.532565 
vn -0.832524 -0.287436 0.473588 
vn -0.74326 -0.380997 0.549915 
vn -0.856116 -0.193151 0.479331 
vn -0.775024 -0.289001 0.561975 
vn -0.799334 -0.194226 0.568631 
vn -0.815957 -0.0975821 0.569818 
vn -0.824731 0 0.565525 
vn -0.869518 0.0026475 0.493895 
vn 0.619903 -0.691388 -0.371084 
vn 0.605646 -0.695835 -0.386014 
vn 0.617025 -0.705544 -0.348551 
vn 0.548428 -0.757183 -0.354824 
vn 0.492839 -0.817087 -0.299129 
vn 0.43243 -0.869 -0.240508 
vn 0.367792 -0.912413 -0.179534 
vn 0.299556 -0.946902 -0.116805 
vn 0.22839 -0.97213 -0.0529334 
vn 0.154991 -0.987849 0.0114561 
vn 0.0800756 -0.993908 0.0757335 
vn 0.00437714 -0.990245 0.13927 
vn -0.0713641 -0.976897 0.201445 
vn -0.146407 -0.953994 0.261649 
vn -0.220019 -0.921761 0.319294 
vn -0.291478 -0.880512 0.373817 
vn -0.360087 -0.830652 0.424683 
vn -0.425173 -0.772667 0.471395 
vn -0.486102 -0.707125 0.513497 
vn -0.542276 -0.634667 0.550577 
vn -0.593146 -0.556001 0.582272 
vn -0.638215 -0.471898 0.608272 
vn -0.677041 -0.383179 0.628322 
vn -0.709246 -0.290712 0.642227 
vn -0.734514 -0.195402 0.649851 
vn -0.752598 -0.0981814 0.651119 
vn -0.763322 0 0.646019 
vn -0.813599 0.00296418 0.581419 
vn 0.588226 -0.678432 -0.440137 
vn 0.586398 -0.679449 -0.441006 
vn 0.598653 -0.689874 -0.407049 
vn 0.534185 -0.740891 -0.407097 
vn 0.485948 -0.802831 -0.345422 
vn 0.432867 -0.85677 -0.280305 
vn 0.375472 -0.902169 -0.212393 
vn 0.314335 -0.938576 -0.142365 
vn 0.250065 -0.965629 -0.0709176 
vn 0.183302 -0.983056 0.00123659 
vn 0.114712 -0.990685 0.0733785 
vn 0.0449786 -0.98844 0.144789 
vn -0.0252029 -0.976342 0.214756 
vn -0.0951333 -0.954514 0.282583 
vn -0.164115 -0.923171 0.347594 
vn -0.231462 -0.882627 0.409139 
vn -0.296501 -0.833286 0.466607 
vn -0.358585 -0.775639 0.519424 
vn -0.417095 -0.710261 0.567064 
vn -0.471448 -0.637804 0.609052 
vn -0.521101 -0.558989 0.644969 
vn -0.565561 -0.474603 0.674457 
vn -0.604383 -0.385487 0.697223 
vn -0.637182 -0.292528 0.71304 
vn -0.66363 -0.196654 0.72175 
vn -0.683463 -0.0988194 0.723266 
vn -0.696484 0 0.717573 
vn -0.750397 0.00335316 0.660979 
vn 0.525616 -0.731355 -0.434567 
vn 0.577097 -0.671565 -0.464714 
vn 0.481492 -0.794444 -0.370167 
vn 0.432517 -0.849531 -0.302038 
vn 0.379185 -0.896058 -0.230866 
vn 0.322032 -0.933558 -0.157368 
vn 0.261636 -0.961653 -0.0822842 
vn 0.198603 -0.980059 -0.00637178 
vn 0.13357 -0.988592 0.0696048 
vn 0.0671904 -0.987165 0.14488 
vn 0.000134304 -0.975793 0.218696 
vn -0.0669231 -0.95459 0.290308 
vn -0.133306 -0.92377 0.358996 
vn -0.198347 -0.883643 0.424067 
vn -0.261388 -0.834614 0.484866 
vn -0.321797 -0.777177 0.54078 
vn -0.378964 -0.71191 0.591245 
vn -0.432312 -0.63947 0.635754 
vn -0.481305 -0.560589 0.673859 
vn -0.52545 -0.476059 0.705174 
vn -0.5643 -0.386733 0.729385 
vn -0.597466 -0.293512 0.746248 
vn -0.624612 -0.197333 0.755592 
vn -0.645466 -0.0991659 0.757324 
vn -0.659816 -1.35525e-16 0.751427 
vn -0.680765 0.00149298 0.7325 
vn 0.5059 -0.710219 -0.489545 
vn 0.563125 -0.657031 -0.5012 
vn 0.563142 -0.659803 -0.497525 
vn 0.564445 -0.660897 -0.494589 
vn 0.470434 -0.775758 -0.420585 
vn 0.430119 -0.8333 -0.347288 
vn 0.385369 -0.882252 -0.270411 
vn 0.336647 -0.922109 -0.190747 
vn 0.284454 -0.95246 -0.109116 
vn 0.229329 -0.972992 -0.0263608 
vn 0.17184 -0.983494 0.0566664 
vn 0.11258 -0.983857 0.13911 
vn 0.0521585 -0.974078 0.220119 
vn -0.00880032 -0.954257 0.298859 
vn -0.0696684 -0.924599 0.374518 
vn -0.129818 -0.885409 0.446316 
vn -0.18863 -0.837092 0.513513 
vn -0.245497 -0.780146 0.575416 
vn -0.299833 -0.715157 0.631388 
vn -0.351079 -0.642795 0.680851 
vn -0.398705 -0.563808 0.723295 
vn -0.442221 -0.479008 0.758283 
vn -0.481178 -0.38927 0.785453 
vn -0.515175 -0.295519 0.804527 
vn -0.543861 -0.198721 0.815307 
vn -0.56694 -0.0998755 0.817682 
vn -0.606591 0.00546544 0.794995 
vn -0.584175 1.35525e-16 0.811628 
vn 0.479965 -0.684179 -0.54912 
vn 0.532084 -0.62073 -0.57583 
vn 0.535349 -0.636699 -0.554992 
vn 0.501796 -0.609621 -0.613648 
vn 0.454422 -0.752575 -0.476584 
vn 0.424066 -0.812999 -0.399 
vn 0.389219 -0.864812 -0.31719 
vn 0.350249 -0.907465 -0.23202 
vn 0.307569 -0.940506 -0.144393 
vn 0.261632 -0.963586 -0.0552363 
vn 0.212923 -0.976459 0.0345054 
vn 0.16196 -0.978991 0.123882 
vn 0.10928 -0.971152 0.211946 
vn 0.0554437 -0.953028 0.297765 
vn 0.00101969 -0.924809 0.38043 
vn -0.0534151 -0.886795 0.459066 
vn -0.107284 -0.839388 0.53284 
vn -0.160017 -0.78309 0.600969 
vn -0.211055 -0.718498 0.662734 
vn -0.259857 -0.646296 0.717479 
vn -0.305907 -0.567249 0.764624 
vn -0.348717 -0.482193 0.803671 
vn -0.387833 -0.39203 0.834205 
vn -0.422842 -0.297714 0.855904 
vn -0.453371 -0.200246 0.868537 
vn -0.479099 -0.100656 0.87197 
vn -0.499752 1.35525e-16 0.866168 
vn -0.573649 0.00406411 0.819091 
vn 0.45207 -0.658509 -0.601663 
vn 0.493527 -0.585497 -0.643137 
vn 0.497729 -0.594698 -0.631348 
vn 0.500423 -0.608537 -0.61584 
vn 0.435682 -0.729568 -0.527174 
vn 0.414559 -0.792699 -0.446956 
vn 0.388931 -0.847215 -0.361882 
vn 0.359077 -0.892526 -0.272875 
vn 0.325322 -0.928138 -0.180903 
vn 0.288031 -0.953664 -0.0869652 
vn 0.24761 -0.968827 0.00791757 
vn 0.204499 -0.973463 0.102714 
vn 0.159165 -0.96752 0.196395 
vn 0.112102 -0.951064 0.287941 
vn 0.0638204 -0.924273 0.376359 
vn 0.0148455 -0.887439 0.460687 
vn -0.0342906 -0.840961 0.540009 
vn -0.0830542 -0.785344 0.613462 
vn -0.130915 -0.721194 0.68025 
vn -0.177354 -0.649207 0.739646 
vn -0.221865 -0.570165 0.791004 
vn -0.263965 -0.484928 0.833767 
vn -0.303197 -0.394421 0.86747 
vn -0.339134 -0.299628 0.891746 
vn -0.371386 -0.20158 0.906332 
vn -0.399603 -0.10134 0.91107 
vn -0.423477 -6.77626e-17 0.905907 
vn -0.491733 0.00322472 0.87074 
vn 0.418785 -0.631252 -0.652795 
vn 0.448946 -0.553234 -0.701697 
vn 0.461157 -0.578531 -0.672783 
vn 0.463546 -0.580295 -0.669614 
vn 0.411631 -0.705 -0.577525 
vn 0.399885 -0.770883 -0.495814 
vn 0.383678 -0.828167 -0.408571 
vn 0.36319 -0.876213 -0.316771 
vn 0.338652 -0.914484 -0.221437 
vn 0.310335 -0.942553 -0.123632 
vn 0.278557 -0.960108 -0.0244488 
vn 0.243671 -0.966953 0.0750075 
vn 0.206067 -0.963011 0.173627 
vn 0.166165 -0.948326 0.27031 
vn 0.124408 -0.923062 0.363977 
vn 0.081264 -0.887501 0.453584 
vn 0.0372133 -0.842039 0.538131 
vn -0.0072526 -0.787185 0.616675 
vn -0.0516376 -0.723549 0.688339 
vn -0.0954465 -0.651841 0.752325 
vn -0.138191 -0.572862 0.807919 
vn -0.179393 -0.487492 0.8545 
vn -0.218595 -0.396684 0.891548 
vn -0.255358 -0.301451 0.918651 
vn -0.289272 -0.202855 0.935506 
vn -0.319959 -0.101997 0.941925 
vn -0.347077 0 0.937837 
vn -0.409554 0.00587555 0.912267 
vn 0.378031 -0.603764 -0.701827 
vn 0.398521 -0.519979 -0.755515 
vn 0.416664 -0.547402 -0.72577 
vn 0.390208 -0.514087 -0.76384 
vn 0.421267 -0.550462 -0.720781 
vn 0.379927 -0.680153 -0.626935 
vn 0.377472 -0.748757 -0.544865 
vn 0.370697 -0.808788 -0.456558 
vn 0.359677 -0.859561 -0.363024 
vn 0.344541 -0.900494 -0.265334 
vn 0.32546 -0.931118 -0.164607 
vn 0.302653 -0.951082 -0.0619956 
vn 0.276381 -0.960159 0.0413257 
vn 0.246946 -0.958244 0.144174 
vn 0.214683 -0.945359 0.245372 
vn 0.179963 -0.921652 0.34376 
vn 0.143182 -0.887394 0.438214 
vn 0.104763 -0.842977 0.527651 
vn 0.065144 -0.788909 0.611047 
vn 0.0247794 -0.725811 0.687448 
vn -0.0158689 -0.654403 0.75598 
vn -0.0563356 -0.575504 0.815856 
vn -0.0961573 -0.490016 0.866394 
vn -0.134878 -0.398919 0.907012 
vn -0.172055 -0.303255 0.937248 
vn -0.207262 -0.20412 0.956754 
vn -0.240097 -0.102647 0.965307 
vn -0.270183 -2.71051e-16 0.962809 
vn -0.325938 0.00873724 0.945351 
vn 0.328015 -0.58458 -0.742073 
vn 0.337408 -0.493666 -0.80153 
vn 0.319139 -0.49371 -0.80895 
vn 0.368418 -0.51874 -0.771477 
vn 0.371809 -0.520462 -0.768686 
vn 0.33643 -0.66327 -0.668497 
vn 0.340916 -0.734214 -0.587116 
vn 0.341422 -0.796586 -0.498879 
vn 0.337942 -0.849657 -0.404818 
vn 0.330516 -0.892807 -0.30603 
vn 0.319231 -0.925533 -0.203668 
vn 0.304218 -0.947452 -0.0989285 
vn 0.285653 -0.958308 0.00696624 
vn 0.263753 -0.957975 0.11278 
vn 0.238773 -0.946456 0.217276 
vn 0.211005 -0.923886 0.319236 
vn 0.180773 -0.890529 0.417468 
vn 0.148431 -0.846774 0.510826 
vn 0.114356 -0.793131 0.598219 
vn 0.0789449 -0.730228 0.678627 
vn 0.0426125 -0.658799 0.751111 
vn 0.0057825 -0.579677 0.814826 
vn -0.031115 -0.493787 0.869026 
vn -0.0676492 -0.402131 0.913079 
vn -0.103394 -0.30578 0.946471 
vn -0.137931 -0.205859 0.968812 
vn -0.170857 -0.103534 0.979841 
vn -0.201789 0 0.979429 
vn -0.239396 0.00282011 0.970918 
vn 0.279737 -0.578707 -0.766058 
vn 0.308719 -0.497441 -0.810706 
vn 0.31577 -0.499065 -0.806984 
vn 0.290308 -0.659065 -0.693797 
vn 0.297457 -0.731653 -0.613355 
vn 0.301098 -0.795613 -0.52568 
vn 0.301189 -0.850192 -0.431808 
vn 0.297729 -0.894747 -0.332844 
vn 0.290758 -0.928752 -0.229956 
vn 0.280358 -0.951806 -0.124356 
vn 0.266654 -0.963637 -0.0172903 
vn 0.249805 -0.964107 0.0899795 
vn 0.23001 -0.953208 0.196188 
vn 0.207504 -0.93107 0.300084 
vn 0.182551 -0.897954 0.400442 
vn 0.155445 -0.854251 0.496077 
vn 0.126507 -0.800475 0.585864 
vn 0.0960767 -0.73726 0.668743 
vn 0.0645139 -0.665353 0.743736 
vn 0.0321904 -0.5856 0.809961 
vn -0.00051271 -0.498943 0.866635 
vn -0.0332097 -0.406403 0.91309 
vn -0.0655152 -0.30907 0.94878 
vn -0.0970482 -0.208094 0.973282 
vn -0.156323 0 0.987706 
vn 0.228257 -0.582191 -0.780354 
vn 0.248536 -0.494053 -0.833152 
vn 0.238977 -0.491599 -0.837389 
vn 0.263435 -0.495741 -0.827552 
vn 0.265867 -0.491525 -0.829287 
vn 0.237382 -0.6639 -0.709145 
vn 0.243699 -0.737755 -0.629547 
vn 0.247133 -0.802881 -0.5425 
vn 0.247643 -0.85851 -0.449036 
vn 0.245224 -0.903982 -0.35026 
vn 0.239903 -0.938759 -0.24734 
vn 0.231745 -0.962431 -0.141494 
vn 0.220844 -0.974717 -0.0339745 
vn 0.207331 -0.975472 0.0739474 
vn 0.191366 -0.964687 0.180994 
vn 0.173136 -0.942489 0.2859 
vn 0.152858 -0.909141 0.387424 
vn 0.130772 -0.865038 0.484364 
vn 0.107139 -0.810701 0.575574 
vn 0.0822377 -0.746773 0.659975 
vn 0.056364 -0.674011 0.736568 
vn 0.0298235 -0.593275 0.804447 
vn 0.00293022 -0.50552 0.86281 
vn -0.0239978 -0.411785 0.910965 
vn -0.0506418 -0.313179 0.948343 
vn -0.127437 -0.104664 0.986309 
vn -0.0766868 -0.210867 0.974502 
vn -0.101825 -0.106061 0.989132 
vn -0.135847 -0.0122971 0.990654 
vn -0.125758 -5.42101e-16 0.992061 
vn 0.166009 -0.590234 -0.789978 
vn 0.179347 -0.506004 -0.843679 
vn 0.168615 -0.499431 -0.849787 
vn 0.209117 -0.510263 -0.834207 
vn 0.216432 -0.493595 -0.842331 
vn 0.170707 -0.673048 -0.719629 
vn 0.173386 -0.747901 -0.640767 
vn 0.174013 -0.813906 -0.554325 
vn 0.172583 -0.870283 -0.461326 
vn 0.16911 -0.916366 -0.36287 
vn 0.163638 -0.951609 -0.260122 
vn 0.156229 -0.975595 -0.154296 
vn 0.146973 -0.98804 -0.0466456 
vn 0.135978 -0.988798 0.0615569 
vn 0.123374 -0.977858 0.169031 
vn 0.109311 -0.955352 0.274506 
vn 0.0939553 -0.921544 0.376734 
vn 0.0774879 -0.876836 0.474505 
vn 0.0601038 -0.821754 0.566663 
vn 0.0420087 -0.756953 0.652118 
vn 0.0234167 -0.683197 0.729859 
vn 0.00454768 -0.601359 0.798966 
vn -0.0143751 -0.512408 0.858622 
vn -0.0331279 -0.417395 0.908121 
vn -0.0514888 -0.317445 0.946878 
vn -0.0692406 -0.213739 0.974434 
vn -0.102087 0 0.994776 
vn 0.115166 -0.596748 -0.794121 
vn 0.154807 -0.509182 -0.846622 
vn 0.159347 -0.500438 -0.850982 
vn 0.114819 -0.679935 -0.724227 
vn 0.113117 -0.755095 -0.645783 
vn 0.110079 -0.821341 -0.559716 
vn 0.105742 -0.87789 -0.467041 
vn 0.100157 -0.924076 -0.368853 
vn 0.0933887 -0.959353 -0.26631 
vn 0.0855183 -0.983304 -0.160623 
vn 0.0766383 -0.995647 -0.05304 
vn 0.0668536 -0.996236 0.0551691 
vn 0.0562797 -0.985065 0.162727 
vn 0.0450413 -0.962264 0.268364 
vn 0.0332713 -0.928104 0.370832 
vn 0.0211084 -0.882987 0.468923 
vn 0.00869638 -0.827446 0.561478 
vn -0.00381833 -0.762136 0.647405 
vn -0.016288 -0.68783 0.725689 
vn -0.0285653 -0.605403 0.795406 
vn -0.0405054 -0.51583 0.855733 
vn -0.0519674 -0.420167 0.905958 
vn -0.0628158 -0.319544 0.945487 
vn -0.0861733 -0.107505 0.990463 
vn -0.0729227 -0.215148 0.973855 
vn -0.0821687 -0.108213 0.990726 
vn 0.0467763 -0.600725 -0.798086 
vn 0.0889796 -0.516836 -0.851448 
vn 0.111688 -0.506801 -0.854797 
vn 0.0389525 -0.683756 -0.72867 
vn 0.0306701 -0.758737 -0.650675 
vn 0.0220265 -0.824784 -0.565019 
vn 0.0131237 -0.88112 -0.472711 
vn 0.00406626 -0.927082 -0.374837 
vn -0.00503901 -0.962129 -0.27255 
vn -0.014085 -0.985847 -0.167053 
vn -0.0229651 -0.997959 -0.0595903 
vn -0.0315748 -0.99832 0.0485744 
vn -0.0398127 -0.986928 0.156167 
vn -0.047582 -0.963916 0.261921 
vn -0.0547909 -0.929554 0.364592 
vn -0.0613548 -0.884248 0.462969 
vn -0.0671963 -0.828531 0.555896 
vn -0.0722467 -0.76306 0.642278 
vn -0.0764464 -0.688604 0.721097 
vn -0.0797461 -0.60604 0.791427 
vn -0.0821068 -0.516341 0.852438 
vn -0.0835008 -0.420563 0.903413 
vn -0.0839117 -0.319833 0.943751 
vn -0.0833346 -0.215337 0.972978 
vn -0.0792553 0 0.996854 
vn -0.0904447 0 0.995901 
vn -0.918564 2.71051e-16 0.395272 
vn -0.920939 -0.053161 0.386063 
vn -0.915414 -0.0965823 0.390756 
vn -0.925514 2.12005e-15 0.378715 
vn -0.902277 -0.16832 0.396943 
vn -0.896914 -0.192338 0.398184 
vn -0.901528 -0.171834 0.397139 
vn -0.87904 -0.258846 0.40036 
vn -0.870476 -0.286346 0.400347 
vn -0.854686 -0.331449 0.399567 
vn -0.836386 -0.377702 0.39724 
vn -0.801866 -0.452227 0.390514 
vn -0.795044 -0.465524 0.388836 
vn -0.804963 -0.446066 0.391229 
vn -0.829775 -0.393038 0.396226 
vn -0.778217 -0.496525 0.384501 
vn -0.753237 -0.538805 0.377256 
vn -0.706912 -0.607664 0.361968 
vn -0.692338 -0.627223 0.356735 
vn -0.730839 -0.573481 0.370128 
vn -0.650558 -0.6786 0.340993 
vn -0.660613 -0.666815 0.344889 
vn -0.684255 -0.637668 0.353801 
vn -0.604356 -0.728572 0.322393 
vn -0.579756 -0.752649 0.312093 
vn -0.627884 -0.703945 0.331998 
vn -0.566176 -0.765265 0.306291 
vn -0.556697 -0.773786 0.302232 
vn -0.529059 -0.797426 0.290185 
vn -0.500107 -0.820351 0.277341 
vn -0.469591 -0.842616 0.263597 
vn -0.452509 -0.854276 0.255827 
vn -0.41188 -0.879833 0.23717 
vn -0.36874 -0.903809 0.217162 
vn -0.420829 -0.874466 0.241272 
vn -0.317416 -0.928395 0.193211 
vn -0.25548 -0.952756 0.164273 
vn -0.260846 -0.950869 0.166759 
vn -0.18924 -0.972813 0.133505 
vn -0.189185 -0.972827 0.13348 
vn -0.176866 -0.975907 0.127764 
vn -0.11814 -0.987852 0.100953 
vn -0.0547753 -0.995858 0.0725743 
vn -0.0040213 -0.998726 0.0503052 
vn 0.0839399 -0.99638 0.013487 
vn 0.171275 -0.985003 -0.0208376 
vn 0.234636 -0.971088 -0.0439864 
vn 0.258136 -0.96471 -0.0519608 
vn 0.332321 -0.94011 -0.0758714 
vn 0.343544 -0.93587 -0.0782606 
vn 0.42716 -0.898639 -0.0999062 
vn 0.508062 -0.853354 -0.116875 
vn 0.585348 -0.800417 -0.129231 
vn 0.65926 -0.736158 -0.153125 
vn 0.654926 -0.737625 -0.164258 
vn 0.658153 -0.740293 -0.137114 
vn 0.0540494 -0.510622 -0.858105 
vn 0.0480111 -0.525716 -0.849304 
vn 0.0457886 -0.550455 -0.833608 
vn 0.049318 -0.510683 -0.858354 
vn 0.0409865 -0.600648 -0.798462 
vn 0.0380014 -0.629783 -0.775841 
vn 0.0409759 -0.600747 -0.798388 
vn 0.0320644 -0.683548 -0.729201 
vn 0.0297008 -0.703497 -0.710078 
vn 0.0320424 -0.683732 -0.729029 
vn 0.0262857 -0.730985 -0.681887 
vn 0.0226776 -0.75839 -0.651406 
vn 0.0226404 -0.75866 -0.651093 
vn 0.0175774 -0.794344 -0.607214 
vn 0.0129509 -0.82435 -0.565932 
vn 0.0129022 -0.824649 -0.565497 
vn 0.00860577 -0.850293 -0.52624 
vn 0.00297862 -0.88062 -0.473814 
vn -0.000707478 -0.898594 -0.43878 
vn 0.00291772 -0.880923 -0.473251 
vn -0.00436546 -0.915048 -0.403321 
vn -0.0071156 -0.926521 -0.376175 
vn -0.00718993 -0.926818 -0.375442 
vn -0.0134802 -0.94997 -0.312049 
vn -0.017141 -0.961555 -0.274078 
vn -0.0172239 -0.961799 -0.273215 
vn -0.0225026 -0.97585 -0.217281 
vn -0.0269431 -0.98529 -0.168755 
vn -0.0270323 -0.985455 -0.167773 
vn -0.0314034 -0.992408 -0.118911 
vn -0.0348319 -0.996221 -0.0795591 
vn -0.0430006 -0.998913 0.0179744 
vn -0.0452958 -0.997888 0.0465589 
vn -0.0453928 -0.997826 0.0477776 
vn -0.050715 -0.991972 0.115843 
vn -0.0535813 -0.986607 0.154061 
vn -0.053677 -0.9864 0.155353 
vn -0.0579496 -0.9751 0.214061 
vn -0.0606941 -0.96547 0.253346 
vn -0.0611308 -0.963738 0.259755 
vn -0.0612225 -0.963367 0.261106 
vn -0.0668256 -0.935758 0.346254 
vn -0.0722519 -0.89688 0.436332 
vn -0.0736223 -0.884443 0.460804 
vn -0.0736997 -0.883705 0.462206 
vn -0.076961 -0.848547 0.523492 
vn -0.0784602 -0.828932 0.55382 
vn -0.078667 -0.826028 0.558112 
vn -0.0821205 -0.767236 0.636086 
vn -0.0785261 -0.828012 0.555184 
vn -0.0847611 -0.700734 0.70837 
vn -0.0851004 -0.689499 0.719269 
vn -0.0851392 -0.688172 0.720535 
vn -0.086587 -0.626272 0.774781 
vn -0.0870929 -0.593518 0.800095 
vn -0.0876932 -0.51771 0.85105 
vn -0.0877105 -0.512136 0.854414 
vn -0.087528 -0.425351 0.900786 
vn -0.0876988 -0.516031 0.852069 
vn -0.0865439 -0.332989 0.938951 
vn -0.0863732 -0.321688 0.942898 
vn -0.0859241 -0.294626 0.951742 
vn -0.0863415 -0.319656 0.943592 
vn -0.0839098 -0.199712 0.976255 
vn -0.0814376 -0.110546 0.990529 
vn -0.0817764 -0.108306 0.990748 
vn -0.0811833 -0.102333 0.991432 
vn -0.0777344 -0.00241461 0.996971 
vn -0.0813671 -0.108253 0.990788 
vn -0.0776431 8.46289e-15 0.996981 
vn 0.360723 -0.928969 -0.0830411 
vn -0.994364 0 0.106022 
vn -0.99504 0 0.0994762 
vn -0.99804 0 0.0625759 
vn -0.996259 0 0.0864155 
vn -0.999906 0 0.0136944 
vn -1 0 0 
vn -0.98193 0 0.189244 
vn -0.994262 0 0.106972 
vn -0.985086 0 0.172063 
vn -0.979303 0 0.202399 
vn -0.954849 0 0.297092 
vn -0.959535 0 0.281589 
vn -0.979038 0 0.203679 
vn -0.979303 0 0.202399 
vn -0.971076 0 0.238772 
vn -0.91699 0 0.398909 
vn -0.91788 0 0.396857 
vn -0.948657 0 0.316307 
vn -0.925514 0 0.378715 
vn -0.918564 0 0.395272 
vn -0.951765 0 0.306828 
vn -0.951531 0 0.307552 
vn -0.878808 0 0.477176 
vn -0.875543 0 0.483141 
vn -0.869422 0 0.49407 
vn -0.824731 0 0.565525 
vn -0.825277 0 0.564727 
vn -0.81344 0 0.581649 
vn -0.763322 0 0.646019 
vn -0.77297 0 0.634443 
vn -0.750147 0 0.661272 
vn -0.696484 0 0.717573 
vn -0.709075 0 0.705133 
vn -0.680621 0 0.732636 
vn -0.605927 0 0.79552 
vn -0.633982 0 0.773347 
vn -0.659816 0 0.751427 
vn -0.605927 0 0.79552 
vn -0.584175 0 0.811628 
vn -0.573072 0 0.819505 
vn -0.499752 0 0.866168 
vn -0.558281 0 0.829652 
vn -0.573072 0 0.819505 
vn -0.491167 0 0.871066 
vn -0.423477 0 0.905907 
vn -0.469667 0 0.882843 
vn -0.40832 0 0.912839 
vn -0.347077 0 0.937837 
vn -0.387248 0 0.921976 
vn -0.323792 0 0.946128 
vn -0.270183 0 0.962809 
vn -0.311649 0 0.950197 
vn -0.29408 0 0.955781 
vn -0.238651 0 0.971105 
vn -0.157847 0 0.987464 
vn -0.194926 0 0.980818 
vn -0.156323 0 0.987706 
vn -0.138851 0 0.990313 
vn -0.201789 0 0.979429 
vn -0.224637 0 0.974442 
vn -0.0792553 0 0.996854 
vn -0.0776431 0 0.996981 
vn -0.0947807 0 0.995498 
vn -0.0904447 0 0.995901 
vn -0.101802 0 0.994805 
vn -0.126599 0 0.991954 
vn -0.125758 0 0.992061 
vn -0.102087 0 0.994776 
vn -0.748698 -0.662855 -0.00861518 
vn -0.748955 -0.662555 -0.00933744 
vn -0.748943 -0.662569 -0.00929873 
vn -0.748969 -0.662539 -0.00938719 
vn -0.748965 -0.662544 -0.0093709 
vn -0.748976 -0.66253 -0.00941629 
vn -0.748971 -0.662536 -0.00939605 
vn -0.748978 -0.662528 -0.0094232 
vn -0.748981 -0.662525 -0.00944321 
vn -0.74898 -0.662525 -0.00943533 
vn -0.74898 -0.662526 -0.00944671 
vn -0.748978 -0.662527 -0.00944624 
vn -0.748966 -0.662542 -0.00942858 
vn -0.748972 -0.662534 -0.00944007 
vn -0.748977 -0.662529 -0.00944591 
vn -0.748956 -0.662552 -0.00941087 
vn -0.748938 -0.662574 -0.00937051 
vn -0.748951 -0.662559 -0.00939856 
vn -0.748914 -0.662602 -0.0093148 
vn -0.748934 -0.662578 -0.00936267 
vn -0.74885 -0.662677 -0.00915296 
vn -0.748886 -0.662635 -0.00924538 
vn -0.748798 -0.662737 -0.0090158 
vn -0.748846 -0.662681 -0.00914427 
vn -0.74868 -0.662877 -0.00847899 
vn -0.748648 -0.662915 -0.00837557 
vn -0.748738 -0.66281 -0.0086596 
vn -0.748736 -0.662812 -0.00865223 
vn -0.748752 -0.662793 -0.00870282 
vn -0.748815 -0.66272 -0.00889732 
vn -0.748798 -0.662739 -0.00884516 
vn -0.748869 -0.662656 -0.00906419 
vn -0.748843 -0.662687 -0.00898432 
vn -0.748904 -0.662615 -0.0091744 
vn -0.748878 -0.662646 -0.00909114 
vn -0.748907 -0.662611 -0.00918353 
vn -0.748913 -0.662604 -0.00920194 
vn -0.748927 -0.662588 -0.0092456 
vn -0.748604 -0.662966 -0.0082356 
vn -0.748788 -0.662748 -0.00898768 
vn -0.748798 -0.662737 -0.0090157 
vn -0.748685 -0.662869 -0.00869157 
vn -0.748741 -0.662804 -0.00885495 
vn -0.748197 -0.663442 -0.00677406 
vn -0.748633 -0.662929 -0.00853569 
vn -0.748449 -0.663145 -0.0079341 
vn -0.748548 -0.663029 -0.0082665 
vn -0.748343 -0.663269 -0.00755789 
vn -0.74838 -0.663226 -0.00769198 
vn -0.748252 -0.663375 -0.00721061 
vn -0.748216 -0.663417 -0.00706853 
vn -0.748145 -0.663503 -0.00655737 
vn -0.748093 -0.663563 -0.00634053 
vn -0.748192 -0.663446 -0.00696949 
vn -0.748101 -0.663553 -0.00658333 
vn -0.74783 -0.663871 -0.00506335 
vn -0.747996 -0.663675 -0.00610354 
vn -0.747901 -0.663786 -0.00563017 
vn -0.747817 -0.663885 -0.00516398 
vn -0.747705 -0.664017 -0.00431744 
vn -0.74773 -0.663986 -0.00463708 
vn -0.747528 -0.664224 -0.00302357 
vn -0.747701 -0.664022 -0.00428946 
vn -0.747611 -0.664127 -0.00364833 
vn -0.74747 -0.664292 -0.00228328 
vn -0.747479 -0.664281 -0.00247788 
vn -0.747469 -0.664293 -0.00226336 
vn -0.747444 -0.664322 -0.00198214 
vn -0.747439 -0.664327 -0.00185127 
vn -0.747381 -0.664395 0 
vn -0.747412 -0.66436 -0.00134665 
vn -0.734138 0.679001 2.02561e-13 
vn -0.657704 0.753276 2.24719e-13 
vn -0.656167 0.752226 -0.0600033 
vn -0.802232 0.597012 1.78102e-13 
vn -0.731813 0.677981 -0.069216 
vn -0.861214 0.508243 1.5162e-13 
vn -0.799176 0.596062 -0.0776452 
vn -0.910413 0.4137 1.23416e-13 
vn -0.857492 0.507395 -0.0851955 
vn -0.949271 0.314458 9.38101e-14 
vn -0.906101 0.412985 -0.0917814 
vn -0.977347 0.211645 6.31384e-14 
vn -0.944454 0.3139 -0.0973284 
vn -0.994321 0.106427 3.17495e-14 
vn -0.972117 0.211262 -0.101774 
vn -0.988775 0.106232 -0.105067 
vn -0.994364 0.000184387 -0.106023 
vn -0.994241 0 -0.107171 
vn -0.726664 0.675727 -0.123903 
vn -0.64276 0.762168 -0.0771924 
vn -0.792331 0.593965 -0.139349 
vn -0.849095 0.505528 -0.15323 
vn -0.896318 0.411412 -0.165389 
vn -0.933471 0.312673 -0.175689 
vn -0.960136 0.210421 -0.184016 
vn -0.976013 0.105805 -0.190275 
vn -0.652833 0.749897 -0.107064 
vn -0.647598 0.746189 -0.154335 
vn -0.718457 0.672153 -0.17897 
vn -0.781334 0.590649 -0.201618 
vn -0.835532 0.502584 -0.222026 
vn -0.880447 0.408936 -0.239967 
vn -0.915581 0.310745 -0.255242 
vn -0.940544 0.209101 -0.267682 
vn -0.955058 0.105134 -0.277148 
vn -0.958962 -2.71051e-16 -0.283535 
vn -0.979312 0.00124856 -0.202351 
vn -0.707102 0.667235 -0.234103 
vn -0.636175 0.753949 -0.163836 
vn -0.766056 0.586105 -0.263893 
vn -0.816625 0.49856 -0.290795 
vn -0.858256 0.405558 -0.314515 
vn -0.890493 0.308118 -0.334792 
vn -0.912984 0.207305 -0.351404 
vn -0.925482 0.104223 -0.364171 
vn -0.927851 0 -0.372952 
vn -0.954884 0.00222529 -0.296971 
vn -0.640409 0.741062 -0.20175 
vn -0.637128 0.73872 -0.219912 
vn -0.701916 0.664996 -0.255137 
vn -0.759071 0.584041 -0.287588 
vn -0.807973 0.496736 -0.316911 
vn -0.848089 0.40403 -0.342789 
vn -0.878984 0.30693 -0.36494 
vn -0.900321 0.206493 -0.383122 
vn -0.911869 0.103811 -0.397138 
vn -0.917004 0.000489453 -0.398878 
vn -0.913501 0 -0.406836 
vn -0.624289 0.736126 -0.261499 
vn -0.685799 0.658055 -0.310874 
vn -0.737401 0.577663 -0.350064 
vn -0.781142 0.491111 -0.385522 
vn -0.816554 0.399324 -0.416869 
vn -0.84326 0.303279 -0.443772 
vn -0.860976 0.204 -0.465944 
vn -0.869513 0.102547 -0.483148 
vn -0.869434 0.000267631 -0.49405 
vn -0.868779 0 -0.4952 
vn -0.626885 0.731432 -0.26837 
vn -0.614553 0.722755 -0.316148 
vn -0.666665 0.649833 -0.365069 
vn -0.711825 0.570135 -0.410184 
vn -0.749564 0.484493 -0.451022 
vn -0.779487 0.393799 -0.487157 
vn -0.801283 0.298999 -0.518213 
vn -0.814725 0.201082 -0.543866 
vn -0.819671 0.101068 -0.563848 
vn -0.600034 0.712743 -0.363258 
vn -0.644643 0.640388 -0.417538 
vn -0.682696 0.561518 -0.467572 
vn -0.713805 0.476937 -0.512849 
vn -0.737652 0.387505 -0.552909 
vn -0.753997 0.294131 -0.587346 
vn -0.762672 0.197766 -0.615808 
vn -0.76359 0.0993882 -0.638007 
vn -0.75674 0 -0.653716 
vn -0.813522 0.00104593 -0.581533 
vn -0.630624 0.634393 -0.447057 
vn -0.597594 0.713777 -0.365244 
vn -0.664356 0.556062 -0.499425 
vn -0.691435 0.472162 -0.546791 
vn -0.711588 0.383533 -0.58868 
vn -0.724614 0.291062 -0.624673 
vn -0.730383 0.195676 -0.65441 
vn -0.728835 0.0983307 -0.677591 
vn -0.719988 0 -0.693986 
vn -0.750275 0.00121979 -0.661124 
vn -0.590574 0.706369 -0.390211 
vn -0.571726 0.711704 -0.408175 
vn -0.602898 0.62263 -0.498844 
vn -0.628617 0.54538 -0.554438 
vn -0.648226 0.462829 -0.604642 
vn -0.661535 0.37578 -0.648969 
vn -0.668413 0.285078 -0.686989 
vn -0.668795 0.191606 -0.718332 
vn -0.662677 0.0962706 -0.742692 
vn -0.681556 0.00691389 -0.731733 
vn -0.650117 0 -0.759834 
vn -0.571319 0.693828 -0.438402 
vn -0.54774 0.701391 -0.456104 
vn -0.567057 0.607795 -0.555905 
vn -0.545666 0.690374 -0.475007 
vn -0.583533 0.531942 -0.613618 
vn -0.594549 0.451112 -0.665589 
vn -0.600003 0.366061 -0.711334 
vn -0.599843 0.277585 -0.750423 
vn -0.594071 0.186512 -0.782491 
vn -0.582741 0.0936944 -0.807239 
vn -0.607631 0.00988642 -0.794158 
vn -0.573622 0.00294812 -0.819115 
vn -0.565959 0 -0.824434 
vn -0.545276 0.677962 -0.492992 
vn -0.522186 0.684432 -0.508797 
vn -0.528633 0.592746 -0.607617 
vn -0.536641 0.518337 -0.66584 
vn -0.539824 0.439268 -0.718076 
vn -0.538154 0.35625 -0.763857 
vn -0.531645 0.270028 -0.802769 
vn -0.520356 0.181379 -0.834465 
vn -0.504389 0.091099 -0.858658 
vn -0.491832 0.00292387 -0.870685 
vn -0.483887 0 -0.875131 
vn -0.515873 0.661826 -0.543931 
vn -0.509134 0.658415 -0.554321 
vn -0.520096 0.589569 -0.617987 
vn -0.526423 0.515468 -0.676145 
vn -0.528057 0.436772 -0.728276 
vn -0.524984 0.354183 -0.773916 
vn -0.517232 0.268437 -0.812658 
vn -0.50487 0.180299 -0.844156 
vn -0.488007 0.0905528 -0.86813 
vn -0.477588 0.574883 -0.664394 
vn -0.490421 0.668706 -0.558856 
vn -0.476571 0.502212 -0.72157 
vn -0.471478 0.425246 -0.772576 
vn -0.462353 0.344645 -0.816976 
vn -0.449275 0.261096 -0.854389 
vn -0.432354 0.175314 -0.884497 
vn -0.411737 0.0880335 -0.907041 
vn -0.410056 0.00652055 -0.912037 
vn -0.387599 0 -0.921828 
vn -0.460619 0.655038 -0.598961 
vn -0.450991 0.654416 -0.606916 
vn -0.474522 0.642637 -0.601536 
vn -0.425599 0.561984 -0.709253 
vn -0.418255 0.490556 -0.764472 
vn -0.40748 0.415104 -0.813418 
vn -0.39336 0.336246 -0.855691 
vn -0.376014 0.254628 -0.890942 
vn -0.355582 0.170922 -0.918884 
vn -0.332233 0.085813 -0.939286 
vn -0.324989 0.00410501 -0.945709 
vn -0.306158 0 -0.951981 
vn -0.367411 0.556508 -0.74519 
vn -0.395829 0.635379 -0.663032 
vn -0.390469 0.632811 -0.668643 
vn -0.429451 0.6288 -0.648215 
vn -0.356491 0.48552 -0.798238 
vn -0.342729 0.410661 -0.844922 
vn -0.326235 0.332528 -0.88487 
vn -0.30714 0.251744 -0.917764 
vn -0.285595 0.168953 -0.94334 
vn -0.261774 0.0848145 -0.961395 
vn -0.238409 -0.00074041 -0.971165 
vn -0.235866 0 -0.971785 
vn -0.375401 0.62306 -0.6862 
vn -0.323404 0.626451 -0.709203 
vn -0.303392 0.559175 -0.771542 
vn -0.291895 0.487723 -0.822754 
vn -0.278103 0.412436 -0.867499 
vn -0.262126 0.333908 -0.905426 
vn -0.244088 0.252755 -0.936235 
vn -0.224132 0.169615 -0.959685 
vn -0.202413 0.0851422 -0.975592 
vn -0.179104 0 -0.98383 
vn -0.281282 0.561981 -0.777854 
vn -0.303927 0.627016 -0.717272 
vn -0.312504 0.626233 -0.714264 
vn -0.270376 0.490164 -0.828635 
vn -0.257345 0.414497 -0.872906 
vn -0.242294 0.335574 -0.910321 
vn -0.225338 0.254014 -0.940585 
vn -0.206613 0.17046 -0.96346 
vn -0.186265 0.0855659 -0.978766 
vn -0.164454 0 -0.986385 
vn -0.289979 0.629384 -0.720964 
vn -0.251445 0.627153 -0.737194 
vn -0.208547 0.573008 -0.792571 
vn -0.201381 0.499821 -0.842392 
vn -0.192626 0.422691 -0.885566 
vn -0.182352 0.342226 -0.921754 
vn -0.170638 0.25906 -0.950668 
vn -0.157579 0.173851 -0.972083 
vn -0.143276 0.0872696 -0.985828 
vn -0.134318 -0.0215579 -0.990704 
vn -0.127843 0 -0.991794 
vn -0.189845 0.645058 -0.740175 
vn -0.185597 0.576051 -0.796065 
vn -0.179882 0.502491 -0.845663 
vn -0.172745 0.42496 -0.888577 
vn -0.164242 0.34407 -0.924468 
vn -0.154442 0.26046 -0.953052 
vn -0.143421 0.174792 -0.974104 
vn -0.131266 0.0877429 -0.987456 
vn -0.118074 0 -0.993005 
vn -0.17903 0.642075 -0.745445 
vn -0.137352 0.644887 -0.751835 
vn -0.117253 0.583931 -0.803291 
vn -0.117064 0.509443 -0.852505 
vn -0.115941 0.430894 -0.894924 
vn -0.113895 0.34891 -0.93021 
vn -0.110941 0.264145 -0.958081 
vn -0.107102 0.177275 -0.978316 
vn -0.10241 0.0889923 -0.990754 
vn -0.0969018 0 -0.995294 
vn -0.0470865 0.586207 -0.808792 
vn -0.0923965 0.647207 -0.756694 
vn -0.116507 0.653766 -0.747674 
vn -0.0530785 0.511472 -0.857659 
vn -0.0586454 0.432642 -0.899656 
vn -0.0637426 0.350346 -0.934449 
vn -0.0683293 0.265245 -0.961757 
vn -0.0723687 0.178019 -0.981362 
vn -0.0758285 0.0893674 -0.993108 
vn -0.078681 0 -0.9969 
vn -0.0407174 0.656246 -0.753448 
vn -0.0398263 0.640308 -0.767085 
vn -0.0426878 0.608766 -0.7922 
vn -0.0383242 0.656204 -0.75361 
vn -0.0439672 0.594108 -0.803183 
vn -0.0446476 0.586166 -0.80896 
vn -0.0493624 0.528206 -0.84768 
vn -0.055662 0.441818 -0.895376 
vn -0.0493725 0.528075 -0.847761 
vn -0.0562877 0.432607 -0.899824 
vn -0.0592768 0.386813 -0.920251 
vn -0.0615488 0.349826 -0.93479 
vn -0.0648059 0.293069 -0.953892 
vn -0.0678337 0.235633 -0.969472 
vn -0.066307 0.265221 -0.961905 
vn -0.0739637 0.100317 -0.992203 
vn -0.0696772 0.197978 -0.977727 
vn -0.0748252 0.0785256 -0.9941 
vn -0.0744013 0.0893582 -0.993217 
vn -0.0776431 -2.86237e-15 -0.996981 
vn -0.214067 0.641675 -0.736498 
vn -0.466795 0 -0.884365 
vn -0.816071 0 -0.577951 
vn -0.980923 0 -0.194397 
vn -1 0 0 
vn 0.632802 -0.774314 4.34047e-13 
vn 0.630806 -0.771825 -0.0798129 
vn 0.663493 -0.746355 -0.0522617 
vn 0.662983 -0.745775 -0.0653675 
vn 0.662288 -0.744986 -0.079816 
vn 0.610925 -0.791688 2.2613e-13 
vn 0.588301 -0.804693 -0.0798132 
vn 0.583394 -0.797787 -0.152274 
vn 0.625499 -0.765221 -0.152274 
vn 0.575396 -0.786576 -0.224094 
vn 0.61686 -0.754497 -0.224094 
vn 0.564329 -0.771109 -0.294829 
vn 0.604917 -0.739697 -0.29483 
vn 0.550234 -0.751461 -0.364072 
vn 0.589716 -0.720891 -0.364075 
vn 0.531094 -0.724845 -0.438792 
vn 0.56909 -0.69541 -0.438796 
vn 0.512213 -0.69864 -0.499539 
vn 0.548753 -0.670316 -0.499546 
vn 0.487384 -0.664241 -0.566781 
vn 0.590144 -0.807298 -7.12684e-14 
vn 0.532819 -0.846229 -1.18609e-13 
vn 0.531189 -0.843486 -0.0798077 
vn 0.526836 -0.836217 -0.152263 
vn 0.519727 -0.824423 -0.224077 
vn 0.509872 -0.808158 -0.294807 
vn 0.497301 -0.787505 -0.364043 
vn 0.48021 -0.759534 -0.438756 
vn 0.463331 -0.732002 -0.499498 
vn 0.441115 -0.695867 -0.566733 
vn 0.41639 -0.655764 -0.629756 
vn 0.459776 -0.626056 -0.629809 
vn 0.389443 -0.612169 -0.688173 
vn 0.429712 -0.584539 -0.688231 
vn 0.360503 -0.565465 -0.741813 
vn 0.497603 -0.867405 -1.99386e-14 
vn 0.458779 -0.88855 -3.46146e-15 
vn 0.457432 -0.885656 -0.0798051 
vn 0.496102 -0.864588 -0.0798086 
vn 0.453814 -0.877992 -0.152258 
vn 0.492086 -0.857127 -0.152265 
vn 0.447879 -0.865562 -0.224068 
vn 0.485517 -0.845022 -0.224079 
vn 0.439624 -0.848427 -0.294792 
vn 0.476399 -0.828331 -0.294808 
vn 0.464758 -0.807138 -0.364043 
vn 0.429064 -0.826675 -0.364023 
vn 0.414674 -0.797223 -0.438727 
vn 0.448918 -0.778439 -0.438754 
vn 0.400437 -0.768238 -0.499461 
vn 0.381668 -0.730203 -0.566687 
vn 0.360749 -0.687996 -0.6297 
vn 0.337923 -0.642119 -0.688107 
vn 0.313382 -0.592973 -0.741737 
vn 0.287321 -0.540961 -0.790448 
vn 0.412914 -0.907268 -0.0797952 
vn 0.414088 -0.910237 -2.49483e-14 
vn 0.365747 -0.930714 -4.09188e-14 
vn 0.362499 -0.928562 -0.0797941 
vn 0.359811 -0.920522 -0.152236 
vn 0.409747 -0.899406 -0.152239 
vn 0.355367 -0.907482 -0.224035 
vn 0.404532 -0.886657 -0.224039 
vn 0.349149 -0.889505 -0.294748 
vn 0.397257 -0.869084 -0.294755 
vn 0.341162 -0.866681 -0.363967 
vn 0.387934 -0.846776 -0.363976 
vn 0.33024 -0.835776 -0.438657 
vn 0.375204 -0.816572 -0.43867 
vn 0.319406 -0.805358 -0.499378 
vn 0.362593 -0.786848 -0.499396 
vn 0.305097 -0.765436 -0.56659 
vn 0.345951 -0.747842 -0.566613 
vn 0.289129 -0.721126 -0.629588 
vn 0.327387 -0.704556 -0.629618 
vn 0.271693 -0.672953 -0.687981 
vn 0.307118 -0.657502 -0.688019 
vn 0.252948 -0.621331 -0.741596 
vn 0.233058 -0.566676 -0.790292 
vn 0.308441 -0.951244 -1.99843e-14 
vn 0.307653 -0.948146 -0.0797999 
vn 0.305496 -0.939943 -0.152247 
vn 0.301905 -0.926637 -0.224049 
vn 0.296855 -0.90829 -0.294764 
vn 0.290345 -0.884995 -0.363983 
vn 0.281415 -0.853448 -0.438671 
vn 0.272541 -0.822394 -0.499389 
vn 0.260806 -0.781635 -0.566593 
vn 0.247702 -0.73639 -0.629582 
vn 0.233396 -0.687193 -0.687963 
vn 0.218033 -0.634465 -0.741563 
vn 0.201771 -0.578625 -0.790241 
vn 0.18479 -0.520088 -0.833883 
vn 0.273494 -0.961874 1.90032e-14 
vn 0.249748 -0.965018 -0.0797872 
vn 0.248238 -0.956664 -0.152222 
vn 0.245674 -0.943114 -0.224011 
vn 0.242018 -0.924431 -0.294712 
vn 0.237256 -0.900709 -0.363915 
vn 0.230676 -0.868581 -0.438584 
vn 0.224104 -0.836955 -0.499284 
vn 0.215389 -0.795439 -0.566466 
vn 0.20565 -0.74935 -0.629431 
vn 0.195035 -0.699224 -0.687785 
vn 0.183693 -0.645485 -0.741354 
vn 0.171808 -0.588549 -0.789995 
vn 0.159625 -0.528821 -0.833587 
vn 0.11799 -0.989805 -0.0797794 
vn 0.185773 -0.979349 -0.0797707 
vn 0.178638 -0.983915 3.76452e-14 
vn 0.186087 -0.982533 3.96428e-14 
vn 0.117609 -0.981326 -0.152207 
vn 0.184849 -0.970911 -0.15219 
vn 0.116883 -0.967557 -0.22399 
vn 0.183233 -0.957217 -0.223966 
vn 0.115771 -0.948556 -0.294685 
vn 0.180884 -0.938329 -0.294653 
vn 0.114253 -0.924411 -0.363883 
vn 0.177783 -0.914336 -0.363844 
vn 0.112088 -0.891691 -0.438548 
vn 0.173459 -0.881832 -0.438501 
vn 0.109885 -0.859465 -0.499245 
vn 0.169119 -0.849827 -0.499193 
vn 0.106943 -0.817147 -0.566422 
vn 0.163352 -0.807803 -0.566365 
vn 0.103669 -0.770151 -0.629381 
vn 0.15692 -0.761138 -0.629321 
vn 0.100171 -0.719026 -0.687726 
vn 0.149956 -0.710374 -0.687664 
vn 0.0965942 -0.664208 -0.741281 
vn 0.142618 -0.655937 -0.74122 
vn 0.0931611 -0.606124 -0.789896 
vn 0.135126 -0.598243 -0.789839 
vn 0.0902598 -0.545188 -0.833441 
vn 0.0501802 -0.99874 -6.94771e-16 
vn -0.0198482 -0.999803 -2.67076e-14 
vn -0.01648 -0.996676 -0.079777 
vn 0.050303 -0.995541 -0.0797946 
vn -0.0155792 -0.988227 -0.152202 
vn 0.0505393 -0.987051 -0.152235 
vn -0.0142452 -0.97449 -0.22398 
vn 0.0508095 -0.973257 -0.22403 
vn -0.0125375 -0.955517 -0.294668 
vn 0.0510649 -0.954214 -0.294734 
vn -0.0104933 -0.931396 -0.363857 
vn 0.0512784 -0.93001 -0.363939 
vn -0.00785303 -0.898693 -0.438509 
vn 0.0514524 -0.897204 -0.438608 
vn -0.00533586 -0.866475 -0.499191 
vn 0.0515493 -0.864892 -0.499305 
vn -0.00208842 -0.824163 -0.566349 
vn 0.0516234 -0.822457 -0.566479 
vn 0.00151269 -0.777174 -0.629284 
vn 0.0516973 -0.775335 -0.629431 
vn 0.00551155 -0.726069 -0.6876 
vn 0.0518436 -0.72408 -0.687765 
vn 0.0100155 -0.671298 -0.74112 
vn 0.0521808 -0.669136 -0.741305 
vn 0.0152317 -0.613319 -0.789689 
vn 0.0529113 -0.610947 -0.789902 
vn 0.0215741 -0.552595 -0.83317 
vn -0.0855875 -0.996331 -7.37453e-14 
vn -0.15224 -0.988344 -9.33678e-14 
vn -0.151527 -0.985228 -0.0797785 
vn -0.0850294 -0.993181 -0.0797651 
vn -0.149709 -0.976944 -0.152206 
vn -0.0836384 -0.984808 -0.15218 
vn -0.146847 -0.963465 -0.22399 
vn -0.0814934 -0.971187 -0.223951 
vn -0.142995 -0.944834 -0.294688 
vn -0.0786512 -0.952368 -0.294634 
vn -0.138193 -0.921133 -0.363891 
vn -0.0751522 -0.928432 -0.363821 
vn -0.131788 -0.888985 -0.438563 
vn -0.0705288 -0.895971 -0.438476 
vn -0.125551 -0.857302 -0.499269 
vn -0.0660536 -0.863986 -0.499165 
vn -0.117424 -0.81568 -0.566461 
vn -0.0602369 -0.821971 -0.566335 
vn -0.108441 -0.769446 -0.629439 
vn -0.053797 -0.775307 -0.629289 
vn -0.0986717 -0.719155 -0.687808 
vn -0.0467442 -0.724554 -0.687631 
vn -0.0881422 -0.665255 -0.741395 
vn -0.0390323 -0.670166 -0.741184 
vn -0.0768423 -0.608201 -0.790055 
vn -0.0305423 -0.612605 -0.789799 
vn -0.0646926 -0.548464 -0.833668 
vn -0.268442 -0.959985 -0.079797 
vn -0.212665 -0.973861 -0.0797992 
vn -0.21355 -0.976932 -3.12616e-14 
vn -0.265704 -0.951958 -0.152241 
vn -0.210383 -0.965692 -0.152245 
vn -0.26134 -0.938886 -0.224042 
vn -0.206761 -0.952393 -0.224047 
vn -0.255406 -0.920808 -0.294755 
vn -0.201852 -0.934008 -0.294761 
vn -0.247957 -0.897798 -0.363972 
vn -0.195704 -0.910615 -0.363979 
vn -0.237966 -0.866574 -0.43866 
vn -0.187473 -0.878878 -0.438666 
vn -0.228207 -0.835789 -0.499378 
vn -0.179443 -0.847595 -0.499383 
vn -0.215477 -0.795332 -0.566583 
vn -0.168974 -0.806491 -0.566586 
vn -0.201422 -0.750377 -0.629574 
vn -0.157414 -0.760828 -0.629573 
vn -0.186203 -0.701456 -0.687959 
vn -0.144885 -0.711148 -0.687951 
vn -0.16994 -0.649001 -0.741565 
vn -0.131468 -0.657891 -0.741549 
vn -0.152746 -0.593442 -0.79025 
vn -0.117231 -0.601501 -0.790223 
vn -0.134721 -0.535219 -0.833901 
vn -0.322516 -0.946564 8.62603e-14 
vn -0.321326 -0.943601 -0.079794 
vn -0.318221 -0.935713 -0.152236 
vn -0.313246 -0.922868 -0.224036 
vn -0.306456 -0.905101 -0.294749 
vn -0.297904 -0.882485 -0.363969 
vn -0.286404 -0.851792 -0.438661 
vn -0.275149 -0.821528 -0.499385 
vn -0.260449 -0.781749 -0.566599 
vn -0.244203 -0.737541 -0.629602 
vn -0.226606 -0.689425 -0.687999 
vn -0.207808 -0.637821 -0.74162 
vn -0.187958 -0.583149 -0.790322 
vn -0.167201 -0.525833 -0.833993 
vn -0.359321 -0.933214 5.66092e-14 
vn -0.36949 -0.925802 -0.0797987 
vn -0.366062 -0.918052 -0.152245 
vn -0.360547 -0.905432 -0.22405 
vn -0.352994 -0.887979 -0.29477 
vn -0.343457 -0.865762 -0.363996 
vn -0.330604 -0.835611 -0.438697 
vn -0.318005 -0.805881 -0.499428 
vn -0.301526 -0.766804 -0.566652 
vn -0.283296 -0.723372 -0.629664 
vn -0.263534 -0.676098 -0.688071 
vn -0.242417 -0.62539 -0.741701 
vn -0.220119 -0.57166 -0.790413 
vn -0.196816 -0.515318 -0.834093 
vn -0.413332 -0.91058 3.80066e-15 
vn -0.450179 -0.892939 2.01259e-14 
vn -0.448659 -0.890132 -0.0798086 
vn -0.411915 -0.907721 -0.0798071 
vn -0.444654 -0.882666 -0.152265 
vn -0.408188 -0.900111 -0.152262 
vn -0.438183 -0.870508 -0.224079 
vn -0.402175 -0.88772 -0.224074 
vn -0.429291 -0.853696 -0.294809 
vn -0.393923 -0.870584 -0.294802 
vn -0.418034 -0.832297 -0.364045 
vn -0.383485 -0.848774 -0.364036 
vn -0.402829 -0.803257 -0.438756 
vn -0.369399 -0.819175 -0.438744 
vn -0.355575 -0.78999 -0.499482 
vn -0.387896 -0.774622 -0.499497 
vn -0.368336 -0.736984 -0.56673 
vn -0.346669 -0.69515 -0.629751 
vn -0.337477 -0.751629 -0.566713 
vn -0.323157 -0.649613 -0.688166 
vn -0.29801 -0.600765 -0.741803 
vn -0.271438 -0.548999 -0.79052 
vn -0.243656 -0.494709 -0.834203 
vn -0.511887 -0.855337 -0.0798103 
vn -0.452029 -0.892003 2.34557e-14 
vn -0.50742 -0.848139 -0.152268 
vn -0.500183 -0.836423 -0.224085 
vn -0.490217 -0.820226 -0.294818 
vn -0.477576 -0.799614 -0.364059 
vn -0.460474 -0.771647 -0.438776 
vn -0.443656 -0.744075 -0.499521 
vn -0.4216 -0.707839 -0.566761 
vn -0.397142 -0.667567 -0.629788 
vn -0.370573 -0.623735 -0.688208 
vn -0.342129 -0.57672 -0.74185 
vn -0.312046 -0.526903 -0.79057 
vn -0.559112 -0.825242 -0.079814 
vn -0.53889 -0.842376 1.0378e-13 
vn -0.513577 -0.858044 1.5585e-13 
vn -0.554291 -0.818275 -0.152276 
vn -0.546469 -0.80694 -0.224096 
vn -0.535684 -0.791275 -0.294833 
vn -0.521991 -0.771345 -0.364078 
vn -0.503448 -0.744309 -0.438799 
vn -0.485197 -0.717659 -0.499548 
vn -0.461247 -0.68264 -0.566792 
vn -0.43467 -0.643728 -0.629822 
vn -0.405781 -0.601382 -0.688245 
vn -0.374836 -0.555968 -0.741888 
vn -0.560931 -0.827862 -6.03469e-14 
vn -0.597692 -0.801726 3.12038e-15 
vn -0.595768 -0.799181 -0.0798155 
vn -0.590663 -0.792419 -0.152279 
vn -0.582375 -0.781421 -0.224101 
vn -0.570938 -0.766224 -0.29484 
vn -0.556409 -0.746893 -0.364087 
vn -0.536724 -0.720675 -0.43881 
vn -0.517341 -0.694836 -0.499562 
vn 0.529182 -0.848508 -1.06609e-13 
vn 0.453222 -0.891398 -5.33285e-15 
vn 0.250284 -0.968172 3.48877e-14 
vn 0.127827 -0.537692 -0.833396 
vn 0.118102 -0.993001 1.65787e-14 
vn 0.0812076 -0.996697 4.29877e-15 
vn 0.0544091 -0.54995 -0.833423 
vn -0.0807347 -0.996736 -7.04471e-14 
vn -0.0210087 -0.552352 -0.833347 
vn -0.179522 -0.983754 -7.97948e-14 
vn -0.370797 -0.928714 4.43196e-14 
vn -0.619179 -0.781478 -0.0768766 
vn -0.597996 -0.801499 4.68821e-15 
vn -0.621017 -0.783797 -1.25953e-14 
vn -0.618174 -0.780208 -0.0955852 
vn -0.618689 -0.780859 -0.0865044 
vn -0.619036 -0.781297 -0.0798153 
vn -0.603172 -0.771104 -0.203917 
vn -0.599727 -0.768184 -0.224102 
vn -0.610911 -0.77104 -0.179679 
vn -0.60797 -0.767326 -0.203917 
vn -0.611485 -0.771765 -0.17454 
vn -0.613775 -0.774655 -0.152278 
vn -0.588362 -0.757775 -0.282147 
vn -0.585482 -0.755168 -0.294842 
vn -0.595196 -0.764128 -0.248697 
vn -0.569502 -0.739952 -0.357965 
vn -0.567752 -0.738307 -0.364089 
vn -0.578794 -0.748935 -0.322635 
vn -0.54687 -0.717912 -0.430738 
vn -0.544024 -0.715179 -0.438813 
vn -0.552186 -0.723212 -0.414795 
vn -0.558045 -0.728974 -0.396462 
vn -0.524106 -0.695499 -0.491523 
vn -0.520843 -0.692213 -0.499563 
vn -0.52043 -0.691794 -0.500574 
vn -0.492122 -0.66387 -0.56311 
vn -0.490305 -0.662066 -0.566806 
vn -0.500298 -0.672102 -0.545876 
vn -0.456895 -0.629387 -0.628585 
vn -0.456148 -0.628679 -0.629835 
vn -0.487676 -0.659399 -0.572159 
vn -0.44972 -0.622496 -0.640509 
vn -0.4182 -0.592804 -0.688253 
vn -0.453591 -0.626123 -0.634212 
vn -0.40997 -0.585184 -0.699632 
vn -0.376048 -0.555148 -0.741889 
vn -0.414252 -0.58898 -0.693901 
vn -0.374537 -0.553763 -0.743686 
vn -0.331593 -0.520417 -0.7869 
vn -0.326764 -0.51787 -0.790592 
vn -0.370433 -0.550457 -0.748182 
vn -0.333999 -0.521943 -0.784869 
vn -0.372025 -0.55184 -0.746371 
vn -0.311527 -0.50852 -0.802719 
vn -0.263421 -0.490294 -0.830795 
vn -0.25384 -0.48954 -0.834216 
vn -0.292504 -0.49876 -0.815892 
vn -0.296375 -0.500914 -0.813171 
vn -0.242933 -0.48685 -0.839024 
vn -0.239786 -0.487135 -0.839763 
vn -0.205658 -0.487151 -0.848757 
vn -0.179552 -0.491097 -0.8524 
vn -0.174354 -0.492102 -0.852899 
vn -0.186884 -0.491246 -0.850736 
vn -0.156492 -0.496218 -0.853978 
vn -0.135534 -0.498582 -0.856181 
vn -0.0972838 -0.505401 -0.857383 
vn -0.0910073 -0.506077 -0.857673 
vn -0.124453 -0.502122 -0.855795 
vn 0.0226825 -0.512759 -0.858233 
vn -0.0328122 -0.512333 -0.85816 
vn -0.0567013 -0.510563 -0.857969 
vn 0.05406 -0.51049 -0.858183 
vn 0.0891073 -0.509128 -0.856066 
vn 0.0323932 -0.512351 -0.858165 
vn 0.049318 -0.510683 -0.858354 
vn 0.02657 -0.51277 -0.858115 
vn 0.154222 -0.501564 -0.851263 
vn 0.111688 -0.506802 -0.854797 
vn 0.168615 -0.499431 -0.849787 
vn 0.159326 -0.500155 -0.851152 
vn 0.178702 -0.49899 -0.847982 
vn 0.207383 -0.496185 -0.843086 
vn 0.212197 -0.509403 -0.833955 
vn 0.216285 -0.49296 -0.84274 
vn 0.238977 -0.4916 -0.837388 
vn 0.248522 -0.49251 -0.834069 
vn 0.3298 -0.516035 -0.790531 
vn 0.308719 -0.497442 -0.810706 
vn 0.265787 -0.491334 -0.829427 
vn 0.31585 -0.499239 -0.806845 
vn 0.263717 -0.494006 -0.8285 
vn 0.39745 -0.540055 -0.741872 
vn 0.371903 -0.520628 -0.768527 
vn 0.340655 -0.508911 -0.790547 
vn 0.368419 -0.518741 -0.771476 
vn 0.400361 -0.537894 -0.741877 
vn 0.416657 -0.547391 -0.725782 
vn 0.421409 -0.550694 -0.720521 
vn 0.448692 -0.570087 -0.688242 
vn 0.461158 -0.578532 -0.67278 
vn 0.463628 -0.580428 -0.669441 
vn 0.491187 -0.601715 -0.629821 
vn 0.522024 -0.63737 -0.56679 
vn 0.500477 -0.608619 -0.615716 
vn 0.501798 -0.609624 -0.613643 
vn 0.495992 -0.605315 -0.622564 
vn 0.52893 -0.631646 -0.566794 
vn 0.535349 -0.6367 -0.554991 
vn 0.577221 -0.671797 -0.464225 
vn 0.586398 -0.679449 -0.441006 
vn 0.562219 -0.659057 -0.499554 
vn 0.563143 -0.659804 -0.497523 
vn 0.564472 -0.660948 -0.494489 
vn 0.598727 -0.690038 -0.406663 
vn 0.605645 -0.695835 -0.386015 
vn 0.587218 -0.680164 -0.438807 
vn 0.61706 -0.705653 -0.348267 
vn 0.621617 -0.709461 -0.332051 
vn 0.612412 -0.701707 -0.364086 
vn 0.63234 -0.718669 -0.289242 
vn 0.635729 -0.721471 -0.27446 
vn 0.631013 -0.717559 -0.294841 
vn 0.643211 -0.727877 -0.237643 
vn 0.652234 -0.735462 -0.18354 
vn 0.654927 -0.737625 -0.164259 
vn 0.645724 -0.729944 -0.224102 
vn 0.64636 -0.730459 -0.220563 
vn 0.659383 -0.741689 -0.122928 
vn 0.656411 -0.738874 -0.15228 
vn 0.658153 -0.740293 -0.137114 
vn 0.39247 -0.533195 -0.749447 
vn 0.32102 -0.501922 -0.803132 
vn -0.269147 -0.963099 7.66455e-14 
vn 0.664395 -0.747381 -2.72955e-16 
vn -0.747381 -0.664395 0 
vn -0.747412 -0.66436 0.00134665 
vn -0.747438 -0.664329 0.00188743 
vn -0.747439 -0.664327 0.00185147 
vn -0.747444 -0.664322 0.00198235 
vn -0.747479 -0.664281 0.00247788 
vn -0.747469 -0.664293 0.00226336 
vn -0.747716 -0.664003 0.00454545 
vn -0.747611 -0.664127 0.00364833 
vn -0.74747 -0.664292 0.00228328 
vn -0.747701 -0.664022 0.00428946 
vn -0.747705 -0.664017 0.00431763 
vn -0.747731 -0.663986 0.00463729 
vn -0.748574 -0.662999 0.00829181 
vn -0.748348 -0.663263 0.00757628 
vn -0.748308 -0.66331 0.00742734 
vn -0.748545 -0.663033 0.00825625 
vn -0.748514 -0.663069 0.00815655 
vn -0.748715 -0.662834 0.00878031 
vn -0.748686 -0.662868 0.00869498 
vn -0.74884 -0.662688 0.00912689 
vn -0.748785 -0.662752 0.00898038 
vn -0.748849 -0.662677 0.00915154 
vn -0.748632 -0.662931 0.00853142 
vn -0.748864 -0.66266 0.00919075 
vn -0.748447 -0.663147 0.00793038 
vn -0.748899 -0.662619 0.00927847 
vn -0.748886 -0.662634 0.00924606 
vn -0.748921 -0.662593 0.00933255 
vn -0.748918 -0.662597 0.00932494 
vn -0.748938 -0.662574 0.00937029 
vn -0.748964 -0.662544 0.00942552 
vn -0.748957 -0.662552 0.00941153 
vn -0.748942 -0.662569 0.00938037 
vn -0.748978 -0.662528 0.00944616 
vn -0.748977 -0.662528 0.00944618 
vn -0.748972 -0.662534 0.00944016 
vn -0.748967 -0.66254 0.00943124 
vn -0.748981 -0.662525 0.00944343 
vn -0.74898 -0.662525 0.00944606 
vn -0.748974 -0.662533 0.00940623 
vn -0.748978 -0.662528 0.00942323 
vn -0.74898 -0.662525 0.00943558 
vn -0.748972 -0.662535 0.00939822 
vn -0.748969 -0.662539 0.00938721 
vn -0.748958 -0.662552 0.00934721 
vn -0.748966 -0.662542 0.00937509 
vn -0.748948 -0.662563 0.00931418 
vn -0.748947 -0.662565 0.00931041 
vn -0.748909 -0.66261 0.00918776 
vn -0.748926 -0.662589 0.00924291 
vn -0.748869 -0.662656 0.00906376 
vn -0.748888 -0.662633 0.00912434 
vn -0.748941 -0.662572 0.00929061 
vn -0.748819 -0.662715 0.00890933 
vn -0.748855 -0.662673 0.00902091 
vn -0.748815 -0.662719 0.00889927 
vn -0.748811 -0.662724 0.00888571 
vn -0.748752 -0.662793 0.00870364 
vn -0.748797 -0.662741 0.00884214 
vn -0.748682 -0.662875 0.00848315 
vn -0.748741 -0.662806 0.00866789 
vn -0.748197 -0.663442 0.00677425 
vn -0.748604 -0.662966 0.0082356 
vn -0.748676 -0.662881 0.00846667 
vn -0.748253 -0.663374 0.00721463 
vn -0.74783 -0.663871 0.00506335 
vn -0.747817 -0.663885 0.00516398 
vn -0.748003 -0.663667 0.00613777 
vn -0.747905 -0.663782 0.00564741 
vn -0.748093 -0.663563 0.00634053 
vn -0.748112 -0.663539 0.00663418 
vn -0.748145 -0.663503 0.00655737 
vn -0.748241 -0.663388 0.00716988 
vn -0.748233 -0.663398 0.0071355 
vn -1 0 0 
vn -0.994364 0 -0.106022 
vn -0.99804 0 -0.0625759 
vn -0.996258 0 -0.0864247 
vn -0.994241 0 -0.107171 
vn -0.994262 0 -0.106972 
vn -0.980923 0 -0.194397 
vn -0.985086 0 -0.172063 
vn -0.979303 0 -0.202399 
vn -0.958962 0 -0.283535 
vn -0.971076 0 -0.238772 
vn -0.979036 0 -0.203688 
vn -0.954849 0 -0.297092 
vn -0.927851 0 -0.372952 
vn -0.951765 0 -0.306828 
vn -0.948654 0 -0.316316 
vn -0.91699 0 -0.398909 
vn -0.925514 0 -0.378715 
vn -0.871898 0 -0.489687 
vn -0.914937 0 -0.403596 
vn -0.913501 0 -0.406836 
vn -0.869422 0 -0.49407 
vn -0.816071 0 -0.577951 
vn -0.81344 0 -0.581649 
vn -0.847205 0 -0.531266 
vn -0.868779 0 -0.4952 
vn -0.75674 0 -0.653716 
vn -0.750147 0 -0.661272 
vn -0.787201 0 -0.616696 
vn -0.81344 0 -0.581649 
vn -0.720964 0 -0.692972 
vn -0.750147 0 -0.661272 
vn -0.719988 0 -0.693986 
vn -0.680621 0 -0.732636 
vn -0.650117 0 -0.759834 
vn -0.635121 0 -0.772412 
vn -0.605927 0 -0.79552 
vn -0.650599 0 -0.759421 
vn -0.573072 0 -0.819505 
vn -0.605927 0 -0.79552 
vn -0.491167 0 -0.871066 
vn -0.557575 0 -0.830127 
vn -0.565959 0 -0.824434 
vn -0.573072 0 -0.819505 
vn -0.40832 0 -0.912839 
vn -0.472741 0 -0.881201 
vn -0.483887 0 -0.875131 
vn -0.466795 0 -0.884365 
vn -0.491167 0 -0.871066 
vn -0.387599 0 -0.921828 
vn -0.323792 0 -0.946128 
vn -0.372844 0 -0.927894 
vn -0.393492 0 -0.919328 
vn -0.40832 0 -0.912839 
vn -0.238651 0 -0.971105 
vn -0.305379 0 -0.952231 
vn -0.306158 0 -0.951981 
vn -0.170685 0 -0.985326 
vn -0.231949 0 -0.972728 
vn -0.235866 0 -0.971785 
vn -0.238651 0 -0.971105 
vn -0.179104 0 -0.98383 
vn -0.138851 0 -0.990313 
vn -0.164454 0 -0.986385 
vn -0.115361 0 -0.993324 
vn -0.138358 0 -0.990382 
vn -0.127843 0 -0.991794 
vn -0.118074 0 -0.993005 
vn -0.0969018 0 -0.995294 
vn -0.0981778 0 -0.995169 
vn -0.078681 0 -0.9969 
vn -0.0813219 0 -0.996688 
vn -0.0859774 0 -0.996297 
vn -0.0776431 0 -0.996981 
vn -1 0 0 
vn 0.874536 0.0985354 -0.474845 
vn 0.873096 0 -0.487549 
vn 0.848089 0.000248605 -0.529853 
vn 0.824558 0.0966626 -0.557459 
vn 0.867343 0.196098 -0.457452 
vn 0.851586 0.291724 -0.435543 
vn 0.819475 0.192407 -0.539853 
vn 0.827422 0.384471 -0.409335 
vn 0.806604 0.286322 -0.517116 
vn 0.795089 0.473422 -0.379085 
vn 0.786069 0.377517 -0.489465 
vn 0.754907 0.557698 -0.345092 
vn 0.758064 0.465124 -0.457163 
vn 0.707271 0.636469 -0.307693 
vn 0.722855 0.548312 -0.420517 
vn 0.652653 0.708956 -0.267255 
vn 0.680777 0.626289 -0.379874 
vn 0.63223 0.698314 -0.335622 
vn 0.571354 0.780113 -0.254907 
vn 0.577675 0.763704 -0.28818 
vn 0.821805 0 -0.569769 
vn 0.789643 0.00174289 -0.613564 
vn 0.766276 0.0943542 -0.635546 
vn 0.763668 0.187853 -0.617675 
vn 0.754135 0.279648 -0.594203 
vn 0.737764 0.368907 -0.565343 
vn 0.714702 0.454821 -0.531356 
vn 0.685159 0.536611 -0.49255 
vn 0.649404 0.613534 -0.449278 
vn 0.607759 0.684894 -0.401932 
vn 0.560603 0.750043 -0.350941 
vn 0.558992 0.771355 -0.304204 
vn 0.761935 0 -0.647654 
vn 0.732876 0 -0.680362 
vn 0.738024 0.093209 -0.668305 
vn 0.736634 0.185592 -0.650327 
vn 0.728718 0.276331 -0.626587 
vn 0.714345 0.364622 -0.597296 
vn 0.693643 0.449682 -0.562713 
vn 0.666796 0.530758 -0.523144 
vn 0.634041 0.607131 -0.47894 
vn 0.595668 0.678126 -0.430493 
vn 0.553622 0.748773 -0.364473 
vn 0.552018 0.743113 -0.378232 
vn 0.664142 0.0901745 -0.742148 
vn 0.721372 0.00247844 -0.692543 
vn 0.665998 0.179598 -0.72401 
vn 0.662308 0.267526 -0.699842 
vn 0.653101 0.353225 -0.669845 
vn 0.638454 0.435982 -0.634268 
vn 0.61849 0.515108 -0.593409 
vn 0.593374 0.589944 -0.547607 
vn 0.563316 0.659866 -0.497244 
vn 0.52668 0.747095 -0.405534 
vn 0.528566 0.724292 -0.44274 
vn 0.537788 0.751219 -0.382694 
vn 0.586622 0.0869772 -0.805177 
vn 0.643605 0.0036366 -0.765349 
vn 0.656754 0 -0.754105 
vn 0.591964 0.173276 -0.787118 
vn 0.592687 0.258222 -0.762917 
vn 0.588787 0.341154 -0.732765 
vn 0.580292 0.421425 -0.696895 
vn 0.56727 0.498407 -0.655588 
vn 0.549822 0.571501 -0.609165 
vn 0.528085 0.640135 -0.557991 
vn 0.502227 0.703776 -0.502462 
vn 0.506095 0.731858 -0.456346 
vn 0.508097 0.0837865 -0.857215 
vn 0.565735 0.00382407 -0.824578 
vn 0.576703 0 -0.816954 
vn 0.517006 0.166961 -0.839541 
vn 0.522136 0.248914 -0.81573 
vn 0.523449 0.329048 -0.785957 
vn 0.520936 0.406777 -0.750438 
vn 0.514615 0.481533 -0.709434 
vn 0.504533 0.552769 -0.663245 
vn 0.490762 0.619964 -0.612207 
vn 0.473404 0.682627 -0.556694 
vn 0.483278 0.712539 -0.508656 
vn 0.471452 0.0823344 -0.87804 
vn 0.482251 0.00176541 -0.876032 
vn 0.495474 0 -0.868623 
vn 0.482021 0.164085 -0.860658 
vn 0.489169 0.24467 -0.837168 
vn 0.492845 0.323519 -0.807737 
vn 0.493024 0.400073 -0.772573 
vn 0.489704 0.473786 -0.731926 
vn 0.482909 0.544138 -0.686085 
vn 0.472686 0.610628 -0.635375 
vn 0.461016 0.676838 -0.573893 
vn 0.459109 0.672784 -0.580156 
vn 0.457537 0 -0.889191 
vn 0.388531 0.00718193 -0.921408 
vn 0.387473 0.0791724 -0.918475 
vn 0.401778 0.157818 -0.902035 
vn 0.413408 0.235412 -0.879588 
vn 0.422284 0.311438 -0.851283 
vn 0.428348 0.38539 -0.817308 
vn 0.431559 0.456775 -0.77789 
vn 0.431896 0.525119 -0.733292 
vn 0.429356 0.589965 -0.683809 
vn 0.426075 0.659376 -0.619422 
vn 0.440988 0.68537 -0.57948 
vn 0.423957 0.650882 -0.629773 
vn 0.370587 0 -0.928798 
vn 0.296518 0.00312399 -0.955022 
vn 0.308197 0.0767295 -0.948223 
vn 0.325602 0.152972 -0.93305 
vn 0.340941 0.228244 -0.911956 
vn 0.354116 0.302067 -0.885075 
vn 0.365043 0.373974 -0.852577 
vn 0.373655 0.443507 -0.814668 
vn 0.379895 0.510225 -0.77159 
vn 0.383724 0.573706 -0.723614 
vn 0.385118 0.633546 -0.671047 
vn 0.288836 0 -0.957379 
vn 0.212677 0 -0.977122 
vn 0.233498 0.0753405 -0.969434 
vn 0.252879 0.150216 -0.955765 
vn 0.2707 0.224165 -0.936201 
vn 0.28685 0.296732 -0.910861 
vn 0.301232 0.367467 -0.879902 
vn 0.313755 0.435936 -0.843515 
vn 0.324342 0.501716 -0.801925 
vn 0.332929 0.564401 -0.755388 
vn 0.339462 0.623604 -0.70419 
vn 0.371936 0.645796 -0.666792 
vn 0.382874 0.636698 -0.669345 
vn 0.175911 0.075187 -0.981531 
vn 0.202007 -0.000457075 -0.979384 
vn 0.195594 0.149914 -0.969159 
vn 0.21408 0.223722 -0.950851 
vn 0.231254 0.29616 -0.92672 
vn 0.247012 0.366785 -0.896914 
vn 0.261257 0.435163 -0.861614 
vn 0.273902 0.500875 -0.821037 
vn 0.28487 0.56352 -0.775431 
vn 0.312803 0.630402 -0.710456 
vn 0.294092 0.622714 -0.725077 
vn 0.308005 0.629065 -0.713729 
vn 0.15515 0 -0.987891 
vn 0.105087 -0.00966192 -0.994416 
vn 0.116592 0.0763434 -0.990241 
vn 0.133969 0.152215 -0.979226 
vn 0.150518 0.227146 -0.962159 
vn 0.166137 0.300673 -0.939145 
vn 0.180729 0.372343 -0.910329 
vn 0.194204 0.441711 -0.875886 
vn 0.206479 0.508349 -0.836031 
vn 0.217479 0.571846 -0.791009 
vn 0.242798 0.629692 -0.737927 
vn 0.227134 0.631809 -0.741099 
vn 0.105863 0.0767197 -0.991417 
vn 0.0984942 0 -0.995138 
vn 0.122312 0.152964 -0.980633 
vn 0.138003 0.228259 -0.96377 
vn 0.152838 0.30214 -0.940931 
vn 0.166725 0.374147 -0.912259 
vn 0.179579 0.443834 -0.877931 
vn 0.19132 0.51077 -0.838159 
vn 0.211176 0.634746 -0.743305 
vn 0.0615318 0.0783983 -0.995021 
vn 0.0887578 0 -0.996053 
vn 0.0723738 0.156304 -0.985054 
vn 0.0827608 0.233227 -0.968894 
vn 0.0926276 0.308684 -0.946644 
vn 0.101912 0.3822 -0.918443 
vn 0.110556 0.453314 -0.884468 
vn 0.201874 0.574539 -0.793191 
vn 0.118505 0.521578 -0.844934 
vn 0.125709 0.586564 -0.800088 
vn 0.166776 0.634318 -0.754868 
vn 0.132123 0.647862 -0.750212 
vn 0.0496116 0.0788268 -0.995653 
vn 0.050303 0 -0.998734 
vn 0.0583471 0.157156 -0.985849 
vn 0.0667146 0.234495 -0.969825 
vn 0.0746612 0.310354 -0.947685 
vn 0.0821369 0.384255 -0.919566 
vn 0.0890945 0.455733 -0.885647 
vn 0.0954901 0.524335 -0.846141 
vn 0.101283 0.589631 -0.801297 
vn 0.0405631 0 -0.999177 
vn 0.0178943 0 -0.99984 
vn 0.0196097 0.0796189 -0.996632 
vn 0.0212006 0.158732 -0.987094 
vn 0.0226567 0.236837 -0.971285 
vn 0.023969 0.313437 -0.949306 
vn 0.0251289 0.388046 -0.921297 
vn 0.0261293 0.460191 -0.887436 
vn 0.0269637 0.529411 -0.847937 
vn 0.0276267 0.595269 -0.803051 
vn 0.0281143 0.657346 -0.753064 
vn 0.0866409 0.646657 -0.757844 
vn 0.591591 0.774444 -0.224179 
vn 0.600509 0.780857 -0.172198 
vn 0.6422 0.741058 -0.195991 
vn 0.666303 0.715488 -0.210043 
vn 0.706237 0.668239 -0.233852 
vn 0.725514 0.642869 -0.24566 
vn 0.762952 0.587714 -0.269251 
vn 0.769233 0.577562 -0.273319 
vn 0.814354 0.494522 -0.303767 
vn 0.821718 0.478845 -0.309008 
vn 0.851407 0.406711 -0.331197 
vn 0.880288 0.314045 -0.355625 
vn 0.884947 0.295358 -0.360044 
vn 0.889247 0.276624 -0.364306 
vn 0.904913 0.186261 -0.382673 
vn 0.912376 0.0998188 -0.396997 
vn 0.896778 -0.000960521 -0.442481 
vn 0.912619 0.0941077 -0.397831 
vn 0.912197 -3.56122e-15 -0.409752 
vn 0 0 -1 
vn -6.43199e-05 0.00106424 -0.999999 
vn -0.0119162 0.198771 -0.979973 
vn -0.0054436 0.0903236 -0.995898 
vn -0.00609917 0.101249 -0.994842 
vn -0.00479134 0.0794626 -0.996826 
vn -0.0141431 0.236383 -0.971557 
vn -0.0158867 0.265932 -0.963861 
vn -0.0175217 0.293719 -0.955731 
vn -0.0208386 0.350386 -0.936374 
vn -0.0229881 0.387324 -0.921657 
vn -0.0256361 0.433045 -0.901008 
vn -0.026166 0.442224 -0.896523 
vn -0.0311035 0.528326 -0.848472 
vn -0.0311109 0.528457 -0.84839 
vn -0.0343956 0.586323 -0.809347 
vn -0.0348416 0.594215 -0.803551 
vn -0.00840012 0.65096 -0.759066 
vn -0.0356677 0.608863 -0.792473 
vn -0.0374363 0.640341 -0.767178 
vn -0.0383242 0.656204 -0.75361 
vn 0.106438 0.651207 -0.751399 
vn -0.0469069 0.929217 -0.366545 
vn 0.0140271 0.930328 -0.366459 
vn 0.0121177 0.907847 -0.419126 
vn -0.490194 0.790745 -0.366652 
vn -0.421647 0.829338 -0.366622 
vn -0.411956 0.808986 -0.419325 
vn -0.0478817 0.816281 -0.575667 
vn 0.00479447 0.817763 -0.575535 
vn 0.00180711 0.780613 -0.625012 
vn -0.283098 0.886266 -0.36659 
vn -0.230341 0.901451 -0.366509 
vn -0.226017 0.879317 -0.419187 
vn -0.0474054 0.880294 -0.472055 
vn 0.00994494 0.881572 -0.471946 
vn 0.00750505 0.851502 -0.524298 
vn -0.171225 0.914547 -0.36645 
vn -0.108582 0.924061 -0.366498 
vn -0.107233 0.901551 -0.419175 
vn -0.0471613 0.906657 -0.419224 
vn -0.168413 0.892174 -0.419121 
vn -0.105608 0.875247 -0.472006 
vn -0.165073 0.866035 -0.471947 
vn -0.10371 0.845149 -0.524373 
vn -0.0476421 0.850126 -0.524419 
vn -0.161203 0.83613 -0.524309 
vn -0.101558 0.811382 -0.575626 
vn -0.220902 0.853464 -0.472019 
vn -0.214993 0.823891 -0.524387 
vn -0.156828 0.802582 -0.575558 
vn -0.270172 0.839107 -0.47213 
vn -0.380187 0.849163 -0.366579 
vn -0.333431 0.868588 -0.366577 
vn -0.326123 0.847264 -0.419271 
vn -0.277162 0.864514 -0.419282 
vn -0.371638 0.828308 -0.419275 
vn -0.317532 0.822359 -0.472122 
vn -0.3616 0.803953 -0.472129 
vn -0.387536 0.758042 -0.524584 
vn -0.400589 0.78522 -0.472185 
vn -0.307652 0.793876 -0.524511 
vn -0.262121 0.810048 -0.524514 
vn -0.208316 0.790722 -0.575642 
vn -0.25304 0.777458 -0.575787 
vn -0.296517 0.761934 -0.57579 
vn -0.200932 0.754205 -0.62514 
vn -0.0488977 0.695842 -0.716528 
vn -0.0484662 0.738705 -0.672284 
vn -0.00322439 0.719357 -0.694633 
vn -0.00146986 0.740434 -0.672128 
vn -0.0991898 0.774199 -0.625122 
vn -0.048145 0.779014 -0.625156 
vn 0.000206059 0.760874 -0.6489 
vn -0.152 0.765641 -0.625051 
vn -0.0966646 0.733978 -0.672259 
vn -0.146798 0.725682 -0.672187 
vn -0.094066 0.6912 -0.716515 
vn -0.192934 0.714712 -0.672282 
vn -0.141331 0.683179 -0.716444 
vn -0.270858 0.688763 -0.672489 
vn -0.184446 0.672712 -0.716546 
vn -0.372844 0.727569 -0.575874 
vn -0.28421 0.726777 -0.625316 
vn -0.242999 0.741583 -0.625304 
vn -0.356621 0.694034 -0.625411 
vn -0.432044 0.694002 -0.575934 
vn -0.584223 0.724035 -0.366683 
vn -0.544125 0.754636 -0.366678 
vn -0.531114 0.736226 -0.419392 
vn -0.465061 0.748811 -0.472228 
vn -0.478618 0.771402 -0.419361 
vn -0.51589 0.71472 -0.472264 
vn -0.449516 0.722975 -0.524636 
vn -0.498447 0.69012 -0.524676 
vn -0.570165 0.706411 -0.419399 
vn -0.41277 0.662115 -0.62548 
vn -0.339025 0.657782 -0.672596 
vn -0.0458975 0.984836 -0.167308 
vn 0.01916 0.985725 -0.167269 
vn 0.0182354 0.976539 -0.214565 
vn -0.525327 0.850033 -0.0384084 
vn -0.525697 0.850672 -9.53308e-14 
vn -0.475713 0.8796 0 
vn -0.450873 0.891761 -0.0384063 
vn -0.300849 0.953672 -1.27089e-14 
vn -0.242973 0.970033 3.8147e-14 
vn -0.242474 0.966928 -0.0790935 
vn -0.179194 0.983814 3.79178e-14 
vn -0.112089 0.993698 1.44107e-14 
vn -0.111998 0.990556 -0.0790902 
vn -0.209481 0.977813 4.27965e-14 
vn -0.178906 0.980683 -0.0790795 
vn -0.355267 0.933976 -0.0384023 
vn -0.405854 0.913131 -0.038402 
vn -0.399352 0.916798 -3.16217e-14 
vn -0.406116 0.913821 -2.86537e-14 
vn -0.308768 0.951137 -2.0131e-14 
vn -0.300104 0.95062 -0.079109 
vn -0.355487 0.934681 -4.12751e-14 
vn -0.354542 0.931688 -0.0791039 
vn -0.451176 0.892435 -6.2962e-15 
vn -0.404991 0.910892 -0.0791032 
vn -0.297403 0.939976 -0.167322 
vn -0.241747 0.962629 -0.122079 
vn -0.111837 0.9862 -0.122074 
vn -0.045538 0.995826 -0.0791034 
vn -0.0456962 0.991466 -0.122094 
vn 0.0198626 0.992323 -0.122065 
vn -0.178471 0.976345 -0.122057 
vn -0.111557 0.979577 -0.167282 
vn -0.177771 0.969754 -0.167259 
vn -0.353207 0.927544 -0.122095 
vn -0.351151 0.921249 -0.167312 
vn -0.403411 0.906837 -0.122094 
vn -0.449883 0.889577 -0.0791122 
vn -0.448071 0.88562 -0.122108 
vn -0.400983 0.900677 -0.167311 
vn -0.524121 0.847961 -0.0791166 
vn -0.625619 0.776106 -0.0791217 
vn -0.627497 0.778619 4.04095e-13 
vn -0.588932 0.808183 -8.37147e-14 
vn -0.582372 0.809063 -0.0791214 
vn -0.627561 0.778567 4.0459e-13 
vn -0.538383 0.8427 -1.36459e-13 
vn -0.584161 0.811638 -1.25471e-13 
vn -0.618809 0.767508 -0.167352 
vn -0.579884 0.805494 -0.122123 
vn -0.521924 0.844206 -0.122115 
vn -0.445296 0.879609 -0.16733 
vn -0.51857 0.8385 -0.16734 
vn -0.44141 0.871254 -0.214647 
vn -0.0463833 0.96346 -0.263805 
vn 0.0170781 0.964442 -0.263743 
vn 0.0156783 0.949126 -0.314505 
vn -0.240604 0.956099 -0.167288 
vn -0.238967 0.947019 -0.214591 
vn -0.111124 0.970364 -0.214582 
vn -0.0461304 0.975609 -0.214616 
vn -0.17675 0.960586 -0.214554 
vn -0.110503 0.958236 -0.263766 
vn -0.175353 0.948524 -0.263731 
vn -0.348258 0.912499 -0.214623 
vn -0.295082 0.931052 -0.214634 
vn -0.236758 0.935076 -0.263776 
vn -0.291985 0.919314 -0.263831 
vn -0.397577 0.892116 -0.214622 
vn -0.344412 0.900989 -0.263818 
vn -0.393057 0.880856 -0.263817 
vn -0.233905 0.919973 -0.314545 
vn -0.109665 0.94289 -0.314535 
vn -0.0466452 0.948085 -0.314578 
vn -0.173526 0.933265 -0.314493 
vn -0.339502 0.886434 -0.314599 
vn -0.288017 0.904469 -0.314613 
vn -0.387297 0.866619 -0.3146 
vn -0.436264 0.860266 -0.263848 
vn -0.429718 0.846373 -0.314637 
vn -0.507702 0.82013 -0.263866 
vn -0.576093 0.800069 -0.167351 
vn -0.570805 0.792525 -0.214675 
vn -0.513887 0.830567 -0.214661 
vn -0.613082 0.760292 -0.214676 
vn -0.563832 0.782598 -0.263884 
vn -0.605533 0.750795 -0.263887 
vn -0.554991 0.770039 -0.314682 
vn -0.499852 0.806931 -0.31466 
vn -0.59597 0.738778 -0.314686 
vn 0.447451 0.893483 -0.0384089 
vn 0.368834 0.928702 -0.038404 
vn 0.381337 0.924436 3.27306e-14 
vn 0.369137 0.929375 4.61405e-14 
vn 0.509172 0.85702 -0.0791189 
vn 0.510825 0.859685 1.53931e-13 
vn 0.551544 0.834146 -3.21493e-15 
vn 0.556501 0.827071 -0.0791227 
vn 0.558282 0.829651 -5.3481e-14 
vn 0.587652 0.809114 1.42263e-14 
vn 0.593216 0.801146 -0.0791242 
vn 0.586634 0.792371 -0.167357 
vn 0.550288 0.818032 -0.167354 
vn 0.506886 0.853319 -0.122119 
vn 0.503417 0.847683 -0.167346 
vn 0.506124 0.86246 1.484e-13 
vn 0.447802 0.894133 1.62377e-14 
vn 0.448376 0.893845 1.70499e-14 
vn 0.446315 0.891371 -0.0791175 
vn 0.444264 0.887534 -0.122117 
vn 0.545078 0.810434 -0.214679 
vn 0.573844 0.775282 -0.263895 
vn 0.538226 0.800422 -0.26389 
vn 0.564649 0.76298 -0.314696 
vn 0.52956 0.787742 -0.314689 
vn 0.553369 0.747875 -0.366695 
vn 0.492265 0.829485 -0.263876 
vn 0.441157 0.88169 -0.167342 
vn 0.498598 0.839832 -0.214668 
vn 0.436848 0.873547 -0.214663 
vn 0.431194 0.862812 -0.263869 
vn 0.484263 0.816377 -0.314672 
vn 0.518934 0.772171 -0.366687 
vn 0.424061 0.849212 -0.314662 
vn 0.474459 0.800278 -0.366666 
vn 0.363439 0.916469 -0.16732 
vn 0.214133 0.976804 -3.01181e-14 
vn 0.269201 0.963084 7.688e-14 
vn 0.268954 0.962387 -0.0384034 
vn 0.213262 0.973787 -0.0791082 
vn 0.367856 0.926512 -0.0791073 
vn 0.321451 0.946926 8.67246e-14 
vn 0.321174 0.946241 -0.0384019 
vn 0.29843 0.954431 9.1901e-14 
vn 0.320284 0.944013 -0.079103 
vn 0.366097 0.922532 -0.122101 
vn 0.318687 0.939964 -0.122094 
vn 0.268164 0.96012 -0.079106 
vn 0.266752 0.956 -0.122098 
vn 0.316281 0.933795 -0.16731 
vn 0.21031 0.96321 -0.16732 
vn 0.153183 0.985028 -0.0790883 
vn 0.153887 0.988088 -9.32054e-14 
vn 0.209109 0.977892 -4.0117e-14 
vn 0.0878378 0.992991 -0.0790744 
vn 0.152235 0.980777 -0.122071 
vn 0.150824 0.974305 -0.167278 
vn 0.0871038 0.988695 -0.122049 
vn 0.0860259 0.982155 -0.167248 
vn 0.264632 0.949724 -0.167316 
vn 0.261716 0.940978 -0.214627 
vn 0.354951 0.896885 -0.263833 
vn 0.359763 0.908021 -0.214634 
vn 0.312962 0.925199 -0.214621 
vn 0.308627 0.913866 -0.263816 
vn 0.348891 0.882774 -0.314619 
vn 0.415331 0.832505 -0.366653 
vn 0.30318 0.899505 -0.314598 
vn 0.34149 0.86544 -0.366603 
vn 0.257918 0.929449 -0.263822 
vn 0.253157 0.914842 -0.314603 
vn 0.296539 0.881865 -0.366577 
vn 0.204728 0.942593 -0.263829 
vn 0.148899 0.96529 -0.21458 
vn 0.207883 0.954315 -0.214633 
vn 0.0845726 0.973047 -0.21454 
vn 0.146408 0.953411 -0.263764 
vn 0.0827123 0.961048 -0.263715 
vn 0.143304 0.938367 -0.314535 
vn 0.200781 0.927743 -0.31461 
vn 0.247365 0.8969 -0.36658 
vn 0.195987 0.909507 -0.366587 
vn 0.0804156 0.945854 -0.314475 
vn 0.139545 0.919894 -0.366501 
vn 0.077657 0.9272 -0.366429 
vn 0.40492 0.812512 -0.419362 
vn 0.332678 0.844695 -0.419304 
vn 0.337264 0.855503 -0.392897 
vn 0.506238 0.753542 -0.419402 
vn 0.462753 0.781013 -0.419379 
vn 0.491411 0.731758 -0.472277 
vn 0.44909 0.758484 -0.47225 
vn 0.474454 0.706819 -0.524691 
vn 0.433476 0.732687 -0.524661 
vn 0.455441 0.678824 -0.575995 
vn 0.392782 0.789127 -0.472229 
vn 0.378924 0.762348 -0.524635 
vn 0.415977 0.703726 -0.575962 
vn 0.310723 0.792645 -0.524561 
vn 0.316749 0.806975 -0.49846 
vn 0.190306 0.887687 -0.419279 
vn 0.244066 0.886614 -0.39287 
vn 0.32242 0.820431 -0.472163 
vn 0.327731 0.833006 -0.445751 
vn 0.240492 0.875428 -0.419272 
vn 0.236642 0.86333 -0.445714 
vn 0.135101 0.897794 -0.419183 
vn 0.0744175 0.904886 -0.419098 
vn 0.0706863 0.878802 -0.471923 
vn 0.132617 0.885345 -0.44562 
vn 0.187126 0.875395 -0.445721 
vn 0.232515 0.850317 -0.472121 
vn 0.183719 0.862174 -0.472127 
vn 0.228113 0.836391 -0.498412 
vn 0.127123 0.85763 -0.498307 
vn 0.129957 0.871956 -0.472021 
vn 0.363409 0.732281 -0.575932 
vn 0.297642 0.761449 -0.575851 
vn 0.30435 0.777462 -0.550385 
vn 0.223441 0.821564 -0.524507 
vn 0.218504 0.805853 -0.550324 
vn 0.124116 0.842379 -0.524397 
vn 0.066462 0.848946 -0.524283 
vn 0.061753 0.815444 -0.575532 
vn 0.120939 0.826222 -0.550209 
vn 0.213313 0.789287 -0.575782 
vn 0.346358 0.699153 -0.625477 
vn 0.396731 0.671818 -0.625511 
vn 0.375936 0.637288 -0.672708 
vn 0.267791 0.689879 -0.672573 
vn 0.32795 0.663299 -0.672669 
vn 0.308411 0.62515 -0.716987 
vn 0.117598 0.809187 -0.575662 
vn 0.207877 0.771898 -0.6008 
vn 0.283281 0.727078 -0.625388 
vn 0.202209 0.753729 -0.625303 
vn 0.190244 0.715256 -0.67247 
vn 0.196326 0.73483 -0.649216 
vn 0.110443 0.772633 -0.625173 
vn 0.0565757 0.778552 -0.625025 
vn 0.114097 0.791309 -0.600676 
vn 0.106644 0.753208 -0.64908 
vn 0.0538178 0.758949 -0.648922 
vn 0.102709 0.733092 -0.672329 
vn 0.0509507 0.738651 -0.67216 
vn 0.177555 0.674332 -0.716764 
vn 0.0944608 0.691049 -0.716609 
vn 0.0986445 0.71235 -0.694858 
vn 0.25136 0.650302 -0.716886 
vn -0.00506277 0.697714 -0.716359 
vn 0.0901663 0.669261 -0.737537 
vn 0.5951 0.803652 -7.12633e-15 
vn 0.614632 0.788814 -1.25063e-16 
vn 0.618053 0.782144 -0.0791241 
vn 0.618005 0.782082 -0.0801169 
vn 0.61238 0.774619 -0.157977 
vn 0.591591 0.774444 -0.224179 
vn 0.583268 0.768217 -0.263897 
vn 0.600509 0.780857 -0.172198 
vn 0.611447 0.773385 -0.167358 
vn 0.610944 0.77272 -0.172198 
vn 0.577675 0.763704 -0.28818 
vn 0.570792 0.758394 -0.314697 
vn 0.560603 0.750043 -0.350941 
vn 0.555713 0.746135 -0.366696 
vn 0.552018 0.743113 -0.378232 
vn 0.546839 0.739125 -0.393269 
vn 0.537422 0.731622 -0.419412 
vn 0.528566 0.724292 -0.44274 
vn 0.515926 0.71468 -0.472286 
vn 0.502227 0.703776 -0.502462 
vn 0.490761 0.695591 -0.524697 
vn 0.473404 0.682627 -0.556694 
vn 0.461685 0.674592 -0.575997 
vn 0.459109 0.672784 -0.580156 
vn 0.445966 0.664862 -0.599227 
vn 0.427116 0.652891 -0.625544 
vn 0.385118 0.633546 -0.671047 
vn 0.38297 0.633078 -0.672716 
vn 0.423957 0.650882 -0.629773 
vn 0.339462 0.623604 -0.70419 
vn 0.312118 0.623305 -0.716989 
vn 0.371968 0.630693 -0.681077 
vn 0.307408 0.62319 -0.719121 
vn 0.294092 0.622714 -0.725077 
vn 0.227134 0.631809 -0.741099 
vn 0.211176 0.634746 -0.743305 
vn 0.242913 0.629911 -0.737702 
vn 0.106438 0.651207 -0.751399 
vn 0.0870613 0.653571 -0.751841 
vn 0.167909 0.643166 -0.74709 
vn 0.132123 0.647862 -0.750212 
vn 0.0281143 0.657346 -0.753064 
vn -0.00699214 0.675575 -0.737258 
vn -0.0407174 0.656246 -0.753448 
vn -0.092014 0.655593 -0.749488 
vn -0.0383242 0.656204 -0.75361 
vn -0.0085993 0.65765 -0.753274 
vn -0.116507 0.653766 -0.747674 
vn -0.137397 0.652029 -0.745641 
vn -0.179221 0.646731 -0.741363 
vn -0.256624 0.64835 -0.716789 
vn -0.214067 0.641675 -0.736498 
vn -0.189845 0.645058 -0.740175 
vn -0.252427 0.63645 -0.728843 
vn -0.289979 0.629384 -0.720964 
vn -0.303997 0.627459 -0.716855 
vn -0.312504 0.626233 -0.714264 
vn -0.39189 0.627641 -0.672673 
vn -0.375401 0.62306 -0.6862 
vn -0.323478 0.625837 -0.709711 
vn -0.395503 0.625368 -0.672675 
vn -0.429451 0.6288 -0.648215 
vn -0.452136 0.635843 -0.625521 
vn -0.478855 0.66253 -0.575979 
vn -0.462025 0.638858 -0.615137 
vn -0.474522 0.642637 -0.601536 
vn -0.509134 0.658415 -0.554321 
vn -0.515873 0.661826 -0.543931 
vn -0.493573 0.651628 -0.575992 
vn -0.553723 0.685819 -0.472274 
vn -0.545276 0.677962 -0.492992 
vn -0.527305 0.66832 -0.524688 
vn -0.555491 0.684388 -0.472274 
vn -0.571319 0.693828 -0.438402 
vn -0.579147 0.699065 -0.419401 
vn -0.590574 0.706369 -0.390211 
vn -0.598862 0.711972 -0.366687 
vn -0.600034 0.712743 -0.363258 
vn -0.614553 0.722755 -0.316148 
vn -0.626885 0.731432 -0.26837 
vn -0.627899 0.732191 -0.263892 
vn -0.637128 0.73872 -0.219912 
vn -0.640409 0.741062 -0.20175 
vn -0.64577 0.744965 -0.167356 
vn -0.647598 0.746189 -0.154335 
vn -0.652833 0.749897 -0.107064 
vn -0.656167 0.752226 -0.0600033 
vn -0.654983 0.751489 -0.0791241 
vn -0.0504132 0.99611 -0.072279 
vn -0.0534564 0.996043 -0.0709974 
vn -0.0615535 0.995845 -0.0671129 
vn -0.0839026 0.99513 -0.0517419 
vn -0.0767375 0.995387 -0.0575879 
vn -0.0693232 0.995625 -0.0626524 
vn -0.106082 0.994148 -0.0203878 
vn -0.102039 0.99435 -0.0292499 
vn -0.0969323 0.99459 -0.0373582 
vn -0.0908526 0.994854 -0.0448544 
vn -0.108885 0.994001 -0.0103198 
vn -0.109852 0.993948 1.38949e-14 
vn -0.0455225 0.996213 -0.074079 
vn -0.042572 0.996261 -0.0751796 
vn -0.0346648 0.996386 -0.0775464 
vn -0.00667675 0.996626 -0.0818076 
vn 0.00135905 0.996635 -0.0819572 
vn 0.00843714 0.99662 -0.0817095 
vn -0.0147252 0.99659 -0.0811925 
vn -0.0279153 0.996476 -0.0791 
vn -0.0266081 0.996488 -0.0794 
vn -0.0228123 0.996526 -0.0800908 
vn 0.0169412 0.996575 -0.0809406 
vn 0.0280498 0.996473 -0.0790827 
vn 0.0252815 0.9965 -0.0796764 
vn 0.0203408 0.996553 -0.0804245 
vn 0.076595 0.995363 -0.0581925 
vn 0.0844222 0.995082 -0.0518081 
vn 0.0862627 0.995012 -0.0500983 
vn 0.0530204 0.996033 -0.0714704 
vn 0.0597053 0.995869 -0.0684185 
vn 0.0444717 0.996213 -0.0747132 
vn 0.0679865 0.995637 -0.0639106 
vn 0.0334895 0.996397 -0.0779189 
vn 0.0355773 0.996366 -0.0773871 
vn 0.104842 0.994201 -0.0239148 
vn 0.105845 0.994152 -0.02143 
vn 0.0998726 0.994437 -0.0334638 
vn 0.108873 0.993997 -0.0107796 
vn 0.0933523 0.994725 -0.0425138 
vn 0.0881837 0.994945 -0.0480384 
vn 0.109897 0.993943 -8.71349e-14 
vn -0.657704 0.753276 2.25057e-13 
vn -0.549688 0.680768 -0.484147 
vn -0.390157 0.624784 -0.67633 
vn 0.619932 0.784655 8.92419e-15 
vn 0.896823 0 -0.442389 
vn 0.912197 0 -0.409752 
vn 0.848074 0 -0.529878 
vn 0.873096 0 -0.487549 
vn 0.873676 0 -0.486508 
vn 0.789521 0 -0.613724 
vn 0.821805 0 -0.569769 
vn 0.822728 0 -0.568435 
vn 0.776473 0 -0.63015 
vn 0.721135 0 -0.692795 
vn 0.761935 0 -0.647654 
vn 0.732876 0 -0.680362 
vn 0.721135 0 -0.692795 
vn 0.656754 0 -0.754105 
vn 0.704843 0 -0.709363 
vn 0.643186 0 -0.76571 
vn 0.565198 0 -0.824955 
vn 0.576703 0 -0.816954 
vn 0.627263 0 -0.778808 
vn 0.565198 0 -0.824955 
vn 0.48195 0 -0.876199 
vn 0.495474 0 -0.868623 
vn 0.546219 0 -0.837642 
vn 0.48195 0 -0.876199 
vn 0.480132 0 -0.877196 
vn 0.395702 0 -0.918379 
vn 0.457537 0 -0.889191 
vn 0.387035 0 -0.922065 
vn 0.316825 0 -0.948484 
vn 0.370587 0 -0.928798 
vn 0.295743 0 -0.955267 
vn 0.244136 0 -0.969741 
vn 0.288836 0 -0.957379 
vn 0.216045 0 -0.976383 
vn 0.212677 0 -0.977122 
vn 0.202145 0 -0.979356 
vn 0.15515 0 -0.987891 
vn 0.144048 0 -0.989571 
vn 0.107502 0 -0.994205 
vn 0.00437891 0 -0.99999 
vn 4.8927e-07 0 -1 
vn 0 0 -1 
vn 0.0178943 0 -0.99984 
vn 0.0163323 0 -0.999867 
vn 0 0 -1 
vn 0.0405631 0 -0.999177 
vn 0.0290972 0 -0.999577 
vn 0.050303 0 -0.998734 
vn 0.0887578 0 -0.996053 
vn 0.0666445 0 -0.997777 
vn 0.0455802 0 -0.998961 
vn 0.0984942 0 -0.995138 
vn 0.0839593 0 -0.996469 
vn 0.107502 0 -0.994205 
vn 0.912197 0 -0.409752 
vn 0.348066 -0.931921 0.101849 
vn 0.428344 -0.892793 0.139432 
vn 0.427357 -0.897547 0.108517 
vn 0.507016 -0.851032 0.136672 
vn 0.581959 -0.796601 0.163556 
vn 0.504601 -0.845284 0.175705 
vn 0.650574 -0.733996 0.194942 
vn 0.653881 -0.731715 0.192437 
vn 0.576121 -0.789839 0.210329 
vn 0.642232 -0.726979 0.242978 
vn -0.908663 -0.0966538 -0.406189 
vn -0.914937 0 -0.403596 
vn -0.871898 0 -0.489687 
vn -0.893858 -0.1924 -0.404969 
vn -0.864493 -0.0971066 -0.493175 
vn -0.174118 -0.97598 -0.13094 
vn -0.260251 -0.950894 -0.167543 
vn -0.22851 -0.952075 -0.203312 
vn -0.0863502 -0.991905 -0.093107 
vn -0.14546 -0.97657 -0.158597 
vn 0.00222805 -0.998517 -0.0544002 
vn -0.0610288 -0.99179 -0.112376 
vn 0.0907854 -0.995755 -0.0151827 
vn 0.0239822 -0.997591 -0.0650882 
vn 0.17849 -0.983645 0.0241773 
vn 0.108765 -0.993919 -0.0171819 
vn 0.26452 -0.9623 0.0633103 
vn 0.192516 -0.980808 0.0308875 
vn 0.274438 -0.958382 0.0786636 
vn 0.353754 -0.926855 0.125693 
vn 0.42971 -0.886526 0.171528 
vn 0.501585 -0.837777 0.215734 
vn 0.568698 -0.781073 0.257892 
vn 0.630409 -0.716951 0.297601 
vn 0.644411 -0.717037 0.265692 
vn 0.640273 -0.725323 0.252896 
vn -0.839098 -0.0973577 -0.535197 
vn -0.869434 0.000345127 -0.494049 
vn -0.848879 -0.193291 -0.491979 
vn -0.825202 -0.28764 -0.486112 
vn -0.822969 -0.193785 -0.534012 
vn -0.793689 -0.379257 -0.475627 
vn -0.798974 -0.288359 -0.527722 
vn -0.754639 -0.467272 -0.460626 
vn -0.76734 -0.380177 -0.516386 
vn -0.708422 -0.55085 -0.441251 
vn -0.728371 -0.46836 -0.500115 
vn -0.655477 -0.629197 -0.417685 
vn -0.682438 -0.552067 -0.479062 
vn -0.596308 -0.701568 -0.390152 
vn -0.629982 -0.630495 -0.45343 
vn -0.531475 -0.767277 -0.358915 
vn -0.571503 -0.702896 -0.423463 
vn -0.461595 -0.825699 -0.324269 
vn -0.507561 -0.768578 -0.389448 
vn -0.387332 -0.87628 -0.286543 
vn -0.438767 -0.826912 -0.351709 
vn -0.30939 -0.918539 -0.246096 
vn -0.365779 -0.877341 -0.310609 
vn -0.289293 -0.919384 -0.266539 
vn -0.210042 -0.952637 -0.219921 
vn -0.128783 -0.976783 -0.171201 
vn -0.0462934 -0.991591 -0.120845 
vn 0.0366392 -0.996921 -0.0693325 
vn 0.119221 -0.992719 -0.0171577 
vn 0.200664 -0.979028 0.0351812 
vn 0.280188 -0.955978 0.0871837 
vn 0.357034 -0.923788 0.138353 
vn 0.430467 -0.882768 0.188199 
vn 0.499784 -0.833309 0.236247 
vn 0.564324 -0.775883 0.282035 
vn 0.623469 -0.71104 0.325128 
vn 0.627095 -0.71413 0.311078 
vn -0.847205 0 -0.531266 
vn -0.813661 0.00473926 -0.58132 
vn -0.777256 -0.0979503 -0.621514 
vn -0.759758 -0.194949 -0.620292 
vn -0.734878 -0.290053 -0.613044 
vn -0.702858 -0.382339 -0.599839 
vn -0.664009 -0.470911 -0.580806 
vn -0.618708 -0.554906 -0.556129 
vn -0.567395 -0.63351 -0.526049 
vn -0.510569 -0.705959 -0.490858 
vn -0.448782 -0.771548 -0.450897 
vn -0.382635 -0.82964 -0.406555 
vn -0.31277 -0.879672 -0.358263 
vn -0.239866 -0.921156 -0.30649 
vn -0.164631 -0.95369 -0.251739 
vn -0.0877971 -0.976957 -0.194542 
vn -0.0101097 -0.990732 -0.135455 
vn 0.0676759 -0.994881 -0.0750511 
vn 0.144804 -0.989362 -0.0139184 
vn 0.220525 -0.974231 0.0473495 
vn 0.294103 -0.949634 0.108157 
vn 0.364824 -0.91581 0.167914 
vn 0.432 -0.873088 0.22604 
vn 0.494979 -0.821882 0.281969 
vn 0.553148 -0.76269 0.335158 
vn 0.610844 -0.70027 0.369447 
vn 0.630597 -0.697733 0.339877 
vn 0.605942 -0.696088 0.385091 
vn -0.787201 0 -0.616696 
vn -0.7505 0.00515892 -0.660851 
vn -0.708805 -0.0985869 -0.698481 
vn -0.68963 -0.196198 -0.697078 
vn -0.663629 -0.291867 -0.688774 
vn -0.63106 -0.384648 -0.673654 
vn -0.592245 -0.473621 -0.651866 
vn -0.547568 -0.557907 -0.623626 
vn -0.497472 -0.63667 -0.589214 
vn -0.442452 -0.709133 -0.54897 
vn -0.383052 -0.774576 -0.503292 
vn -0.319862 -0.832353 -0.452633 
vn -0.253505 -0.881892 -0.397494 
vn -0.18464 -0.922702 -0.338421 
vn -0.113946 -0.95438 -0.275998 
vn -0.0421256 -0.976612 -0.210844 
vn 0.0301122 -0.989177 -0.143603 
vn 0.102052 -0.991952 -0.0749403 
vn 0.172982 -0.984909 -0.00553606 
vn 0.242199 -0.968118 0.063923 
vn 0.30902 -0.941745 0.132749 
vn 0.372782 -0.906051 0.200262 
vn 0.432854 -0.86139 0.265792 
vn 0.488642 -0.808202 0.328692 
vn 0.539594 -0.747015 0.388338 
vn 0.592715 -0.684818 0.423926 
vn 0.607359 -0.680747 0.409511 
vn 0.585205 -0.678435 0.444141 
vn -0.720964 0 -0.692972 
vn -0.681142 0.00555698 -0.73213 
vn -0.635907 -0.0992528 -0.765357 
vn -0.61479 -0.197503 -0.763561 
vn -0.587463 -0.293758 -0.754051 
vn -0.554202 -0.387045 -0.736924 
vn -0.515341 -0.476422 -0.712352 
vn -0.471275 -0.560987 -0.680584 
vn -0.422447 -0.639884 -0.64194 
vn -0.369352 -0.712317 -0.596811 
vn -0.312526 -0.777554 -0.545654 
vn -0.252542 -0.834936 -0.488984 
vn -0.190007 -0.883883 -0.427374 
vn -0.125553 -0.923901 -0.361446 
vn -0.0598305 -0.954586 -0.291868 
vn 0.0064966 -0.975627 -0.21934 
vn 0.072758 -0.986812 -0.144597 
vn 0.138284 -0.988028 -0.0683936 
vn 0.202414 -0.979263 0.00850114 
vn 0.264499 -0.960605 0.08531 
vn 0.323911 -0.932243 0.161257 
vn 0.380051 -0.894464 0.235575 
vn 0.432352 -0.847648 0.307513 
vn 0.480286 -0.792269 0.376345 
vn 0.523367 -0.728886 0.441374 
vn 0.570872 -0.666308 0.479728 
vn 0.578728 -0.66274 0.475237 
vn 0.561161 -0.658141 0.501945 
vn -0.650599 0 -0.759421 
vn -0.635121 0 -0.772412 
vn -0.619849 -0.0993984 -0.7784 
vn -0.598286 -0.197788 -0.776488 
vn -0.570651 -0.29417 -0.766695 
vn -0.537224 -0.387567 -0.749121 
vn -0.498345 -0.47703 -0.723944 
vn -0.454408 -0.561652 -0.691419 
vn -0.405859 -0.640573 -0.651878 
vn -0.353192 -0.712993 -0.60572 
vn -0.296939 -0.778177 -0.553414 
vn -0.237673 -0.835463 -0.495492 
vn -0.175995 -0.88427 -0.432542 
vn -0.11253 -0.924102 -0.365201 
vn -0.0479235 -0.954556 -0.294154 
vn 0.0171694 -0.975321 -0.220121 
vn 0.0820882 -0.986188 -0.143854 
vn 0.146174 -0.987046 -0.0661278 
vn 0.208776 -0.977887 0.01227 
vn 0.269259 -0.958802 0.0905432 
vn 0.327009 -0.929987 0.167898 
vn 0.381441 -0.891733 0.243548 
vn 0.432001 -0.844428 0.316726 
vn 0.478177 -0.788554 0.38669 
vn 0.5195 -0.724676 0.45273 
vn 0.55555 -0.653444 0.514174 
vn -0.539284 -0.100123 -0.836151 
vn -0.606773 0.00675758 -0.794846 
vn -0.573684 0.00456054 -0.819064 
vn -0.515387 -0.199205 -0.833483 
vn -0.486132 -0.296217 -0.822151 
vn -0.451823 -0.390149 -0.802272 
vn -0.412818 -0.480025 -0.774052 
vn -0.369521 -0.564911 -0.737787 
vn -0.322383 -0.643925 -0.693851 
vn -0.271893 -0.716245 -0.642703 
vn -0.218577 -0.781119 -0.584874 
vn -0.162989 -0.837873 -0.520964 
vn -0.105707 -0.885917 -0.451639 
vn -0.0473251 -0.924751 -0.377618 
vn 0.0115483 -0.953972 -0.299673 
vn 0.0703016 -0.973276 -0.218612 
vn 0.128324 -0.982463 -0.135278 
vn 0.185013 -0.981436 -0.0505382 
vn 0.239778 -0.970206 0.034727 
vn 0.292051 -0.948891 0.119631 
vn 0.341287 -0.917712 0.203292 
vn 0.386976 -0.876993 0.284839 
vn 0.428642 -0.827157 0.363425 
vn 0.465852 -0.768722 0.438234 
vn 0.498219 -0.702296 0.508486 
vn 0.525407 -0.628569 0.573453 
vn 0.54547 -0.645054 0.535133 
vn -0.557575 0 -0.830127 
vn -0.492258 0.00645602 -0.870425 
vn -0.450958 -0.100901 -0.886823 
vn -0.424355 -0.200724 -0.882968 
vn -0.393217 -0.298402 -0.869676 
vn -0.357877 -0.39289 -0.84709 
vn -0.318712 -0.48318 -0.815451 
vn -0.27614 -0.568306 -0.775097 
vn -0.230618 -0.647358 -0.726459 
vn -0.182631 -0.719492 -0.670058 
vn -0.132692 -0.783936 -0.606495 
vn -0.0813354 -0.840003 -0.536451 
vn -0.0291092 -0.887092 -0.460674 
vn 0.0234281 -0.924701 -0.379973 
vn 0.075715 -0.952427 -0.295212 
vn 0.127193 -0.969975 -0.207296 
vn 0.177311 -0.977156 -0.117164 
vn 0.225535 -0.973894 -0.0257799 
vn 0.271348 -0.960224 0.0658796 
vn 0.314261 -0.936292 0.156835 
vn 0.353815 -0.902354 0.246114 
vn 0.389589 -0.858772 0.332763 
vn 0.421198 -0.806012 0.415856 
vn 0.448307 -0.744638 0.494504 
vn 0.470624 -0.675307 0.567868 
vn 0.512233 -0.6068 0.607791 
vn 0.487911 -0.598758 0.635163 
vn 0.49873 -0.590268 0.634707 
vn 0.516166 -0.621088 0.589764 
vn -0.472741 0 -0.881201 
vn -0.409502 0.00573538 -0.912291 
vn -0.368338 -0.101602 -0.924123 
vn -0.33914 -0.202088 -0.918773 
vn -0.306219 -0.300356 -0.903336 
vn -0.269936 -0.395326 -0.877982 
vn -0.23069 -0.485956 -0.842988 
vn -0.18891 -0.571251 -0.79874 
vn -0.145057 -0.650274 -0.745722 
vn -0.0996117 -0.722159 -0.684518 
vn -0.0530724 -0.786115 -0.615798 
vn -0.00595046 -0.84144 -0.540318 
vn 0.0412368 -0.887528 -0.458906 
vn 0.0879714 -0.923871 -0.372455 
vn 0.13374 -0.950072 -0.281916 
vn 0.178041 -0.965842 -0.188282 
vn 0.220386 -0.971009 -0.09258 
vn 0.260313 -0.965516 0.00413791 
vn 0.297381 -0.949422 0.10081 
vn 0.331185 -0.922905 0.196376 
vn 0.361352 -0.886255 0.289786 
vn 0.387553 -0.839876 0.380014 
vn 0.409498 -0.784276 0.466071 
vn 0.426948 -0.720066 0.54701 
vn 0.439711 -0.647951 0.621944 
vn 0.471226 -0.570263 0.672864 
vn 0.447646 -0.568722 0.69005 
vn 0.48149 -0.593813 0.644634 
vn -0.393492 0 -0.919328 
vn -0.372844 0 -0.927894 
vn -0.346811 -0.101779 -0.932396 
vn -0.316944 -0.202432 -0.926589 
vn -0.283573 -0.300848 -0.910537 
vn -0.247066 -0.395937 -0.884416 
vn -0.207828 -0.486648 -0.848517 
vn -0.166291 -0.571978 -0.803236 
vn -0.122916 -0.650984 -0.749074 
vn -0.0781819 -0.722792 -0.686629 
vn -0.0325833 -0.786608 -0.616592 
vn 0.0133757 -0.841727 -0.539738 
vn 0.0591867 -0.887539 -0.456916 
vn 0.104343 -0.923537 -0.369042 
vn 0.148346 -0.949324 -0.277087 
vn 0.190709 -0.964615 -0.182068 
vn 0.230963 -0.969239 -0.0850369 
vn 0.268663 -0.963147 0.0129349 
vn 0.303393 -0.946406 0.110764 
vn 0.334768 -0.9192 0.207368 
vn 0.362442 -0.881831 0.301679 
vn 0.386108 -0.834711 0.392655 
vn 0.405505 -0.778363 0.479289 
vn 0.420418 -0.713407 0.560623 
vn 0.430683 -0.640564 0.635759 
vn 0.44117 -0.564126 0.697948 
vn 0.436186 -0.560638 0.703865 
vn -0.325321 0.00626185 -0.945583 
vn -0.276549 -0.102341 -0.955535 
vn -0.244589 -0.203524 -0.948027 
vn -0.209861 -0.302403 -0.92979 
vn -0.172759 -0.397861 -0.901033 
vn -0.133702 -0.488817 -0.86208 
vn -0.0931317 -0.574241 -0.813372 
vn -0.0515077 -0.653168 -0.755459 
vn -0.00930076 -0.724703 -0.688999 
vn 0.0330114 -0.788038 -0.614741 
vn 0.07495 -0.842455 -0.533527 
vn 0.11604 -0.88734 -0.446277 
vn 0.155818 -0.922183 -0.353976 
vn 0.193832 -0.946592 -0.257669 
vn 0.229653 -0.960289 -0.158447 
vn 0.262875 -0.963119 -0.0574321 
vn 0.293122 -0.955051 0.0442329 
vn 0.320053 -0.936176 0.145397 
vn 0.343362 -0.906707 0.244916 
vn 0.362786 -0.866979 0.341664 
vn 0.378104 -0.81744 0.434546 
vn 0.389144 -0.75865 0.52251 
vn 0.39578 -0.691276 0.604562 
vn 0.397938 -0.61608 0.679772 
vn 0.396702 -0.534594 0.746215 
vn 0.422597 -0.534572 0.731877 
vn -0.305379 0 -0.952231 
vn -0.239221 0.00211685 -0.970963 
vn -0.201002 -0.103064 -0.974154 
vn -0.167727 -0.204934 -0.964298 
vn -0.132509 -0.304431 -0.943273 
vn -0.0957563 -0.400402 -0.911323 
vn -0.0578948 -0.491735 -0.868818 
vn -0.0193628 -0.577373 -0.816251 
vn 0.0193935 -0.656325 -0.754229 
vn 0.0579252 -0.727674 -0.683473 
vn 0.095786 -0.790596 -0.6048 
vn 0.132537 -0.844361 -0.519123 
vn 0.167754 -0.888347 -0.427433 
vn 0.201027 -0.922043 -0.330793 
vn 0.231972 -0.945061 -0.230321 
vn 0.260231 -0.957133 -0.127182 
vn 0.285475 -0.95812 -0.0225703 
vn 0.307414 -0.94801 0.0823031 
vn 0.325791 -0.92692 0.186223 
vn 0.340396 -0.895095 0.287987 
vn 0.351058 -0.852902 0.386415 
vn 0.357654 -0.800832 0.480367 
vn 0.360107 -0.739486 0.568756 
vn 0.35839 -0.669575 0.650558 
vn 0.352522 -0.59191 0.724825 
vn 0.365275 -0.50489 0.782087 
vn 0.348701 -0.509788 0.786463 
vn 0.390713 -0.524898 0.756192 
vn 0.342572 -0.507389 0.790697 
vn -0.170685 0 -0.985326 
vn -0.140853 -0.104249 -0.984527 
vn -0.109365 -0.207272 -0.972151 
vn -0.0765905 -0.307858 -0.948344 
vn -0.0429158 -0.404824 -0.913387 
vn -0.00873657 -0.49703 -0.867689 
vn 0.0255454 -0.583392 -0.811789 
vn 0.059527 -0.662894 -0.746343 
vn 0.0928087 -0.734601 -0.672122 
vn 0.124999 -0.79767 -0.589997 
vn 0.15572 -0.851361 -0.500936 
vn 0.184609 -0.89504 -0.405983 
vn 0.211328 -0.928195 -0.306257 
vn 0.235562 -0.950437 -0.20293 
vn 0.257026 -0.961502 -0.0972172 
vn 0.275468 -0.961262 0.00963907 
vn 0.290671 -0.949719 0.116382 
vn 0.302456 -0.927008 0.221756 
vn 0.310685 -0.893398 0.324523 
vn 0.31526 -0.849282 0.423475 
vn 0.316128 -0.795181 0.517446 
vn 0.31328 -0.731729 0.605334 
vn 0.306747 -0.659673 0.686103 
vn 0.296608 -0.579861 0.758805 
vn 0.288289 -0.493839 0.820374 
vn 0.319167 -0.493052 0.809341 
vn 0.288193 -0.493889 0.820377 
vn 0.282981 -0.49323 0.822585 
vn -0.138706 -0.00059513 -0.990333 
vn -0.111686 -0.105374 -0.988141 
vn -0.083693 -0.209503 -0.97422 
vn -0.0547111 -0.311155 -0.948783 
vn -0.0250825 -0.40913 -0.912131 
vn 0.00484252 -0.502268 -0.864698 
vn 0.0347103 -0.58947 -0.807044 
vn 0.0641679 -0.669704 -0.739851 
vn 0.092867 -0.742022 -0.663913 
vn 0.120468 -0.805569 -0.580126 
vn 0.146646 -0.859594 -0.489483 
vn 0.17109 -0.903458 -0.393054 
vn 0.193511 -0.936644 -0.291979 
vn 0.213646 -0.958758 -0.187453 
vn 0.231255 -0.96954 -0.0807107 
vn 0.24613 -0.968861 0.0269853 
vn 0.258097 -0.95673 0.134362 
vn 0.267012 -0.933291 0.240151 
vn 0.272772 -0.89882 0.343101 
vn 0.275307 -0.853725 0.441996 
vn 0.274588 -0.798538 0.535666 
vn 0.270623 -0.733913 0.623005 
vn 0.26346 -0.660612 0.702979 
vn 0.253182 -0.579504 0.774645 
vn 0.239912 -0.491545 0.837153 
vn 0.263722 -0.497706 0.82628 
vn -0.115361 0 -0.993324 
vn -0.0946435 -0.106725 -0.989774 
vn -0.0728057 -0.212187 -0.974513 
vn -0.0501065 -0.315139 -0.947722 
vn -0.0268143 -0.414362 -0.909717 
vn -0.00320497 -0.508682 -0.860949 
vn 0.0204423 -0.596983 -0.801993 
vn 0.0438477 -0.678221 -0.733549 
vn 0.0667344 -0.751434 -0.656425 
vn 0.0888314 -0.815756 -0.571534 
vn 0.109877 -0.870426 -0.479881 
vn 0.129623 -0.914797 -0.38255 
vn 0.147835 -0.948344 -0.280692 
vn 0.164298 -0.97067 -0.175514 
vn 0.178817 -0.981512 -0.0682582 
vn 0.191221 -0.98074 0.0398048 
vn 0.201361 -0.968363 0.147397 
vn 0.209119 -0.94453 0.253245 
vn 0.214403 -0.90952 0.356097 
vn 0.21715 -0.863749 0.454735 
vn 0.217328 -0.807758 0.547993 
vn 0.214934 -0.742209 0.634767 
vn 0.209997 -0.667879 0.71403 
vn 0.202576 -0.585646 0.784845 
vn 0.208405 -0.505324 0.837386 
vn 0.225249 -0.492679 0.840553 
vn 0.192757 -0.496484 0.846373 
vn -0.0981778 0 -0.995169 
vn -0.0841657 -0.107737 -0.99061 
vn -0.0691585 -0.214201 -0.974338 
vn -0.0533335 -0.318131 -0.946545 
vn -0.0368778 -0.4183 -0.90756 
vn -0.0199861 -0.513523 -0.857843 
vn -0.00285803 -0.602673 -0.797983 
vn 0.0143038 -0.684698 -0.728687 
vn 0.0312965 -0.758626 -0.650775 
vn 0.0479192 -0.823583 -0.565167 
vn 0.0639752 -0.878803 -0.472877 
vn 0.0792747 -0.923631 -0.374996 
vn 0.0936369 -0.957537 -0.27268 
vn 0.106892 -0.980122 -0.16714 
vn 0.118883 -0.991116 -0.0596233 
vn 0.129468 -0.990392 0.0485981 
vn 0.138523 -0.977957 0.156245 
vn 0.145939 -0.953957 0.262044 
vn 0.15163 -0.918678 0.364745 
vn 0.155528 -0.872536 0.463133 
vn 0.157587 -0.816077 0.556044 
vn 0.157782 -0.749968 0.642381 
vn 0.156112 -0.674991 0.721122 
vn 0.152596 -0.592033 0.791335 
vn 0.162753 -0.500029 0.850578 
vn 0.179576 -0.507986 0.842439 
vn 0.154526 -0.505786 0.848706 
vn 0.147275 -0.502074 0.852192 
vn -0.0859774 0 -0.996297 
vn -0.0820628 -0.108374 -0.990717 
vn -0.0771805 -0.215469 -0.973456 
vn -0.0713882 -0.320024 -0.944716 
vn -0.0647542 -0.420806 -0.904837 
vn -0.0573566 -0.516625 -0.854288 
vn -0.0492827 -0.606353 -0.793667 
vn -0.0406277 -0.688932 -0.723687 
vn -0.0314936 -0.763387 -0.645174 
vn -0.0219882 -0.82884 -0.559053 
vn -0.0122235 -0.884521 -0.466341 
vn -0.00231469 -0.929772 -0.368129 
vn 0.00762141 -0.964059 -0.265577 
vn 0.0174677 -0.98698 -0.159894 
vn 0.0271079 -0.998262 -0.0523251 
vn 0.0364286 -0.997774 0.0558607 
vn 0.0453197 -0.98552 0.163388 
vn 0.0536764 -0.961647 0.268988 
vn 0.0614002 -0.926434 0.371417 
vn 0.0684 -0.880297 0.469467 
vn 0.0745933 -0.82378 0.56198 
vn 0.0799071 -0.75755 0.647868 
vn 0.0842786 -0.682388 0.726116 
vn 0.0876564 -0.599179 0.795802 
vn 0.124475 -0.509978 0.851134 
vn 0.0900006 -0.508905 0.856105 
vn 0.112379 -0.506723 0.854753 
vn -0.0813219 0 -0.996688 
vn -0.0820333 -0.108361 -0.990721 
vn -0.0817786 -0.215446 -0.973085 
vn -0.0805606 -0.319994 -0.943988 
vn -0.0783937 -0.420772 -0.903773 
vn -0.0753036 -0.516595 -0.852912 
vn -0.0713264 -0.606333 -0.792006 
vn -0.0665092 -0.688929 -0.721771 
vn -0.0609086 -0.763411 -0.643035 
vn -0.0545906 -0.828901 -0.556725 
vn -0.0476296 -0.884628 -0.463858 
vn -0.0401077 -0.929936 -0.365528 
vn -0.0321133 -0.964291 -0.262892 
vn -0.0237407 -0.987288 -0.157159 
vn -0.0150884 -0.998656 -0.049576 
vn -0.0062585 -0.998262 0.0585913 
vn 0.00264517 -0.986111 0.166068 
vn 0.0115177 -0.962344 0.27159 
vn 0.0202545 -0.927243 0.373912 
vn 0.0287528 -0.88122 0.47183 
vn 0.0369125 -0.824819 0.564191 
vn 0.0446373 -0.758702 0.649907 
vn 0.0518364 -0.683649 0.727968 
vn 0.058425 -0.600544 0.797455 
vn 0.0643254 -0.510365 0.857549 
vn 0.0889749 -0.517091 0.851294 
vn -0.0777344 -0.00241461 -0.996971 
vn -0.079197 -0.0425422 -0.995951 
vn -0.0776431 0 -0.996981 
vn -0.0823204 -0.140223 -0.986692 
vn -0.0814384 -0.110581 -0.990525 
vn -0.0813668 -0.108253 -0.990788 
vn -0.084781 -0.237049 -0.967791 
vn -0.0843346 -0.217426 -0.972427 
vn -0.0842831 -0.215225 -0.972921 
vn -0.0865439 -0.332989 -0.938951 
vn -0.087044 -0.37142 -0.924376 
vn -0.0875035 -0.422193 -0.902273 
vn -0.0876955 -0.460399 -0.88337 
vn -0.0874911 -0.420319 -0.903148 
vn -0.0875598 -0.545391 -0.833596 
vn -0.08769 -0.517736 -0.851034 
vn -0.0876957 -0.516031 -0.852069 
vn -0.086587 -0.626272 -0.774781 
vn -0.0859381 -0.657784 -0.748288 
vn -0.0868968 -0.607189 -0.789792 
vn -0.0869197 -0.605666 -0.790957 
vn -0.0850978 -0.689478 -0.71929 
vn -0.0838092 -0.728082 -0.680347 
vn -0.0851365 -0.688172 -0.720535 
vn -0.0808335 -0.791738 -0.605489 
vn -0.0822823 -0.763698 -0.640309 
vn -0.0823356 -0.762579 -0.641634 
vn -0.076961 -0.848547 -0.523492 
vn -0.0784512 -0.828942 -0.553806 
vn -0.0751445 -0.869263 -0.488606 
vn -0.0785176 -0.828013 -0.555185 
vn -0.0736238 -0.884424 -0.460839 
vn -0.0702155 -0.913178 -0.401467 
vn -0.0736998 -0.883705 -0.462206 
vn -0.0678284 -0.92954 -0.362428 
vn -0.0644947 -0.948547 -0.309999 
vn -0.0679132 -0.929 -0.363794 
vn -0.061123 -0.963735 -0.259765 
vn -0.0579496 -0.9751 -0.214061 
vn -0.0551344 -0.983025 -0.174992 
vn -0.0612145 -0.963367 -0.261107 
vn -0.0535872 -0.986602 -0.154096 
vn -0.0478154 -0.995781 -0.0783184 
vn -0.0536808 -0.986399 -0.155353 
vn -0.0452984 -0.997886 -0.0465976 
vn -0.0399067 -0.99901 0.0196352 
vn -0.0453928 -0.997826 -0.0477776 
vn -0.036375 -0.997448 0.0614431 
vn -0.0314034 -0.992408 0.118911 
vn -0.036468 -0.997511 0.0603549 
vn -0.0279237 -0.987046 0.157992 
vn -0.0191029 -0.967137 0.253538 
vn -0.0171463 -0.961564 0.274046 
vn -0.0100246 -0.937754 0.347156 
vn -0.0172263 -0.961799 0.273216 
vn -0.00711901 -0.926536 0.376138 
vn -0.000707478 -0.898594 0.43878 
vn -0.00719003 -0.926818 0.375442 
vn 0.0029918 -0.880527 0.473986 
vn 0.0120385 -0.829955 0.5577 
vn 0.00297491 -0.880613 0.473827 
vn 0.00291394 -0.880923 0.473251 
vn 0.020933 -0.771032 0.636453 
vn 0.0226739 -0.758412 0.651381 
vn 0.0297008 -0.703497 0.710078 
vn 0.0226396 -0.75866 0.651093 
vn 0.0322041 -0.682333 0.730332 
vn 0.0403215 -0.607265 0.793476 
vn 0.0480111 -0.525716 0.849304 
vn 0.049318 -0.510683 0.858354 
vn 0.0557622 -0.514478 0.855688 
vn 0.040986 -0.600649 0.798462 
vn 0.0409759 -0.600747 0.798388 
vn 0.651488 -0.734761 0.188919 
vn 0.658153 -0.740293 0.137114 
vn 0.585314 -0.800379 0.129623 
vn 0.508029 -0.853285 0.117523 
vn 0.427176 -0.898547 0.100665 
vn 0.343663 -0.935766 0.0789866 
vn 0.29448 -0.953496 0.0642439 
vn 0.2582 -0.964686 0.0520863 
vn 0.337887 -0.938005 0.0773307 
vn 0.336057 -0.938675 0.0771696 
vn 0.171256 -0.985006 0.0208287 
vn 0.115443 -0.993314 -0.000807748 
vn 0.0836624 -0.996402 -0.0135519 
vn -0.00405633 -0.998727 -0.0502806 
vn -0.0560242 -0.995748 -0.0731266 
vn -0.0910704 -0.991891 -0.0886472 
vn -0.172644 -0.976911 -0.125854 
vn -0.245851 -0.956047 -0.159783 
vn -0.260864 -0.950868 -0.166735 
vn -0.317873 -0.928194 -0.193425 
vn -0.342393 -0.916961 -0.204817 
vn -0.284626 -0.942006 -0.177802 
vn -0.383737 -0.895829 -0.224135 
vn -0.420832 -0.874466 -0.241267 
vn -0.377184 -0.899362 -0.22109 
vn -0.470583 -0.841921 -0.264047 
vn -0.495625 -0.823749 -0.275307 
vn -0.430632 -0.868409 -0.245808 
vn -0.559174 -0.771578 -0.3033 
vn -0.566178 -0.765265 -0.306288 
vn -0.505751 -0.816023 -0.279861 
vn -0.529349 -0.797188 -0.290313 
vn -0.603413 -0.729526 -0.322003 
vn -0.627302 -0.704574 -0.331764 
vn -0.587983 -0.744778 -0.315565 
vn -0.673202 -0.651554 -0.34968 
vn -0.682013 -0.640522 -0.352972 
vn -0.650503 -0.678664 -0.340971 
vn -0.724389 -0.582967 -0.36798 
vn -0.744821 -0.552165 -0.374641 
vn -0.703489 -0.612337 -0.360759 
vn -0.692337 -0.627223 -0.356735 
vn -0.746863 -0.548965 -0.375277 
vn -0.757423 -0.532005 -0.378526 
vn -0.779352 -0.494502 -0.38481 
vn -0.800399 -0.455114 -0.390169 
vn -0.820557 -0.413556 -0.394534 
vn -0.846871 -0.351875 -0.39874 
vn -0.868762 -0.29142 -0.400409 
vn -0.836395 -0.377701 -0.397223 
vn -0.870436 -0.286347 -0.400433 
vn -0.872653 -0.279499 -0.400446 
vn -0.879488 -0.257347 -0.400343 
vn -0.896898 -0.192338 -0.398222 
vn -0.900756 -0.175309 -0.397373 
vn -0.916993 0.000154329 -0.398903 
vn -0.915331 -0.0965831 -0.390949 
vn -0.91635 -0.0894803 -0.390252 
vn -0.925514 3.84241e-16 -0.378715 
vn -0.138358 0 -0.990382 
vn -0.231949 0 -0.972728 
vn -0.532076 -0.820825 0.207705 
vn -0.6037 -0.750013 0.270235 
vn -0.584313 -0.754014 0.300068 
vn -0.595199 -0.764032 0.248984 
vn -0.520168 -0.808035 0.276595 
vn -0.464209 -0.870302 0.164574 
vn -0.392205 -0.91202 0.119976 
vn -0.456864 -0.859943 0.227538 
vn -0.316704 -0.945609 0.0743086 
vn -0.389399 -0.904018 0.176409 
vn -0.238381 -0.970769 0.0279788 
vn -0.318387 -0.939859 0.123673 
vn -0.157932 -0.987275 -0.0186004 
vn -0.244475 -0.967139 0.0698108 
vn -0.0760757 -0.99498 -0.0650138 
vn -0.168336 -0.985611 0.0153127 
vn 0.0064589 -0.993816 -0.110848 
vn -0.0906639 -0.995105 -0.039325 
vn 0.0889359 -0.983794 -0.155693 
vn -0.012166 -0.995535 -0.0936044 
vn 0.17062 -0.965001 -0.199151 
vn 0.0664427 -0.986898 -0.147031 
vn 0.250783 -0.937607 -0.240834 
vn 0.144446 -0.969271 -0.199119 
vn 0.328711 -0.901855 -0.28037 
vn 0.221134 -0.942816 -0.249393 
vn 0.403709 -0.858063 -0.317406 
vn 0.295808 -0.907774 -0.297395 
vn 0.475108 -0.806623 -0.351614 
vn 0.367787 -0.864463 -0.342689 
vn 0.542272 -0.747992 -0.382687 
vn 0.436417 -0.813279 -0.384861 
vn 0.604602 -0.682694 -0.410348 
vn 0.501071 -0.754687 -0.423528 
vn 0.661542 -0.61131 -0.434352 
vn 0.561161 -0.68922 -0.458338 
vn 0.712586 -0.534477 -0.454484 
vn 0.616141 -0.617476 -0.488972 
vn 0.757277 -0.45288 -0.470565 
vn 0.665508 -0.540108 -0.515153 
vn 0.795218 -0.367245 -0.482451 
vn 0.708813 -0.457821 -0.536641 
vn 0.826071 -0.278337 -0.490036 
vn 0.745663 -0.371363 -0.553242 
vn 0.84956 -0.186948 -0.493253 
vn 0.77572 -0.281523 -0.564804 
vn 0.865475 -0.0938926 -0.492074 
vn 0.798712 -0.189119 -0.571221 
vn 0.814429 -0.0949921 -0.572435 
vn 0.847945 -0.00277298 -0.530077 
vn 0.822728 -1.35525e-16 -0.568435 
vn -0.508368 -0.795017 0.330922 
vn -0.586326 -0.734696 0.341237 
vn -0.578734 -0.748767 0.323132 
vn -0.564985 -0.735593 0.373758 
vn -0.449278 -0.849234 0.2774 
vn -0.386012 -0.895557 0.221299 
vn -0.319158 -0.933554 0.163141 
vn -0.249337 -0.962874 0.103466 
vn -0.177198 -0.983243 0.0428296 
vn -0.103412 -0.994472 -0.0182049 
vn -0.0286647 -0.996457 -0.0790703 
vn 0.046349 -0.989179 -0.139201 
vn 0.120932 -0.972706 -0.198037 
vn 0.194391 -0.947191 -0.255032 
vn 0.266042 -0.912871 -0.309657 
vn 0.335221 -0.870066 -0.361403 
vn 0.401284 -0.819172 -0.40979 
vn 0.463616 -0.760664 -0.454368 
vn 0.521639 -0.695085 -0.494722 
vn 0.574813 -0.623045 -0.530477 
vn 0.622643 -0.545213 -0.561301 
vn 0.664686 -0.462313 -0.586907 
vn 0.70055 -0.375115 -0.607058 
vn 0.729901 -0.284431 -0.621565 
vn 0.752468 -0.191102 -0.630295 
vn 0.76804 -0.0959973 -0.633165 
vn 0.789479 -0.000733427 -0.613777 
vn 0.776473 -6.77626e-17 -0.63015 
vn -0.564993 -0.715482 0.410937 
vn -0.541622 -0.712747 0.445688 
vn -0.562732 -0.733411 0.381369 
vn -0.488639 -0.772835 0.404917 
vn -0.43628 -0.830748 0.345714 
vn -0.379733 -0.880685 0.283192 
vn -0.31954 -0.922167 0.217951 
vn -0.256279 -0.954796 0.150618 
vn -0.190558 -0.978259 0.0818386 
vn -0.123008 -0.99233 0.0122736 
vn -0.0542764 -0.996874 -0.0574092 
vn 0.0149759 -0.991848 -0.126541 
vn 0.0840845 -0.9773 -0.194458 
vn 0.152386 -0.95337 -0.260508 
vn 0.219224 -0.920287 -0.324057 
vn 0.283958 -0.878369 -0.384495 
vn 0.345966 -0.828018 -0.441241 
vn 0.404652 -0.769718 -0.493752 
vn 0.459454 -0.704028 -0.541522 
vn 0.509844 -0.63158 -0.584094 
vn 0.55534 -0.553068 -0.621058 
vn 0.595505 -0.469247 -0.65206 
vn 0.629952 -0.38092 -0.676802 
vn 0.658352 -0.288937 -0.695046 
vn 0.680431 -0.19418 -0.706617 
vn 0.695978 -0.0975581 -0.711405 
vn 0.721115 2.71051e-16 -0.692816 
vn 0.704843 -6.77626e-17 -0.709363 
vn -0.540953 -0.690273 0.480513 
vn -0.511416 -0.682863 0.521681 
vn -0.536307 -0.707503 0.460233 
vn -0.46554 -0.746549 0.475329 
vn -0.420827 -0.808547 0.411287 
vn -0.37193 -0.862504 0.343154 
vn -0.319333 -0.907885 0.271609 
vn -0.263562 -0.944237 0.197363 
vn -0.205169 -0.971199 0.121154 
vn -0.144736 -0.988503 0.0437401 
vn -0.0828634 -0.995977 -0.0341085 
vn -0.020167 -0.993547 -0.111618 
vn 0.04273 -0.981236 -0.188017 
vn 0.105202 -0.959167 -0.262547 
vn 0.166628 -0.92756 -0.334466 
vn 0.226397 -0.886729 -0.403059 
vn 0.283914 -0.83708 -0.467643 
vn 0.338608 -0.779106 -0.527577 
vn 0.389935 -0.713385 -0.582265 
vn 0.437384 -0.64057 -0.631162 
vn 0.480484 -0.561384 -0.673783 
vn 0.518805 -0.476616 -0.709703 
vn 0.551967 -0.387108 -0.738566 
vn 0.57964 -0.29375 -0.760084 
vn 0.601549 -0.197472 -0.774043 
vn 0.617476 -0.0992292 -0.780305 
vn 0.643253 0.00143923 -0.765652 
vn 0.627263 -2.37169e-16 -0.778808 
vn -0.43965 -0.717032 0.5409 
vn -0.479008 -0.650874 0.588994 
vn -0.476635 -0.635065 0.607874 
vn -0.506655 -0.65781 0.557304 
vn -0.509729 -0.665977 0.544656 
vn -0.505623 -0.677126 0.534645 
vn -0.403406 -0.783284 0.473001 
vn -0.363002 -0.841458 0.400223 
vn -0.318853 -0.890953 0.323318 
vn -0.271417 -0.93126 0.243079 
vn -0.221181 -0.961963 0.160332 
vn -0.168664 -0.982744 0.0759321 
vn -0.114408 -0.993391 -0.00925103 
vn -0.0589715 -0.993792 -0.0943387 
vn -0.00292709 -0.983944 -0.178453 
vn 0.0531475 -0.963948 -0.260728 
vn 0.108674 -0.934011 -0.340313 
vn 0.16308 -0.894441 -0.416389 
vn 0.215804 -0.845647 -0.48817 
vn 0.266302 -0.788131 -0.554917 
vn 0.314054 -0.722487 -0.61594 
vn 0.358566 -0.649392 -0.670612 
vn 0.399381 -0.569599 -0.718367 
vn 0.436077 -0.483932 -0.758713 
vn 0.468276 -0.393275 -0.791235 
vn 0.495645 -0.298561 -0.815596 
vn 0.517902 -0.200768 -0.831546 
vn 0.534819 -0.100904 -0.83892 
vn 0.565433 0.00336271 -0.824787 
vn 0.546219 1.43996e-16 -0.837642 
vn -0.47136 -0.643385 0.603221 
vn -0.442343 -0.615328 0.652461 
vn -0.417285 -0.69174 0.589381 
vn -0.388369 -0.761354 0.519143 
vn -0.355331 -0.822886 0.443394 
vn -0.31852 -0.875683 0.362938 
vn -0.278329 -0.919184 0.278629 
vn -0.235182 -0.952927 0.191362 
vn -0.189539 -0.976554 0.102064 
vn -0.141884 -0.989814 0.0116828 
vn -0.0927229 -0.992567 -0.0788228 
vn -0.0425773 -0.984783 -0.168492 
vn 0.00802028 -0.966545 -0.256372 
vn 0.0585327 -0.938046 -0.34153 
vn 0.108424 -0.89959 -0.423063 
vn 0.157164 -0.851583 -0.500105 
vn 0.204236 -0.794537 -0.571838 
vn 0.249139 -0.729056 -0.637501 
vn 0.291398 -0.655835 -0.696396 
vn 0.330563 -0.575653 -0.747898 
vn 0.36622 -0.489359 -0.791461 
vn 0.397988 -0.397871 -0.826622 
vn 0.425532 -0.302159 -0.853008 
vn 0.448558 -0.203239 -0.870339 
vn 0.466823 -0.102162 -0.87843 
vn 0.481997 0.000496772 -0.876172 
vn 0.480132 -2.03288e-16 -0.877196 
vn -0.387117 -0.658475 0.645408 
vn -0.43923 -0.600582 0.668115 
vn -0.402542 -0.578307 0.709592 
vn -0.368176 -0.73207 0.573166 
vn -0.345188 -0.797617 0.494623 
vn -0.318404 -0.854396 0.410642 
vn -0.28812 -0.901781 0.322147 
vn -0.254668 -0.939252 0.230109 
vn -0.218417 -0.966397 0.135542 
vn -0.179764 -0.982917 0.0394854 
vn -0.139135 -0.988631 -0.0570058 
vn -0.0969767 -0.983477 -0.15287 
vn -0.0537519 -0.96751 -0.247054 
vn -0.00993619 -0.940906 -0.338522 
vn 0.0339888 -0.903958 -0.426268 
vn 0.0775401 -0.857072 -0.509328 
vn 0.120239 -0.800764 -0.586788 
vn 0.161616 -0.735652 -0.657797 
vn 0.201216 -0.662452 -0.721574 
vn 0.238604 -0.581969 -0.777419 
vn 0.273369 -0.495089 -0.824716 
vn 0.305128 -0.402765 -0.862947 
vn 0.333533 -0.306013 -0.89169 
vn 0.358271 -0.205897 -0.910631 
vn 0.37907 -0.103518 -0.91956 
vn 0.395702 -6.77626e-17 -0.918379 
vn -0.397026 -0.559957 0.727199 
vn -0.37289 -0.53618 0.757274 
vn -0.401802 -0.57764 0.710554 
vn -0.357394 -0.627423 0.691817 
vn -0.348409 -0.704181 0.618661 
vn -0.335479 -0.772964 0.538499 
vn -0.318749 -0.832994 0.452239 
vn -0.29841 -0.883591 0.360858 
vn -0.274692 -0.924182 0.26539 
vn -0.247863 -0.954307 0.166917 
vn -0.218228 -0.973626 0.0665542 
vn -0.186121 -0.981919 -0.0345626 
vn -0.151906 -0.979092 -0.135288 
vn -0.115971 -0.965178 -0.234481 
vn -0.0787233 -0.940334 -0.331019 
vn -0.0405837 -0.904842 -0.423809 
vn -0.00198448 -0.859103 -0.511799 
vn 0.0366372 -0.803635 -0.593994 
vn 0.074844 -0.739067 -0.669461 
vn 0.112203 -0.666129 -0.737348 
vn 0.148292 -0.585648 -0.796885 
vn 0.182701 -0.498535 -0.847398 
vn 0.215041 -0.405776 -0.888315 
vn 0.244947 -0.308422 -0.919172 
vn 0.272078 -0.207576 -0.93962 
vn 0.296128 -0.104379 -0.949428 
vn 0.316825 -1.35525e-16 -0.948484 
vn 0.387703 0.00478566 -0.921772 
vn -0.327667 -0.600821 0.729143 
vn -0.346823 -0.51155 0.78615 
vn -0.362253 -0.543496 0.757222 
vn -0.328167 -0.679736 0.655946 
vn -0.324865 -0.750777 0.575149 
vn -0.317799 -0.813119 0.487689 
vn -0.307051 -0.866041 0.394579 
vn -0.292745 -0.908929 0.296898 
vn -0.275048 -0.941286 0.195776 
vn -0.254165 -0.962738 0.0923864 
vn -0.230336 -0.973036 -0.0120736 
vn -0.203839 -0.972061 -0.116394 
vn -0.174981 -0.959823 -0.219365 
vn -0.144095 -0.936465 -0.319796 
vn -0.111539 -0.902258 -0.416521 
vn -0.0776918 -0.857597 -0.50842 
vn -0.0429441 -0.803001 -0.594429 
vn -0.0076989 -0.739101 -0.673551 
vn 0.0276355 -0.666638 -0.744869 
vn 0.0626498 -0.586451 -0.807558 
vn 0.0969382 -0.49947 -0.860891 
vn 0.130104 -0.406703 -0.904249 
vn 0.161761 -0.309223 -0.937131 
vn 0.191545 -0.208161 -0.959156 
vn 0.21911 -0.104687 -0.970068 
vn 0.244136 2.71051e-16 -0.969741 
vn 0.297894 0.011543 -0.954529 
vn -0.31468 -0.591932 0.74202 
vn -0.321691 -0.5139 0.79525 
vn -0.323371 -0.514944 0.793892 
vn -0.318739 -0.671439 0.669011 
vn -0.319079 -0.743112 0.588195 
vn -0.315696 -0.806114 0.500516 
vn -0.308629 -0.85971 0.406998 
vn -0.297962 -0.903275 0.30873 
vn -0.283817 -0.9363 0.20686 
vn -0.266361 -0.9584 0.102576 
vn -0.245797 -0.969317 -0.00290498 
vn -0.222365 -0.968924 -0.108352 
vn -0.196338 -0.957225 -0.212534 
vn -0.16802 -0.934358 -0.314237 
vn -0.137742 -0.900588 -0.412273 
vn -0.105857 -0.856309 -0.505499 
vn -0.0727359 -0.802039 -0.592826 
vn -0.0387667 -0.738411 -0.673236 
vn -0.0043451 -0.666166 -0.74579 
vn 0.0301272 -0.586149 -0.809643 
vn 0.064248 -0.499292 -0.864048 
vn 0.0976191 -0.40661 -0.908372 
vn 0.129851 -0.309183 -0.942096 
vn 0.160568 -0.208148 -0.964828 
vn 0.189411 -0.104685 -0.976301 
vn 0.216045 0 -0.976383 
vn -0.273237 -0.576002 0.770431 
vn -0.27637 -0.493014 0.824959 
vn -0.293765 -0.480829 0.826139 
vn -0.281793 -0.485531 0.827558 
vn -0.306949 -0.505517 0.806371 
vn -0.285246 -0.656459 0.698353 
vn -0.293885 -0.729161 0.618025 
vn -0.299053 -0.79325 0.530397 
vn -0.300688 -0.847969 0.436504 
vn -0.298772 -0.89267 0.337454 
vn -0.293326 -0.926827 0.234418 
vn -0.284414 -0.950035 0.128613 
vn -0.272144 -0.962021 0.0212888 
vn -0.256658 -0.962643 -0.0862871 
vn -0.238141 -0.951893 -0.192844 
vn -0.21681 -0.929899 -0.297122 
vn -0.192919 -0.89692 -0.397891 
vn -0.166748 -0.853346 -0.49396 
vn -0.138608 -0.799691 -0.584193 
vn -0.10883 -0.73659 -0.667526 
vn -0.0777669 -0.664788 -0.742973 
vn -0.045785 -0.585133 -0.809644 
vn -0.0132623 -0.498566 -0.86675 
vn 0.0194171 -0.406109 -0.913618 
vn 0.0518671 -0.308855 -0.949694 
vn 0.0837044 -0.207953 -0.974551 
vn 0.114553 -0.104594 -0.987896 
vn 0.144048 0 -0.989571 
vn 0.204032 0.00778775 -0.978933 
vn -0.218337 -0.575771 0.787919 
vn -0.237457 -0.474632 0.847549 
vn -0.213003 -0.486614 0.847253 
vn -0.258 -0.488741 0.833408 
vn -0.233737 -0.656789 0.716935 
vn -0.24637 -0.73003 0.637462 
vn -0.256086 -0.794629 0.550441 
vn -0.26277 -0.849818 0.456903 
vn -0.266342 -0.894946 0.357956 
vn -0.266762 -0.929478 0.254771 
vn -0.264022 -0.953006 0.148569 
vn -0.258157 -0.965249 0.0406075 
vn -0.249235 -0.966064 -0.0678343 
vn -0.237362 -0.955441 -0.175473 
vn -0.222679 -0.933506 -0.281034 
vn -0.20536 -0.900518 -0.383268 
vn -0.185609 -0.856868 -0.480964 
vn -0.16366 -0.803073 -0.572965 
vn -0.139774 -0.73977 -0.658182 
vn -0.114233 -0.667708 -0.735607 
vn -0.0873388 -0.58774 -0.804322 
vn -0.059411 -0.500813 -0.863514 
vn -0.0307798 -0.407957 -0.912482 
vn -0.0017841 -0.310271 -0.950647 
vn 0.0272327 -0.208911 -0.977555 
vn 0.0559271 -0.105077 -0.99289 
vn 0.106236 -0.00457628 -0.99433 
vn 0.0839593 0 -0.996469 
vn -0.200352 -0.487936 0.849575 
vn -0.18881 -0.500854 0.844687 
vn -0.191379 -0.580301 0.791596 
vn -0.206076 -0.661649 0.720939 
vn -0.218335 -0.735173 0.641756 
vn -0.228013 -0.800002 0.554983 
vn -0.234994 -0.855371 0.461648 
vn -0.239196 -0.900624 0.362852 
vn -0.24057 -0.935226 0.259766 
vn -0.239098 -0.958768 0.153608 
vn -0.234799 -0.970972 0.0456331 
vn -0.227723 -0.971693 -0.0628813 
vn -0.217954 -0.960923 -0.170652 
vn -0.205608 -0.938789 -0.276405 
vn -0.19083 -0.905554 -0.378889 
vn -0.173795 -0.861609 -0.476892 
vn -0.154705 -0.807474 -0.569255 
vn -0.133786 -0.743791 -0.654887 
vn -0.111284 -0.671311 -0.732774 
vn -0.0874664 -0.590892 -0.801995 
vn -0.0626142 -0.503486 -0.861732 
vn -0.0370217 -0.410125 -0.911277 
vn -0.0109913 -0.311915 -0.950047 
vn 0.0151691 -0.210015 -0.97758 
vn 0.0666445 0 -0.997777 
vn -0.14443 -0.589061 0.795077 
vn -0.157808 -0.503593 0.849406 
vn -0.140528 -0.49842 0.85547 
vn -0.174419 -0.49209 0.852892 
vn -0.15627 -0.671019 0.724785 
vn -0.166267 -0.74506 0.645942 
vn -0.174302 -0.810311 0.559478 
vn -0.18028 -0.866001 0.466413 
vn -0.184132 -0.911474 0.367845 
vn -0.185811 -0.946194 0.264938 
vn -0.185297 -0.96975 0.158904 
vn -0.182598 -0.981864 0.050996 
vn -0.177744 -0.982395 -0.0575138 
vn -0.170794 -0.971334 -0.165345 
vn -0.161828 -0.948814 -0.271226 
vn -0.150953 -0.9151 -0.373906 
vn -0.138297 -0.870589 -0.472175 
vn -0.124009 -0.815806 -0.564874 
vn -0.108258 -0.751399 -0.650907 
vn -0.0912301 -0.678126 -0.729262 
vn -0.0731257 -0.596852 -0.799012 
vn -0.0541585 -0.508537 -0.859335 
vn -0.0345523 -0.414222 -0.90952 
vn -0.0145385 -0.31502 -0.948974 
vn 0.0411501 -0.105632 -0.993553 
vn 0.00564679 -0.212101 -0.977231 
vn 0.0455802 0 -0.998961 
vn -0.0958991 -0.596322 0.796997 
vn -0.125461 -0.509307 0.85139 
vn -0.130885 -0.500153 0.855988 
vn -0.103915 -0.678802 0.726931 
vn -0.110707 -0.753289 0.648305 
vn -0.116195 -0.818905 0.562044 
vn -0.120315 -0.874877 0.469164 
vn -0.123018 -0.920545 0.37076 
vn -0.124273 -0.955373 0.267988 
vn -0.124064 -0.978951 0.162061 
vn -0.122393 -0.990999 0.0542256 
vn -0.119282 -0.991377 -0.0542487 
vn -0.114766 -0.98008 -0.162084 
vn -0.108898 -0.957242 -0.268011 
vn -0.101748 -0.92313 -0.370781 
vn -0.0933992 -0.878147 -0.469185 
vn -0.0839508 -0.822823 -0.562063 
vn -0.0735138 -0.757808 -0.648323 
vn -0.062211 -0.68387 -0.726947 
vn -0.0501757 -0.601877 -0.797011 
vn -0.0375494 -0.512797 -0.857688 
vn -0.0244809 -0.417678 -0.908265 
vn -0.0111241 -0.31764 -0.948146 
vn 0.0257655 -0.10668 -0.99396 
vn 0.00236365 -0.213861 -0.976861 
vn 0.0290972 0 -0.999577 
vn -0.0749469 -0.508331 0.857894 
vn -0.057125 -0.517106 0.854013 
vn -0.0867539 -0.506818 0.857676 
vn -0.0348738 -0.602221 0.797567 
vn -0.0367344 -0.685018 0.727599 
vn -0.0381632 -0.759763 0.649079 
vn -0.0391434 -0.825578 0.562929 
vn -0.0396636 -0.881688 0.470163 
vn -0.0397175 -0.927435 0.37187 
vn -0.0393046 -0.96228 0.269206 
vn -0.0384297 -0.985815 0.163378 
vn -0.0371031 -0.997762 0.0556292 
vn -0.0353403 -0.997981 -0.0527733 
vn -0.0331622 -0.98647 -0.160556 
vn -0.0305942 -0.963363 -0.266451 
vn -0.0276667 -0.928933 -0.369214 
vn -0.0244139 -0.883583 -0.467637 
vn -0.0208742 -0.827848 -0.560563 
vn -0.0170891 -0.762383 -0.646901 
vn -0.0131031 -0.687956 -0.725635 
vn -0.00896315 -0.605442 -0.795839 
vn -0.00471782 -0.515812 -0.856689 
vn -0.000417036 -0.420119 -0.907469 
vn 0.00388865 -0.319488 -0.947582 
vn 0.0158236 -0.107564 -0.994072 
vn 0.00814863 -0.215101 -0.976558 
vn 0.0123128 -0.108187 -0.994054 
vn 0.0391635 -0.601948 0.797575 
vn -0.0112384 -0.51328 0.858148 
vn -0.0326032 -0.512346 0.85816 
vn 0.0269753 -0.519172 0.854244 
vn 0.0453187 -0.684485 0.727617 
vn 0.0509417 -0.758983 0.649114 
vn 0.0559664 -0.824568 0.562988 
vn 0.0603338 -0.880469 0.470249 
vn 0.0639926 -0.926029 0.371988 
vn 0.0668999 -0.960713 0.269359 
vn 0.0690214 -0.984115 0.163565 
vn 0.0703324 -0.995959 0.0558509 
vn 0.0708174 -0.996106 -0.0525193 
vn 0.0704706 -0.984554 -0.160273 
vn 0.0692962 -0.961439 -0.266144 
vn 0.067308 -0.927033 -0.368889 
vn 0.0645293 -0.88174 -0.467302 
vn 0.0609927 -0.82609 -0.560227 
vn 0.0567399 -0.76074 -0.646572 
vn 0.0518206 -0.686454 -0.725324 
vn 0.0462927 -0.604107 -0.795558 
vn 0.0402212 -0.514665 -0.856448 
vn 0.0336773 -0.419178 -0.907279 
vn 0.0267379 -0.318769 -0.947455 
vn 0.0194844 -0.214615 -0.976504 
vn 0.00437891 0 -0.99999 
vn 0.0163323 0 -0.999867 
vn 0.896685 -0.00320167 -0.442659 
vn 0.912197 -3.0982e-14 -0.409752 
vn 0.904344 -0.091271 -0.416932 
vn 0.873676 1.35525e-16 -0.486508 
vn 0.904112 -0.0930606 -0.417038 
vn 0.897067 -0.139414 -0.419326 
vn 0.87827 -0.226481 -0.421126 
vn 0.864259 -0.275912 -0.420629 
vn 0.888081 -0.185298 -0.420686 
vn 0.852344 -0.312251 -0.419535 
vn 0.819021 -0.396831 -0.414402 
vn 0.79419 -0.449147 -0.409302 
vn 0.78778 -0.461523 -0.40792 
vn 0.742894 -0.538838 -0.397193 
vn 0.69584 -0.606669 -0.384395 
vn 0.691414 -0.612508 -0.383121 
vn 0.632999 -0.682437 -0.365502 
vn 0.575235 -0.740861 -0.346742 
vn 0.572954 -0.742982 -0.345979 
vn 0.505417 -0.800291 -0.322626 
vn 0.430111 -0.853177 -0.295117 
vn 0.429934 -0.853289 -0.295051 
vn 0.349065 -0.899145 -0.263992 
vn 0.287187 -0.927511 -0.239264 
vn 0.27191 -0.93368 -0.233039 
vn 0.197629 -0.95922 -0.202091 
vn 0.105037 -0.981183 -0.162011 
vn 0.104563 -0.981268 -0.161802 
vn 0.00943204 -0.99286 -0.118912 
vn -0.0301016 -0.994473 -0.100581 
vn -0.0661113 -0.994302 -0.0836205 
vn -0.127491 -0.990361 -0.0541319 
vn -0.223911 -0.974589 -0.00627301 
vn -0.233998 -0.972236 -0.00115356 
vn -0.319089 -0.946752 0.042921 
vn -0.355235 -0.932709 0.0621499 
vn -0.393116 -0.915767 0.0826447 
vn -0.443134 -0.889646 0.110287 
vn -0.525873 -0.835834 0.157603 
vn -0.53783 -0.826825 0.164618 
vn -0.603172 -0.771104 0.203917 
vn -0.599466 -0.76788 0.225833 
vn 0.0325483 -0.512341 0.858165 
vn 0.0508505 -0.525628 0.849194 
vn 0.049318 -0.510683 0.858354 
vn 0.0592291 -0.606676 0.79274 
vn 0.0585565 -0.600213 0.797694 
vn 0.0585439 -0.60009 0.797787 
vn 0.0692679 -0.702267 0.708536 
vn 0.0670452 -0.681249 0.728975 
vn 0.0751043 -0.757046 0.64903 
vn 0.0764218 -0.769309 0.63429 
vn 0.0750749 -0.756768 0.649358 
vn 0.0827476 -0.827763 0.554942 
vn 0.088304 -0.877886 0.470657 
vn 0.0883482 -0.878278 0.469918 
vn 0.0903373 -0.895777 0.435227 
vn 0.0883136 -0.877971 0.470497 
vn 0.0935555 -0.923711 0.371489 
vn 0.0948267 -0.934514 0.343063 
vn 0.0935216 -0.923417 0.372229 
vn 0.0976629 -0.958258 0.268707 
vn 0.0983106 -0.963513 0.248953 
vn 0.0976333 -0.958014 0.269586 
vn 0.1008 -0.983078 0.152963 
vn 0.101519 -0.988313 0.113718 
vn 0.102272 -0.993239 0.0549224 
vn 0.102585 -0.994625 0.0140665 
vn 0.102261 -0.993178 0.0560353 
vn 0.10268 -0.99327 -0.0535844 
vn 0.102567 -0.991156 -0.0841966 
vn 0.102682 -0.993335 -0.0523634 
vn 0.101493 -0.978211 -0.181115 
vn 0.100751 -0.970223 -0.220265 
vn 0.101792 -0.981617 -0.161453 
vn 0.10181 -0.981828 -0.160148 
vn 0.0996054 -0.958426 -0.267392 
vn 0.0981416 -0.94355 -0.316357 
vn 0.0996413 -0.958795 -0.266053 
vn 0.0961532 -0.923956 -0.370216 
vn 0.0945394 -0.908115 -0.407908 
vn 0.0962088 -0.924503 -0.368833 
vn 0.089981 -0.864187 -0.49506 
vn 0.0878129 -0.843482 -0.529932 
vn 0.0914791 -0.878619 -0.468679 
vn 0.0915556 -0.879356 -0.46728 
vn 0.0856498 -0.822972 -0.561588 
vn 0.0818349 -0.786734 -0.611844 
vn 0.085746 -0.823883 -0.560236 
vn 0.0787494 -0.757623 -0.647925 
vn 0.0751092 -0.723188 -0.686555 
vn 0.0788672 -0.758734 -0.646608 
vn 0.0676757 -0.653049 -0.754286 
vn 0.0643465 -0.621617 -0.780674 
vn 0.0708821 -0.683358 -0.726634 
vn 0.0710216 -0.684673 -0.725382 
vn 0.0621693 -0.601085 -0.796763 
vn 0.0558203 -0.540964 -0.839191 
vn 0.0623265 -0.602566 -0.795631 
vn 0.052732 -0.511707 -0.85754 
vn 0.0469024 -0.456238 -0.888621 
vn 0.0529084 -0.513377 -0.85653 
vn 0.0376252 -0.367561 -0.929238 
vn 0.042713 -0.416297 -0.908225 
vn 0.0429075 -0.418152 -0.907363 
vn 0.0336397 -0.329267 -0.943637 
vn 0.0237527 -0.233684 -0.972022 
vn 0.0215184 -0.211967 -0.97704 
vn 0.0138731 -0.137238 -0.990441 
vn 0.0120021 -0.107942 -0.994085 
vn 0.0217393 -0.214114 -0.976567 
vn 0.00401564 -0.0399581 -0.999193 
vn 0.0106358 -0.105416 -0.994371 
vn 0.0108674 -0.107696 -0.994124 
vn 4.8927e-07 -7.60767e-16 -1 
vn 0.628249 -0.768641 0.120392 
vn 0.632028 -0.773348 0.0497262 
vn 0.662983 -0.745775 0.0653675 
vn 0.663578 -0.746452 0.0497282 
vn 0.663493 -0.746355 0.0522672 
vn 0.664395 -0.747381 2.72968e-16 
vn 0.534748 -0.653049 0.536257 
vn 0.507098 -0.618986 0.599757 
vn 0.473514 -0.64505 0.599746 
vn 0.559216 -0.683223 0.469558 
vn 0.499205 -0.680611 0.536249 
vn 0.579892 -0.70875 0.401745 
vn 0.521928 -0.712118 0.469553 
vn 0.597101 -0.730024 0.332469 
vn 0.541119 -0.738779 0.401741 
vn 0.610863 -0.747062 0.262192 
vn 0.557083 -0.761002 0.332468 
vn 0.621224 -0.759911 0.191355 
vn 0.56984 -0.778805 0.262191 
vn 0.579437 -0.792235 0.191355 
vn 0.585938 -0.801363 0.120392 
vn 0.58943 -0.806287 0.0497265 
vn 0.610925 -0.791688 -2.26141e-13 
vn 0.590144 -0.807298 7.16004e-14 
vn 0.444631 -0.605133 0.660391 
vn 0.4126 -0.560936 0.717713 
vn 0.374096 -0.587387 0.717655 
vn 0.402818 -0.633794 0.660336 
vn 0.428696 -0.675711 0.599695 
vn 0.451695 -0.713062 0.536204 
vn 0.472018 -0.746161 0.469514 
vn 0.489165 -0.774176 0.401709 
vn 0.503411 -0.797533 0.332442 
vn 0.514782 -0.816251 0.262171 
vn 0.523321 -0.830376 0.191341 
vn 0.529094 -0.839981 0.120384 
vn 0.532188 -0.845165 0.049723 
vn 0.342578 -0.536592 0.771174 
vn 0.29817 -0.562591 0.771094 
vn 0.324912 -0.616041 0.717583 
vn 0.349256 -0.664875 0.660274 
vn 0.371164 -0.708989 0.599643 
vn 0.390609 -0.748301 0.536162 
vn 0.407767 -0.783144 0.469481 
vn 0.422218 -0.812639 0.401684 
vn 0.470418 -0.817428 0.332442 
vn 0.4342 -0.837236 0.332424 
vn 0.480943 -0.836636 0.262173 
vn 0.488839 -0.851131 0.191342 
vn 0.44374 -0.856953 0.262159 
vn 0.49417 -0.86099 0.120385 
vn 0.450882 -0.871835 0.191333 
vn 0.497023 -0.866312 0.0497236 
vn 0.455693 -0.88196 0.12038 
vn 0.497607 -0.867403 1.99397e-14 
vn 0.458259 -0.887427 0.0497215 
vn 0.529182 -0.848508 1.06614e-13 
vn 0.532819 -0.846229 1.18615e-13 
vn 0.269119 -0.504739 0.820252 
vn 0.219188 -0.528598 0.820086 
vn 0.241334 -0.589408 0.770945 
vn 0.261753 -0.645563 0.717449 
vn 0.317182 -0.680842 0.660189 
vn 0.28035 -0.696849 0.660155 
vn 0.336631 -0.726085 0.599566 
vn 0.353881 -0.766402 0.536093 
vn 0.297081 -0.743166 0.599539 
vn 0.369087 -0.802134 0.46942 
vn 0.311917 -0.784433 0.536072 
vn 0.38188 -0.832382 0.401632 
vn 0.324986 -0.821001 0.469405 
vn 0.392471 -0.857607 0.332381 
vn 0.33597 -0.851953 0.401621 
vn 0.400886 -0.877827 0.262126 
vn 0.345051 -0.877763 0.332373 
vn 0.407172 -0.893091 0.191309 
vn 0.352253 -0.898449 0.262121 
vn 0.411393 -0.903476 0.120365 
vn 0.357619 -0.914063 0.191306 
vn 0.413635 -0.909084 0.0497153 
vn 0.361209 -0.924684 0.120363 
vn 0.363108 -0.93042 0.0497147 
vn 0.365747 -0.930714 4.09208e-14 
vn 0.19047 -0.53971 0.820021 
vn 0.208531 -0.601852 0.770901 
vn 0.225246 -0.659218 0.717423 
vn 0.240498 -0.711598 0.660143 
vn 0.254228 -0.758895 0.599538 
vn 0.266401 -0.801031 0.536079 
vn 0.277114 -0.838365 0.469417 
vn 0.286103 -0.869962 0.401637 
vn 0.293517 -0.896306 0.33239 
vn 0.299379 -0.917419 0.262136 
vn 0.303727 -0.933353 0.191318 
vn 0.30662 -0.94419 0.120372 
vn 0.308441 -0.951244 1.99852e-14 
vn 0.163666 -0.548849 0.819743 
vn 0.176729 -0.612236 0.770671 
vn 0.189009 -0.670714 0.717229 
vn 0.2003 -0.724091 0.659979 
vn 0.2105 -0.772276 0.599399 
vn 0.219546 -0.815195 0.535963 
vn 0.227493 -0.85322 0.469321 
vn 0.234135 -0.885399 0.401559 
vn 0.239581 -0.912227 0.332329 
vn 0.24385 -0.933727 0.26209 
vn 0.246981 -0.949953 0.191287 
vn 0.308139 -0.950041 0.0497183 
vn 0.24903 -0.960989 0.120352 
vn 0.250081 -0.966948 0.0497105 
vn 0.273494 -0.961874 -1.90041e-14 
vn 0.250284 -0.968172 -3.48894e-14 
vn 0.138196 -0.622248 0.770526 
vn 0.130188 -0.557999 0.819566 
vn 0.0911244 -0.56562 0.819616 
vn 0.14604 -0.681496 0.717102 
vn 0.0945306 -0.630288 0.770585 
vn 0.153402 -0.73556 0.659864 
vn 0.0982437 -0.689945 0.717164 
vn 0.16012 -0.784353 0.599294 
vn 0.101894 -0.74439 0.659925 
vn 0.166103 -0.827803 0.535866 
vn 0.105295 -0.79353 0.599352 
vn 0.171359 -0.866288 0.469234 
vn 0.108347 -0.837287 0.535921 
vn 0.175736 -0.898848 0.401483 
vn 0.111024 -0.87604 0.469284 
vn 0.179301 -0.925987 0.332264 
vn 0.113233 -0.908821 0.401526 
vn 0.182066 -0.947728 0.262038 
vn 0.115002 -0.936136 0.3323 
vn 0.184061 -0.96413 0.191248 
vn 0.116337 -0.958012 0.262066 
vn 0.185338 -0.97528 0.120327 
vn 0.117262 -0.974508 0.191268 
vn 0.18597 -0.981298 0.0497002 
vn 0.117816 -0.985717 0.12034 
vn 0.118063 -0.991761 0.0497056 
vn 0.118102 -0.993001 -1.67177e-14 
vn 0.178638 -0.983915 -3.7647e-14 
vn 0.0525461 -0.635151 0.770598 
vn 0.0537938 -0.570395 0.819607 
vn 0.0193128 -0.572941 0.819369 
vn 0.0519912 -0.69493 0.717195 
vn 0.0129886 -0.637431 0.770398 
vn 0.0517573 -0.749507 0.65997 
vn 0.00786348 -0.697009 0.71702 
vn 0.0516577 -0.798776 0.599406 
vn 0.003511 -0.751421 0.659814 
vn 0.0515924 -0.842653 0.53598 
vn -0.000282634 -0.800549 0.599267 
vn 0.0515061 -0.881512 0.469344 
vn -0.0036295 -0.844301 0.535857 
vn 0.0513739 -0.91438 0.401584 
vn -0.0066232 -0.883047 0.469238 
vn 0.0511866 -0.941765 0.332353 
vn -0.00922118 -0.915816 0.401493 
vn 0.0509505 -0.963692 0.262111 
vn -0.0114727 -0.943112 0.332278 
vn 0.0506854 -0.980221 0.191303 
vn -0.0133731 -0.964961 0.262053 
vn 0.0504271 -0.991448 0.120363 
vn -0.0149047 -0.981426 0.191261 
vn 0.0502325 -0.997499 0.0497151 
vn -0.0160341 -0.992604 0.120336 
vn 0.0501802 -0.99874 5.55844e-16 
vn -0.016706 -0.998624 0.0497042 
vn -0.0341271 -0.636541 0.770488 
vn -0.024302 -0.572534 0.819521 
vn -0.0688121 -0.568476 0.819817 
vn -0.0426796 -0.695696 0.717068 
vn -0.081568 -0.631927 0.770723 
vn -0.0502542 -0.749732 0.659831 
vn -0.0930969 -0.690556 0.717262 
vn -0.0570018 -0.798521 0.599263 
vn -0.103521 -0.744104 0.659994 
vn -0.0629999 -0.841968 0.535837 
vn -0.112907 -0.792446 0.5994 
vn -0.0683483 -0.880439 0.469207 
vn -0.121285 -0.835491 0.535953 
vn -0.0729363 -0.912969 0.401458 
vn -0.128752 -0.8736 0.469303 
vn -0.0768394 -0.940059 0.332243 
vn -0.13513 -0.905819 0.401537 
vn -0.0800529 -0.961736 0.26202 
vn -0.140515 -0.932646 0.332305 
vn -0.0825639 -0.978066 0.191235 
vn -0.144902 -0.954109 0.262068 
vn -0.0843486 -0.989145 0.120319 
vn -0.148282 -0.970273 0.191268 
vn -0.0853663 -0.995109 0.0496967 
vn -0.150642 -0.981237 0.120339 
vn -0.0855875 -0.996331 7.37489e-14 
vn -0.15196 -0.987136 0.049705 
vn -0.12316 -0.624954 0.770885 
vn -0.107263 -0.562223 0.82 
vn -0.140765 -0.554731 0.820036 
vn -0.137767 -0.682892 0.717411 
vn -0.159896 -0.616552 0.770907 
vn -0.151097 -0.735795 0.660133 
vn -0.17757 -0.673628 0.717422 
vn -0.163158 -0.783545 0.59953 
vn -0.193746 -0.725728 0.660137 
vn -0.173947 -0.826056 0.536073 
vn -0.208405 -0.772743 0.599529 
vn -0.183566 -0.863687 0.469412 
vn -0.221525 -0.81459 0.536068 
vn -0.191771 -0.895497 0.401632 
vn -0.233218 -0.851626 0.469406 
vn -0.19868 -0.921979 0.332387 
vn -0.243185 -0.882926 0.401625 
vn -0.204285 -0.943162 0.262133 
vn -0.251565 -0.908977 0.33238 
vn -0.20858 -0.95911 0.191317 
vn -0.25835 -0.929809 0.262127 
vn -0.211558 -0.969925 0.12037 
vn -0.263534 -0.945489 0.191312 
vn -0.213204 -0.975742 0.0497179 
vn -0.267115 -0.956118 0.120367 
vn -0.269085 -0.961832 0.0497165 
vn -0.269147 -0.963099 -7.66492e-14 
vn -0.174154 -0.545044 0.820121 
vn -0.196208 -0.605892 0.770972 
vn -0.216625 -0.66205 0.71747 
vn -0.235327 -0.713299 0.660171 
vn -0.252275 -0.759537 0.599551 
vn -0.267435 -0.800685 0.53608 
vn -0.280931 -0.837097 0.46941 
vn -0.292414 -0.867866 0.401624 
vn -0.302048 -0.893473 0.332375 
vn -0.309827 -0.913947 0.262121 
vn -0.31575 -0.929357 0.191306 
vn -0.319823 -0.939801 0.120363 
vn -0.322516 -0.946564 -8.61328e-14 
vn -0.204619 -0.534204 0.820217 
vn -0.229386 -0.594012 0.771059 
vn -0.252323 -0.649199 0.717547 
vn -0.27333 -0.699555 0.660238 
vn -0.292356 -0.744982 0.599608 
vn -0.30936 -0.785406 0.536128 
vn -0.324479 -0.821176 0.469449 
vn -0.337324 -0.851402 0.401656 
vn -0.348082 -0.876556 0.332399 
vn -0.356746 -0.896669 0.262139 
vn -0.363325 -0.911807 0.191318 
vn -0.322051 -0.945416 0.0497146 
vn -0.367833 -0.922068 0.12037 
vn -0.370288 -0.927585 0.0497175 
vn -0.359321 -0.933214 -5.6612e-14 
vn -0.370797 -0.928714 -4.43217e-14 
vn -0.25296 -0.512909 0.820327 
vn -0.282483 -0.570535 0.771164 
vn -0.309808 -0.623701 0.717646 
vn -0.334815 -0.672208 0.66033 
vn -0.357441 -0.715965 0.599691 
vn -0.377639 -0.754901 0.536202 
vn -0.395573 -0.789354 0.469514 
vn -0.36268 -0.805005 0.4695 
vn -0.376767 -0.834676 0.401699 
vn -0.388549 -0.85937 0.332435 
vn -0.410784 -0.818466 0.40171 
vn -0.398024 -0.879116 0.262167 
vn -0.423496 -0.842693 0.332443 
vn -0.405206 -0.893979 0.191339 
vn -0.433712 -0.862067 0.262173 
vn -0.410114 -0.904054 0.120383 
vn -0.441446 -0.876649 0.191343 
vn -0.412781 -0.909472 0.0497227 
vn -0.446725 -0.886535 0.120385 
vn -0.449588 -0.891851 0.0497236 
vn -0.450179 -0.892939 -2.01269e-14 
vn -0.413336 -0.910579 -3.80084e-15 
vn -0.324554 -0.547628 0.771213 
vn -0.355478 -0.598795 0.717691 
vn -0.383749 -0.645484 0.660369 
vn -0.409305 -0.687604 0.599725 
vn -0.432093 -0.725088 0.53623 
vn -0.452304 -0.75826 0.469535 
vn -0.469424 -0.786293 0.401726 
vn -0.483712 -0.809627 0.332455 
vn -0.495174 -0.82829 0.262181 
vn -0.503834 -0.84234 0.191348 
vn -0.509732 -0.851869 0.120388 
vn -0.512921 -0.856995 0.0497246 
vn -0.513577 -0.858044 -1.55857e-13 
vn -0.452029 -0.892003 -2.34568e-14 
vn -0.389361 -0.57729 0.717728 
vn -0.42011 -0.622393 0.660405 
vn -0.447889 -0.663088 0.599758 
vn -0.472644 -0.699309 0.536259 
vn -0.494583 -0.731369 0.469561 
vn -0.513154 -0.758467 0.401748 
vn -0.52864 -0.781026 0.332472 
vn -0.54105 -0.799074 0.262194 
vn -0.550417 -0.812665 0.191357 
vn -0.556786 -0.821885 0.120394 
vn -0.560225 -0.826846 0.0497269 
vn -0.560931 -0.827862 6.03499e-14 
vn -0.53889 -0.842376 -1.03785e-13 
vn -0.504004 -0.677046 0.536274 
vn -0.52731 -0.708128 0.469573 
vn -0.547029 -0.734404 0.401758 
vn -0.563465 -0.756283 0.33248 
vn -0.57663 -0.773789 0.2622 
vn -0.586559 -0.786975 0.191361 
vn -0.593306 -0.795922 0.120396 
vn -0.596945 -0.800739 0.0497279 
vn 0.414088 -0.910237 2.49495e-14 
vn 0.453222 -0.891398 5.33311e-15 
vn 0.0812076 -0.996697 -4.29898e-15 
vn -0.0807347 -0.996736 7.04505e-14 
vn -0.21355 -0.976932 3.12632e-14 
vn -0.179522 -0.983754 7.97987e-14 
vn -0.610909 -0.771036 0.179702 
vn -0.6165 -0.778095 0.120396 
vn -0.609542 -0.769311 0.19136 
vn -0.618172 -0.780206 0.0956131 
vn -0.61918 -0.781477 0.0768762 
vn -0.617293 -0.779098 0.109342 
vn -0.597996 -0.801499 -4.6745e-15 
vn -0.620844 -0.783579 0.023592 
vn -0.621017 -0.783797 1.25851e-14 
vn -0.620249 -0.782827 0.0497277 
vn 0.651476 -0.734784 0.188866 
vn 0.651109 -0.734464 0.191362 
vn 0.659383 -0.741688 0.122934 
vn 0.658153 -0.740293 0.137114 
vn 0.659588 -0.741922 0.120397 
vn 0.640274 -0.725323 0.252897 
vn 0.638329 -0.723731 0.262201 
vn 0.642225 -0.727026 0.242859 
vn 0.650574 -0.733996 0.194943 
vn 0.623496 -0.71114 0.324859 
vn 0.621439 -0.709415 0.332481 
vn 0.630416 -0.717029 0.297397 
vn 0.627095 -0.71413 0.311078 
vn 0.605995 -0.696216 0.384778 
vn 0.600389 -0.691466 0.401756 
vn 0.610844 -0.70027 0.369448 
vn 0.585305 -0.678632 0.443708 
vn 0.575061 -0.669934 0.469568 
vn 0.592715 -0.684818 0.423926 
vn 0.555701 -0.653707 0.513677 
vn 0.545471 -0.645055 0.535131 
vn 0.561311 -0.658401 0.501436 
vn 0.570873 -0.666308 0.479727 
vn 0.516166 -0.621089 0.589764 
vn 0.510149 -0.616473 0.599758 
vn 0.525588 -0.628865 0.572963 
vn 0.481493 -0.593819 0.644626 
vn 0.470042 -0.585602 0.660402 
vn 0.488083 -0.599032 0.634772 
vn 0.496228 -0.605605 0.622094 
vn 0.436347 -0.56089 0.703565 
vn 0.423479 -0.552755 0.717724 
vn 0.447834 -0.569025 0.689678 
vn 0.441169 -0.564125 0.697949 
vn 0.396699 -0.53459 0.746219 
vn 0.391566 -0.531949 0.750804 
vn 0.367688 -0.519646 0.771215 
vn 0.348701 -0.509788 0.786462 
vn 0.342654 -0.507535 0.790567 
vn 0.321619 -0.502884 0.80229 
vn 0.288309 -0.493924 0.820315 
vn 0.288194 -0.493891 0.820376 
vn 0.282958 -0.493167 0.822631 
vn 0.263466 -0.493506 0.828877 
vn 0.239822 -0.491289 0.837329 
vn 0.225249 -0.492679 0.840553 
vn 0.207181 -0.495629 0.843462 
vn 0.192647 -0.495905 0.846738 
vn 0.178743 -0.499135 0.847888 
vn 0.162754 -0.500029 0.850577 
vn 0.154182 -0.501361 0.85139 
vn 0.147267 -0.501769 0.852373 
vn 0.112379 -0.506723 0.854753 
vn 0.090063 -0.508535 0.856318 
vn 0.124325 -0.505469 0.853841 
vn 0.0891075 -0.509133 0.856063 
vn 0.0643572 -0.510055 0.857731 
vn 0.049318 -0.510683 0.858354 
vn 0.032542 -0.512085 0.858318 
vn 0.0560471 -0.510654 0.857957 
vn 0.0265604 -0.51284 0.858073 
vn -0.0112385 -0.513279 0.858148 
vn -0.0326003 -0.512041 0.858342 
vn -0.0566881 -0.510501 0.858007 
vn -0.0867162 -0.506561 0.857832 
vn -0.124317 -0.501684 0.856072 
vn -0.0749469 -0.508332 0.857894 
vn -0.140529 -0.498426 0.855467 
vn -0.130855 -0.499904 0.856139 
vn -0.174278 -0.491547 0.853235 
vn -0.156564 -0.496415 0.85385 
vn -0.213004 -0.486617 0.84725 
vn -0.18701 -0.491551 0.850532 
vn -0.200269 -0.487639 0.849765 
vn -0.25824 -0.489291 0.833011 
vn -0.276371 -0.493017 0.824957 
vn -0.241148 -0.489801 0.83782 
vn -0.283826 -0.496427 0.820367 
vn -0.307325 -0.506262 0.805761 
vn -0.321691 -0.5139 0.79525 
vn -0.297423 -0.502652 0.811715 
vn -0.323436 -0.515072 0.793782 
vn -0.362253 -0.543496 0.757222 
vn -0.34797 -0.533007 0.771246 
vn -0.401837 -0.577701 0.710484 
vn -0.402546 -0.578315 0.709583 
vn -0.395949 -0.572787 0.717732 
vn -0.437096 -0.610572 0.660416 
vn -0.442344 -0.615329 0.652458 
vn -0.47155 -0.643725 0.60271 
vn -0.479011 -0.650879 0.588987 
vn -0.500259 -0.672049 0.545978 
vn -0.473127 -0.64531 0.599772 
vn -0.505743 -0.677351 0.534247 
vn -0.511416 -0.682864 0.52168 
vn -0.504785 -0.676463 0.536274 
vn -0.5364 -0.707696 0.459827 
vn -0.541623 -0.712748 0.445685 
vn -0.532677 -0.704099 0.469575 
vn -0.56276 -0.733483 0.381187 
vn -0.564985 -0.735594 0.373757 
vn -0.556371 -0.727352 0.40176 
vn -0.578769 -0.748893 0.322778 
vn -0.584313 -0.754015 0.300067 
vn -0.576287 -0.746558 0.332483 
vn -0.603172 -0.771104 0.203917 
vn -0.595209 -0.76412 0.248691 
vn -0.599466 -0.76788 0.225834 
vn -0.592526 -0.761684 0.262202 
vn -0.60797 -0.767326 0.203917 
vn -0.372615 -0.552707 0.745435 
vn -0.597692 -0.801726 -3.10659e-15 
vn -0.15224 -0.988344 9.36474e-14 
vn -0.0198482 -0.999803 2.67089e-14 
vn 0.186087 -0.982533 -3.97815e-14 
vn 0.458779 -0.88855 3.46163e-15 
vn 0.632802 -0.774314 -4.33716e-13 
vn 0.548404 0.836213 -5.87191e-15 
vn 0.619932 0.784655 -8.94196e-15 
vn 0.617829 0.782321 0.0791266 
vn 0.546702 0.833394 0.0810661 
vn 0.47118 0.878275 0.0813812 
vn 0.392022 0.916377 0.0810683 
vn 0.393148 0.919475 3.80905e-16 
vn 0.472613 0.88127 -2.75622e-15 
vn 0.309838 0.947407 0.0801296 
vn 0.310625 0.950532 3.51507e-15 
vn 0.612379 0.774618 0.157986 
vn 0.541719 0.82523 0.159802 
vn 0.466965 0.869604 0.16041 
vn 0.388682 0.907407 0.159806 
vn 0.307462 0.938352 0.157995 
vn 0.310232 0.947132 0.081836 
vn 0.611338 0.773472 0.167355 
vn 0.610944 0.77272 0.172198 
vn 0.567342 0.80497 0.173625 
vn 0.540441 0.823147 0.174222 
vn 0.485664 0.856478 0.174861 
vn 0.398898 0.900257 0.174407 
vn 0.387819 0.905119 0.174229 
vn 0.306844 0.936051 0.172207 
vn 0.618004 0.782081 0.0801253 
vn 0.309838 0.947408 -0.0801212 
vn 0.392022 0.916378 -0.0810598 
vn 0.393148 0.919475 -3.61837e-16 
vn 0.47118 0.878275 -0.0813727 
vn 0.472613 0.88127 2.76354e-15 
vn 0.548404 0.836213 5.86742e-15 
vn 0.546702 0.833395 -0.0810576 
vn 0.617832 0.782319 -0.0791297 
vn 0.618005 0.782082 -0.0801169 
vn 0.388683 0.907409 -0.159797 
vn 0.310234 0.947131 -0.0818361 
vn 0.466966 0.869606 -0.160401 
vn 0.54172 0.825231 -0.159793 
vn 0.61238 0.774619 -0.157977 
vn 0.307462 0.938354 -0.157985 
vn 0.306844 0.936051 -0.172207 
vn 0.35781 0.91751 -0.173631 
vn 0.387819 0.90512 -0.174226 
vn 0.445856 0.877859 -0.174862 
vn 0.530268 0.829698 -0.174403 
vn 0.540441 0.823146 -0.174224 
vn 0.611337 0.773471 -0.167362 
vn 0.610944 0.77272 -0.172198 
vn 0.619932 0.784655 8.9257e-15 
vn 0.310625 0.950532 -3.4844e-15 
vn 0.0369722 0.99596 0.0818307 
vn 0.000607612 0.996646 0.0818309 
vn 0.00617692 0.999981 -3.93248e-14 
vn 0.000583557 1 1.3065e-15 
vn 0.112874 0.990234 0.0818309 
vn 0.0744313 0.993863 0.0818306 
vn 0.0900508 0.995937 2.13785e-13 
vn 0.0746533 0.99721 1.3465e-13 
vn 0.0475953 0.998867 -1.99667e-14 
vn 0.0370692 0.999313 -6.3909e-14 
vn 0.113224 0.993569 2.6559e-13 
vn 0.133387 0.991064 2.00179e-13 
vn 0.152164 0.984962 0.0818313 
vn 0.152646 0.988281 3.1634e-15 
vn 0.177421 0.984135 -2.39667e-13 
vn 0.192129 0.977952 0.0818313 
vn 0.232582 0.969128 0.0818314 
vn 0.233333 0.972397 -3.30312e-15 
vn 0.266666 0.963789 -5.14378e-14 
vn 0.273315 0.958438 0.0818315 
vn 0.192744 0.981249 -2.79924e-13 
vn 0.22193 0.975063 -1.35226e-13 
vn -0.218211 0.972465 0.0818306 
vn -0.244211 0.966263 0.0818301 
vn -0.244917 0.969018 0.0319185 
vn -0.218963 0.975733 3.133e-14 
vn -0.16231 0.983341 0.0818324 
vn -0.19092 0.978189 0.0818315 
vn -0.181406 0.983408 1.43006e-13 
vn -0.191581 0.981477 1.0914e-13 
vn -0.214587 0.976705 4.1482e-14 
vn -0.162876 0.986647 2.0615e-13 
vn -0.146732 0.989176 2.57625e-13 
vn -0.132366 0.987817 0.0818329 
vn -0.132832 0.991139 2.96176e-13 
vn -0.110585 0.993867 3.40072e-13 
vn -0.101082 0.991507 0.0818328 
vn -0.0684697 0.994291 0.0818322 
vn -0.0687239 0.997636 3.39208e-13 
vn -0.0346986 0.999398 2.32877e-13 
vn -0.101444 0.994841 3.50332e-13 
vn -0.0730045 0.997332 3.45141e-13 
vn -0.0345572 0.996047 0.0818313 
vn -0.0340538 0.99942 2.29875e-13 
vn 0.274202 0.961672 -3.45516e-15 
vn 0.310625 0.950532 3.50264e-15 
vn 0.309838 0.947407 0.0801296 
vn 0.307462 0.938352 0.157995 
vn 0.306844 0.936051 0.172207 
vn 0.281907 0.943861 0.172207 
vn 0.309806 0.947272 0.0818317 
vn 0.270231 0.94727 0.172207 
vn 0.255545 0.951337 0.172207 
vn 0.229373 0.957984 0.172207 
vn 0.203468 0.963818 0.172207 
vn 0.22997 0.957841 0.172207 
vn 0.177901 0.968863 0.172206 
vn 0.189986 0.966566 0.172206 
vn 0.152733 0.973148 0.172206 
vn 0.150484 0.973499 0.172206 
vn 0.128019 0.976707 0.172206 
vn 0.103813 0.979576 0.172206 
vn 0.111647 0.978713 0.172206 
vn 0.0801522 0.981795 0.172205 
vn 0.0570696 0.983407 0.172205 
vn 0.0736487 0.982304 0.172205 
vn 0.0345889 0.984454 0.172205 
vn 0.012728 0.984979 0.172206 
vn 0.0366219 0.98438 0.172205 
vn -0.00849642 0.985024 0.172206 
vn 0.000676241 0.985061 0.172206 
vn -0.0490206 0.98384 0.172207 
vn -0.0340829 0.984471 0.172206 
vn -0.0683159 0.982689 0.172208 
vn -0.0869747 0.981213 0.172209 
vn -0.0676048 0.982738 0.172208 
vn -0.099842 0.979988 0.172209 
vn -0.122423 0.977423 0.172209 
vn -0.139231 0.975171 0.172209 
vn -0.155449 0.972718 0.172208 
vn -0.130766 0.976342 0.172209 
vn -0.160367 0.971919 0.172208 
vn -0.186183 0.967306 0.172207 
vn -0.188648 0.966828 0.172207 
vn -0.21476 0.961365 0.172205 
vn -0.243738 0.964439 0.102219 
vn -0.244211 0.966262 0.0818447 
vn -0.215625 0.961172 0.172205 
vn -0.241326 0.955043 0.172204 
vn -0.245049 0.969511 0 
vn 0.0369722 0.99596 -0.0818307 
vn 0.0370692 0.999313 6.37784e-14 
vn 0.00617692 0.999981 3.93248e-14 
vn 0.000607612 0.996646 -0.0818309 
vn -0.218211 0.972465 -0.0818306 
vn -0.218963 0.975733 -3.133e-14 
vn -0.244918 0.969018 -0.0319158 
vn -0.245049 0.969511 0 
vn -0.245039 0.969474 -0.00867321 
vn 0.152164 0.984962 -0.0818313 
vn 0.192129 0.977952 -0.0818313 
vn 0.177421 0.984135 2.39667e-13 
vn 0.192744 0.981249 2.79924e-13 
vn 0.112874 0.990234 -0.0818309 
vn 0.113224 0.993569 -2.65655e-13 
vn 0.0900508 0.995937 -2.13785e-13 
vn 0.0744313 0.993863 -0.0818306 
vn 0.0746533 0.99721 -1.34584e-13 
vn 0.0475953 0.998867 1.99667e-14 
vn 0.133387 0.991064 -2.00179e-13 
vn 0.152646 0.988281 -3.29252e-15 
vn 0.232582 0.969128 -0.0818314 
vn 0.273315 0.958438 -0.0818315 
vn 0.266666 0.963789 5.13748e-14 
vn 0.274202 0.961672 3.45516e-15 
vn 0.22193 0.975063 1.3529e-13 
vn 0.233333 0.972397 3.30312e-15 
vn -0.132366 0.987817 -0.0818329 
vn -0.101082 0.991507 -0.0818328 
vn -0.110585 0.993867 -3.40072e-13 
vn -0.101444 0.994841 -3.50332e-13 
vn -0.16231 0.983341 -0.0818324 
vn -0.162876 0.986647 -2.0615e-13 
vn -0.181406 0.983408 -1.43006e-13 
vn -0.19092 0.978189 -0.0818315 
vn -0.191581 0.981477 -1.0914e-13 
vn -0.214587 0.976705 -4.14182e-14 
vn -0.146732 0.989176 -2.57625e-13 
vn -0.132832 0.991139 -2.96176e-13 
vn -0.0684697 0.994291 -0.0818322 
vn -0.0345572 0.996047 -0.0818313 
vn -0.0346986 0.999398 -2.32877e-13 
vn -0.0730045 0.997332 -3.45309e-13 
vn -0.0687239 0.997636 -3.39149e-13 
vn 0.000583557 1 -1.3065e-15 
vn -0.0340538 0.99942 -2.29988e-13 
vn -0.215625 0.961172 -0.172205 
vn -0.243738 0.964439 -0.102221 
vn -0.244211 0.966263 -0.0818301 
vn -0.244122 0.965918 -0.0860628 
vn -0.21476 0.961365 -0.172205 
vn -0.186183 0.967306 -0.172207 
vn -0.188648 0.966828 -0.172207 
vn -0.155449 0.972718 -0.172208 
vn -0.160367 0.971919 -0.172208 
vn -0.122787 0.977378 -0.172209 
vn -0.130766 0.976342 -0.172209 
vn -0.0869262 0.981218 -0.172209 
vn -0.099842 0.979988 -0.172209 
vn -0.0676048 0.982738 -0.172208 
vn -0.0489615 0.983843 -0.172207 
vn -0.0340829 0.984471 -0.172206 
vn -0.0126282 0.98498 -0.172206 
vn 0.0254223 0.984733 -0.172205 
vn 0.0347436 0.984448 -0.172205 
vn 0.000676241 0.985061 -0.172206 
vn 0.0366219 0.98438 -0.172205 
vn 0.0740447 0.982274 -0.172205 
vn 0.0803276 0.98178 -0.172205 
vn 0.128217 0.976681 -0.172206 
vn 0.120546 0.977657 -0.172206 
vn 0.111647 0.978713 -0.172206 
vn 0.169176 0.970425 -0.172206 
vn 0.178123 0.968823 -0.172206 
vn 0.150484 0.973499 -0.172206 
vn 0.189986 0.966566 -0.172206 
vn 0.21958 0.960276 -0.172207 
vn 0.270231 0.94727 -0.172207 
vn 0.307462 0.938354 -0.157985 
vn 0.271072 0.947029 -0.172207 
vn 0.306844 0.936051 -0.172207 
vn 0.309838 0.947408 -0.0801212 
vn 0.310625 0.950532 -3.53495e-15 
vn 0.309806 0.947272 -0.0818317 
vn 0.22962 0.957925 -0.172207 
vn -0.241326 0.955043 -0.172204 
vn 0.969511 0.245049 0 
vn 0.969519 0.245014 0.00102183 
vn 0.969519 0.245013 0.00105488 
vn 0.969595 0.244695 0.00328836 
vn 0.969563 0.244827 0.00257517 
vn 0.969564 0.244826 0.00257561 
vn 0.969592 0.244704 0.00319316 
vn 0.969737 0.244096 0.00522549 
vn 0.969753 0.244028 0.00547698 
vn 0.969511 0.245049 0 
vn 0.969595 0.244695 -0.00328836 
vn 0.969753 0.244028 -0.00547698 
vn 0.969737 0.244096 -0.0052255 
vn 0.969519 0.245013 -0.00105488 
vn 0.969564 0.244826 -0.00257581 
vn 0.969592 0.244704 -0.00319317 
vn 0.969569 0.244803 -0.00270422 
vn 0.969519 0.245014 -0.00102183 
vn 0.969511 0.245046 -0.000279618 
vn 0.969511 0.245049 0 
vn 0 0 -1 
vn -0.548456 -0.832556 0.077757 
vn -0.621017 -0.783797 1.25887e-14 
vn -0.620844 -0.783579 0.023592 
vn -0.616429 -0.785837 0.0497593 
vn -0.619179 -0.781478 0.0768679 
vn -0.475016 -0.879977 6.39204e-15 
vn -0.550122 -0.835084 9.52684e-15 
vn -0.396272 -0.918133 3.2083e-15 
vn -0.473558 -0.877297 0.0780542 
vn -0.395056 -0.91536 0.0777573 
vn -0.3188 -0.946028 0.0582888 
vn -0.313546 -0.946457 0.0768686 
vn -0.618173 -0.780207 0.0955988 
vn -0.547543 -0.831171 0.0967009 
vn -0.47276 -0.875829 0.0970693 
vn -0.39439 -0.913841 0.0967013 
vn -0.313295 -0.945714 0.0864412 
vn -0.313027 -0.94492 0.0955996 
vn -0.540965 -0.821181 0.181708 
vn -0.614499 -0.77967 0.120435 
vn -0.617293 -0.779098 0.109342 
vn -0.467011 -0.865238 0.182385 
vn -0.389595 -0.902883 0.181709 
vn -0.30959 -0.934718 0.174515 
vn -0.316804 -0.939691 0.128905 
vn -0.309293 -0.933836 0.179687 
vn -0.566198 -0.798232 0.205536 
vn -0.607475 -0.770917 0.19147 
vn -0.60797 -0.767326 0.203917 
vn -0.610911 -0.771039 0.179686 
vn -0.538295 -0.817124 0.20627 
vn -0.485131 -0.849585 0.207008 
vn -0.399062 -0.893371 0.206492 
vn -0.387651 -0.89843 0.206275 
vn -0.307785 -0.929347 0.20392 
vn -0.314495 -0.949259 -2.88889e-30 
vn 0 0 1 
vn 1 0 0 
vn -0.278498 -0.951762 0.128793 
vn -0.27503 -0.939559 0.203931 
vn -0.254236 -0.945397 0.203931 
vn -0.237627 -0.96278 0.128793 
vn -0.239159 -0.969233 0.058225 
vn -0.280303 -0.958144 0.058225 
vn -0.241129 -0.970493 5.24436e-14 
vn -0.239549 -0.970884 4.84082e-14 
vn -0.234681 -0.95044 0.203931 
vn -0.213621 -0.955394 0.203931 
vn -0.197004 -0.971906 0.128793 
vn -0.198266 -0.978417 0.0582249 
vn -0.198586 -0.980083 -2.73818e-13 
vn -0.194576 -0.959454 0.203931 
vn -0.173339 -0.963518 0.203931 
vn -0.156846 -0.979189 0.128793 
vn -0.15784 -0.985747 0.0582249 
vn -0.165667 -0.986182 -1.53007e-13 
vn -0.158092 -0.987424 -6.9311e-14 
vn -0.117343 -0.984705 0.128792 
vn -0.115929 -0.972097 0.20393 
vn -0.0918287 -0.974669 0.203929 
vn -0.0786774 -0.988546 0.128792 
vn -0.0791521 -0.995161 0.0582244 
vn -0.118075 -0.991296 0.0582246 
vn -0.0911449 -0.995838 2.17823e-13 
vn -0.0792716 -0.996853 1.60594e-13 
vn -0.00439684 -0.991662 0.128792 
vn -0.0535147 -0.977522 0.203929 
vn -0.0777552 -0.975893 0.203929 
vn -0.0165298 -0.978846 0.203929 
vn -0.004379 -0.998294 0.0582246 
vn -0.0198443 -0.999803 -8.57755e-14 
vn -0.0412628 -0.999148 -4.81475e-14 
vn -0.00437269 -0.99999 -2.84115e-14 
vn 0.0651232 -0.989531 0.128794 
vn 0.0190462 -0.9788 0.20393 
vn -0.00441794 -0.978976 0.203929 
vn 0.0452309 -0.97794 0.203931 
vn 0.0656017 -0.996146 0.0582255 
vn 0.0491274 -0.998793 2.91277e-13 
vn 0.0657257 -0.997838 3.34427e-13 
vn 0.12942 -0.98319 0.128795 
vn 0.0801508 -0.975698 0.203933 
vn 0.0642196 -0.976876 0.203932 
vn 0.11331 -0.972405 0.203934 
vn 0.130323 -0.98976 0.0582261 
vn 0.113422 -0.993547 3.36047e-13 
vn 0.130556 -0.991441 3.02476e-13 
vn 0.18832 -0.973626 0.128793 
vn 0.144741 -0.968226 0.203934 
vn 0.174488 -0.96331 0.203932 
vn 0.127702 -0.97062 0.203934 
vn 0.189612 -0.980131 0.0582251 
vn 0.173218 -0.984883 1.71792e-13 
vn 0.189944 -0.981795 1.15525e-13 
vn -0.15493 -0.966648 0.203931 
vn -0.133549 -0.969833 0.20393 
vn -0.11826 -0.992983 2.60826e-13 
vn -0.280763 -0.959777 3.48062e-14 
vn -0.314495 -0.949259 0 
vn -0.313295 -0.945714 0.0864413 
vn -0.313025 -0.944922 0.095586 
vn -0.313946 -0.947654 0.058222 
vn -0.313544 -0.946456 0.0768813 
vn -0.309293 -0.933837 0.179686 
vn -0.307785 -0.929347 0.20392 
vn -0.295031 -0.933471 0.203931 
vn -0.30959 -0.934718 0.174515 
vn -0.311825 -0.941371 0.128786 
vn 0.239016 -0.961516 0.135496 
vn 0.207159 -0.956817 0.203929 
vn 0.235874 -0.950146 0.203927 
vn 0.185857 -0.961181 0.203931 
vn 0.239252 -0.962378 0.128791 
vn 0.240763 -0.967743 0.0742071 
vn 0.24104 -0.968767 0.058224 
vn 0.227672 -0.973738 1.39538e-14 
vn 0.241519 -0.970396 1.20673e-15 
vn -0.279898 -0.956706 -0.0798126 
vn -0.280763 -0.959777 -3.46725e-14 
vn -0.241129 -0.970493 -5.24436e-14 
vn -0.238815 -0.96778 -0.0798125 
vn -0.236855 -0.959539 -0.152268 
vn -0.277589 -0.948556 -0.152268 
vn -0.254236 -0.945397 -0.203931 
vn -0.234681 -0.95044 -0.203931 
vn -0.197982 -0.976951 -0.0798124 
vn -0.239549 -0.970884 -4.81377e-14 
vn -0.196368 -0.968635 -0.152268 
vn -0.213621 -0.955394 -0.203931 
vn -0.194576 -0.959454 -0.203931 
vn -0.198586 -0.980083 2.74091e-13 
vn -0.165667 -0.986182 1.53007e-13 
vn -0.157617 -0.98427 -0.0798123 
vn -0.156344 -0.975895 -0.152268 
vn -0.173339 -0.963518 -0.203931 
vn -0.15493 -0.966648 -0.203931 
vn -0.117911 -0.989812 -0.079812 
vn -0.11826 -0.992983 -2.60958e-13 
vn -0.0911449 -0.995838 -2.18026e-13 
vn -0.079046 -0.993671 -0.0798117 
vn -0.0784366 -0.985222 -0.152266 
vn -0.116973 -0.981393 -0.152267 
vn -0.0918287 -0.974669 -0.203929 
vn -0.0777552 -0.975893 -0.203929 
vn -0.0411647 -0.99596 -0.0798117 
vn -0.0412701 -0.999148 4.81015e-14 
vn -0.0198443 -0.999803 8.63325e-14 
vn -0.00438371 -0.9968 -0.0798119 
vn -0.00440364 -0.98833 -0.152267 
vn -0.0165298 -0.978846 -0.203929 
vn -0.0535147 -0.977522 -0.203929 
vn -0.00441794 -0.978976 -0.203929 
vn -0.00437269 -0.99999 2.72876e-14 
vn 0.0491274 -0.998793 -2.91277e-13 
vn 0.0654933 -0.994656 -0.0798132 
vn 0.0648847 -0.986207 -0.152269 
vn 0.0452309 -0.97794 -0.203931 
vn 0.0190462 -0.9788 -0.20393 
vn 0.0642196 -0.976876 -0.203932 
vn 0.0657257 -0.997838 -3.34296e-13 
vn 0.113422 -0.993547 -3.35493e-13 
vn 0.130119 -0.988281 -0.079814 
vn 0.128968 -0.979888 -0.152271 
vn 0.11331 -0.972405 -0.203934 
vn 0.0801508 -0.975698 -0.203933 
vn 0.127702 -0.97062 -0.203934 
vn 0.130556 -0.991441 -3.01648e-13 
vn 0.173218 -0.984883 -1.71518e-13 
vn 0.189321 -0.978666 -0.0798126 
vn 0.187672 -0.970357 -0.152268 
vn 0.174488 -0.96331 -0.203932 
vn 0.144741 -0.968226 -0.203934 
vn 0.185857 -0.961181 -0.203931 
vn -0.158092 -0.987424 6.9685e-14 
vn -0.133549 -0.969833 -0.20393 
vn -0.115929 -0.972097 -0.20393 
vn -0.0792716 -0.996853 -1.6067e-13 
vn -0.27503 -0.939559 -0.203931 
vn -0.309289 -0.933836 -0.179699 
vn -0.295031 -0.933471 -0.203931 
vn -0.307785 -0.929347 -0.20392 
vn -0.312577 -0.943586 -0.109277 
vn -0.313024 -0.94492 -0.0956141 
vn -0.310761 -0.938213 -0.15226 
vn -0.31354 -0.946458 -0.076873 
vn -0.314408 -0.949002 -0.0232878 
vn -0.313468 -0.946239 -0.0798084 
vn 0.227672 -0.973738 -1.39538e-14 
vn 0.241519 -0.970396 -1.07158e-15 
vn 0.241146 -0.969093 -0.0520305 
vn 0.189944 -0.981795 -1.13285e-13 
vn 0.240635 -0.967329 -0.0798112 
vn 0.239847 -0.96449 -0.1106 
vn 0.238341 -0.959171 -0.152265 
vn 0.235874 -0.950146 -0.203927 
vn 0.207159 -0.956817 -0.203929 
vn -0.314495 -0.949259 0 
vn -0.395056 -0.915361 -0.0777532 
vn -0.396272 -0.918133 -3.2083e-15 
vn -0.314408 -0.949002 -0.0232878 
vn -0.314495 -0.949259 0 
vn -0.475016 -0.879977 -6.39204e-15 
vn -0.550122 -0.835084 -9.52684e-15 
vn -0.473558 -0.877297 -0.07805 
vn -0.61918 -0.781479 -0.0768638 
vn -0.621017 -0.783797 -1.25887e-14 
vn -0.39439 -0.913841 -0.0967014 
vn -0.318181 -0.944658 -0.0798916 
vn -0.313546 -0.946457 -0.0768645 
vn -0.548456 -0.832556 -0.0777528 
vn -0.47276 -0.875829 -0.0970694 
vn -0.547543 -0.831171 -0.0967009 
vn -0.618689 -0.780859 -0.0865044 
vn -0.618173 -0.780207 -0.0955988 
vn -0.617743 -0.782315 -0.0798495 
vn -0.389596 -0.902884 -0.181704 
vn -0.313027 -0.94492 -0.0955997 
vn -0.312577 -0.943586 -0.109277 
vn -0.316242 -0.936355 -0.152412 
vn -0.309293 -0.933837 -0.179682 
vn -0.467011 -0.865239 -0.182379 
vn -0.540966 -0.821182 -0.181703 
vn -0.610702 -0.777056 -0.152402 
vn -0.610911 -0.77104 -0.17968 
vn -0.611485 -0.771765 -0.17454 
vn -0.307785 -0.929347 -0.20392 
vn -0.356546 -0.911389 -0.205538 
vn -0.387652 -0.898431 -0.206271 
vn -0.443965 -0.871804 -0.207009 
vn -0.527803 -0.823885 -0.206491 
vn -0.538294 -0.817123 -0.206274 
vn -0.60797 -0.767326 -0.203917 
usemtl 0.917647_0.917647_0.917647_0.000000_0.000000
o mesh0
f 1//1 2//1 3//1 
f 1//1 4//1 5//1 
f 6//1 7//1 8//1 
f 9//1 10//1 11//1 
f 1//1 12//1 13//1 
f 1//1 14//1 15//1 
f 1//1 16//1 2//1 
f 5//1 17//1 1//1 
f 6//1 18//1 7//1 
f 19//1 20//1 21//1 
f 22//1 19//1 9//1 
f 1//1 23//1 12//1 
f 15//1 24//1 1//1 
f 17//1 16//1 1//1 
f 6//1 25//1 18//1 
f 6//1 1//1 26//1 
f 19//1 27//1 28//1 
f 19//1 29//1 30//1 
f 19//1 31//1 32//1 
f 19//1 33//1 20//1 
f 11//1 22//1 9//1 
f 19//1 34//1 35//1 
f 24//1 23//1 1//1 
f 3//1 36//1 1//1 
f 1//1 37//1 38//1 
f 26//1 25//1 6//1 
f 19//1 39//1 40//1 
f 28//1 41//1 19//1 
f 19//1 42//1 29//1 
f 19//1 43//1 31//1 
f 22//1 33//1 19//1 
f 19//1 44//1 1//1 
f 19//1 45//1 46//1 
f 35//1 47//1 19//1 
f 19//1 48//1 49//1 
f 13//1 50//1 1//1 
f 36//1 51//1 1//1 
f 1//1 52//1 53//1 
f 1//1 54//1 37//1 
f 8//1 55//1 6//1 
f 19//1 56//1 57//1 
f 19//1 58//1 59//1 
f 41//1 39//1 19//1 
f 30//1 60//1 19//1 
f 21//1 43//1 19//1 
f 1//1 61//1 62//1 
f 47//1 45//1 19//1 
f 49//1 63//1 19//1 
f 50//1 64//1 1//1 
f 1//1 65//1 66//1 
f 53//1 4//1 1//1 
f 6//1 54//1 1//1 
f 19//1 67//1 68//1 
f 19//1 69//1 56//1 
f 59//1 70//1 19//1 
f 60//1 27//1 19//1 
f 32//1 71//1 19//1 
f 1//1 72//1 61//1 
f 19//1 73//1 34//1 
f 19//1 74//1 48//1 
f 1//1 75//1 76//1 
f 66//1 14//1 1//1 
f 38//1 52//1 1//1 
f 68//1 77//1 19//1 
f 57//1 78//1 19//1 
f 70//1 79//1 19//1 
f 71//1 42//1 19//1 
f 1//1 80//1 72//1 
f 63//1 73//1 19//1 
f 76//1 81//1 1//1 
f 51//1 65//1 1//1 
f 78//1 67//1 19//1 
f 40//1 58//1 19//1 
f 46//1 44//1 19//1 
f 64//1 75//1 1//1 
f 19//1 82//1 83//1 
f 79//1 69//1 19//1 
f 81//1 80//1 1//1 
f 77//1 82//1 19//1 
f 83//1 74//1 19//1 
f 1//1 62//1 19//1 
o mesh1
f 204//2 205//3 206//4 
f 207//5 208//6 209//7 
f 210//8 211//9 212//10 
f 213//11 214//12 215//13 
f 216//14 217//15 218//16 
f 219//17 220//18 221//19 
f 222//20 221//19 205//3 
f 217//15 204//2 223//21 
f 224//22 222//20 204//2 
f 225//23 215//13 220//18 
f 226//24 219//17 222//20 
f 227//25 225//23 219//17 
f 228//26 226//24 224//22 
f 229//27 224//22 217//15 
f 211//9 216//14 230//28 
f 231//29 229//27 216//14 
f 232//30 227//25 226//24 
f 233//31 228//26 229//27 
f 234//32 232//30 228//26 
f 235//33 236//34 227//25 
f 237//35 238//36 239//37 
f 240//38 239//37 214//12 
f 236//34 213//11 225//23 
f 241//39 240//38 213//11 
f 242//40 237//35 240//38 
f 243//41 209//7 238//36 
f 244//42 243//41 237//35 
f 245//43 242//40 241//39 
f 246//44 241//39 236//34 
f 247//45 235//33 232//30 
f 248//46 246//44 235//33 
f 249//47 245//43 246//44 
f 250//48 244//42 242//40 
f 251//49 250//48 245//43 
f 247//45 234//32 252//50 
f 252//50 253//51 247//45 
f 254//52 233//31 231//29 
f 255//53 231//29 211//9 
f 256//54 255//53 210//8 
f 252//50 234//32 233//31 
f 257//55 254//52 255//53 
f 258//56 252//50 254//52 
f 84//57 257//55 256//54 
f 258//56 257//55 85//58 
f 257//55 84//57 85//58 
f 86//59 253//51 258//56 
f 259//60 249//47 248//46 
f 253//51 260//61 261//62 
f 261//62 247//45 253//51 
f 262//63 259//60 261//62 
f 263//64 251//49 249//47 
f 264//65 263//64 259//60 
f 265//66 262//63 260//61 
f 87//67 88//68 266//69 
f 253//51 86//59 87//67 
f 266//69 253//51 87//67 
f 266//69 88//68 89//70 
f 89//70 265//66 266//69 
f 267//71 264//65 262//63 
f 90//72 267//71 265//66 
f 268//73 269//74 251//49 
f 270//75 271//76 272//77 
f 273//78 274//79 244//42 
f 275//80 272//77 208//6 
f 274//79 207//5 243//41 
f 276//81 275//80 207//5 
f 277//82 276//81 274//79 
f 269//74 273//78 250//48 
f 278//83 277//82 273//78 
f 279//84 280//85 276//81 
f 280//85 270//75 275//80 
f 281//86 279//84 277//82 
f 281//86 278//83 282//87 
f 282//87 283//88 281//86 
f 284//89 285//90 264//65 
f 282//87 278//83 269//74 
f 285//90 268//73 263//64 
f 286//91 282//87 268//73 
f 286//91 285//90 91//92 
f 91//92 285//90 284//89 
f 284//89 92//93 91//92 
f 284//89 267//71 93//94 
f 267//71 90//72 93//94 
f 283//88 286//91 94//95 
f 286//91 95//96 94//95 
f 94//95 96//97 283//88 
f 287//98 288//99 289//100 
f 290//101 291//102 292//103 
f 293//104 294//105 295//106 
f 296//107 297//108 298//109 
f 299//110 296//107 294//105 
f 291//102 293//104 300//111 
f 301//112 299//110 293//104 
f 302//113 296//107 299//110 
f 299//110 303//114 302//113 
f 303//114 301//112 304//115 
f 304//115 305//116 303//114 
f 306//117 307//118 308//119 
f 307//118 309//120 308//119 
f 304//115 301//112 291//102 
f 306//117 290//101 310//121 
f 304//115 290//101 311//122 
f 290//101 306//117 311//122 
f 312//123 311//122 306//117 
f 288//99 308//119 309//120 
f 313//124 314//125 308//119 
f 315//126 312//123 314//125 
f 316//127 317//128 311//122 
f 318//129 316//127 312//123 
f 319//130 305//116 317//128 
f 320//131 321//132 303//114 
f 320//131 305//116 319//130 
f 319//130 322//133 320//131 
f 323//134 319//130 316//127 
f 324//135 325//136 321//132 
f 326//137 324//135 320//131 
f 327//138 326//137 322//133 
f 328//139 329//140 330//141 
f 331//142 323//134 318//129 
f 329//140 287//98 332//143 
f 333//144 315//126 313//124 
f 334//145 313//124 288//99 
f 333//144 335//146 336//147 
f 336//147 315//126 333//144 
f 337//148 333//144 334//145 
f 338//149 334//145 287//98 
f 337//148 339//150 340//151 
f 340//151 333//144 337//148 
f 341//152 342//153 335//146 
f 322//133 323//134 331//142 
f 331//142 343//154 322//133 
f 342//153 331//142 336//147 
f 343//154 342//153 341//152 
f 341//152 344//155 343//154 
f 345//156 341//152 340//151 
f 346//157 345//156 339//150 
f 205//3 328//139 347//158 
f 348//159 337//148 338//149 
f 349//160 338//149 329//140 
f 348//159 350//161 351//162 
f 351//162 337//148 348//159 
f 220//18 348//159 349//160 
f 221//19 349//160 328//139 
f 220//18 215//13 352//163 
f 352//163 348//159 220//18 
f 353//164 354//165 350//161 
f 355//166 344//155 345//156 
f 346//157 351//162 354//165 
f 351//162 350//161 354//165 
f 356//167 355//166 346//157 
f 357//168 356//167 358//169 
f 214//12 353//164 352//163 
f 359//170 358//169 354//165 
f 239//37 359//170 353//164 
f 357//168 359//170 238//36 
f 359//170 239//37 238//36 
f 360//171 344//155 355//166 
f 355//166 361//172 360//171 
f 360//171 327//138 343//154 
f 362//173 363//174 326//137 
f 364//175 362//173 327//138 
f 365//176 366//177 364//175 
f 361//172 356//167 357//168 
f 357//168 208//6 361//172 
f 367//178 364//175 360//171 
f 272//77 367//178 361//172 
f 271//76 365//176 367//178 
f 368//179 369//180 370//181 
f 371//182 368//179 372//183 
f 373//184 374//185 375//186 
f 376//187 377//188 378//189 
f 379//190 371//182 374//185 
f 377//188 373//184 380//191 
f 381//192 379//190 373//184 
f 382//193 381//192 377//188 
f 383//194 376//187 384//195 
f 385//196 382//193 376//187 
f 386//197 387//198 371//182 
f 388//199 389//200 369//180 
f 389//200 390//201 391//202 
f 392//203 393//204 390//201 
f 394//205 392//203 389//200 
f 387//198 388//199 368//179 
f 388//199 387//198 395//206 
f 395//206 394//205 388//199 
f 396//207 397//208 392//203 
f 398//209 393//204 397//208 
f 393//204 392//203 397//208 
f 399//210 400//211 398//209 
f 399//210 292//103 300//111 
f 300//111 400//211 399//210 
f 401//212 399//210 402//213 
f 403//214 396//207 394//205 
f 404//215 402//213 397//208 
f 405//216 404//215 396//207 
f 406//217 401//212 404//215 
f 401//212 307//118 310//121 
f 310//121 399//210 401//212 
f 406//217 289//100 309//120 
f 309//120 401//212 406//217 
f 407//218 403//214 408//219 
f 409//220 410//221 381//192 
f 411//222 395//206 387//198 
f 410//221 386//197 379//190 
f 412//223 411//222 386//197 
f 413//224 408//219 395//206 
f 414//225 413//224 411//222 
f 415//226 412//223 410//221 
f 416//227 409//220 382//193 
f 417//228 415//226 409//220 
f 418//229 414//225 412//223 
f 419//230 418//229 415//226 
f 420//231 421//232 414//225 
f 422//233 406//217 405//216 
f 421//232 407//218 413//224 
f 423//234 405//216 403//214 
f 424//235 423//234 407//218 
f 425//236 422//233 423//234 
f 332//143 289//100 406//217 
f 330//141 332//143 422//233 
f 426//237 425//236 424//235 
f 427//238 420//231 418//229 
f 428//239 424//235 421//232 
f 429//240 428//239 420//231 
f 430//241 426//237 428//239 
f 347//158 330//141 425//236 
f 206//4 347//158 426//237 
f 431//242 416//227 385//196 
f 432//243 383//194 433//244 
f 434//245 433//244 435//246 
f 436//247 434//245 437//248 
f 438//249 385//196 383//194 
f 439//250 432//243 434//245 
f 440//251 438//249 432//243 
f 441//252 439//250 436//247 
f 442//253 443//254 444//255 
f 444//255 445//256 442//253 
f 446//257 440//251 439//250 
f 447//258 441//252 444//255 
f 448//259 446//257 441//252 
f 449//260 450//261 440//251 
f 451//262 427//238 419//230 
f 452//263 417//228 416//227 
f 450//261 431//242 438//249 
f 453//264 452//263 431//242 
f 454//265 419//230 417//228 
f 455//266 454//265 452//263 
f 456//267 430//241 429//240 
f 457//268 429//240 427//238 
f 458//269 451//262 454//265 
f 459//270 457//268 451//262 
f 223//21 206//4 430//241 
f 460//271 456//267 457//268 
f 218//16 223//21 456//267 
f 461//272 458//269 455//266 
f 462//273 453//264 450//261 
f 463//274 449//260 446//257 
f 464//275 462//273 449//260 
f 465//276 455//266 453//264 
f 466//277 465//276 462//273 
f 467//278 460//271 459//270 
f 468//279 459//270 458//269 
f 469//280 461//272 465//276 
f 470//281 468//279 461//272 
f 230//28 218//16 460//271 
f 471//282 467//278 468//279 
f 212//10 230//28 467//278 
f 472//283 463//274 448//259 
f 473//284 474//285 475//286 
f 475//286 443//254 473//284 
f 473//284 443//254 442//253 
f 476//287 448//259 447//258 
f 477//288 476//287 475//286 
f 474//285 473//284 97//289 
f 473//284 98//290 97//289 
f 473//284 478//291 99//292 
f 478//291 100//293 99//292 
f 101//294 102//295 479//296 
f 479//296 474//285 101//294 
f 474//285 103//297 101//294 
f 102//295 104//298 479//296 
f 480//299 481//300 477//288 
f 469//280 466//277 482//301 
f 482//301 483//302 469//280 
f 484//303 464//275 463//274 
f 481//300 472//283 476//287 
f 485//304 484//303 472//283 
f 482//301 466//277 464//275 
f 486//305 482//301 484//303 
f 487//306 471//282 470//281 
f 483//302 488//307 489//308 
f 489//308 469//280 483//302 
f 490//309 212//10 471//282 
f 491//310 487//306 489//308 
f 105//311 483//302 492//312 
f 483//302 486//305 492//312 
f 493//313 485//304 481//300 
f 479//296 104//298 106//314 
f 106//314 480//299 479//296 
f 107//315 493//313 480//299 
f 492//312 486//305 485//304 
f 492//312 493//313 108//316 
f 493//313 107//315 108//316 
f 488//307 483//302 109//317 
f 483//302 105//311 109//317 
f 442//253 110//318 111//319 
f 442//253 112//320 110//318 
f 111//319 478//291 442//253 
f 478//291 113//321 114//322 
f 113//321 115//323 114//322 
f 488//307 1//324 44//325 
f 488//307 116//326 18//327 
f 18//327 25//328 488//307 
f 116//326 7//329 18//327 
f 25//328 26//330 488//307 
f 26//330 1//324 488//307 
f 116//326 8//331 7//329 
f 491//310 49//332 48//333 
f 491//310 34//334 73//335 
f 491//310 35//336 34//334 
f 73//335 63//337 491//310 
f 491//310 46//338 45//339 
f 491//310 44//325 46//338 
f 45//339 47//340 491//310 
f 47//340 35//336 491//310 
f 63//337 49//332 491//310 
f 490//309 487//306 83//341 
f 487//306 491//310 74//342 
f 74//342 83//341 487//306 
f 210//8 56//343 69//344 
f 210//8 57//345 56//343 
f 210//8 490//309 78//346 
f 490//309 68//347 67//348 
f 67//348 78//346 490//309 
f 490//309 77//349 68//347 
f 490//309 82//350 77//349 
f 78//346 57//345 210//8 
f 494//351 69//344 79//352 
f 79//352 70//353 494//351 
f 70//353 59//354 494//351 
f 256//54 32//355 31//356 
f 31//356 117//357 256//54 
f 256//54 29//358 42//359 
f 42//359 71//360 256//54 
f 71//360 32//355 256//54 
f 256//54 30//361 29//358 
f 256//54 28//362 27//363 
f 27//363 60//364 256//54 
f 60//364 30//361 256//54 
f 256//54 494//351 40//365 
f 40//365 39//366 256//54 
f 494//351 58//367 40//365 
f 39//366 41//368 256//54 
f 41//368 28//362 256//54 
f 118//369 119//370 120//371 
f 120//371 283//88 118//369 
f 118//369 121//372 119//370 
f 283//88 122//373 123//374 
f 283//88 124//375 122//373 
f 283//88 125//376 126//377 
f 126//377 124//375 283//88 
f 281//86 123//374 127//378 
f 279//84 128//379 129//380 
f 279//84 127//378 128//379 
f 129//380 280//85 279//84 
f 280//85 130//381 131//382 
f 280//85 129//380 130//381 
f 270//75 132//383 133//384 
f 270//75 131//382 132//383 
f 271//76 134//385 135//386 
f 271//76 133//384 134//385 
f 365//176 136//387 137//388 
f 365//176 135//386 136//387 
f 364//175 138//389 139//390 
f 366//177 140//391 138//389 
f 138//389 364//175 366//177 
f 362//173 141//392 142//393 
f 362//173 139//390 141//392 
f 363//174 142//393 143//394 
f 326//137 363//174 144//395 
f 363//174 145//396 144//395 
f 324//135 146//397 147//398 
f 324//135 144//395 148//399 
f 148//399 146//397 324//135 
f 325//136 149//400 150//401 
f 150//401 321//132 325//136 
f 150//401 151//402 321//132 
f 303//114 321//132 152//403 
f 321//132 153//404 152//403 
f 302//113 152//403 154//405 
f 155//406 156//407 297//108 
f 302//113 157//408 155//406 
f 155//406 296//107 302//113 
f 297//108 156//407 158//409 
f 158//409 298//109 297//108 
f 158//409 159//410 298//109 
f 298//109 160//411 161//412 
f 161//412 295//106 298//109 
f 295//106 294//105 298//109 
f 161//412 162//413 295//106 
f 295//106 163//414 164//415 
f 164//415 400//211 295//106 
f 400//211 165//416 166//417 
f 398//209 167//418 168//419 
f 398//209 166//417 167//418 
f 393//204 168//419 169//420 
f 169//420 390//201 393//204 
f 391//202 390//201 170//421 
f 390//201 171//422 170//421 
f 370//181 369//180 172//423 
f 369//180 173//424 172//423 
f 369//180 391//202 174//425 
f 174//425 173//424 369//180 
f 372//183 175//426 176//427 
f 372//183 370//181 177//428 
f 177//428 175//426 372//183 
f 375//186 374//185 178//429 
f 374//185 372//183 178//429 
f 375//186 179//430 180//431 
f 380//191 375//186 181//432 
f 181//432 182//433 380//191 
f 378//189 380//191 183//434 
f 183//434 184//435 378//189 
f 384//195 378//189 185//436 
f 185//436 186//437 384//195 
f 433//244 384//195 187//438 
f 187//438 188//439 433//244 
f 435//246 188//439 189//440 
f 437//248 435//246 190//441 
f 190//441 191//442 437//248 
f 445//256 437//248 192//443 
f 192//443 193//444 445//256 
f 112//320 442//253 194//445 
f 442//253 445//256 195//446 
f 195//446 196//447 442//253 
f 196//447 194//445 442//253 
f 194//445 197//448 112//320 
f 193//444 195//446 445//256 
f 191//442 192//443 437//248 
f 189//440 190//441 435//246 
f 188//439 435//246 433//244 
f 186//437 187//438 384//195 
f 184//435 185//436 378//189 
f 182//433 183//434 380//191 
f 180//431 181//432 375//186 
f 178//429 179//430 375//186 
f 176//427 178//429 372//183 
f 177//428 370//181 198//449 
f 172//423 198//449 370//181 
f 174//425 391//202 199//450 
f 170//421 199//450 391//202 
f 169//420 171//422 390//201 
f 168//419 393//204 398//209 
f 166//417 398//209 400//211 
f 164//415 165//416 400//211 
f 162//413 163//414 295//106 
f 159//410 160//411 298//109 
f 297//108 296//107 155//406 
f 154//405 157//408 302//113 
f 152//403 302//113 303//114 
f 151//402 153//404 321//132 
f 149//400 325//136 147//398 
f 147//398 325//136 324//135 
f 144//395 324//135 326//137 
f 143//394 145//396 363//174 
f 142//393 363//174 362//173 
f 139//390 362//173 364//175 
f 140//391 366//177 137//388 
f 137//388 366//177 365//176 
f 135//386 365//176 271//76 
f 133//384 271//76 270//75 
f 131//382 270//75 280//85 
f 127//378 279//84 281//86 
f 123//374 281//86 283//88 
f 120//371 125//376 283//88 
f 31//356 43//451 117//357 
f 59//354 58//367 494//351 
f 69//344 494//351 210//8 
f 83//341 82//350 490//309 
f 48//333 74//342 491//310 
f 44//325 491//310 488//307 
f 114//322 100//293 478//291 
f 111//319 113//321 478//291 
f 109//317 116//326 488//307 
f 108//316 200//452 492//312 
f 485//304 493//313 492//312 
f 480//299 201//453 107//315 
f 106//314 201//453 480//299 
f 481//300 480//299 493//313 
f 492//312 200//452 105//311 
f 489//308 488//307 491//310 
f 471//282 487//306 490//309 
f 489//308 470//281 469//280 
f 470//281 489//308 487//306 
f 484//303 485//304 486//305 
f 464//275 484//303 482//301 
f 472//283 481//300 485//304 
f 476//287 477//288 481//300 
f 463//274 472//283 484//303 
f 482//301 486//305 483//302 
f 477//288 479//296 480//299 
f 479//296 477//288 474//285 
f 99//292 98//290 473//284 
f 97//289 103//297 474//285 
f 475//286 474//285 477//288 
f 447//258 475//286 476//287 
f 442//253 478//291 473//284 
f 475//286 447//258 443//254 
f 448//259 476//287 472//283 
f 467//278 471//282 212//10 
f 468//279 470//281 471//282 
f 460//271 467//278 230//28 
f 461//272 469//280 470//281 
f 465//276 466//277 469//280 
f 458//269 461//272 468//279 
f 459//270 468//279 467//278 
f 462//273 464//275 466//277 
f 453//264 462//273 465//276 
f 449//260 463//274 464//275 
f 446//257 448//259 463//274 
f 450//261 449//260 462//273 
f 455//266 465//276 461//272 
f 456//267 460//271 218//16 
f 457//268 459//270 460//271 
f 430//241 456//267 223//21 
f 451//262 458//269 459//270 
f 454//265 455//266 458//269 
f 427//238 451//262 457//268 
f 429//240 457//268 456//267 
f 452//263 453//264 455//266 
f 417//228 452//263 454//265 
f 431//242 450//261 453//264 
f 438//249 440//251 450//261 
f 416//227 431//242 452//263 
f 419//230 454//265 451//262 
f 440//251 446//257 449//260 
f 441//252 447//258 448//259 
f 444//255 443//254 447//258 
f 439//250 441//252 446//257 
f 444//255 436//247 445//256 
f 436//247 444//255 441//252 
f 432//243 439//250 440//251 
f 434//245 436//247 439//250 
f 383//194 432//243 438//249 
f 437//248 445//256 436//247 
f 435//246 437//248 434//245 
f 433//244 434//245 432//243 
f 385//196 438//249 431//242 
f 426//237 430//241 206//4 
f 425//236 426//237 347//158 
f 428//239 429//240 430//241 
f 420//231 427//238 429//240 
f 421//232 420//231 428//239 
f 418//229 419//230 427//238 
f 424//235 428//239 426//237 
f 422//233 425//236 330//141 
f 406//217 422//233 332//143 
f 423//234 424//235 425//236 
f 407//218 421//232 424//235 
f 403//214 407//218 423//234 
f 413//224 414//225 421//232 
f 405//216 423//234 422//233 
f 414//225 418//229 420//231 
f 415//226 417//228 419//230 
f 412//223 415//226 418//229 
f 409//220 416//227 417//228 
f 382//193 385//196 416//227 
f 410//221 409//220 415//226 
f 411//222 412//223 414//225 
f 395//206 411//222 413//224 
f 386//197 410//221 412//223 
f 379//190 381//192 410//221 
f 387//198 386//197 411//222 
f 381//192 382//193 409//220 
f 408//219 413//224 407//218 
f 309//120 307//118 401//212 
f 310//121 292//103 399//210 
f 404//215 405//216 406//217 
f 396//207 403//214 405//216 
f 397//208 396//207 404//215 
f 394//205 408//219 403//214 
f 402//213 404//215 401//212 
f 300//111 295//106 400//211 
f 398//209 402//213 399//210 
f 397//208 402//213 398//209 
f 392//203 394//205 396//207 
f 395//206 408//219 394//205 
f 368//179 371//182 387//198 
f 389//200 388//199 394//205 
f 390//201 389//200 392//203 
f 391//202 369//180 389//200 
f 369//180 368//179 388//199 
f 371//182 379//190 386//197 
f 376//187 383//194 385//196 
f 384//195 433//244 383//194 
f 377//188 376//187 382//193 
f 373//184 377//188 381//192 
f 380//191 378//189 377//188 
f 374//185 373//184 379//190 
f 378//189 384//195 376//187 
f 375//186 380//191 373//184 
f 372//183 374//185 371//182 
f 370//181 372//183 368//179 
f 367//178 272//77 271//76 
f 361//172 208//6 272//77 
f 360//171 361//172 367//178 
f 357//168 209//7 208//6 
f 364//175 367//178 365//176 
f 327//138 360//171 364//175 
f 326//137 327//138 362//173 
f 343//154 344//155 360//171 
f 355//166 356//167 361//172 
f 238//36 209//7 357//168 
f 353//164 214//12 239//37 
f 354//165 353//164 359//170 
f 352//163 215//13 214//12 
f 358//169 359//170 357//168 
f 346//157 358//169 356//167 
f 354//165 358//169 346//157 
f 345//156 346//157 355//166 
f 350//161 352//163 353//164 
f 352//163 350//161 348//159 
f 328//139 205//3 221//19 
f 349//160 221//19 220//18 
f 351//162 339//150 337//148 
f 329//140 328//139 349//160 
f 338//149 349//160 348//159 
f 347//158 206//4 205//3 
f 339//150 351//162 346//157 
f 340//151 339//150 345//156 
f 341//152 345//156 344//155 
f 336//147 335//146 342//153 
f 331//142 342//153 343//154 
f 335//146 340//151 341//152 
f 340//151 335//146 333//144 
f 287//98 329//140 338//149 
f 334//145 338//149 337//148 
f 336//147 318//129 315//126 
f 288//99 287//98 334//145 
f 313//124 334//145 333//144 
f 332//143 330//141 329//140 
f 318//129 336//147 331//142 
f 330//141 347//158 328//139 
f 322//133 343//154 327//138 
f 320//131 322//133 326//137 
f 321//132 320//131 324//135 
f 316//127 318//129 323//134 
f 319//130 323//134 322//133 
f 303//114 305//116 320//131 
f 317//128 316//127 319//130 
f 312//123 315//126 318//129 
f 311//122 312//123 316//127 
f 314//125 313//124 315//126 
f 308//119 288//99 313//124 
f 309//120 289//100 288//99 
f 306//117 314//125 312//123 
f 311//122 317//128 304//115 
f 310//121 307//118 306//117 
f 291//102 290//101 304//115 
f 308//119 314//125 306//117 
f 304//115 317//128 305//116 
f 299//110 301//112 303//114 
f 293//104 291//102 301//112 
f 300//111 292//103 291//102 
f 294//105 293//104 299//110 
f 298//109 294//105 296//107 
f 295//106 300//111 293//104 
f 292//103 310//121 290//101 
f 289//100 332//143 287//98 
f 96//97 118//369 283//88 
f 93//94 92//93 284//89 
f 91//92 95//96 286//91 
f 268//73 285//90 286//91 
f 263//64 264//65 285//90 
f 269//74 268//73 282//87 
f 264//65 267//71 284//89 
f 282//87 286//91 283//88 
f 277//82 278//83 281//86 
f 275//80 276//81 280//85 
f 276//81 277//82 279//84 
f 273//78 269//74 278//83 
f 250//48 251//49 269//74 
f 274//79 273//78 277//82 
f 207//5 274//79 276//81 
f 243//41 244//42 274//79 
f 208//6 207//5 275//80 
f 244//42 250//48 273//78 
f 272//77 275//80 270//75 
f 251//49 263//64 268//73 
f 265//66 202//454 90//72 
f 262//63 265//66 267//71 
f 89//70 202//454 265//66 
f 266//69 260//61 253//51 
f 260//61 266//69 265//66 
f 259//60 262//63 264//65 
f 249//47 259//60 263//64 
f 261//62 260//61 262//63 
f 261//62 248//46 247//45 
f 248//46 261//62 259//60 
f 258//56 203//455 86//59 
f 85//58 203//455 258//56 
f 256//54 117//357 84//57 
f 254//52 257//55 258//56 
f 255//53 256//54 257//55 
f 233//31 254//52 252//50 
f 210//8 494//351 256//54 
f 211//9 210//8 255//53 
f 231//29 255//53 254//52 
f 252//50 258//56 253//51 
f 245//43 249//47 251//49 
f 242//40 245//43 250//48 
f 246//44 248//46 249//47 
f 235//33 247//45 248//46 
f 232//30 234//32 247//45 
f 236//34 235//33 246//44 
f 241//39 246//44 245//43 
f 237//35 242//40 244//42 
f 238//36 237//35 243//41 
f 240//38 241//39 242//40 
f 213//11 236//34 241//39 
f 225//23 227//25 236//34 
f 214//12 213//11 240//38 
f 239//37 240//38 237//35 
f 227//25 232//30 235//33 
f 228//26 233//31 234//32 
f 229//27 231//29 233//31 
f 226//24 228//26 232//30 
f 216//14 211//9 231//29 
f 230//28 212//10 211//9 
f 217//15 216//14 229//27 
f 224//22 229//27 228//26 
f 219//17 226//24 227//25 
f 222//20 224//22 226//24 
f 220//18 219//17 225//23 
f 204//2 217//15 224//22 
f 223//21 218//16 217//15 
f 205//3 204//2 222//20 
f 221//19 222//20 219//17 
f 218//16 230//28 216//14 
f 215//13 225//23 213//11 
f 212//10 490//309 210//8 
f 209//7 243//41 207//5 
f 206//4 223//21 204//2 
o mesh2
f 559//456 196//457 195//458 
f 195//458 560//459 559//456 
f 561//460 559//456 560//459 
f 562//461 561//460 563//462 
f 564//463 562//461 565//464 
f 566//465 564//463 567//466 
f 568//467 566//465 569//468 
f 570//469 568//467 571//470 
f 572//471 570//469 573//472 
f 572//471 574//473 495//474 
f 574//473 496//475 495//474 
f 560//459 193//476 192//477 
f 192//477 575//478 560//459 
f 563//462 560//459 575//478 
f 565//464 563//462 576//479 
f 567//466 565//464 577//480 
f 569//468 567//466 578//481 
f 571//470 569//468 579//482 
f 573//472 571//470 580//483 
f 574//473 573//472 581//484 
f 574//473 582//485 497//486 
f 582//485 498//487 497//486 
f 575//478 191//488 190//489 
f 190//489 583//490 575//478 
f 576//479 575//478 583//490 
f 577//480 576//479 584//491 
f 578//481 577//480 585//492 
f 579//482 578//481 586//493 
f 580//483 579//482 587//494 
f 581//484 580//483 588//495 
f 582//485 581//484 589//496 
f 582//485 590//497 499//498 
f 590//497 500//499 499//498 
f 591//500 583//490 187//501 
f 583//490 189//502 188//503 
f 188//503 187//501 583//490 
f 584//491 583//490 591//500 
f 585//492 584//491 592//504 
f 586//493 585//492 593//505 
f 587//494 586//493 594//506 
f 588//495 587//494 595//507 
f 589//496 588//495 596//508 
f 590//497 589//496 597//509 
f 500//499 590//497 598//510 
f 599//511 591//500 185//512 
f 591//500 186//513 185//512 
f 592//504 591//500 599//511 
f 593//505 592//504 600//514 
f 594//506 593//505 601//515 
f 595//507 594//506 602//516 
f 596//508 595//507 603//517 
f 597//509 596//508 604//518 
f 598//510 597//509 605//519 
f 606//520 501//521 502//522 
f 502//522 598//510 606//520 
f 599//511 184//523 183//524 
f 183//524 607//525 599//511 
f 600//514 599//511 607//525 
f 601//515 600//514 608//526 
f 602//516 601//515 609//527 
f 603//517 602//516 610//528 
f 604//518 603//517 611//529 
f 605//519 604//518 612//530 
f 606//520 605//519 613//531 
f 614//532 503//533 504//534 
f 504//534 606//520 614//532 
f 607//525 182//535 181//536 
f 181//536 615//537 607//525 
f 608//526 607//525 615//537 
f 609//527 608//526 616//538 
f 610//528 609//527 617//539 
f 611//529 610//528 618//540 
f 612//530 611//529 619//541 
f 613//531 612//530 620//542 
f 614//532 613//531 621//543 
f 614//532 622//544 505//545 
f 622//544 506//546 505//545 
f 623//547 615//537 179//548 
f 179//548 178//549 623//547 
f 615//537 180//550 179//548 
f 616//538 615//537 623//547 
f 617//539 616//538 624//551 
f 618//540 617//539 625//552 
f 619//541 618//540 626//553 
f 620//542 619//541 627//554 
f 621//543 620//542 628//555 
f 622//544 621//543 629//556 
f 622//544 630//557 507//558 
f 630//557 508//559 507//558 
f 623//547 176//560 175//561 
f 624//551 623//547 631//562 
f 625//552 624//551 632//563 
f 626//553 625//552 633//564 
f 627//554 626//553 634//565 
f 628//555 627//554 635//566 
f 629//556 628//555 636//567 
f 630//557 629//556 637//568 
f 630//557 638//569 509//570 
f 638//569 510//571 509//570 
f 639//572 631//562 198//573 
f 631//562 177//574 198//573 
f 631//562 175//561 177//574 
f 632//563 631//562 639//572 
f 633//564 632//563 640//575 
f 634//565 633//564 641//576 
f 635//566 634//565 642//577 
f 636//567 635//566 643//578 
f 637//568 636//567 644//579 
f 638//569 637//568 645//580 
f 510//571 638//569 646//581 
f 639//572 172//582 173//583 
f 640//575 639//572 647//584 
f 641//576 640//575 648//585 
f 642//577 641//576 649//586 
f 643//578 642//577 650//587 
f 644//579 643//578 651//588 
f 645//580 644//579 652//589 
f 646//581 645//580 653//590 
f 654//591 511//592 512//593 
f 512//593 646//581 654//591 
f 655//594 647//584 199//595 
f 647//584 173//583 174//596 
f 174//596 199//595 647//584 
f 648//585 647//584 655//594 
f 649//586 648//585 656//597 
f 650//587 649//586 657//598 
f 651//588 650//587 658//599 
f 652//589 651//588 659//600 
f 653//590 652//589 660//601 
f 654//591 653//590 661//602 
f 662//603 513//604 511//592 
f 655//594 170//605 171//606 
f 171//606 663//607 655//594 
f 656//597 655//594 663//607 
f 657//598 656//597 664//608 
f 658//599 657//598 665//609 
f 659//600 658//599 666//610 
f 660//601 659//600 667//611 
f 661//602 660//601 668//612 
f 662//603 661//602 669//613 
f 662//603 670//614 514//615 
f 670//614 515//616 514//615 
f 169//617 168//618 671//619 
f 664//608 663//607 671//619 
f 665//609 664//608 672//620 
f 666//610 665//609 673//621 
f 667//611 666//610 674//622 
f 668//612 667//611 675//623 
f 669//613 668//612 676//624 
f 670//614 669//613 677//625 
f 678//626 516//627 515//616 
f 168//618 167//628 679//629 
f 672//620 671//619 679//629 
f 673//621 672//620 680//630 
f 674//622 673//621 681//631 
f 675//623 674//622 682//632 
f 676//624 675//623 683//633 
f 677//625 676//624 684//634 
f 678//626 677//625 685//635 
f 678//626 686//636 517//637 
f 679//629 166//638 165//639 
f 165//639 687//640 679//629 
f 679//629 167//628 166//638 
f 680//630 679//629 687//640 
f 681//631 680//630 688//641 
f 682//632 681//631 689//642 
f 683//633 682//632 690//643 
f 684//634 683//633 691//644 
f 685//635 684//634 692//645 
f 686//636 685//635 693//646 
f 686//636 694//647 518//648 
f 687//640 164//649 163//650 
f 163//650 695//651 687//640 
f 688//641 687//640 695//651 
f 689//642 688//641 696//652 
f 690//643 689//642 697//653 
f 691//644 690//643 698//654 
f 692//645 691//644 699//655 
f 693//646 692//645 700//656 
f 694//647 693//646 701//657 
f 702//658 519//659 518//648 
f 520//660 521//661 522//662 
f 572//471 523//663 520//660 
f 520//660 524//664 572//471 
f 572//471 525//665 526//666 
f 572//471 524//664 525//665 
f 570//469 527//667 528//668 
f 570//469 526//666 527//667 
f 568//467 529//669 530//670 
f 568//467 528//668 529//669 
f 566//465 530//670 531//671 
f 564//463 532//672 533//673 
f 564//463 534//674 532//672 
f 564//463 531//671 534//674 
f 562//461 533//673 535//675 
f 561//460 536//676 537//677 
f 561//460 535//675 536//676 
f 559//456 537//677 194//678 
f 695//651 162//679 538//680 
f 538//680 539//681 695//651 
f 162//679 161//682 538//680 
f 696//652 695//651 540//683 
f 540//683 541//684 696//652 
f 695//651 542//685 540//683 
f 543//686 544//687 697//653 
f 698//654 697//653 544//687 
f 544//687 545//688 698//654 
f 698//654 546//689 547//690 
f 547//690 699//655 698//654 
f 700//656 699//655 548//691 
f 548//691 549//692 700//656 
f 700//656 550//693 551//694 
f 552//695 702//658 701//657 
f 701//657 551//694 552//695 
f 552//695 553//696 702//658 
f 519//659 702//658 554//697 
f 554//697 555//698 519//659 
f 555//698 556//699 519//659 
f 553//696 554//697 702//658 
f 551//694 701//657 700//656 
f 549//692 550//693 700//656 
f 547//690 548//691 699//655 
f 545//688 546//689 698//654 
f 697//653 696//652 543//686 
f 541//684 543//686 696//652 
f 539//681 542//685 695//651 
f 194//678 196//457 559//456 
f 537//677 559//456 561//460 
f 535//675 561//460 562//461 
f 533//673 562//461 564//463 
f 531//671 564//463 566//465 
f 530//670 566//465 568//467 
f 528//668 568//467 570//469 
f 526//666 570//469 572//471 
f 522//662 524//664 520//660 
f 518//648 694//647 702//658 
f 701//657 702//658 694//647 
f 700//656 701//657 693//646 
f 699//655 700//656 692//645 
f 698//654 699//655 691//644 
f 697//653 698//654 690//643 
f 696//652 697//653 689//642 
f 695//651 696//652 688//641 
f 163//650 162//679 695//651 
f 518//648 517//637 686//636 
f 693//646 694//647 686//636 
f 692//645 693//646 685//635 
f 691//644 692//645 684//634 
f 690//643 691//644 683//633 
f 689//642 690//643 682//632 
f 688//641 689//642 681//631 
f 687//640 688//641 680//630 
f 165//639 164//649 687//640 
f 517//637 516//627 678//626 
f 685//635 686//636 678//626 
f 684//634 685//635 677//625 
f 683//633 684//634 676//624 
f 682//632 683//633 675//623 
f 681//631 682//632 674//622 
f 680//630 681//631 673//621 
f 679//629 680//630 672//620 
f 679//629 671//619 168//618 
f 515//616 670//614 678//626 
f 677//625 678//626 670//614 
f 676//624 677//625 669//613 
f 675//623 676//624 668//612 
f 674//622 675//623 667//611 
f 673//621 674//622 666//610 
f 672//620 673//621 665//609 
f 671//619 672//620 664//608 
f 671//619 663//607 169//617 
f 514//615 513//604 662//603 
f 669//613 670//614 662//603 
f 668//612 669//613 661//602 
f 667//611 668//612 660//601 
f 666//610 667//611 659//600 
f 665//609 666//610 658//599 
f 664//608 665//609 657//598 
f 663//607 664//608 656//597 
f 171//606 169//617 663//607 
f 511//592 654//591 662//603 
f 661//602 662//603 654//591 
f 660//601 661//602 653//590 
f 659//600 660//601 652//589 
f 658//599 659//600 651//588 
f 657//598 658//599 650//587 
f 656//597 657//598 649//586 
f 655//594 656//597 648//585 
f 199//595 170//605 655//594 
f 512//593 557//700 646//581 
f 653//590 654//591 646//581 
f 652//589 653//590 645//580 
f 651//588 652//589 644//579 
f 650//587 651//588 643//578 
f 649//586 650//587 642//577 
f 648//585 649//586 641//576 
f 647//584 648//585 640//575 
f 173//583 647//584 639//572 
f 646//581 557//700 510//571 
f 645//580 646//581 638//569 
f 644//579 645//580 637//568 
f 643//578 644//579 636//567 
f 642//577 643//578 635//566 
f 641//576 642//577 634//565 
f 640//575 641//576 633//564 
f 639//572 640//575 632//563 
f 198//573 172//582 639//572 
f 509//570 508//559 630//557 
f 637//568 638//569 630//557 
f 636//567 637//568 629//556 
f 635//566 636//567 628//555 
f 634//565 635//566 627//554 
f 633//564 634//565 626//553 
f 632//563 633//564 625//552 
f 631//562 632//563 624//551 
f 175//561 631//562 623//547 
f 507//558 506//546 622//544 
f 629//556 630//557 622//544 
f 628//555 629//556 621//543 
f 627//554 628//555 620//542 
f 626//553 627//554 619//541 
f 625//552 626//553 618//540 
f 624//551 625//552 617//539 
f 623//547 624//551 616//538 
f 178//549 176//560 623//547 
f 505//545 503//533 614//532 
f 621//543 622//544 614//532 
f 620//542 621//543 613//531 
f 619//541 620//542 612//530 
f 618//540 619//541 611//529 
f 617//539 618//540 610//528 
f 616//538 617//539 609//527 
f 615//537 616//538 608//526 
f 181//536 180//550 615//537 
f 504//534 501//521 606//520 
f 613//531 614//532 606//520 
f 612//530 613//531 605//519 
f 611//529 612//530 604//518 
f 610//528 611//529 603//517 
f 609//527 610//528 602//516 
f 608//526 609//527 601//515 
f 607//525 608//526 600//514 
f 183//524 182//535 607//525 
f 502//522 558//701 598//510 
f 605//519 606//520 598//510 
f 604//518 605//519 597//509 
f 603//517 604//518 596//508 
f 602//516 603//517 595//507 
f 601//515 602//516 594//506 
f 600//514 601//515 593//505 
f 599//511 600//514 592//504 
f 185//512 184//523 599//511 
f 598//510 558//701 500//499 
f 597//509 598//510 590//497 
f 596//508 597//509 589//496 
f 595//507 596//508 588//495 
f 594//506 595//507 587//494 
f 593//505 594//506 586//493 
f 592//504 593//505 585//492 
f 591//500 592//504 584//491 
f 187//501 186//513 591//500 
f 499//498 498//487 582//485 
f 589//496 590//497 582//485 
f 588//495 589//496 581//484 
f 587//494 588//495 580//483 
f 586//493 587//494 579//482 
f 585//492 586//493 578//481 
f 584//491 585//492 577//480 
f 583//490 584//491 576//479 
f 190//489 189//502 583//490 
f 497//486 496//475 574//473 
f 581//484 582//485 574//473 
f 580//483 581//484 573//472 
f 579//482 580//483 571//470 
f 578//481 579//482 569//468 
f 577//480 578//481 567//466 
f 576//479 577//480 565//464 
f 575//478 576//479 563//462 
f 192//477 191//488 575//478 
f 495//474 523//663 572//471 
f 573//472 574//473 572//471 
f 571//470 573//472 570//469 
f 569//468 571//470 568//467 
f 567//466 569//468 566//465 
f 565//464 567//466 564//463 
f 563//462 565//464 562//461 
f 560//459 563//462 561//460 
f 195//458 193//476 560//459 
o mesh3
f 703//702 704//703 748//704 
f 705//705 748//704 749//706 
f 706//707 749//706 750//708 
f 707//709 750//708 751//710 
f 708//711 751//710 752//712 
f 709//713 752//712 753//714 
f 710//715 753//714 754//716 
f 711//717 754//716 119//718 
f 704//703 712//719 755//720 
f 749//706 748//704 755//720 
f 750//708 749//706 756//721 
f 751//710 750//708 757//722 
f 752//712 751//710 758//723 
f 753//714 752//712 759//724 
f 754//716 753//714 760//725 
f 754//716 761//726 120//727 
f 762//728 755//720 713//729 
f 755//720 712//719 713//729 
f 756//721 755//720 762//728 
f 757//722 756//721 763//730 
f 758//723 757//722 764//731 
f 759//724 758//723 765//732 
f 760//725 759//724 766//733 
f 761//726 760//725 767//734 
f 768//735 126//736 125//737 
f 125//737 761//726 768//735 
f 769//738 762//728 714//739 
f 762//728 715//740 714//739 
f 763//730 762//728 769//738 
f 764//731 763//730 770//741 
f 765//732 764//731 771//742 
f 766//733 765//732 772//743 
f 767//734 766//733 773//744 
f 768//735 767//734 774//745 
f 768//735 775//746 124//747 
f 769//738 716//748 717//749 
f 717//749 776//750 769//738 
f 770//741 769//738 776//750 
f 771//742 770//741 777//751 
f 772//743 771//742 778//752 
f 773//744 772//743 779//753 
f 774//745 773//744 780//754 
f 775//746 774//745 781//755 
f 775//746 782//756 122//757 
f 718//758 719//759 783//760 
f 777//751 776//750 783//760 
f 778//752 777//751 784//761 
f 779//753 778//752 785//762 
f 780//754 779//753 786//763 
f 781//755 780//754 787//764 
f 782//756 781//755 788//765 
f 789//766 127//767 123//768 
f 123//768 782//756 789//766 
f 790//769 783//760 720//770 
f 783//760 719//759 720//770 
f 784//761 783//760 790//769 
f 785//762 784//761 791//771 
f 786//763 785//762 792//772 
f 787//764 786//763 793//773 
f 788//765 787//764 794//774 
f 789//766 788//765 795//775 
f 789//766 796//776 128//777 
f 797//778 790//769 721//779 
f 790//769 722//780 721//779 
f 791//771 790//769 797//778 
f 792//772 791//771 798//781 
f 793//773 792//772 799//782 
f 794//774 793//773 800//783 
f 795//775 794//774 801//784 
f 796//776 795//775 802//785 
f 803//786 130//787 129//788 
f 129//788 796//776 803//786 
f 804//789 797//778 723//790 
f 797//778 724//791 723//790 
f 798//781 797//778 804//789 
f 799//782 798//781 805//792 
f 800//783 799//782 806//793 
f 801//784 800//783 807//794 
f 802//785 801//784 808//795 
f 803//786 802//785 809//796 
f 810//797 132//798 131//799 
f 131//799 803//786 810//797 
f 811//800 804//789 725//801 
f 804//789 726//802 725//801 
f 805//792 804//789 811//800 
f 806//793 805//792 812//803 
f 807//794 806//793 813//804 
f 808//795 807//794 814//805 
f 809//796 808//795 815//806 
f 810//797 809//796 816//807 
f 817//808 134//809 133//810 
f 133//810 810//797 817//808 
f 818//811 811//800 727//812 
f 811//800 728//813 727//812 
f 812//803 811//800 818//811 
f 813//804 812//803 819//814 
f 814//805 813//804 820//815 
f 815//806 814//805 821//816 
f 816//807 815//806 822//817 
f 817//808 816//807 823//818 
f 824//819 136//820 135//821 
f 135//821 817//808 824//819 
f 825//822 818//811 729//823 
f 729//823 730//824 825//822 
f 818//811 731//825 729//823 
f 819//814 818//811 825//822 
f 820//815 819//814 826//826 
f 821//816 820//815 827//827 
f 822//817 821//816 828//828 
f 823//818 822//817 829//829 
f 824//819 823//818 830//830 
f 831//831 140//832 137//833 
f 831//831 138//834 140//832 
f 137//833 824//819 831//831 
f 825//822 732//835 733//836 
f 733//836 832//837 825//822 
f 826//826 825//822 832//837 
f 827//827 826//826 833//838 
f 828//828 827//827 834//839 
f 829//829 828//828 835//840 
f 830//830 829//829 836//841 
f 831//831 830//830 837//842 
f 838//843 141//844 139//845 
f 139//845 831//831 838//843 
f 832//837 734//846 735//847 
f 735//847 839//848 832//837 
f 833//838 832//837 839//848 
f 834//839 833//838 840//849 
f 835//840 834//839 841//850 
f 836//841 835//840 842//851 
f 837//842 836//841 843//852 
f 838//843 837//842 844//853 
f 845//854 143//855 142//856 
f 142//856 838//843 845//854 
f 839//848 736//857 737//858 
f 737//858 846//859 839//848 
f 840//849 839//848 846//859 
f 841//850 840//849 847//860 
f 842//851 841//850 848//861 
f 843//852 842//851 849//862 
f 844//853 843//852 850//863 
f 845//854 844//853 851//864 
f 845//854 852//865 144//866 
f 852//865 148//867 144//866 
f 144//866 145//868 845//854 
f 738//869 739//870 853//871 
f 847//860 846//859 853//871 
f 848//861 847//860 854//872 
f 849//862 848//861 855//873 
f 850//863 849//862 856//874 
f 851//864 850//863 857//875 
f 852//865 851//864 858//876 
f 852//865 859//877 146//878 
f 853//871 739//870 740//879 
f 740//879 860//880 853//871 
f 854//872 853//871 860//880 
f 855//873 854//872 861//881 
f 856//874 855//873 862//882 
f 857//875 856//874 863//883 
f 858//876 857//875 864//884 
f 859//877 858//876 865//885 
f 866//886 149//887 147//888 
f 866//886 150//889 149//887 
f 147//888 859//877 866//886 
f 867//890 860//880 741//891 
f 861//881 860//880 867//890 
f 862//882 861//881 868//892 
f 863//883 862//882 869//893 
f 864//884 863//883 870//894 
f 865//885 864//884 871//895 
f 866//886 865//885 872//896 
f 866//886 873//897 151//898 
f 874//899 867//890 742//900 
f 868//892 867//890 874//899 
f 869//893 868//892 875//901 
f 870//894 869//893 876//902 
f 871//895 870//894 877//903 
f 872//896 871//895 878//904 
f 873//897 872//896 879//905 
f 873//897 880//906 152//907 
f 880//906 154//908 152//907 
f 152//907 153//909 873//897 
f 874//899 743//910 744//911 
f 744//911 881//912 874//899 
f 875//901 874//899 881//912 
f 876//902 875//901 882//913 
f 877//903 876//902 883//914 
f 878//904 877//903 884//915 
f 879//905 878//904 885//916 
f 880//906 879//905 886//917 
f 887//918 155//919 157//920 
f 157//920 880//906 887//918 
f 881//912 745//921 746//922 
f 882//913 881//912 888//923 
f 883//914 882//913 889//924 
f 884//915 883//914 890//925 
f 885//916 884//915 891//926 
f 886//917 885//916 892//927 
f 887//918 886//917 893//928 
f 894//929 158//930 156//931 
f 156//931 887//918 894//929 
f 895//932 888//923 746//922 
f 889//924 888//923 895//932 
f 890//925 889//924 896//933 
f 891//926 890//925 897//934 
f 892//927 891//926 898//935 
f 893//928 892//927 899//936 
f 894//929 893//928 900//937 
f 158//930 894//929 901//938 
f 554//939 895//932 747//940 
f 747//940 555//941 554//939 
f 551//942 896//933 895//932 
f 895//932 553//943 552//944 
f 897//934 896//933 550//945 
f 896//933 551//942 550//945 
f 547//946 898//935 897//934 
f 897//934 549//947 548//948 
f 898//935 546//949 545//950 
f 898//935 547//946 546//949 
f 543//951 900//937 899//936 
f 899//936 545//950 544//952 
f 899//936 544//952 543//951 
f 900//937 541//953 540//954 
f 538//955 161//956 160//957 
f 901//938 542//958 539//959 
f 539//959 538//955 901//938 
f 160//957 901//938 538//955 
f 901//938 540//954 542//958 
f 160//957 159//960 901//938 
f 540//954 901//938 900//937 
f 543//951 541//953 900//937 
f 545//950 899//936 898//935 
f 897//934 548//948 547//946 
f 550//945 549//947 897//934 
f 895//932 552//944 551//942 
f 554//939 553//943 895//932 
f 901//938 159//960 158//930 
f 900//937 901//938 894//929 
f 899//936 900//937 893//928 
f 898//935 899//936 892//927 
f 897//934 898//935 891//926 
f 896//933 897//934 890//925 
f 895//932 896//933 889//924 
f 746//922 747//940 895//932 
f 156//931 155//919 887//918 
f 893//928 894//929 887//918 
f 892//927 893//928 886//917 
f 891//926 892//927 885//916 
f 890//925 891//926 884//915 
f 889//924 890//925 883//914 
f 888//923 889//924 882//913 
f 746//922 888//923 881//912 
f 157//920 154//908 880//906 
f 886//917 887//918 880//906 
f 885//916 886//917 879//905 
f 884//915 885//916 878//904 
f 883//914 884//915 877//903 
f 882//913 883//914 876//902 
f 881//912 882//913 875//901 
f 744//911 745//921 881//912 
f 153//909 151//898 873//897 
f 879//905 880//906 873//897 
f 878//904 879//905 872//896 
f 877//903 878//904 871//895 
f 876//902 877//903 870//894 
f 875//901 876//902 869//893 
f 874//899 875//901 868//892 
f 742//900 743//910 874//899 
f 151//898 150//889 866//886 
f 872//896 873//897 866//886 
f 871//895 872//896 865//885 
f 870//894 871//895 864//884 
f 869//893 870//894 863//883 
f 868//892 869//893 862//882 
f 867//890 868//892 861//881 
f 741//891 742//900 867//890 
f 147//888 146//878 859//877 
f 865//885 866//886 859//877 
f 864//884 865//885 858//876 
f 863//883 864//884 857//875 
f 862//882 863//883 856//874 
f 861//881 862//882 855//873 
f 860//880 861//881 854//872 
f 740//879 741//891 860//880 
f 146//878 148//867 852//865 
f 858//876 859//877 852//865 
f 857//875 858//876 851//864 
f 856//874 857//875 850//863 
f 855//873 856//874 849//862 
f 854//872 855//873 848//861 
f 853//871 854//872 847//860 
f 853//871 846//859 738//869 
f 145//868 143//855 845//854 
f 851//864 852//865 845//854 
f 850//863 851//864 844//853 
f 849//862 850//863 843//852 
f 848//861 849//862 842//851 
f 847//860 848//861 841//850 
f 846//859 847//860 840//849 
f 737//858 738//869 846//859 
f 142//856 141//844 838//843 
f 844//853 845//854 838//843 
f 843//852 844//853 837//842 
f 842//851 843//852 836//841 
f 841//850 842//851 835//840 
f 840//849 841//850 834//839 
f 839//848 840//849 833//838 
f 735//847 736//857 839//848 
f 139//845 138//834 831//831 
f 837//842 838//843 831//831 
f 836//841 837//842 830//830 
f 835//840 836//841 829//829 
f 834//839 835//840 828//828 
f 833//838 834//839 827//827 
f 832//837 833//838 826//826 
f 733//836 734//846 832//837 
f 137//833 136//820 824//819 
f 830//830 831//831 824//819 
f 829//829 830//830 823//818 
f 828//828 829//829 822//817 
f 827//827 828//828 821//816 
f 826//826 827//827 820//815 
f 825//822 826//826 819//814 
f 730//824 732//835 825//822 
f 135//821 134//809 817//808 
f 823//818 824//819 817//808 
f 822//817 823//818 816//807 
f 821//816 822//817 815//806 
f 820//815 821//816 814//805 
f 819//814 820//815 813//804 
f 818//811 819//814 812//803 
f 727//812 731//825 818//811 
f 133//810 132//798 810//797 
f 816//807 817//808 810//797 
f 815//806 816//807 809//796 
f 814//805 815//806 808//795 
f 813//804 814//805 807//794 
f 812//803 813//804 806//793 
f 811//800 812//803 805//792 
f 725//801 728//813 811//800 
f 131//799 130//787 803//786 
f 809//796 810//797 803//786 
f 808//795 809//796 802//785 
f 807//794 808//795 801//784 
f 806//793 807//794 800//783 
f 805//792 806//793 799//782 
f 804//789 805//792 798//781 
f 723//790 726//802 804//789 
f 129//788 128//777 796//776 
f 802//785 803//786 796//776 
f 801//784 802//785 795//775 
f 800//783 801//784 794//774 
f 799//782 800//783 793//773 
f 798//781 799//782 792//772 
f 797//778 798//781 791//771 
f 721//779 724//791 797//778 
f 128//777 127//767 789//766 
f 795//775 796//776 789//766 
f 794//774 795//775 788//765 
f 793//773 794//774 787//764 
f 792//772 793//773 786//763 
f 791//771 792//772 785//762 
f 790//769 791//771 784//761 
f 720//770 722//780 790//769 
f 123//768 122//757 782//756 
f 788//765 789//766 782//756 
f 787//764 788//765 781//755 
f 786//763 787//764 780//754 
f 785//762 786//763 779//753 
f 784//761 785//762 778//752 
f 783//760 784//761 777//751 
f 783//760 776//750 718//758 
f 122//757 124//747 775//746 
f 781//755 782//756 775//746 
f 780//754 781//755 774//745 
f 779//753 780//754 773//744 
f 778//752 779//753 772//743 
f 777//751 778//752 771//742 
f 776//750 777//751 770//741 
f 717//749 718//758 776//750 
f 124//747 126//736 768//735 
f 774//745 775//746 768//735 
f 773//744 774//745 767//734 
f 772//743 773//744 766//733 
f 771//742 772//743 765//732 
f 770//741 771//742 764//731 
f 769//738 770//741 763//730 
f 714//739 716//748 769//738 
f 125//737 120//727 761//726 
f 767//734 768//735 761//726 
f 766//733 767//734 760//725 
f 765//732 766//733 759//724 
f 764//731 765//732 758//723 
f 763//730 764//731 757//722 
f 762//728 763//730 756//721 
f 713//729 715//740 762//728 
f 120//727 119//718 754//716 
f 760//725 761//726 754//716 
f 759//724 760//725 753//714 
f 758//723 759//724 752//712 
f 757//722 758//723 751//710 
f 756//721 757//722 750//708 
f 755//720 756//721 749//706 
f 755//720 748//704 704//703 
f 119//718 121//961 711//717 
f 754//716 711//717 710//715 
f 753//714 710//715 709//713 
f 752//712 709//713 708//711 
f 751//710 708//711 707//709 
f 750//708 707//709 706//707 
f 749//706 706//707 705//705 
f 748//704 705//705 703//702 
o mesh4
f 902//962 514//963 515//964 
f 515//964 903//965 902//962 
f 516//966 904//967 903//965 
f 903//965 515//964 516//966 
f 517//968 905//969 904//967 
f 904//967 516//966 517//968 
f 517//968 518//970 906//971 
f 906//971 905//969 517//968 
f 518//970 519//972 907//973 
f 907//973 519//972 556//974 
f 556//974 908//974 907//973 
f 908//974 909//975 907//973 
f 907//973 906//971 518//970 
f 511//976 513//977 910//978 
f 910//978 911//979 511//976 
f 911//979 912//980 512//980 
f 512//980 511//976 911//979 
f 510//981 557//982 913//983 
f 557//982 912//980 913//983 
f 913//983 914//984 510//981 
f 914//984 915//985 509//985 
f 509//985 510//981 914//984 
f 508//986 509//985 915//985 
f 916//987 917//988 507//988 
f 507//988 508//986 916//987 
f 506//989 507//988 917//988 
f 918//990 919//991 505//991 
f 505//991 506//989 918//990 
f 503//992 505//991 919//991 
f 919//991 920//993 503//992 
f 921//994 922//995 504//995 
f 504//995 503//992 921//994 
f 501//996 922//995 923//997 
f 923//997 502//998 501//996 
f 923//997 924//998 502//998 
f 500//999 558//1000 925//1001 
f 558//1000 924//998 925//1001 
f 926//1002 499//1002 500//999 
f 925//1001 926//1002 500//999 
f 499//1002 926//1002 927//1003 
f 927//1003 498//1004 499//1002 
f 928//1005 929//1006 497//1006 
f 497//1006 498//1004 928//1005 
f 930//1007 931//1008 495//1008 
f 929//1006 930//1007 496//1009 
f 496//1009 497//1006 929//1006 
f 932//1010 933//1011 520//1011 
f 931//1008 932//1010 523//1012 
f 523//1012 495//1008 931//1008 
f 933//1011 934//1013 521//1013 
f 521//1013 520//1011 933//1011 
f 520//1011 523//1012 932//1010 
f 495//1008 496//1009 930//1007 
f 927//1003 928//1005 498//1004 
f 558//1000 502//998 924//998 
f 501//996 504//995 922//995 
f 920//993 921//994 503//992 
f 917//988 918//990 506//989 
f 915//985 916//987 508//986 
f 557//982 512//980 912//980 
f 513//977 514//963 910//978 
f 902//962 910//978 514//963 
o mesh5
f 1099//1014 932//1015 931//1016 
f 931//1016 1100//1017 1099//1014 
f 1101//1018 1099//1014 1100//1017 
f 1102//1019 1101//1018 1103//1020 
f 1104//1021 1102//1019 1105//1022 
f 1106//1023 1104//1021 1107//1024 
f 1108//1025 1106//1023 1109//1026 
f 1110//1027 1108//1025 1111//1028 
f 1112//1029 1110//1027 1113//1030 
f 1114//1031 1112//1029 1115//1032 
f 1116//1033 1114//1031 1117//1034 
f 1118//1035 1116//1033 1119//1036 
f 1120//1037 1118//1035 1121//1038 
f 1122//1039 1120//1037 1123//1040 
f 1124//1041 1122//1039 1125//1042 
f 1126//1043 1124//1041 1127//1044 
f 1128//1045 1126//1043 1129//1046 
f 1130//1047 1128//1045 1131//1048 
f 1132//1049 1130//1047 1133//1050 
f 1134//1051 1132//1049 1135//1052 
f 1136//1053 1134//1051 1137//1054 
f 1138//1055 1136//1053 1139//1056 
f 1140//1057 1138//1055 1141//1058 
f 1142//1059 1140//1057 1143//1060 
f 1142//1059 1144//1061 935//1062 
f 1144//1061 936//1063 937//1064 
f 937//1064 935//1062 1144//1061 
f 1100//1017 930//1065 929//1066 
f 929//1066 1145//1067 1100//1017 
f 1103//1020 1100//1017 1145//1067 
f 1105//1022 1103//1020 1146//1068 
f 1107//1024 1105//1022 1147//1069 
f 1109//1026 1107//1024 1148//1070 
f 1111//1028 1109//1026 1149//1071 
f 1113//1030 1111//1028 1150//1072 
f 1115//1032 1113//1030 1151//1073 
f 1117//1034 1115//1032 1152//1074 
f 1119//1036 1117//1034 1153//1075 
f 1121//1038 1119//1036 1154//1076 
f 1123//1040 1121//1038 1155//1077 
f 1125//1042 1123//1040 1156//1078 
f 1127//1044 1125//1042 1157//1079 
f 1129//1046 1127//1044 1158//1080 
f 1131//1048 1129//1046 1159//1081 
f 1133//1050 1131//1048 1160//1082 
f 1135//1052 1133//1050 1161//1083 
f 1137//1054 1135//1052 1162//1084 
f 1139//1056 1137//1054 1163//1085 
f 1141//1058 1139//1056 1164//1086 
f 1143//1060 1141//1058 1165//1087 
f 1144//1061 1143//1060 1166//1088 
f 1144//1061 1167//1089 938//1090 
f 1167//1089 939//1091 940//1092 
f 940//1092 938//1090 1167//1089 
f 927//1093 1168//1094 1145//1067 
f 1146//1068 1145//1067 1168//1094 
f 1147//1069 1146//1068 1169//1095 
f 1148//1070 1147//1069 1170//1096 
f 1149//1071 1148//1070 1171//1097 
f 1150//1072 1149//1071 1172//1098 
f 1151//1073 1150//1072 1173//1099 
f 1152//1074 1151//1073 1174//1100 
f 1153//1075 1152//1074 1175//1101 
f 1154//1076 1153//1075 1176//1102 
f 1155//1077 1154//1076 1177//1103 
f 1156//1078 1155//1077 1178//1104 
f 1157//1079 1156//1078 1179//1105 
f 1158//1080 1157//1079 1180//1106 
f 1159//1081 1158//1080 1181//1107 
f 1160//1082 1159//1081 1182//1108 
f 1161//1083 1160//1082 1183//1109 
f 1162//1084 1161//1083 1184//1110 
f 1163//1085 1162//1084 1185//1111 
f 1164//1086 1163//1085 1186//1112 
f 1165//1087 1164//1086 1187//1113 
f 1166//1088 1165//1087 1188//1114 
f 1167//1089 1166//1088 1189//1115 
f 1190//1116 941//1117 939//1091 
f 1191//1118 1168//1094 926//1119 
f 1168//1094 927//1093 926//1119 
f 1169//1095 1168//1094 1191//1118 
f 1170//1096 1169//1095 1192//1120 
f 1171//1097 1170//1096 1193//1121 
f 1172//1098 1171//1097 1194//1122 
f 1173//1099 1172//1098 1195//1123 
f 1174//1100 1173//1099 1196//1124 
f 1175//1101 1174//1100 1197//1125 
f 1176//1102 1175//1101 1198//1126 
f 1177//1103 1176//1102 1199//1127 
f 1178//1104 1177//1103 1200//1128 
f 1179//1105 1178//1104 1201//1129 
f 1180//1106 1179//1105 1202//1130 
f 1181//1107 1180//1106 1203//1131 
f 1182//1108 1181//1107 1204//1132 
f 1183//1109 1182//1108 1205//1133 
f 1184//1110 1183//1109 1206//1134 
f 1185//1111 1184//1110 1207//1135 
f 1186//1112 1185//1111 1208//1136 
f 1187//1113 1186//1112 1209//1137 
f 1188//1114 1187//1113 1210//1138 
f 1189//1115 1188//1114 1211//1139 
f 1190//1116 1189//1115 1212//1140 
f 1213//1141 942//1142 943//1143 
f 943//1143 1190//1116 1213//1141 
f 943//1143 944//1144 1190//1116 
f 1214//1145 1191//1118 924//1146 
f 1191//1118 925//1147 924//1146 
f 1192//1120 1191//1118 1214//1145 
f 1193//1121 1192//1120 1215//1148 
f 1194//1122 1193//1121 1216//1149 
f 1195//1123 1194//1122 1217//1150 
f 1196//1124 1195//1123 1218//1151 
f 1197//1125 1196//1124 1219//1152 
f 1198//1126 1197//1125 1220//1153 
f 1199//1127 1198//1126 1221//1154 
f 1200//1128 1199//1127 1222//1155 
f 1201//1129 1200//1128 1223//1156 
f 1202//1130 1201//1129 1224//1157 
f 1203//1131 1202//1130 1225//1158 
f 1204//1132 1203//1131 1226//1159 
f 1205//1133 1204//1132 1227//1160 
f 1206//1134 1205//1133 1228//1161 
f 1207//1135 1206//1134 1229//1162 
f 1208//1136 1207//1135 1230//1163 
f 1209//1137 1208//1136 1231//1164 
f 1210//1138 1209//1137 1232//1165 
f 1211//1139 1210//1138 1233//1166 
f 1212//1140 1211//1139 1234//1167 
f 1213//1141 1212//1140 1235//1168 
f 1213//1141 945//1169 946//1170 
f 1213//1141 1236//1171 947//1172 
f 1236//1171 948//1173 947//1172 
f 947//1172 945//1169 1213//1141 
f 1237//1174 1214//1145 922//1175 
f 1214//1145 923//1176 922//1175 
f 1215//1148 1214//1145 1237//1174 
f 1216//1149 1215//1148 1238//1177 
f 1217//1150 1216//1149 1239//1178 
f 1218//1151 1217//1150 1240//1179 
f 1219//1152 1218//1151 1241//1180 
f 1220//1153 1219//1152 1242//1181 
f 1221//1154 1220//1153 1243//1182 
f 1222//1155 1221//1154 1244//1183 
f 1223//1156 1222//1155 1245//1184 
f 1224//1157 1223//1156 1246//1185 
f 1225//1158 1224//1157 1247//1186 
f 1226//1159 1225//1158 1248//1187 
f 1227//1160 1226//1159 1249//1188 
f 1228//1161 1227//1160 1250//1189 
f 1229//1162 1228//1161 1251//1190 
f 1230//1163 1229//1162 1252//1191 
f 1231//1164 1230//1163 1253//1192 
f 1232//1165 1231//1164 1254//1193 
f 1233//1166 1232//1165 1255//1194 
f 1234//1167 1233//1166 1256//1195 
f 1235//1168 1234//1167 1257//1196 
f 1236//1171 1235//1168 1258//1197 
f 1236//1171 949//1198 950//1199 
f 1259//1200 951//1201 949//1198 
f 949//1198 1236//1171 1259//1200 
f 1237//1174 921//1202 920//1203 
f 1238//1177 1237//1174 1260//1204 
f 1239//1178 1238//1177 1261//1205 
f 1240//1179 1239//1178 1262//1206 
f 1241//1180 1240//1179 1263//1207 
f 1242//1181 1241//1180 1264//1208 
f 1243//1182 1242//1181 1265//1209 
f 1244//1183 1243//1182 1266//1210 
f 1245//1184 1244//1183 1267//1211 
f 1246//1185 1245//1184 1268//1212 
f 1247//1186 1246//1185 1269//1213 
f 1248//1187 1247//1186 1270//1214 
f 1249//1188 1248//1187 1271//1215 
f 1250//1189 1249//1188 1272//1216 
f 1251//1190 1250//1189 1273//1217 
f 1252//1191 1251//1190 1274//1218 
f 1253//1192 1252//1191 1275//1219 
f 1254//1193 1253//1192 1276//1220 
f 1255//1194 1254//1193 1277//1221 
f 1256//1195 1255//1194 1278//1222 
f 1257//1196 1256//1195 1279//1223 
f 1258//1197 1257//1196 1280//1224 
f 1259//1200 1258//1197 1281//1225 
f 1259//1200 952//1226 953//1227 
f 1282//1228 954//1229 952//1226 
f 952//1226 1259//1200 1282//1228 
f 1283//1230 1260//1204 919//1231 
f 1260//1204 920//1203 919//1231 
f 1261//1205 1260//1204 1283//1230 
f 1262//1206 1261//1205 1284//1232 
f 1263//1207 1262//1206 1285//1233 
f 1264//1208 1263//1207 1286//1234 
f 1265//1209 1264//1208 1287//1235 
f 1266//1210 1265//1209 1288//1236 
f 1267//1211 1266//1210 1289//1237 
f 1268//1212 1267//1211 1290//1238 
f 1269//1213 1268//1212 1291//1239 
f 1270//1214 1269//1213 1292//1240 
f 1271//1215 1270//1214 1293//1241 
f 1272//1216 1271//1215 1294//1242 
f 1273//1217 1272//1216 1295//1243 
f 1274//1218 1273//1217 1296//1244 
f 1275//1219 1274//1218 1297//1245 
f 1276//1220 1275//1219 1298//1246 
f 1277//1221 1276//1220 1299//1247 
f 1278//1222 1277//1221 1300//1248 
f 1279//1223 1278//1222 1301//1249 
f 1280//1224 1279//1223 1302//1250 
f 1281//1225 1280//1224 1303//1251 
f 1282//1228 1281//1225 1304//1252 
f 1282//1228 1305//1253 955//1254 
f 1305//1253 956//1255 955//1254 
f 1305//1253 957//1256 956//1255 
f 1306//1257 1283//1230 917//1258 
f 1283//1230 918//1259 917//1258 
f 1284//1232 1283//1230 1306//1257 
f 1285//1233 1284//1232 1307//1260 
f 1286//1234 1285//1233 1308//1261 
f 1287//1235 1286//1234 1309//1262 
f 1288//1236 1287//1235 1310//1263 
f 1289//1237 1288//1236 1311//1264 
f 1290//1238 1289//1237 1312//1265 
f 1291//1239 1290//1238 1313//1266 
f 1292//1240 1291//1239 1314//1267 
f 1293//1241 1292//1240 1315//1268 
f 1294//1242 1293//1241 1316//1269 
f 1295//1243 1294//1242 1317//1270 
f 1296//1244 1295//1243 1318//1271 
f 1297//1245 1296//1244 1319//1272 
f 1298//1246 1297//1245 1320//1273 
f 1299//1247 1298//1246 1321//1274 
f 1300//1248 1299//1247 1322//1275 
f 1301//1249 1300//1248 1323//1276 
f 1302//1250 1301//1249 1324//1277 
f 1303//1251 1302//1250 1325//1278 
f 1304//1252 1303//1251 1326//1279 
f 1305//1253 1304//1252 1327//1280 
f 1305//1253 1328//1281 958//1282 
f 1328//1281 959//1283 958//1282 
f 1328//1281 960//1284 961//1285 
f 961//1285 959//1283 1328//1281 
f 1329//1286 1306//1257 915//1287 
f 1306//1257 916//1288 915//1287 
f 1307//1260 1306//1257 1329//1286 
f 1308//1261 1307//1260 1330//1289 
f 1309//1262 1308//1261 1331//1290 
f 1310//1263 1309//1262 1332//1291 
f 1311//1264 1310//1263 1333//1292 
f 1312//1265 1311//1264 1334//1293 
f 1313//1266 1312//1265 1335//1294 
f 1314//1267 1313//1266 1336//1295 
f 1315//1268 1314//1267 1337//1296 
f 1316//1269 1315//1268 1338//1297 
f 1317//1270 1316//1269 1339//1298 
f 1318//1271 1317//1270 1340//1299 
f 1319//1272 1318//1271 1341//1300 
f 1320//1273 1319//1272 1342//1301 
f 1321//1274 1320//1273 1343//1302 
f 1322//1275 1321//1274 1344//1303 
f 1323//1276 1322//1275 1345//1304 
f 1324//1277 1323//1276 1346//1305 
f 1325//1278 1324//1277 1347//1306 
f 1326//1279 1325//1278 1348//1307 
f 1327//1280 1326//1279 1349//1308 
f 1328//1281 1327//1280 1350//1309 
f 1328//1281 1351//1310 962//1311 
f 1351//1310 963//1312 962//1311 
f 1329//1286 914//1313 913//1314 
f 1330//1289 1329//1286 1352//1315 
f 1331//1290 1330//1289 1353//1316 
f 1332//1291 1331//1290 1354//1317 
f 1333//1292 1332//1291 1355//1318 
f 1334//1293 1333//1292 1356//1319 
f 1335//1294 1334//1293 1357//1320 
f 1336//1295 1335//1294 1358//1321 
f 1337//1296 1336//1295 1359//1322 
f 1338//1297 1337//1296 1360//1323 
f 1339//1298 1338//1297 1361//1324 
f 1340//1299 1339//1298 1362//1325 
f 1341//1300 1340//1299 1363//1326 
f 1342//1301 1341//1300 1364//1327 
f 1343//1302 1342//1301 1365//1328 
f 1344//1303 1343//1302 1366//1329 
f 1345//1304 1344//1303 1367//1330 
f 1346//1305 1345//1304 1368//1331 
f 1347//1306 1346//1305 1369//1332 
f 1348//1307 1347//1306 1370//1333 
f 1349//1308 1348//1307 1371//1334 
f 1350//1309 1349//1308 1372//1335 
f 1351//1310 1350//1309 1373//1336 
f 1374//1337 964//1338 965//1339 
f 965//1339 1351//1310 1374//1337 
f 1375//1340 1352//1315 912//1341 
f 1352//1315 913//1314 912//1341 
f 1353//1316 1352//1315 1375//1340 
f 1354//1317 1353//1316 1376//1342 
f 1355//1318 1354//1317 1377//1343 
f 1356//1319 1355//1318 1378//1344 
f 1357//1320 1356//1319 1379//1345 
f 1358//1321 1357//1320 1380//1346 
f 1359//1322 1358//1321 1381//1347 
f 1360//1323 1359//1322 1382//1348 
f 1361//1324 1360//1323 1383//1349 
f 1362//1325 1361//1324 1384//1350 
f 1363//1326 1362//1325 1385//1351 
f 1364//1327 1363//1326 1386//1352 
f 1365//1328 1364//1327 1387//1353 
f 1366//1329 1365//1328 1388//1354 
f 1367//1330 1366//1329 1389//1355 
f 1368//1331 1367//1330 1390//1356 
f 1369//1332 1368//1331 1391//1357 
f 1370//1333 1369//1332 1392//1358 
f 1371//1334 1370//1333 1393//1359 
f 1372//1335 1371//1334 1394//1360 
f 1373//1336 1372//1335 1395//1361 
f 1374//1337 1373//1336 1396//1362 
f 1374//1337 966//1363 967//1364 
f 1397//1365 968//1366 966//1363 
f 966//1363 1374//1337 1397//1365 
f 1375//1340 911//1367 910//1368 
f 910//1368 1398//1369 1375//1340 
f 1376//1342 1375//1340 1398//1369 
f 1377//1343 1376//1342 1399//1370 
f 1378//1344 1377//1343 1400//1371 
f 1379//1345 1378//1344 1401//1372 
f 1380//1346 1379//1345 1402//1373 
f 1381//1347 1380//1346 1403//1374 
f 1382//1348 1381//1347 1404//1375 
f 1383//1349 1382//1348 1405//1376 
f 1384//1350 1383//1349 1406//1377 
f 1385//1351 1384//1350 1407//1378 
f 1386//1352 1385//1351 1408//1379 
f 1387//1353 1386//1352 1409//1380 
f 1388//1354 1387//1353 1410//1381 
f 1389//1355 1388//1354 1411//1382 
f 1390//1356 1389//1355 1412//1383 
f 1391//1357 1390//1356 1413//1384 
f 1392//1358 1391//1357 1414//1385 
f 1393//1359 1392//1358 1415//1386 
f 1394//1360 1393//1359 1416//1387 
f 1395//1361 1394//1360 1417//1388 
f 1396//1362 1395//1361 1418//1389 
f 1397//1365 1396//1362 1419//1390 
f 1397//1365 969//1391 970//1392 
f 1397//1365 1420//1393 971//1394 
f 1420//1393 972//1395 971//1394 
f 971//1394 969//1391 1397//1365 
f 903//1396 1421//1397 1398//1369 
f 1399//1370 1398//1369 1421//1397 
f 1400//1371 1399//1370 1422//1398 
f 1401//1372 1400//1371 1423//1399 
f 1402//1373 1401//1372 1424//1400 
f 1403//1374 1402//1373 1425//1401 
f 1404//1375 1403//1374 1426//1402 
f 1405//1376 1404//1375 1427//1403 
f 1406//1377 1405//1376 1428//1404 
f 1407//1378 1406//1377 1429//1405 
f 1408//1379 1407//1378 1430//1406 
f 1409//1380 1408//1379 1431//1407 
f 1410//1381 1409//1380 1432//1408 
f 1411//1382 1410//1381 1433//1409 
f 1412//1383 1411//1382 1434//1410 
f 1413//1384 1412//1383 1435//1411 
f 1414//1385 1413//1384 1436//1412 
f 1415//1386 1414//1385 1437//1413 
f 1416//1387 1415//1386 1438//1414 
f 1417//1388 1416//1387 1439//1415 
f 1418//1389 1417//1388 1440//1416 
f 1419//1390 1418//1389 1441//1417 
f 1420//1393 1419//1390 1442//1418 
f 1420//1393 1443//1419 973//1420 
f 1443//1419 974//1421 973//1420 
f 904//1422 1444//1423 1421//1397 
f 1422//1398 1421//1397 1444//1423 
f 1423//1399 1422//1398 1445//1424 
f 1424//1400 1423//1399 1446//1425 
f 1425//1401 1424//1400 1447//1426 
f 1426//1402 1425//1401 1448//1427 
f 1427//1403 1426//1402 1449//1428 
f 1428//1404 1427//1403 1450//1429 
f 1429//1405 1428//1404 1451//1430 
f 1430//1406 1429//1405 1452//1431 
f 1431//1407 1430//1406 1453//1432 
f 1432//1408 1431//1407 1454//1433 
f 1433//1409 1432//1408 1455//1434 
f 1434//1410 1433//1409 1456//1435 
f 1435//1411 1434//1410 1457//1436 
f 1436//1412 1435//1411 1458//1437 
f 1437//1413 1436//1412 1459//1438 
f 1438//1414 1437//1413 1460//1439 
f 1439//1415 1438//1414 1461//1440 
f 1440//1416 1439//1415 1462//1441 
f 1441//1417 1440//1416 1463//1442 
f 1442//1418 1441//1417 1464//1443 
f 1443//1419 1442//1418 1465//1444 
f 1443//1419 1466//1445 975//1446 
f 975//1446 976//1447 1443//1419 
f 1466//1445 977//1448 975//1446 
f 905//1449 1467//1450 1444//1423 
f 1445//1424 1444//1423 1467//1450 
f 1446//1425 1445//1424 1468//1451 
f 1447//1426 1446//1425 1469//1452 
f 1448//1427 1447//1426 1470//1453 
f 1449//1428 1448//1427 1471//1454 
f 1450//1429 1449//1428 1472//1455 
f 1451//1430 1450//1429 1473//1456 
f 1452//1431 1451//1430 1474//1457 
f 1453//1432 1452//1431 1475//1458 
f 1454//1433 1453//1432 1476//1459 
f 1455//1434 1454//1433 1477//1460 
f 1456//1435 1455//1434 1478//1461 
f 1457//1436 1456//1435 1479//1462 
f 1458//1437 1457//1436 1480//1463 
f 1459//1438 1458//1437 1481//1464 
f 1460//1439 1459//1438 1482//1465 
f 1461//1440 1460//1439 1483//1466 
f 1462//1441 1461//1440 1484//1467 
f 1463//1442 1462//1441 1485//1468 
f 1464//1443 1463//1442 1486//1469 
f 1465//1444 1464//1443 1487//1470 
f 1466//1445 1465//1444 1488//1471 
f 1489//1472 978//1473 979//1474 
f 1489//1472 980//1475 978//1473 
f 979//1474 1466//1445 1489//1472 
f 905//1449 906//1476 1490//1477 
f 1468//1451 1467//1450 1490//1477 
f 1469//1452 1468//1451 1491//1478 
f 1470//1453 1469//1452 1492//1479 
f 1471//1454 1470//1453 1493//1480 
f 1472//1455 1471//1454 1494//1481 
f 1473//1456 1472//1455 1495//1482 
f 1474//1457 1473//1456 1496//1483 
f 1475//1458 1474//1457 1497//1484 
f 1476//1459 1475//1458 1498//1485 
f 1477//1460 1476//1459 1499//1486 
f 1478//1461 1477//1460 1500//1487 
f 1479//1462 1478//1461 1501//1488 
f 1480//1463 1479//1462 1502//1489 
f 1481//1464 1480//1463 1503//1490 
f 1482//1465 1481//1464 1504//1491 
f 1483//1466 1482//1465 1505//1492 
f 1484//1467 1483//1466 1506//1493 
f 1485//1468 1484//1467 1507//1494 
f 1486//1469 1485//1468 1508//1495 
f 1487//1470 1486//1469 1509//1496 
f 1488//1471 1487//1470 1510//1497 
f 1489//1472 1488//1471 1511//1498 
f 1489//1472 1512//1499 981//1500 
f 1512//1499 982//1501 981//1500 
f 906//1476 907//1502 1513//1503 
f 1491//1478 1490//1477 1513//1503 
f 1492//1479 1491//1478 1514//1504 
f 1493//1480 1492//1479 1515//1505 
f 1494//1481 1493//1480 1516//1506 
f 1495//1482 1494//1481 1517//1507 
f 1496//1483 1495//1482 1518//1508 
f 1497//1484 1496//1483 1519//1509 
f 1498//1485 1497//1484 1520//1510 
f 1499//1486 1498//1485 1521//1511 
f 1500//1487 1499//1486 1522//1512 
f 1501//1488 1500//1487 1523//1513 
f 1502//1489 1501//1488 1524//1514 
f 1503//1490 1502//1489 1525//1515 
f 1504//1491 1503//1490 1526//1516 
f 1505//1492 1504//1491 1527//1517 
f 1506//1493 1505//1492 1528//1518 
f 1507//1494 1506//1493 1529//1519 
f 1508//1495 1507//1494 1530//1520 
f 1509//1496 1508//1495 1531//1521 
f 1510//1497 1509//1496 1532//1522 
f 1511//1498 1510//1497 1533//1523 
f 1512//1499 1511//1498 1534//1524 
f 1535//1525 983//1526 982//1501 
f 984//1527 1142//1059 985//1528 
f 1142//1059 986//1529 985//1528 
f 985//1528 987//1530 984//1527 
f 1140//1057 1142//1059 988//1531 
f 988//1531 989//1532 1140//1057 
f 1138//1055 1140//1057 990//1533 
f 990//1533 991//1534 1138//1055 
f 1136//1053 1138//1055 992//1535 
f 992//1535 993//1536 1136//1053 
f 993//1536 994//1537 1136//1053 
f 1134//1051 1136//1053 995//1538 
f 1132//1049 1134//1051 996//1539 
f 1130//1047 1132//1049 997//1540 
f 997//1540 998//1541 1130//1047 
f 1128//1045 1130//1047 999//1542 
f 999//1542 1000//1543 1128//1045 
f 1126//1043 1128//1045 1001//1544 
f 1001//1544 1002//1545 1126//1043 
f 1124//1041 1126//1043 1003//1546 
f 1003//1546 1004//1547 1124//1041 
f 1122//1039 1124//1041 1005//1548 
f 1120//1037 1122//1039 1006//1549 
f 1118//1035 1120//1037 1007//1550 
f 1007//1550 1008//1551 1118//1035 
f 1116//1033 1118//1035 1009//1552 
f 1114//1031 1116//1033 1010//1553 
f 1010//1553 1011//1554 1114//1031 
f 1011//1554 1012//1555 1114//1031 
f 1112//1029 1114//1031 1013//1556 
f 1013//1556 1014//1557 1112//1029 
f 1110//1027 1112//1029 1015//1558 
f 1015//1558 1016//1559 1110//1027 
f 1108//1025 1110//1027 1017//1560 
f 1017//1560 1018//1561 1108//1025 
f 1018//1561 1019//1562 1108//1025 
f 1106//1023 1108//1025 1020//1563 
f 1020//1563 1021//1564 1106//1023 
f 1104//1021 1106//1023 1022//1565 
f 1022//1565 1023//1566 1104//1021 
f 1102//1019 1104//1021 1024//1567 
f 1024//1567 1025//1568 1102//1019 
f 1101//1018 1102//1019 1026//1569 
f 1026//1569 1027//1570 1101//1018 
f 1101//1018 1028//1571 1029//1572 
f 1099//1014 1029//1572 933//1573 
f 933//1573 1029//1572 1030//1574 
f 1030//1574 934//1575 933//1573 
f 1513//1503 907//1502 909//1576 
f 909//1576 1031//1577 1513//1503 
f 1031//1577 1032//1578 1513//1503 
f 1514//1504 1513//1503 1033//1579 
f 1514//1504 1034//1580 1035//1581 
f 1035//1581 1515//1505 1514//1504 
f 1035//1581 1036//1582 1515//1505 
f 1516//1506 1515//1505 1037//1583 
f 1515//1505 1038//1584 1037//1583 
f 1517//1507 1516//1506 1039//1585 
f 1039//1585 1040//1586 1517//1507 
f 1040//1586 1041//1587 1517//1507 
f 1518//1508 1517//1507 1042//1588 
f 1519//1509 1518//1508 1043//1589 
f 1518//1508 1044//1590 1043//1589 
f 1043//1589 1045//1591 1519//1509 
f 1520//1510 1519//1509 1046//1592 
f 1519//1509 1047//1593 1046//1592 
f 1520//1510 1048//1594 1049//1595 
f 1049//1595 1521//1511 1520//1510 
f 1049//1595 1050//1596 1521//1511 
f 1522//1512 1521//1511 1051//1597 
f 1521//1511 1052//1598 1051//1597 
f 1051//1597 1053//1599 1522//1512 
f 1054//1600 1055//1601 1523//1513 
f 1522//1512 1056//1602 1054//1600 
f 1523//1513 1055//1601 1057//1603 
f 1057//1603 1524//1514 1523//1513 
f 1525//1515 1524//1514 1058//1604 
f 1524//1514 1059//1605 1058//1604 
f 1524//1514 1060//1606 1059//1605 
f 1058//1604 1061//1607 1525//1515 
f 1526//1516 1525//1515 1062//1608 
f 1525//1515 1063//1609 1062//1608 
f 1062//1608 1064//1610 1526//1516 
f 1065//1611 1066//1612 1527//1517 
f 1526//1516 1067//1613 1065//1611 
f 1528//1518 1527//1517 1068//1614 
f 1527//1517 1066//1612 1068//1614 
f 1068//1614 1069//1615 1528//1518 
f 1529//1519 1528//1518 1070//1616 
f 1528//1518 1071//1617 1070//1616 
f 1070//1616 1072//1618 1529//1519 
f 1529//1519 1073//1619 1074//1620 
f 1529//1519 1075//1621 1073//1619 
f 1074//1620 1530//1520 1529//1519 
f 1531//1521 1530//1520 1076//1622 
f 1530//1520 1077//1623 1076//1622 
f 1530//1520 1078//1624 1077//1623 
f 1076//1622 1079//1625 1531//1521 
f 1532//1522 1531//1521 1080//1626 
f 1531//1521 1081//1627 1080//1626 
f 1080//1626 1082//1628 1532//1522 
f 1532//1522 1083//1629 1084//1630 
f 1532//1522 1085//1631 1083//1629 
f 1084//1630 1533//1523 1532//1522 
f 1534//1524 1533//1523 1086//1632 
f 1533//1523 1087//1633 1086//1632 
f 1533//1523 1088//1634 1087//1633 
f 1086//1632 1089//1635 1534//1524 
f 1535//1525 1534//1524 1090//1636 
f 1534//1524 1091//1637 1090//1636 
f 1090//1636 1092//1638 1535//1525 
f 1093//1639 1094//1640 1095//1641 
f 1095//1641 1535//1525 1093//1639 
f 1095//1641 1096//1642 1535//1525 
f 1535//1525 1097//1643 1093//1639 
f 1535//1525 1098//1644 1097//1643 
f 1096//1642 983//1526 1535//1525 
f 1092//1638 1098//1644 1535//1525 
f 1089//1635 1091//1637 1534//1524 
f 1084//1630 1088//1634 1533//1523 
f 1082//1628 1085//1631 1532//1522 
f 1079//1625 1081//1627 1531//1521 
f 1074//1620 1078//1624 1530//1520 
f 1072//1618 1075//1621 1529//1519 
f 1069//1615 1071//1617 1528//1518 
f 1527//1517 1526//1516 1065//1611 
f 1064//1610 1067//1613 1526//1516 
f 1061//1607 1063//1609 1525//1515 
f 1057//1603 1060//1606 1524//1514 
f 1523//1513 1522//1512 1054//1600 
f 1053//1599 1056//1602 1522//1512 
f 1050//1596 1052//1598 1521//1511 
f 1046//1592 1048//1594 1520//1510 
f 1045//1591 1047//1593 1519//1509 
f 1042//1588 1044//1590 1518//1508 
f 1041//1587 1042//1588 1517//1507 
f 1037//1583 1039//1585 1516//1506 
f 1036//1582 1038//1584 1515//1505 
f 1033//1579 1034//1580 1514//1504 
f 1032//1578 1033//1579 1513//1503 
f 933//1573 932//1015 1099//1014 
f 1029//1572 1099//1014 1101//1018 
f 1027//1570 1028//1571 1101//1018 
f 1025//1568 1026//1569 1102//1019 
f 1023//1566 1024//1567 1104//1021 
f 1021//1564 1022//1565 1106//1023 
f 1019//1562 1020//1563 1108//1025 
f 1016//1559 1017//1560 1110//1027 
f 1014//1557 1015//1558 1112//1029 
f 1012//1555 1013//1556 1114//1031 
f 1009//1552 1010//1553 1116//1033 
f 1008//1551 1009//1552 1118//1035 
f 1006//1549 1007//1550 1120//1037 
f 1005//1548 1006//1549 1122//1039 
f 1004//1547 1005//1548 1124//1041 
f 1002//1545 1003//1546 1126//1043 
f 1000//1543 1001//1544 1128//1045 
f 998//1541 999//1542 1130//1047 
f 996//1539 997//1540 1132//1049 
f 995//1538 996//1539 1134//1051 
f 994//1537 995//1538 1136//1053 
f 991//1534 992//1535 1138//1055 
f 989//1532 990//1533 1140//1057 
f 984//1527 988//1531 1142//1059 
f 982//1501 1512//1499 1535//1525 
f 1534//1524 1535//1525 1512//1499 
f 1533//1523 1534//1524 1511//1498 
f 1532//1522 1533//1523 1510//1497 
f 1531//1521 1532//1522 1509//1496 
f 1530//1520 1531//1521 1508//1495 
f 1529//1519 1530//1520 1507//1494 
f 1528//1518 1529//1519 1506//1493 
f 1527//1517 1528//1518 1505//1492 
f 1526//1516 1527//1517 1504//1491 
f 1525//1515 1526//1516 1503//1490 
f 1524//1514 1525//1515 1502//1489 
f 1523//1513 1524//1514 1501//1488 
f 1522//1512 1523//1513 1500//1487 
f 1521//1511 1522//1512 1499//1486 
f 1520//1510 1521//1511 1498//1485 
f 1519//1509 1520//1510 1497//1484 
f 1518//1508 1519//1509 1496//1483 
f 1517//1507 1518//1508 1495//1482 
f 1516//1506 1517//1507 1494//1481 
f 1515//1505 1516//1506 1493//1480 
f 1514//1504 1515//1505 1492//1479 
f 1513//1503 1514//1504 1491//1478 
f 1513//1503 1490//1477 906//1476 
f 981//1500 980//1475 1489//1472 
f 1511//1498 1512//1499 1489//1472 
f 1510//1497 1511//1498 1488//1471 
f 1509//1496 1510//1497 1487//1470 
f 1508//1495 1509//1496 1486//1469 
f 1507//1494 1508//1495 1485//1468 
f 1506//1493 1507//1494 1484//1467 
f 1505//1492 1506//1493 1483//1466 
f 1504//1491 1505//1492 1482//1465 
f 1503//1490 1504//1491 1481//1464 
f 1502//1489 1503//1490 1480//1463 
f 1501//1488 1502//1489 1479//1462 
f 1500//1487 1501//1488 1478//1461 
f 1499//1486 1500//1487 1477//1460 
f 1498//1485 1499//1486 1476//1459 
f 1497//1484 1498//1485 1475//1458 
f 1496//1483 1497//1484 1474//1457 
f 1495//1482 1496//1483 1473//1456 
f 1494//1481 1495//1482 1472//1455 
f 1493//1480 1494//1481 1471//1454 
f 1492//1479 1493//1480 1470//1453 
f 1491//1478 1492//1479 1469//1452 
f 1490//1477 1491//1478 1468//1451 
f 1490//1477 1467//1450 905//1449 
f 979//1474 977//1448 1466//1445 
f 1488//1471 1489//1472 1466//1445 
f 1487//1470 1488//1471 1465//1444 
f 1486//1469 1487//1470 1464//1443 
f 1485//1468 1486//1469 1463//1442 
f 1484//1467 1485//1468 1462//1441 
f 1483//1466 1484//1467 1461//1440 
f 1482//1465 1483//1466 1460//1439 
f 1481//1464 1482//1465 1459//1438 
f 1480//1463 1481//1464 1458//1437 
f 1479//1462 1480//1463 1457//1436 
f 1478//1461 1479//1462 1456//1435 
f 1477//1460 1478//1461 1455//1434 
f 1476//1459 1477//1460 1454//1433 
f 1475//1458 1476//1459 1453//1432 
f 1474//1457 1475//1458 1452//1431 
f 1473//1456 1474//1457 1451//1430 
f 1472//1455 1473//1456 1450//1429 
f 1471//1454 1472//1455 1449//1428 
f 1470//1453 1471//1454 1448//1427 
f 1469//1452 1470//1453 1447//1426 
f 1468//1451 1469//1452 1446//1425 
f 1467//1450 1468//1451 1445//1424 
f 1444//1423 904//1422 905//1449 
f 976//1447 974//1421 1443//1419 
f 1465//1444 1466//1445 1443//1419 
f 1464//1443 1465//1444 1442//1418 
f 1463//1442 1464//1443 1441//1417 
f 1462//1441 1463//1442 1440//1416 
f 1461//1440 1462//1441 1439//1415 
f 1460//1439 1461//1440 1438//1414 
f 1459//1438 1460//1439 1437//1413 
f 1458//1437 1459//1438 1436//1412 
f 1457//1436 1458//1437 1435//1411 
f 1456//1435 1457//1436 1434//1410 
f 1455//1434 1456//1435 1433//1409 
f 1454//1433 1455//1434 1432//1408 
f 1453//1432 1454//1433 1431//1407 
f 1452//1431 1453//1432 1430//1406 
f 1451//1430 1452//1431 1429//1405 
f 1450//1429 1451//1430 1428//1404 
f 1449//1428 1450//1429 1427//1403 
f 1448//1427 1449//1428 1426//1402 
f 1447//1426 1448//1427 1425//1401 
f 1446//1425 1447//1426 1424//1400 
f 1445//1424 1446//1425 1423//1399 
f 1444//1423 1445//1424 1422//1398 
f 1421//1397 903//1396 904//1422 
f 973//1420 972//1395 1420//1393 
f 1442//1418 1443//1419 1420//1393 
f 1441//1417 1442//1418 1419//1390 
f 1440//1416 1441//1417 1418//1389 
f 1439//1415 1440//1416 1417//1388 
f 1438//1414 1439//1415 1416//1387 
f 1437//1413 1438//1414 1415//1386 
f 1436//1412 1437//1413 1414//1385 
f 1435//1411 1436//1412 1413//1384 
f 1434//1410 1435//1411 1412//1383 
f 1433//1409 1434//1410 1411//1382 
f 1432//1408 1433//1409 1410//1381 
f 1431//1407 1432//1408 1409//1380 
f 1430//1406 1431//1407 1408//1379 
f 1429//1405 1430//1406 1407//1378 
f 1428//1404 1429//1405 1406//1377 
f 1427//1403 1428//1404 1405//1376 
f 1426//1402 1427//1403 1404//1375 
f 1425//1401 1426//1402 1403//1374 
f 1424//1400 1425//1401 1402//1373 
f 1423//1399 1424//1400 1401//1372 
f 1422//1398 1423//1399 1400//1371 
f 1421//1397 1422//1398 1399//1370 
f 1398//1369 902//1645 903//1396 
f 970//1392 968//1366 1397//1365 
f 1419//1390 1420//1393 1397//1365 
f 1418//1389 1419//1390 1396//1362 
f 1417//1388 1418//1389 1395//1361 
f 1416//1387 1417//1388 1394//1360 
f 1415//1386 1416//1387 1393//1359 
f 1414//1385 1415//1386 1392//1358 
f 1413//1384 1414//1385 1391//1357 
f 1412//1383 1413//1384 1390//1356 
f 1411//1382 1412//1383 1389//1355 
f 1410//1381 1411//1382 1388//1354 
f 1409//1380 1410//1381 1387//1353 
f 1408//1379 1409//1380 1386//1352 
f 1407//1378 1408//1379 1385//1351 
f 1406//1377 1407//1378 1384//1350 
f 1405//1376 1406//1377 1383//1349 
f 1404//1375 1405//1376 1382//1348 
f 1403//1374 1404//1375 1381//1347 
f 1402//1373 1403//1374 1380//1346 
f 1401//1372 1402//1373 1379//1345 
f 1400//1371 1401//1372 1378//1344 
f 1399//1370 1400//1371 1377//1343 
f 1398//1369 1399//1370 1376//1342 
f 910//1368 902//1645 1398//1369 
f 967//1364 964//1338 1374//1337 
f 1396//1362 1397//1365 1374//1337 
f 1395//1361 1396//1362 1373//1336 
f 1394//1360 1395//1361 1372//1335 
f 1393//1359 1394//1360 1371//1334 
f 1392//1358 1393//1359 1370//1333 
f 1391//1357 1392//1358 1369//1332 
f 1390//1356 1391//1357 1368//1331 
f 1389//1355 1390//1356 1367//1330 
f 1388//1354 1389//1355 1366//1329 
f 1387//1353 1388//1354 1365//1328 
f 1386//1352 1387//1353 1364//1327 
f 1385//1351 1386//1352 1363//1326 
f 1384//1350 1385//1351 1362//1325 
f 1383//1349 1384//1350 1361//1324 
f 1382//1348 1383//1349 1360//1323 
f 1381//1347 1382//1348 1359//1322 
f 1380//1346 1381//1347 1358//1321 
f 1379//1345 1380//1346 1357//1320 
f 1378//1344 1379//1345 1356//1319 
f 1377//1343 1378//1344 1355//1318 
f 1376//1342 1377//1343 1354//1317 
f 1375//1340 1376//1342 1353//1316 
f 912//1341 911//1367 1375//1340 
f 965//1339 963//1312 1351//1310 
f 1373//1336 1374//1337 1351//1310 
f 1372//1335 1373//1336 1350//1309 
f 1371//1334 1372//1335 1349//1308 
f 1370//1333 1371//1334 1348//1307 
f 1369//1332 1370//1333 1347//1306 
f 1368//1331 1369//1332 1346//1305 
f 1367//1330 1368//1331 1345//1304 
f 1366//1329 1367//1330 1344//1303 
f 1365//1328 1366//1329 1343//1302 
f 1364//1327 1365//1328 1342//1301 
f 1363//1326 1364//1327 1341//1300 
f 1362//1325 1363//1326 1340//1299 
f 1361//1324 1362//1325 1339//1298 
f 1360//1323 1361//1324 1338//1297 
f 1359//1322 1360//1323 1337//1296 
f 1358//1321 1359//1322 1336//1295 
f 1357//1320 1358//1321 1335//1294 
f 1356//1319 1357//1320 1334//1293 
f 1355//1318 1356//1319 1333//1292 
f 1354//1317 1355//1318 1332//1291 
f 1353//1316 1354//1317 1331//1290 
f 1352//1315 1353//1316 1330//1289 
f 913//1314 1352//1315 1329//1286 
f 962//1311 960//1284 1328//1281 
f 1350//1309 1351//1310 1328//1281 
f 1349//1308 1350//1309 1327//1280 
f 1348//1307 1349//1308 1326//1279 
f 1347//1306 1348//1307 1325//1278 
f 1346//1305 1347//1306 1324//1277 
f 1345//1304 1346//1305 1323//1276 
f 1344//1303 1345//1304 1322//1275 
f 1343//1302 1344//1303 1321//1274 
f 1342//1301 1343//1302 1320//1273 
f 1341//1300 1342//1301 1319//1272 
f 1340//1299 1341//1300 1318//1271 
f 1339//1298 1340//1299 1317//1270 
f 1338//1297 1339//1298 1316//1269 
f 1337//1296 1338//1297 1315//1268 
f 1336//1295 1337//1296 1314//1267 
f 1335//1294 1336//1295 1313//1266 
f 1334//1293 1335//1294 1312//1265 
f 1333//1292 1334//1293 1311//1264 
f 1332//1291 1333//1292 1310//1263 
f 1331//1290 1332//1291 1309//1262 
f 1330//1289 1331//1290 1308//1261 
f 1329//1286 1330//1289 1307//1260 
f 915//1287 914//1313 1329//1286 
f 958//1282 957//1256 1305//1253 
f 1327//1280 1328//1281 1305//1253 
f 1326//1279 1327//1280 1304//1252 
f 1325//1278 1326//1279 1303//1251 
f 1324//1277 1325//1278 1302//1250 
f 1323//1276 1324//1277 1301//1249 
f 1322//1275 1323//1276 1300//1248 
f 1321//1274 1322//1275 1299//1247 
f 1320//1273 1321//1274 1298//1246 
f 1319//1272 1320//1273 1297//1245 
f 1318//1271 1319//1272 1296//1244 
f 1317//1270 1318//1271 1295//1243 
f 1316//1269 1317//1270 1294//1242 
f 1315//1268 1316//1269 1293//1241 
f 1314//1267 1315//1268 1292//1240 
f 1313//1266 1314//1267 1291//1239 
f 1312//1265 1313//1266 1290//1238 
f 1311//1264 1312//1265 1289//1237 
f 1310//1263 1311//1264 1288//1236 
f 1309//1262 1310//1263 1287//1235 
f 1308//1261 1309//1262 1286//1234 
f 1307//1260 1308//1261 1285//1233 
f 1306//1257 1307//1260 1284//1232 
f 917//1258 916//1288 1306//1257 
f 955//1254 954//1229 1282//1228 
f 1304//1252 1305//1253 1282//1228 
f 1303//1251 1304//1252 1281//1225 
f 1302//1250 1303//1251 1280//1224 
f 1301//1249 1302//1250 1279//1223 
f 1300//1248 1301//1249 1278//1222 
f 1299//1247 1300//1248 1277//1221 
f 1298//1246 1299//1247 1276//1220 
f 1297//1245 1298//1246 1275//1219 
f 1296//1244 1297//1245 1274//1218 
f 1295//1243 1296//1244 1273//1217 
f 1294//1242 1295//1243 1272//1216 
f 1293//1241 1294//1242 1271//1215 
f 1292//1240 1293//1241 1270//1214 
f 1291//1239 1292//1240 1269//1213 
f 1290//1238 1291//1239 1268//1212 
f 1289//1237 1290//1238 1267//1211 
f 1288//1236 1289//1237 1266//1210 
f 1287//1235 1288//1236 1265//1209 
f 1286//1234 1287//1235 1264//1208 
f 1285//1233 1286//1234 1263//1207 
f 1284//1232 1285//1233 1262//1206 
f 1283//1230 1284//1232 1261//1205 
f 919//1231 918//1259 1283//1230 
f 953//1227 951//1201 1259//1200 
f 1281//1225 1282//1228 1259//1200 
f 1280//1224 1281//1225 1258//1197 
f 1279//1223 1280//1224 1257//1196 
f 1278//1222 1279//1223 1256//1195 
f 1277//1221 1278//1222 1255//1194 
f 1276//1220 1277//1221 1254//1193 
f 1275//1219 1276//1220 1253//1192 
f 1274//1218 1275//1219 1252//1191 
f 1273//1217 1274//1218 1251//1190 
f 1272//1216 1273//1217 1250//1189 
f 1271//1215 1272//1216 1249//1188 
f 1270//1214 1271//1215 1248//1187 
f 1269//1213 1270//1214 1247//1186 
f 1268//1212 1269//1213 1246//1185 
f 1267//1211 1268//1212 1245//1184 
f 1266//1210 1267//1211 1244//1183 
f 1265//1209 1266//1210 1243//1182 
f 1264//1208 1265//1209 1242//1181 
f 1263//1207 1264//1208 1241//1180 
f 1262//1206 1263//1207 1240//1179 
f 1261//1205 1262//1206 1239//1178 
f 1260//1204 1261//1205 1238//1177 
f 920//1203 1260//1204 1237//1174 
f 950//1199 948//1173 1236//1171 
f 1258//1197 1259//1200 1236//1171 
f 1257//1196 1258//1197 1235//1168 
f 1256//1195 1257//1196 1234//1167 
f 1255//1194 1256//1195 1233//1166 
f 1254//1193 1255//1194 1232//1165 
f 1253//1192 1254//1193 1231//1164 
f 1252//1191 1253//1192 1230//1163 
f 1251//1190 1252//1191 1229//1162 
f 1250//1189 1251//1190 1228//1161 
f 1249//1188 1250//1189 1227//1160 
f 1248//1187 1249//1188 1226//1159 
f 1247//1186 1248//1187 1225//1158 
f 1246//1185 1247//1186 1224//1157 
f 1245//1184 1246//1185 1223//1156 
f 1244//1183 1245//1184 1222//1155 
f 1243//1182 1244//1183 1221//1154 
f 1242//1181 1243//1182 1220//1153 
f 1241//1180 1242//1181 1219//1152 
f 1240//1179 1241//1180 1218//1151 
f 1239//1178 1240//1179 1217//1150 
f 1238//1177 1239//1178 1216//1149 
f 1237//1174 1238//1177 1215//1148 
f 922//1175 921//1202 1237//1174 
f 946//1170 942//1142 1213//1141 
f 1235//1168 1236//1171 1213//1141 
f 1234//1167 1235//1168 1212//1140 
f 1233//1166 1234//1167 1211//1139 
f 1232//1165 1233//1166 1210//1138 
f 1231//1164 1232//1165 1209//1137 
f 1230//1163 1231//1164 1208//1136 
f 1229//1162 1230//1163 1207//1135 
f 1228//1161 1229//1162 1206//1134 
f 1227//1160 1228//1161 1205//1133 
f 1226//1159 1227//1160 1204//1132 
f 1225//1158 1226//1159 1203//1131 
f 1224//1157 1225//1158 1202//1130 
f 1223//1156 1224//1157 1201//1129 
f 1222//1155 1223//1156 1200//1128 
f 1221//1154 1222//1155 1199//1127 
f 1220//1153 1221//1154 1198//1126 
f 1219//1152 1220//1153 1197//1125 
f 1218//1151 1219//1152 1196//1124 
f 1217//1150 1218//1151 1195//1123 
f 1216//1149 1217//1150 1194//1122 
f 1215//1148 1216//1149 1193//1121 
f 1214//1145 1215//1148 1192//1120 
f 924//1146 923//1176 1214//1145 
f 944//1144 941//1117 1190//1116 
f 1212//1140 1213//1141 1190//1116 
f 1211//1139 1212//1140 1189//1115 
f 1210//1138 1211//1139 1188//1114 
f 1209//1137 1210//1138 1187//1113 
f 1208//1136 1209//1137 1186//1112 
f 1207//1135 1208//1136 1185//1111 
f 1206//1134 1207//1135 1184//1110 
f 1205//1133 1206//1134 1183//1109 
f 1204//1132 1205//1133 1182//1108 
f 1203//1131 1204//1132 1181//1107 
f 1202//1130 1203//1131 1180//1106 
f 1201//1129 1202//1130 1179//1105 
f 1200//1128 1201//1129 1178//1104 
f 1199//1127 1200//1128 1177//1103 
f 1198//1126 1199//1127 1176//1102 
f 1197//1125 1198//1126 1175//1101 
f 1196//1124 1197//1125 1174//1100 
f 1195//1123 1196//1124 1173//1099 
f 1194//1122 1195//1123 1172//1098 
f 1193//1121 1194//1122 1171//1097 
f 1192//1120 1193//1121 1170//1096 
f 1191//1118 1192//1120 1169//1095 
f 926//1119 925//1147 1191//1118 
f 939//1091 1167//1089 1190//1116 
f 1189//1115 1190//1116 1167//1089 
f 1188//1114 1189//1115 1166//1088 
f 1187//1113 1188//1114 1165//1087 
f 1186//1112 1187//1113 1164//1086 
f 1185//1111 1186//1112 1163//1085 
f 1184//1110 1185//1111 1162//1084 
f 1183//1109 1184//1110 1161//1083 
f 1182//1108 1183//1109 1160//1082 
f 1181//1107 1182//1108 1159//1081 
f 1180//1106 1181//1107 1158//1080 
f 1179//1105 1180//1106 1157//1079 
f 1178//1104 1179//1105 1156//1078 
f 1177//1103 1178//1104 1155//1077 
f 1176//1102 1177//1103 1154//1076 
f 1175//1101 1176//1102 1153//1075 
f 1174//1100 1175//1101 1152//1074 
f 1173//1099 1174//1100 1151//1073 
f 1172//1098 1173//1099 1150//1072 
f 1171//1097 1172//1098 1149//1071 
f 1170//1096 1171//1097 1148//1070 
f 1169//1095 1170//1096 1147//1069 
f 1168//1094 1169//1095 1146//1068 
f 1145//1067 928//1646 927//1093 
f 938//1090 936//1063 1144//1061 
f 1166//1088 1167//1089 1144//1061 
f 1165//1087 1166//1088 1143//1060 
f 1164//1086 1165//1087 1141//1058 
f 1163//1085 1164//1086 1139//1056 
f 1162//1084 1163//1085 1137//1054 
f 1161//1083 1162//1084 1135//1052 
f 1160//1082 1161//1083 1133//1050 
f 1159//1081 1160//1082 1131//1048 
f 1158//1080 1159//1081 1129//1046 
f 1157//1079 1158//1080 1127//1044 
f 1156//1078 1157//1079 1125//1042 
f 1155//1077 1156//1078 1123//1040 
f 1154//1076 1155//1077 1121//1038 
f 1153//1075 1154//1076 1119//1036 
f 1152//1074 1153//1075 1117//1034 
f 1151//1073 1152//1074 1115//1032 
f 1150//1072 1151//1073 1113//1030 
f 1149//1071 1150//1072 1111//1028 
f 1148//1070 1149//1071 1109//1026 
f 1147//1069 1148//1070 1107//1024 
f 1146//1068 1147//1069 1105//1022 
f 1145//1067 1146//1068 1103//1020 
f 929//1066 928//1646 1145//1067 
f 935//1062 986//1529 1142//1059 
f 1143//1060 1144//1061 1142//1059 
f 1141//1058 1143//1060 1140//1057 
f 1139//1056 1141//1058 1138//1055 
f 1137//1054 1139//1056 1136//1053 
f 1135//1052 1137//1054 1134//1051 
f 1133//1050 1135//1052 1132//1049 
f 1131//1048 1133//1050 1130//1047 
f 1129//1046 1131//1048 1128//1045 
f 1127//1044 1129//1046 1126//1043 
f 1125//1042 1127//1044 1124//1041 
f 1123//1040 1125//1042 1122//1039 
f 1121//1038 1123//1040 1120//1037 
f 1119//1036 1121//1038 1118//1035 
f 1117//1034 1119//1036 1116//1033 
f 1115//1032 1117//1034 1114//1031 
f 1113//1030 1115//1032 1112//1029 
f 1111//1028 1113//1030 1110//1027 
f 1109//1026 1111//1028 1108//1025 
f 1107//1024 1109//1026 1106//1023 
f 1105//1022 1107//1024 1104//1021 
f 1103//1020 1105//1022 1102//1019 
f 1100//1017 1103//1020 1101//1018 
f 931//1016 930//1065 1100//1017 
o mesh6
f 1671//1647 1536//1648 1537//1649 
f 1672//1650 1538//1651 1536//1648 
f 1536//1648 1671//1647 1672//1650 
f 1673//1652 1672//1650 1671//1647 
f 1674//1653 1673//1652 1675//1654 
f 1671//1647 1539//1655 1540//1656 
f 1540//1656 1676//1657 1671//1647 
f 1675//1654 1671//1647 1676//1657 
f 1677//1658 1675//1654 1678//1659 
f 1679//1660 1677//1658 1680//1661 
f 1681//1662 1679//1660 1682//1663 
f 1683//1664 1681//1662 1684//1665 
f 1685//1666 1683//1664 1686//1667 
f 1687//1668 1685//1666 1688//1669 
f 1689//1670 1687//1668 1690//1671 
f 1691//1672 1689//1670 1692//1673 
f 1693//1674 1541//1675 1542//1676 
f 1542//1676 1694//1677 1693//1674 
f 1676//1657 1543//1678 1544//1679 
f 1676//1657 1545//1680 1543//1678 
f 1544//1679 1695//1681 1676//1657 
f 1678//1659 1676//1657 1695//1681 
f 1680//1661 1678//1659 1696//1682 
f 1682//1663 1680//1661 1697//1683 
f 1684//1665 1682//1663 1698//1684 
f 1686//1667 1684//1665 1699//1685 
f 1688//1669 1686//1667 1700//1686 
f 1690//1671 1688//1669 1701//1687 
f 1692//1673 1690//1671 1702//1688 
f 1703//1689 1692//1673 1704//1690 
f 1705//1691 1703//1689 1706//1692 
f 1707//1693 1705//1691 1708//1694 
f 1709//1695 1707//1693 1710//1696 
f 1711//1697 1709//1695 1712//1698 
f 1713//1699 1711//1697 1714//1700 
f 1715//1701 1713//1699 1716//1702 
f 1717//1703 1715//1701 1718//1704 
f 1719//1705 1717//1703 1720//1706 
f 1721//1707 1719//1705 1722//1708 
f 1723//1709 1721//1707 1724//1710 
f 1725//1711 1723//1709 1726//1712 
f 1727//1713 1725//1711 1728//1714 
f 1693//1674 1727//1713 1729//1715 
f 1730//1716 1546//1717 1547//1718 
f 1547//1718 1693//1674 1730//1716 
f 1695//1681 1548//1719 1549//1720 
f 1695//1681 1550//1721 1548//1719 
f 1549//1720 1731//1722 1695//1681 
f 1696//1682 1695//1681 1731//1722 
f 1697//1683 1696//1682 1732//1723 
f 1698//1684 1697//1683 1733//1724 
f 1699//1685 1698//1684 1734//1725 
f 1700//1686 1699//1685 1735//1726 
f 1701//1687 1700//1686 1736//1727 
f 1702//1688 1701//1687 1737//1728 
f 1704//1690 1702//1688 1738//1729 
f 1706//1692 1704//1690 1739//1730 
f 1708//1694 1706//1692 1740//1731 
f 1710//1696 1708//1694 1741//1732 
f 1712//1698 1710//1696 1742//1733 
f 1714//1700 1712//1698 1743//1734 
f 1716//1702 1714//1700 1744//1735 
f 1718//1704 1716//1702 1745//1736 
f 1720//1706 1718//1704 1746//1737 
f 1722//1708 1720//1706 1747//1738 
f 1724//1710 1722//1708 1748//1739 
f 1726//1712 1724//1710 1749//1740 
f 1728//1714 1726//1712 1750//1741 
f 1729//1715 1728//1714 1751//1742 
f 1730//1716 1729//1715 1752//1743 
f 1753//1744 1551//1745 1552//1746 
f 1552//1746 1730//1716 1753//1744 
f 1731//1722 1553//1747 1554//1748 
f 1731//1722 1555//1749 1553//1747 
f 1554//1748 1754//1750 1731//1722 
f 1732//1723 1731//1722 1754//1750 
f 1733//1724 1732//1723 1755//1751 
f 1734//1725 1733//1724 1756//1752 
f 1735//1726 1734//1725 1757//1753 
f 1736//1727 1735//1726 1758//1754 
f 1737//1728 1736//1727 1759//1755 
f 1738//1729 1737//1728 1760//1756 
f 1739//1730 1738//1729 1761//1757 
f 1740//1731 1739//1730 1762//1758 
f 1741//1732 1740//1731 1763//1759 
f 1742//1733 1741//1732 1764//1760 
f 1743//1734 1742//1733 1765//1761 
f 1744//1735 1743//1734 1766//1762 
f 1745//1736 1744//1735 1767//1763 
f 1746//1737 1745//1736 1768//1764 
f 1747//1738 1746//1737 1769//1765 
f 1748//1739 1747//1738 1770//1766 
f 1749//1740 1748//1739 1771//1767 
f 1750//1741 1749//1740 1772//1768 
f 1751//1742 1750//1741 1773//1769 
f 1752//1743 1751//1742 1774//1770 
f 1753//1744 1752//1743 1775//1771 
f 1776//1772 1556//1773 1557//1774 
f 1557//1774 1753//1744 1776//1772 
f 1777//1775 1754//1750 1558//1776 
f 1755//1751 1754//1750 1777//1775 
f 1756//1752 1755//1751 1778//1777 
f 1757//1753 1756//1752 1779//1778 
f 1758//1754 1757//1753 1780//1779 
f 1759//1755 1758//1754 1781//1780 
f 1760//1756 1759//1755 1782//1781 
f 1761//1757 1760//1756 1783//1782 
f 1762//1758 1761//1757 1784//1783 
f 1763//1759 1762//1758 1785//1784 
f 1764//1760 1763//1759 1786//1785 
f 1765//1761 1764//1760 1787//1786 
f 1766//1762 1765//1761 1788//1787 
f 1767//1763 1766//1762 1789//1788 
f 1768//1764 1767//1763 1790//1789 
f 1769//1765 1768//1764 1791//1790 
f 1770//1766 1769//1765 1792//1791 
f 1771//1767 1770//1766 1793//1792 
f 1772//1768 1771//1767 1794//1793 
f 1773//1769 1772//1768 1795//1794 
f 1774//1770 1773//1769 1796//1795 
f 1775//1771 1774//1770 1797//1796 
f 1776//1772 1775//1771 1798//1797 
f 1799//1798 1559//1799 1560//1800 
f 1560//1800 1776//1772 1799//1798 
f 1800//1801 1777//1775 1561//1802 
f 1777//1775 1562//1803 1561//1802 
f 1777//1775 1563//1804 1562//1803 
f 1778//1777 1777//1775 1800//1801 
f 1779//1778 1778//1777 1801//1805 
f 1780//1779 1779//1778 1802//1806 
f 1781//1780 1780//1779 1803//1807 
f 1782//1781 1781//1780 1804//1808 
f 1783//1782 1782//1781 1805//1809 
f 1784//1783 1783//1782 1806//1810 
f 1785//1784 1784//1783 1807//1811 
f 1786//1785 1785//1784 1808//1812 
f 1787//1786 1786//1785 1809//1813 
f 1788//1787 1787//1786 1810//1814 
f 1789//1788 1788//1787 1811//1815 
f 1790//1789 1789//1788 1812//1816 
f 1791//1790 1790//1789 1813//1817 
f 1792//1791 1791//1790 1814//1818 
f 1793//1792 1792//1791 1815//1819 
f 1794//1793 1793//1792 1816//1820 
f 1795//1794 1794//1793 1817//1821 
f 1796//1795 1795//1794 1818//1822 
f 1797//1796 1796//1795 1819//1823 
f 1798//1797 1797//1796 1820//1824 
f 1799//1798 1798//1797 1821//1825 
f 1799//1798 1822//1826 1564//1827 
f 1822//1826 1565//1828 1564//1827 
f 1823//1829 1800//1801 1566//1830 
f 1800//1801 1567//1831 1566//1830 
f 1566//1830 1568//1832 1823//1829 
f 1801//1805 1800//1801 1823//1829 
f 1802//1806 1801//1805 1824//1833 
f 1803//1807 1802//1806 1825//1834 
f 1804//1808 1803//1807 1826//1835 
f 1805//1809 1804//1808 1827//1836 
f 1806//1810 1805//1809 1828//1837 
f 1807//1811 1806//1810 1829//1838 
f 1808//1812 1807//1811 1830//1839 
f 1809//1813 1808//1812 1831//1840 
f 1810//1814 1809//1813 1832//1841 
f 1811//1815 1810//1814 1833//1842 
f 1812//1816 1811//1815 1834//1843 
f 1813//1817 1812//1816 1835//1844 
f 1814//1818 1813//1817 1836//1845 
f 1815//1819 1814//1818 1837//1846 
f 1816//1820 1815//1819 1838//1847 
f 1817//1821 1816//1820 1839//1848 
f 1818//1822 1817//1821 1840//1849 
f 1819//1823 1818//1822 1841//1850 
f 1820//1824 1819//1823 1842//1851 
f 1821//1825 1820//1824 1843//1852 
f 1822//1826 1821//1825 1844//1853 
f 1845//1854 1569//1855 1570//1856 
f 1570//1856 1822//1826 1845//1854 
f 1846//1857 1823//1829 1571//1858 
f 1823//1829 1572//1859 1571//1858 
f 1823//1829 1573//1860 1572//1859 
f 1824//1833 1823//1829 1846//1857 
f 1825//1834 1824//1833 1847//1861 
f 1826//1835 1825//1834 1848//1862 
f 1827//1836 1826//1835 1849//1863 
f 1828//1837 1827//1836 1850//1864 
f 1829//1838 1828//1837 1851//1865 
f 1830//1839 1829//1838 1852//1866 
f 1831//1840 1830//1839 1853//1867 
f 1832//1841 1831//1840 1854//1868 
f 1833//1842 1832//1841 1855//1869 
f 1834//1843 1833//1842 1856//1870 
f 1835//1844 1834//1843 1857//1871 
f 1836//1845 1835//1844 1858//1872 
f 1837//1846 1836//1845 1859//1873 
f 1838//1847 1837//1846 1860//1874 
f 1839//1848 1838//1847 1861//1875 
f 1840//1849 1839//1848 1862//1876 
f 1841//1850 1840//1849 1863//1877 
f 1842//1851 1841//1850 1864//1878 
f 1843//1852 1842//1851 1865//1879 
f 1844//1853 1843//1852 1866//1880 
f 1845//1854 1844//1853 1867//1881 
f 1868//1882 1574//1883 1575//1884 
f 1575//1884 1845//1854 1868//1882 
f 1869//1885 1846//1857 1576//1886 
f 1846//1857 1577//1887 1576//1886 
f 1846//1857 1578//1888 1577//1887 
f 1847//1861 1846//1857 1869//1885 
f 1848//1862 1847//1861 1870//1889 
f 1849//1863 1848//1862 1871//1890 
f 1850//1864 1849//1863 1872//1891 
f 1851//1865 1850//1864 1873//1892 
f 1852//1866 1851//1865 1874//1893 
f 1853//1867 1852//1866 1875//1894 
f 1854//1868 1853//1867 1876//1895 
f 1855//1869 1854//1868 1877//1896 
f 1856//1870 1855//1869 1878//1897 
f 1857//1871 1856//1870 1879//1898 
f 1858//1872 1857//1871 1880//1899 
f 1859//1873 1858//1872 1881//1900 
f 1860//1874 1859//1873 1882//1901 
f 1861//1875 1860//1874 1883//1902 
f 1862//1876 1861//1875 1884//1903 
f 1863//1877 1862//1876 1885//1904 
f 1864//1878 1863//1877 1886//1905 
f 1865//1879 1864//1878 1887//1906 
f 1866//1880 1865//1879 1888//1907 
f 1867//1881 1866//1880 1889//1908 
f 1868//1882 1867//1881 1890//1909 
f 1891//1910 1579//1911 1580//1912 
f 1580//1912 1868//1882 1891//1910 
f 1892//1913 1869//1885 1581//1914 
f 1869//1885 1582//1915 1581//1914 
f 1581//1914 1583//1916 1892//1913 
f 1869//1885 1584//1917 1582//1915 
f 1870//1889 1869//1885 1892//1913 
f 1871//1890 1870//1889 1893//1918 
f 1872//1891 1871//1890 1894//1919 
f 1873//1892 1872//1891 1895//1920 
f 1874//1893 1873//1892 1896//1921 
f 1875//1894 1874//1893 1897//1922 
f 1876//1895 1875//1894 1898//1923 
f 1877//1896 1876//1895 1899//1924 
f 1878//1897 1877//1896 1900//1925 
f 1879//1898 1878//1897 1901//1926 
f 1880//1899 1879//1898 1902//1927 
f 1881//1900 1880//1899 1903//1928 
f 1882//1901 1881//1900 1904//1929 
f 1883//1902 1882//1901 1905//1930 
f 1884//1903 1883//1902 1906//1931 
f 1885//1904 1884//1903 1907//1932 
f 1886//1905 1885//1904 1908//1933 
f 1887//1906 1886//1905 1909//1934 
f 1888//1907 1887//1906 1910//1935 
f 1889//1908 1888//1907 1911//1936 
f 1890//1909 1889//1908 1912//1937 
f 1891//1910 1890//1909 1913//1938 
f 1914//1939 1585//1940 1586//1941 
f 1586//1941 1891//1910 1914//1939 
f 1915//1942 1587//1943 1588//1944 
f 1892//1913 1589//1945 1587//1943 
f 1587//1943 1915//1942 1892//1913 
f 1892//1913 1590//1946 1589//1945 
f 1893//1918 1892//1913 1915//1942 
f 1894//1919 1893//1918 1916//1947 
f 1895//1920 1894//1919 1917//1948 
f 1896//1921 1895//1920 1918//1949 
f 1897//1922 1896//1921 1919//1950 
f 1898//1923 1897//1922 1920//1951 
f 1899//1924 1898//1923 1921//1952 
f 1900//1925 1899//1924 1922//1953 
f 1901//1926 1900//1925 1923//1954 
f 1902//1927 1901//1926 1924//1955 
f 1903//1928 1902//1927 1925//1956 
f 1904//1929 1903//1928 1926//1957 
f 1905//1930 1904//1929 1927//1958 
f 1906//1931 1905//1930 1928//1959 
f 1907//1932 1906//1931 1929//1960 
f 1908//1933 1907//1932 1930//1961 
f 1909//1934 1908//1933 1931//1962 
f 1910//1935 1909//1934 1932//1963 
f 1911//1936 1910//1935 1933//1964 
f 1912//1937 1911//1936 1934//1965 
f 1913//1938 1912//1937 1935//1966 
f 1914//1939 1913//1938 1936//1967 
f 1937//1968 1591//1969 1592//1970 
f 1592//1970 1914//1939 1937//1968 
f 1938//1971 1915//1942 1593//1972 
f 1915//1942 1594//1973 1593//1972 
f 1916//1947 1915//1942 1938//1971 
f 1917//1948 1916//1947 1939//1974 
f 1918//1949 1917//1948 1940//1975 
f 1919//1950 1918//1949 1941//1976 
f 1920//1951 1919//1950 1942//1977 
f 1921//1952 1920//1951 1943//1978 
f 1922//1953 1921//1952 1944//1979 
f 1923//1954 1922//1953 1945//1980 
f 1924//1955 1923//1954 1946//1981 
f 1925//1956 1924//1955 1947//1982 
f 1926//1957 1925//1956 1948//1983 
f 1927//1958 1926//1957 1949//1984 
f 1928//1959 1927//1958 1950//1985 
f 1929//1960 1928//1959 1951//1986 
f 1930//1961 1929//1960 1952//1987 
f 1931//1962 1930//1961 1953//1988 
f 1932//1963 1931//1962 1954//1989 
f 1933//1964 1932//1963 1955//1990 
f 1934//1965 1933//1964 1956//1991 
f 1935//1966 1934//1965 1957//1992 
f 1936//1967 1935//1966 1958//1993 
f 1937//1968 1936//1967 1959//1994 
f 1595//1995 1591//1969 1937//1968 
f 1960//1996 1596//1997 1597//1998 
f 1938//1971 1598//1999 1596//1997 
f 1938//1971 1599//2000 1598//1999 
f 1596//1997 1960//1996 1938//1971 
f 1939//1974 1938//1971 1960//1996 
f 1940//1975 1939//1974 1961//2001 
f 1941//1976 1940//1975 1962//2002 
f 1942//1977 1941//1976 1963//2003 
f 1943//1978 1942//1977 1964//2004 
f 1944//1979 1943//1978 1965//2005 
f 1945//1980 1944//1979 1966//2006 
f 1946//1981 1945//1980 1967//2007 
f 1947//1982 1946//1981 1968//2008 
f 1948//1983 1947//1982 1969//2009 
f 1949//1984 1948//1983 1970//2010 
f 1950//1985 1949//1984 1971//2011 
f 1951//1986 1950//1985 1972//2012 
f 1952//1987 1951//1986 1973//2013 
f 1953//1988 1952//1987 1974//2014 
f 1954//1989 1953//1988 1975//2015 
f 1955//1990 1954//1989 1976//2016 
f 1956//1991 1955//1990 1977//2017 
f 1957//1992 1956//1991 1978//2018 
f 1958//1993 1957//1992 1979//2019 
f 1959//1994 1958//1993 1980//2020 
f 1981//2021 1959//1994 1982//2022 
f 1981//2021 1983//2023 1600//2024 
f 1983//2023 1601//2025 1600//2024 
f 1984//2026 1602//2027 1603//2028 
f 1960//1996 1604//2029 1602//2027 
f 1602//2027 1984//2026 1960//1996 
f 1960//1996 1605//2030 1604//2029 
f 1961//2001 1960//1996 1984//2026 
f 1962//2002 1961//2001 1985//2031 
f 1963//2003 1962//2002 1986//2032 
f 1964//2004 1963//2003 1987//2033 
f 1965//2005 1964//2004 1988//2034 
f 1966//2006 1965//2005 1989//2035 
f 1967//2007 1966//2006 1990//2036 
f 1968//2008 1967//2007 1991//2037 
f 1969//2009 1968//2008 1992//2038 
f 1970//2010 1969//2009 1993//2039 
f 1971//2011 1970//2010 1994//2040 
f 1972//2012 1971//2011 1995//2041 
f 1973//2013 1972//2012 1996//2042 
f 1974//2014 1973//2013 1997//2043 
f 1975//2015 1974//2014 1998//2044 
f 1976//2016 1975//2015 1999//2045 
f 1977//2017 1976//2016 2000//2046 
f 1978//2018 1977//2017 2001//2047 
f 1979//2019 1978//2018 2002//2048 
f 1980//2020 1979//2019 2003//2049 
f 1982//2022 1980//2020 2004//2050 
f 1983//2023 1982//2022 2005//2051 
f 1606//2052 1601//2025 1983//2023 
f 2006//2053 1984//2026 1607//2054 
f 1984//2026 1608//2055 1607//2054 
f 1985//2031 1984//2026 2006//2053 
f 1986//2032 1985//2031 2007//2056 
f 1987//2033 1986//2032 2008//2057 
f 1988//2034 1987//2033 2009//2058 
f 1989//2035 1988//2034 2010//2059 
f 1990//2036 1989//2035 2011//2060 
f 1991//2037 1990//2036 2012//2061 
f 1992//2038 1991//2037 2013//2062 
f 1993//2039 1992//2038 2014//2063 
f 1994//2040 1993//2039 2015//2064 
f 1995//2041 1994//2040 2016//2065 
f 1996//2042 1995//2041 2017//2066 
f 1997//2043 1996//2042 2018//2067 
f 1998//2044 1997//2043 2019//2068 
f 1999//2045 1998//2044 2020//2069 
f 2000//2046 1999//2045 2021//2070 
f 2001//2047 2000//2046 2022//2071 
f 2002//2048 2001//2047 2023//2072 
f 2003//2049 2002//2048 2024//2073 
f 2004//2050 2003//2049 2025//2074 
f 2005//2051 2004//2050 2026//2075 
f 2027//2076 2005//2051 2028//2077 
f 1606//2052 2027//2076 2029//2078 
f 2030//2079 2006//2053 1609//2080 
f 2006//2053 1610//2081 1609//2080 
f 2007//2056 2006//2053 2030//2079 
f 2008//2057 2007//2056 2031//2082 
f 2009//2058 2008//2057 2032//2083 
f 2010//2059 2009//2058 2033//2084 
f 2011//2060 2010//2059 2034//2085 
f 2012//2061 2011//2060 2035//2086 
f 2013//2062 2012//2061 2036//2087 
f 2014//2063 2013//2062 2037//2088 
f 2015//2064 2014//2063 2038//2089 
f 2016//2065 2015//2064 2039//2090 
f 2017//2066 2016//2065 2040//2091 
f 2018//2067 2017//2066 2041//2092 
f 2019//2068 2018//2067 2042//2093 
f 2020//2069 2019//2068 2043//2094 
f 2021//2070 2020//2069 2044//2095 
f 2022//2071 2021//2070 2045//2096 
f 2023//2072 2022//2071 2046//2097 
f 2024//2073 2023//2072 2047//2098 
f 2025//2074 2024//2073 2048//2099 
f 2026//2075 2025//2074 2049//2100 
f 2028//2077 2026//2075 2050//2101 
f 2029//2078 2028//2077 2051//2102 
f 1611//2103 1612//2104 2029//2078 
f 1613//2105 1614//2106 1615//2107 
f 1613//2105 1616//2108 1614//2106 
f 1694//1677 1615//2107 1617//2109 
f 1693//1674 1694//1677 1618//2110 
f 1694//1677 1619//2111 1618//2110 
f 1727//1713 1620//2112 1621//2113 
f 1727//1713 1618//2110 1620//2112 
f 1725//1711 1622//2114 1623//2115 
f 1725//1711 1621//2113 1622//2114 
f 1723//1709 1624//2116 1625//2117 
f 1723//1709 1626//2118 1624//2116 
f 1723//1709 1627//2119 1626//2118 
f 1723//1709 1623//2115 1627//2119 
f 1721//1707 1628//2120 1629//2121 
f 1721//1707 1625//2117 1628//2120 
f 1719//1705 1630//2122 1631//2123 
f 1719//1705 1629//2121 1632//2124 
f 1632//2124 1630//2122 1719//1705 
f 1715//1701 1717//1703 1633//2125 
f 1717//1703 1634//2126 1633//2125 
f 1717//1703 1635//2127 1634//2126 
f 1717//1703 1631//2123 1635//2127 
f 1713//1699 1636//2128 1637//2129 
f 1713//1699 1715//1701 1638//2130 
f 1638//2130 1636//2128 1713//1699 
f 1711//1697 1713//1699 1639//2131 
f 1639//2131 1640//2132 1711//1697 
f 1640//2132 1641//2133 1711//1697 
f 1709//1695 1711//1697 1642//2134 
f 1642//2134 1643//2135 1709//1695 
f 1643//2135 1644//2136 1709//1695 
f 1707//1693 1645//2137 1646//2138 
f 1707//1693 1709//1695 1647//2139 
f 1647//2139 1645//2137 1707//1693 
f 1705//1691 1707//1693 1648//2140 
f 1691//1672 1703//1689 1649//2141 
f 1703//1689 1705//1691 1650//2142 
f 1650//2142 1649//2141 1703//1689 
f 1691//1672 1651//2143 1652//2144 
f 1689//1670 1691//1672 1653//2145 
f 1687//1668 1689//1670 1654//2146 
f 1654//2146 1655//2147 1687//1668 
f 1685//1666 1687//1668 1656//2148 
f 1683//1664 1685//1666 1657//2149 
f 1681//1662 1683//1664 1658//2150 
f 1658//2150 1659//2151 1681//1662 
f 1679//1660 1681//1662 1660//2152 
f 1660//2152 1661//2153 1679//1660 
f 1677//1658 1679//1660 1662//2154 
f 1662//2154 1674//1653 1677//1658 
f 1673//1652 1674//1653 1663//2155 
f 1672//1650 1673//1652 1664//2156 
f 1665//2157 1666//2158 1667//2159 
f 1665//2157 1668//2160 1666//2158 
f 1667//2159 1672//1650 1665//2157 
f 1669//2161 1093//2162 1097//2163 
f 1097//2163 2030//2079 1669//2161 
f 1669//2161 1094//2164 1093//2162 
f 1097//2163 1098//2165 2030//2079 
f 2031//2082 2030//2079 1090//2166 
f 2030//2079 1092//2167 1090//2166 
f 1090//2166 1091//2168 2031//2082 
f 2032//2083 2031//2082 1086//2169 
f 2031//2082 1089//2170 1086//2169 
f 1086//2169 1087//2171 2032//2083 
f 1087//2171 1088//2172 2032//2083 
f 2032//2083 1084//2173 1083//2174 
f 1083//2174 2033//2084 2032//2083 
f 1083//2174 1085//2175 2033//2084 
f 2033//2084 1082//2176 1080//2177 
f 1080//2177 2034//2085 2033//2084 
f 1080//2177 1081//2178 2034//2085 
f 2035//2086 2034//2085 1076//2179 
f 2034//2085 1079//2180 1076//2179 
f 1076//2179 1077//2181 2035//2086 
f 1077//2181 1078//2182 2035//2086 
f 2035//2086 1074//2183 1073//2184 
f 1073//2184 2036//2087 2035//2086 
f 1073//2184 1075//2185 2036//2087 
f 2036//2087 1072//2186 1070//2187 
f 1070//2187 2037//2088 2036//2087 
f 1070//2187 1071//2188 2037//2088 
f 2037//2088 1069//2189 1068//2190 
f 1068//2190 2038//2089 2037//2088 
f 2038//2089 1066//2191 1065//2192 
f 1065//2192 2039//2090 2038//2089 
f 1065//2192 1067//2193 2039//2090 
f 2039//2090 1064//2194 1062//2195 
f 1062//2195 2040//2091 2039//2090 
f 1062//2195 1063//2196 2040//2091 
f 2040//2091 1061//2197 1058//2198 
f 1058//2198 2041//2092 2040//2091 
f 1058//2198 1059//2199 2041//2092 
f 1059//2199 1060//2200 2041//2092 
f 2041//2092 1057//2201 1055//2202 
f 2042//2093 1055//2202 1054//2203 
f 1054//2203 2043//2094 2042//2093 
f 1054//2203 1056//2204 2043//2094 
f 2043//2094 1053//2205 1051//2206 
f 1051//2206 2044//2095 2043//2094 
f 1051//2206 1052//2207 2044//2095 
f 2044//2095 1049//2208 1048//2209 
f 2044//2095 1050//2210 1049//2208 
f 2045//2096 1048//2209 1046//2211 
f 1046//2211 2046//2097 2045//2096 
f 1046//2211 1047//2212 2046//2097 
f 2046//2097 1045//2213 1043//2214 
f 1043//2214 2047//2098 2046//2097 
f 2048//2099 2047//2098 1044//2215 
f 1044//2215 1042//2216 2048//2099 
f 2048//2099 1040//2217 1039//2218 
f 2048//2099 1041//2219 1040//2217 
f 2049//2100 1039//2218 1037//2220 
f 1037//2220 2050//2101 2049//2100 
f 1037//2220 1038//2221 2050//2101 
f 2051//2102 2050//2101 1035//2222 
f 2050//2101 1036//2223 1035//2222 
f 2051//2102 1034//2224 1033//2225 
f 1033//2225 2052//2226 2051//2102 
f 2052//2226 1031//2227 909//2228 
f 2052//2226 1032//2229 1031//2227 
f 909//2228 1611//2103 2052//2226 
f 909//2228 908//2230 1611//2103 
f 1033//2225 1032//2229 2052//2226 
f 1035//2222 1034//2224 2051//2102 
f 1038//2221 1036//2223 2050//2101 
f 1039//2218 2049//2100 2048//2099 
f 1042//2216 1041//2219 2048//2099 
f 1043//2214 1044//2215 2047//2098 
f 1047//2212 1045//2213 2046//2097 
f 1048//2209 2045//2096 2044//2095 
f 1052//2207 1050//2210 2044//2095 
f 1056//2204 1053//2205 2043//2094 
f 1055//2202 2042//2093 2041//2092 
f 1060//2200 1057//2201 2041//2092 
f 1063//2196 1061//2197 2040//2091 
f 1067//2193 1064//2194 2039//2090 
f 1068//2190 1066//2191 2038//2089 
f 1071//2188 1069//2189 2037//2088 
f 1075//2185 1072//2186 2036//2087 
f 1078//2182 1074//2183 2035//2086 
f 1081//2178 1079//2180 2034//2085 
f 1085//2175 1082//2176 2033//2084 
f 1088//2172 1084//2173 2032//2083 
f 1091//2168 1089//2170 2031//2082 
f 1098//2165 1092//2167 2030//2079 
f 1667//2159 1538//1651 1672//1650 
f 1664//2156 1665//2157 1672//1650 
f 1663//2155 1664//2156 1673//1652 
f 1663//2155 1674//1653 1670//2231 
f 1662//2154 1670//2231 1674//1653 
f 1661//2153 1662//2154 1679//1660 
f 1659//2151 1660//2152 1681//1662 
f 1657//2149 1658//2150 1683//1664 
f 1656//2148 1657//2149 1685//1666 
f 1655//2147 1656//2148 1687//1668 
f 1653//2145 1654//2146 1689//1670 
f 1652//2144 1653//2145 1691//1672 
f 1649//2141 1651//2143 1691//1672 
f 1648//2140 1650//2142 1705//1691 
f 1646//2138 1648//2140 1707//1693 
f 1644//2136 1647//2139 1709//1695 
f 1641//2133 1642//2134 1711//1697 
f 1637//2129 1639//2131 1713//1699 
f 1633//2125 1638//2130 1715//1701 
f 1631//2123 1717//1703 1719//1705 
f 1629//2121 1719//1705 1721//1707 
f 1625//2117 1721//1707 1723//1709 
f 1623//2115 1723//1709 1725//1711 
f 1621//2113 1725//1711 1727//1713 
f 1618//2110 1727//1713 1693//1674 
f 1617//2109 1619//2111 1694//1677 
f 1615//2107 1694//1677 1613//2105 
f 2029//2078 2052//2226 1611//2103 
f 2051//2102 2052//2226 2029//2078 
f 2050//2101 2051//2102 2028//2077 
f 2049//2100 2050//2101 2026//2075 
f 2048//2099 2049//2100 2025//2074 
f 2047//2098 2048//2099 2024//2073 
f 2046//2097 2047//2098 2023//2072 
f 2045//2096 2046//2097 2022//2071 
f 2044//2095 2045//2096 2021//2070 
f 2043//2094 2044//2095 2020//2069 
f 2042//2093 2043//2094 2019//2068 
f 2041//2092 2042//2093 2018//2067 
f 2040//2091 2041//2092 2017//2066 
f 2039//2090 2040//2091 2016//2065 
f 2038//2089 2039//2090 2015//2064 
f 2037//2088 2038//2089 2014//2063 
f 2036//2087 2037//2088 2013//2062 
f 2035//2086 2036//2087 2012//2061 
f 2034//2085 2035//2086 2011//2060 
f 2033//2084 2034//2085 2010//2059 
f 2032//2083 2033//2084 2009//2058 
f 2031//2082 2032//2083 2008//2057 
f 2030//2079 2031//2082 2007//2056 
f 1609//2080 1669//2161 2030//2079 
f 2029//2078 1612//2104 1606//2052 
f 2028//2077 2029//2078 2027//2076 
f 2026//2075 2028//2077 2005//2051 
f 2025//2074 2026//2075 2004//2050 
f 2024//2073 2025//2074 2003//2049 
f 2023//2072 2024//2073 2002//2048 
f 2022//2071 2023//2072 2001//2047 
f 2021//2070 2022//2071 2000//2046 
f 2020//2069 2021//2070 1999//2045 
f 2019//2068 2020//2069 1998//2044 
f 2018//2067 2019//2068 1997//2043 
f 2017//2066 2018//2067 1996//2042 
f 2016//2065 2017//2066 1995//2041 
f 2015//2064 2016//2065 1994//2040 
f 2014//2063 2015//2064 1993//2039 
f 2013//2062 2014//2063 1992//2038 
f 2012//2061 2013//2062 1991//2037 
f 2011//2060 2012//2061 1990//2036 
f 2010//2059 2011//2060 1989//2035 
f 2009//2058 2010//2059 1988//2034 
f 2008//2057 2009//2058 1987//2033 
f 2007//2056 2008//2057 1986//2032 
f 2006//2053 2007//2056 1985//2031 
f 1607//2054 1610//2081 2006//2053 
f 1983//2023 2027//2076 1606//2052 
f 2005//2051 2027//2076 1983//2023 
f 2004//2050 2005//2051 1982//2022 
f 2003//2049 2004//2050 1980//2020 
f 2002//2048 2003//2049 1979//2019 
f 2001//2047 2002//2048 1978//2018 
f 2000//2046 2001//2047 1977//2017 
f 1999//2045 2000//2046 1976//2016 
f 1998//2044 1999//2045 1975//2015 
f 1997//2043 1998//2044 1974//2014 
f 1996//2042 1997//2043 1973//2013 
f 1995//2041 1996//2042 1972//2012 
f 1994//2040 1995//2041 1971//2011 
f 1993//2039 1994//2040 1970//2010 
f 1992//2038 1993//2039 1969//2009 
f 1991//2037 1992//2038 1968//2008 
f 1990//2036 1991//2037 1967//2007 
f 1989//2035 1990//2036 1966//2006 
f 1988//2034 1989//2035 1965//2005 
f 1987//2033 1988//2034 1964//2004 
f 1986//2032 1987//2033 1963//2003 
f 1985//2031 1986//2032 1962//2002 
f 1984//2026 1985//2031 1961//2001 
f 1603//2028 1608//2055 1984//2026 
f 1600//2024 1595//1995 1981//2021 
f 1982//2022 1983//2023 1981//2021 
f 1980//2020 1982//2022 1959//1994 
f 1979//2019 1980//2020 1958//1993 
f 1978//2018 1979//2019 1957//1992 
f 1977//2017 1978//2018 1956//1991 
f 1976//2016 1977//2017 1955//1990 
f 1975//2015 1976//2016 1954//1989 
f 1974//2014 1975//2015 1953//1988 
f 1973//2013 1974//2014 1952//1987 
f 1972//2012 1973//2013 1951//1986 
f 1971//2011 1972//2012 1950//1985 
f 1970//2010 1971//2011 1949//1984 
f 1969//2009 1970//2010 1948//1983 
f 1968//2008 1969//2009 1947//1982 
f 1967//2007 1968//2008 1946//1981 
f 1966//2006 1967//2007 1945//1980 
f 1965//2005 1966//2006 1944//1979 
f 1964//2004 1965//2005 1943//1978 
f 1963//2003 1964//2004 1942//1977 
f 1962//2002 1963//2003 1941//1976 
f 1961//2001 1962//2002 1940//1975 
f 1960//1996 1961//2001 1939//1974 
f 1597//1998 1605//2030 1960//1996 
f 1937//1968 1981//2021 1595//1995 
f 1959//1994 1981//2021 1937//1968 
f 1958//1993 1959//1994 1936//1967 
f 1957//1992 1958//1993 1935//1966 
f 1956//1991 1957//1992 1934//1965 
f 1955//1990 1956//1991 1933//1964 
f 1954//1989 1955//1990 1932//1963 
f 1953//1988 1954//1989 1931//1962 
f 1952//1987 1953//1988 1930//1961 
f 1951//1986 1952//1987 1929//1960 
f 1950//1985 1951//1986 1928//1959 
f 1949//1984 1950//1985 1927//1958 
f 1948//1983 1949//1984 1926//1957 
f 1947//1982 1948//1983 1925//1956 
f 1946//1981 1947//1982 1924//1955 
f 1945//1980 1946//1981 1923//1954 
f 1944//1979 1945//1980 1922//1953 
f 1943//1978 1944//1979 1921//1952 
f 1942//1977 1943//1978 1920//1951 
f 1941//1976 1942//1977 1919//1950 
f 1940//1975 1941//1976 1918//1949 
f 1939//1974 1940//1975 1917//1948 
f 1938//1971 1939//1974 1916//1947 
f 1593//1972 1599//2000 1938//1971 
f 1592//1970 1585//1940 1914//1939 
f 1936//1967 1937//1968 1914//1939 
f 1935//1966 1936//1967 1913//1938 
f 1934//1965 1935//1966 1912//1937 
f 1933//1964 1934//1965 1911//1936 
f 1932//1963 1933//1964 1910//1935 
f 1931//1962 1932//1963 1909//1934 
f 1930//1961 1931//1962 1908//1933 
f 1929//1960 1930//1961 1907//1932 
f 1928//1959 1929//1960 1906//1931 
f 1927//1958 1928//1959 1905//1930 
f 1926//1957 1927//1958 1904//1929 
f 1925//1956 1926//1957 1903//1928 
f 1924//1955 1925//1956 1902//1927 
f 1923//1954 1924//1955 1901//1926 
f 1922//1953 1923//1954 1900//1925 
f 1921//1952 1922//1953 1899//1924 
f 1920//1951 1921//1952 1898//1923 
f 1919//1950 1920//1951 1897//1922 
f 1918//1949 1919//1950 1896//1921 
f 1917//1948 1918//1949 1895//1920 
f 1916//1947 1917//1948 1894//1919 
f 1915//1942 1916//1947 1893//1918 
f 1588//1944 1594//1973 1915//1942 
f 1586//1941 1579//1911 1891//1910 
f 1913//1938 1914//1939 1891//1910 
f 1912//1937 1913//1938 1890//1909 
f 1911//1936 1912//1937 1889//1908 
f 1910//1935 1911//1936 1888//1907 
f 1909//1934 1910//1935 1887//1906 
f 1908//1933 1909//1934 1886//1905 
f 1907//1932 1908//1933 1885//1904 
f 1906//1931 1907//1932 1884//1903 
f 1905//1930 1906//1931 1883//1902 
f 1904//1929 1905//1930 1882//1901 
f 1903//1928 1904//1929 1881//1900 
f 1902//1927 1903//1928 1880//1899 
f 1901//1926 1902//1927 1879//1898 
f 1900//1925 1901//1926 1878//1897 
f 1899//1924 1900//1925 1877//1896 
f 1898//1923 1899//1924 1876//1895 
f 1897//1922 1898//1923 1875//1894 
f 1896//1921 1897//1922 1874//1893 
f 1895//1920 1896//1921 1873//1892 
f 1894//1919 1895//1920 1872//1891 
f 1893//1918 1894//1919 1871//1890 
f 1892//1913 1893//1918 1870//1889 
f 1583//1916 1590//1946 1892//1913 
f 1580//1912 1574//1883 1868//1882 
f 1890//1909 1891//1910 1868//1882 
f 1889//1908 1890//1909 1867//1881 
f 1888//1907 1889//1908 1866//1880 
f 1887//1906 1888//1907 1865//1879 
f 1886//1905 1887//1906 1864//1878 
f 1885//1904 1886//1905 1863//1877 
f 1884//1903 1885//1904 1862//1876 
f 1883//1902 1884//1903 1861//1875 
f 1882//1901 1883//1902 1860//1874 
f 1881//1900 1882//1901 1859//1873 
f 1880//1899 1881//1900 1858//1872 
f 1879//1898 1880//1899 1857//1871 
f 1878//1897 1879//1898 1856//1870 
f 1877//1896 1878//1897 1855//1869 
f 1876//1895 1877//1896 1854//1868 
f 1875//1894 1876//1895 1853//1867 
f 1874//1893 1875//1894 1852//1866 
f 1873//1892 1874//1893 1851//1865 
f 1872//1891 1873//1892 1850//1864 
f 1871//1890 1872//1891 1849//1863 
f 1870//1889 1871//1890 1848//1862 
f 1869//1885 1870//1889 1847//1861 
f 1576//1886 1584//1917 1869//1885 
f 1575//1884 1569//1855 1845//1854 
f 1867//1881 1868//1882 1845//1854 
f 1866//1880 1867//1881 1844//1853 
f 1865//1879 1866//1880 1843//1852 
f 1864//1878 1865//1879 1842//1851 
f 1863//1877 1864//1878 1841//1850 
f 1862//1876 1863//1877 1840//1849 
f 1861//1875 1862//1876 1839//1848 
f 1860//1874 1861//1875 1838//1847 
f 1859//1873 1860//1874 1837//1846 
f 1858//1872 1859//1873 1836//1845 
f 1857//1871 1858//1872 1835//1844 
f 1856//1870 1857//1871 1834//1843 
f 1855//1869 1856//1870 1833//1842 
f 1854//1868 1855//1869 1832//1841 
f 1853//1867 1854//1868 1831//1840 
f 1852//1866 1853//1867 1830//1839 
f 1851//1865 1852//1866 1829//1838 
f 1850//1864 1851//1865 1828//1837 
f 1849//1863 1850//1864 1827//1836 
f 1848//1862 1849//1863 1826//1835 
f 1847//1861 1848//1862 1825//1834 
f 1846//1857 1847//1861 1824//1833 
f 1571//1858 1578//1888 1846//1857 
f 1570//1856 1565//1828 1822//1826 
f 1844//1853 1845//1854 1822//1826 
f 1843//1852 1844//1853 1821//1825 
f 1842//1851 1843//1852 1820//1824 
f 1841//1850 1842//1851 1819//1823 
f 1840//1849 1841//1850 1818//1822 
f 1839//1848 1840//1849 1817//1821 
f 1838//1847 1839//1848 1816//1820 
f 1837//1846 1838//1847 1815//1819 
f 1836//1845 1837//1846 1814//1818 
f 1835//1844 1836//1845 1813//1817 
f 1834//1843 1835//1844 1812//1816 
f 1833//1842 1834//1843 1811//1815 
f 1832//1841 1833//1842 1810//1814 
f 1831//1840 1832//1841 1809//1813 
f 1830//1839 1831//1840 1808//1812 
f 1829//1838 1830//1839 1807//1811 
f 1828//1837 1829//1838 1806//1810 
f 1827//1836 1828//1837 1805//1809 
f 1826//1835 1827//1836 1804//1808 
f 1825//1834 1826//1835 1803//1807 
f 1824//1833 1825//1834 1802//1806 
f 1823//1829 1824//1833 1801//1805 
f 1568//1832 1573//1860 1823//1829 
f 1564//1827 1559//1799 1799//1798 
f 1821//1825 1822//1826 1799//1798 
f 1820//1824 1821//1825 1798//1797 
f 1819//1823 1820//1824 1797//1796 
f 1818//1822 1819//1823 1796//1795 
f 1817//1821 1818//1822 1795//1794 
f 1816//1820 1817//1821 1794//1793 
f 1815//1819 1816//1820 1793//1792 
f 1814//1818 1815//1819 1792//1791 
f 1813//1817 1814//1818 1791//1790 
f 1812//1816 1813//1817 1790//1789 
f 1811//1815 1812//1816 1789//1788 
f 1810//1814 1811//1815 1788//1787 
f 1809//1813 1810//1814 1787//1786 
f 1808//1812 1809//1813 1786//1785 
f 1807//1811 1808//1812 1785//1784 
f 1806//1810 1807//1811 1784//1783 
f 1805//1809 1806//1810 1783//1782 
f 1804//1808 1805//1809 1782//1781 
f 1803//1807 1804//1808 1781//1780 
f 1802//1806 1803//1807 1780//1779 
f 1801//1805 1802//1806 1779//1778 
f 1800//1801 1801//1805 1778//1777 
f 1561//1802 1567//1831 1800//1801 
f 1560//1800 1556//1773 1776//1772 
f 1798//1797 1799//1798 1776//1772 
f 1797//1796 1798//1797 1775//1771 
f 1796//1795 1797//1796 1774//1770 
f 1795//1794 1796//1795 1773//1769 
f 1794//1793 1795//1794 1772//1768 
f 1793//1792 1794//1793 1771//1767 
f 1792//1791 1793//1792 1770//1766 
f 1791//1790 1792//1791 1769//1765 
f 1790//1789 1791//1790 1768//1764 
f 1789//1788 1790//1789 1767//1763 
f 1788//1787 1789//1788 1766//1762 
f 1787//1786 1788//1787 1765//1761 
f 1786//1785 1787//1786 1764//1760 
f 1785//1784 1786//1785 1763//1759 
f 1784//1783 1785//1784 1762//1758 
f 1783//1782 1784//1783 1761//1757 
f 1782//1781 1783//1782 1760//1756 
f 1781//1780 1782//1781 1759//1755 
f 1780//1779 1781//1780 1758//1754 
f 1779//1778 1780//1779 1757//1753 
f 1778//1777 1779//1778 1756//1752 
f 1777//1775 1778//1777 1755//1751 
f 1558//1776 1563//1804 1777//1775 
f 1557//1774 1551//1745 1753//1744 
f 1775//1771 1776//1772 1753//1744 
f 1774//1770 1775//1771 1752//1743 
f 1773//1769 1774//1770 1751//1742 
f 1772//1768 1773//1769 1750//1741 
f 1771//1767 1772//1768 1749//1740 
f 1770//1766 1771//1767 1748//1739 
f 1769//1765 1770//1766 1747//1738 
f 1768//1764 1769//1765 1746//1737 
f 1767//1763 1768//1764 1745//1736 
f 1766//1762 1767//1763 1744//1735 
f 1765//1761 1766//1762 1743//1734 
f 1764//1760 1765//1761 1742//1733 
f 1763//1759 1764//1760 1741//1732 
f 1762//1758 1763//1759 1740//1731 
f 1761//1757 1762//1758 1739//1730 
f 1760//1756 1761//1757 1738//1729 
f 1759//1755 1760//1756 1737//1728 
f 1758//1754 1759//1755 1736//1727 
f 1757//1753 1758//1754 1735//1726 
f 1756//1752 1757//1753 1734//1725 
f 1755//1751 1756//1752 1733//1724 
f 1754//1750 1755//1751 1732//1723 
f 1554//1748 1558//1776 1754//1750 
f 1552//1746 1546//1717 1730//1716 
f 1752//1743 1753//1744 1730//1716 
f 1751//1742 1752//1743 1729//1715 
f 1750//1741 1751//1742 1728//1714 
f 1749//1740 1750//1741 1726//1712 
f 1748//1739 1749//1740 1724//1710 
f 1747//1738 1748//1739 1722//1708 
f 1746//1737 1747//1738 1720//1706 
f 1745//1736 1746//1737 1718//1704 
f 1744//1735 1745//1736 1716//1702 
f 1743//1734 1744//1735 1714//1700 
f 1742//1733 1743//1734 1712//1698 
f 1741//1732 1742//1733 1710//1696 
f 1740//1731 1741//1732 1708//1694 
f 1739//1730 1740//1731 1706//1692 
f 1738//1729 1739//1730 1704//1690 
f 1737//1728 1738//1729 1702//1688 
f 1736//1727 1737//1728 1701//1687 
f 1735//1726 1736//1727 1700//1686 
f 1734//1725 1735//1726 1699//1685 
f 1733//1724 1734//1725 1698//1684 
f 1732//1723 1733//1724 1697//1683 
f 1731//1722 1732//1723 1696//1682 
f 1549//1720 1555//1749 1731//1722 
f 1547//1718 1541//1675 1693//1674 
f 1729//1715 1730//1716 1693//1674 
f 1728//1714 1729//1715 1727//1713 
f 1726//1712 1728//1714 1725//1711 
f 1724//1710 1726//1712 1723//1709 
f 1722//1708 1724//1710 1721//1707 
f 1720//1706 1722//1708 1719//1705 
f 1718//1704 1720//1706 1717//1703 
f 1716//1702 1718//1704 1715//1701 
f 1714//1700 1716//1702 1713//1699 
f 1712//1698 1714//1700 1711//1697 
f 1710//1696 1712//1698 1709//1695 
f 1708//1694 1710//1696 1707//1693 
f 1706//1692 1708//1694 1705//1691 
f 1704//1690 1706//1692 1703//1689 
f 1702//1688 1704//1690 1692//1673 
f 1701//1687 1702//1688 1690//1671 
f 1700//1686 1701//1687 1688//1669 
f 1699//1685 1700//1686 1686//1667 
f 1698//1684 1699//1685 1684//1665 
f 1697//1683 1698//1684 1682//1663 
f 1696//1682 1697//1683 1680//1661 
f 1695//1681 1696//1682 1678//1659 
f 1544//1679 1550//1721 1695//1681 
f 1542//1676 1613//2105 1694//1677 
f 1692//1673 1703//1689 1691//1672 
f 1690//1671 1692//1673 1689//1670 
f 1688//1669 1690//1671 1687//1668 
f 1686//1667 1688//1669 1685//1666 
f 1684//1665 1686//1667 1683//1664 
f 1682//1663 1684//1665 1681//1662 
f 1680//1661 1682//1663 1679//1660 
f 1678//1659 1680//1661 1677//1658 
f 1676//1657 1678//1659 1675//1654 
f 1540//1656 1545//1680 1676//1657 
f 1675//1654 1677//1658 1674//1653 
f 1671//1647 1675//1654 1673//1652 
f 1537//1649 1539//1655 1671//1647 
o mesh7
f 2053//2232 713//2232 712//2233 
f 712//2233 2054//2234 2055//2235 
f 704//2236 2056//2237 2054//2234 
f 2054//2234 712//2233 704//2236 
f 704//2236 703//2237 2056//2237 
f 715//2238 713//2232 2057//2239 
f 2058//2240 714//2241 715//2238 
f 713//2232 2053//2232 2057//2239 
f 2057//2239 2058//2240 715//2238 
f 2059//2242 717//2242 716//2243 
f 716//2243 714//2241 2060//2244 
f 714//2241 2061//2245 2060//2244 
f 2060//2244 2062//2246 716//2243 
f 1542//2247 720//2247 719//2248 
f 719//2248 2063//2249 1616//2250 
f 1616//2250 1613//2251 719//2248 
f 719//2248 2064//2252 2063//2249 
f 718//2253 717//2242 2059//2242 
f 2064//2252 719//2248 718//2253 
f 2059//2242 2064//2252 718//2253 
f 1541//2254 722//2255 720//2247 
f 720//2247 1542//2247 1541//2254 
f 1547//2256 721//2256 722//2255 
f 1546//2257 724//2258 721//2256 
f 721//2256 1547//2256 1546//2257 
f 1552//2259 723//2259 724//2258 
f 1551//2260 726//2261 723//2259 
f 723//2259 1552//2259 1551//2260 
f 1557//2262 725//2262 726//2261 
f 1556//2263 728//2264 725//2262 
f 725//2262 1557//2262 1556//2263 
f 1560//2265 727//2265 728//2264 
f 1564//2266 731//2267 727//2265 
f 727//2265 1560//2265 1559//2268 
f 1564//2266 729//2269 731//2267 
f 729//2269 1565//2270 1570//2271 
f 729//2269 1564//2266 1565//2270 
f 1569//2272 732//2273 730//2274 
f 732//2273 1569//2272 1575//2275 
f 1575//2275 733//2275 732//2273 
f 1574//2276 734//2277 733//2275 
f 734//2277 1574//2276 1580//2278 
f 1580//2278 735//2278 734//2277 
f 1579//2279 736//2280 735//2278 
f 736//2280 1579//2279 1586//2281 
f 1586//2281 737//2281 736//2280 
f 1585//2282 738//2283 737//2281 
f 739//2284 1585//2282 1592//2285 
f 1592//2285 740//2285 739//2284 
f 739//2284 738//2283 1585//2282 
f 743//2286 742//2287 1595//2288 
f 1600//2289 744//2289 743//2286 
f 1591//2290 1595//2288 742//2287 
f 1591//2290 741//2291 740//2285 
f 740//2285 1592//2285 1591//2290 
f 742//2287 741//2291 1591//2290 
f 1611//2292 908//2293 556//2293 
f 555//2293 747//2294 1612//2295 
f 1612//2295 1611//2292 555//2293 
f 1612//2295 747//2294 746//2296 
f 745//2297 1601//2298 1606//2299 
f 1606//2299 746//2296 745//2297 
f 744//2289 1600//2289 1601//2298 
f 745//2297 744//2289 1601//2298 
f 746//2296 1606//2299 1612//2295 
f 556//2293 555//2293 1611//2292 
f 1595//2288 1600//2289 743//2286 
f 737//2281 1586//2281 1585//2282 
f 735//2278 1580//2278 1579//2279 
f 733//2275 1575//2275 1574//2276 
f 730//2274 1570//2271 1569//2272 
f 1570//2271 730//2274 729//2269 
f 727//2265 1559//2268 1564//2266 
f 1556//2263 1560//2265 728//2264 
f 1551//2260 1557//2262 726//2261 
f 1546//2257 1552//2259 724//2258 
f 1541//2254 1547//2256 722//2255 
f 719//2248 1613//2251 1542//2247 
f 716//2243 2062//2246 2059//2242 
f 2058//2240 2061//2245 714//2241 
f 712//2233 2055//2235 2053//2232 
o mesh8
f 2070//2300 1632//2301 1629//2302 
f 2070//2300 1631//2303 1630//2304 
f 1630//2304 1632//2301 2070//2300 
f 2070//2300 1634//2305 1635//2306 
f 2070//2300 1633//2307 1634//2305 
f 2070//2300 1636//2308 1638//2309 
f 2070//2300 1637//2310 1636//2308 
f 2070//2300 1639//2311 1637//2310 
f 1638//2309 1633//2307 2070//2300 
f 1635//2306 1631//2303 2070//2300 
f 2070//2300 1642//2312 1641//2313 
f 1641//2313 1640//2314 2070//2300 
f 2070//2300 1643//2315 1642//2312 
f 2070//2300 1647//2316 1644//2317 
f 1644//2317 1643//2315 2070//2300 
f 2070//2300 1646//2318 1645//2319 
f 2070//2300 1650//2320 1648//2321 
f 1648//2321 1646//2318 2070//2300 
f 1645//2319 1647//2316 2070//2300 
f 1640//2314 1639//2311 2070//2300 
f 2070//2300 1651//2322 1649//2323 
f 1649//2323 1650//2320 2070//2300 
f 2070//2300 1615//2324 1614//2325 
f 2070//2300 1619//2326 1617//2327 
f 1617//2327 1615//2324 2070//2300 
f 2070//2300 1618//2328 1619//2326 
f 2070//2300 1621//2329 1620//2330 
f 1620//2330 1618//2328 2070//2300 
f 2070//2300 1623//2331 1622//2332 
f 2070//2300 1626//2333 1627//2334 
f 2070//2300 1624//2335 1626//2333 
f 2070//2300 1625//2336 1624//2335 
f 2070//2300 1628//2337 1625//2336 
f 1627//2334 1623//2331 2070//2300 
f 1622//2332 1621//2329 2070//2300 
f 1614//2325 1616//2338 2070//2300 
f 2070//2300 1653//2339 1652//2340 
f 1652//2340 1651//2322 2070//2300 
f 1655//2341 1654//2342 1616//2338 
f 2063//2343 1656//2344 1655//2341 
f 1616//2338 2063//2343 1655//2341 
f 2063//2343 1658//2345 1657//2346 
f 2063//2343 1660//2347 1659//2348 
f 2063//2343 1661//2349 1660//2347 
f 1659//2348 1658//2345 2063//2343 
f 1657//2346 1656//2344 2063//2343 
f 1654//2342 1653//2339 1616//2338 
f 2070//2300 1616//2338 1653//2339 
f 1662//2350 1661//2349 2063//2343 
f 2063//2343 2064//2351 1662//2350 
f 2059//2352 1670//2353 1662//2350 
f 2059//2352 1663//2354 1670//2353 
f 2059//2352 2062//2355 1664//2356 
f 2062//2355 1665//2357 1664//2356 
f 1664//2356 1663//2354 2059//2352 
f 2062//2355 1668//2358 1665//2357 
f 2060//2359 2065//2360 1668//2358 
f 1668//2358 2062//2355 2060//2359 
f 2066//2361 2065//2360 2061//2362 
f 2061//2362 2058//2363 2066//2361 
f 2057//2364 2067//2365 2066//2361 
f 2065//2360 2060//2359 2061//2362 
f 2067//2365 2057//2364 2053//2366 
f 2053//2366 2068//2367 2067//2365 
f 2053//2366 2055//2368 2068//2367 
f 2069//2369 2068//2367 2054//2370 
f 2068//2367 2055//2368 2054//2370 
f 2054//2370 2056//2369 2069//2369 
f 2058//2363 2057//2364 2066//2361 
f 2064//2351 2059//2352 1662//2350 
f 1629//2302 1628//2337 2070//2300 
o mesh9
f 711//2371 121//2372 2071//2373 
f 710//2374 711//2371 2168//2375 
f 709//2376 710//2374 2169//2377 
f 708//2378 709//2376 2170//2379 
f 707//2380 708//2378 2171//2381 
f 706//2382 707//2380 2172//2383 
f 705//2384 706//2382 2173//2385 
f 705//2384 2174//2386 2072//2387 
f 2174//2386 2073//2388 2072//2387 
f 2175//2389 2168//2375 2074//2390 
f 2168//2375 2071//2373 2074//2390 
f 2169//2377 2168//2375 2175//2389 
f 2170//2379 2169//2377 2176//2391 
f 2171//2381 2170//2379 2177//2392 
f 2172//2383 2171//2381 2178//2393 
f 2173//2385 2172//2383 2179//2394 
f 2174//2386 2173//2385 2180//2395 
f 2073//2388 2174//2386 2181//2396 
f 2175//2389 2075//2397 2076//2398 
f 2176//2391 2175//2389 2182//2399 
f 2177//2392 2176//2391 2183//2400 
f 2178//2393 2177//2392 2184//2401 
f 2179//2394 2178//2393 2185//2402 
f 2180//2395 2179//2394 2186//2403 
f 2181//2396 2180//2395 2187//2404 
f 2188//2405 2077//2406 2078//2407 
f 2078//2407 2181//2396 2188//2405 
f 2189//2408 2182//2399 2079//2409 
f 2182//2399 2076//2398 2079//2409 
f 2183//2400 2182//2399 2189//2408 
f 2184//2401 2183//2400 2190//2410 
f 2185//2402 2184//2401 2191//2411 
f 2186//2403 2185//2402 2192//2412 
f 2187//2404 2186//2403 2193//2413 
f 2188//2405 2187//2404 2194//2414 
f 2195//2415 2080//2416 2081//2417 
f 2081//2417 2188//2405 2195//2415 
f 2189//2408 2082//2418 2083//2419 
f 2190//2410 2189//2408 2196//2420 
f 2191//2411 2190//2410 2197//2421 
f 2192//2412 2191//2411 2198//2422 
f 2193//2413 2192//2412 2199//2423 
f 2194//2414 2193//2413 2200//2424 
f 2195//2415 2194//2414 2201//2425 
f 2195//2415 2202//2426 2084//2427 
f 2202//2426 2085//2428 2084//2427 
f 2196//2420 2083//2419 2086//2429 
f 2086//2429 2203//2430 2196//2420 
f 2197//2421 2196//2420 2203//2430 
f 2198//2422 2197//2421 2204//2431 
f 2199//2423 2198//2422 2205//2432 
f 2200//2424 2199//2423 2206//2433 
f 2201//2425 2200//2424 2207//2434 
f 2202//2426 2201//2425 2208//2435 
f 2202//2426 2209//2436 2087//2437 
f 2209//2436 2088//2438 2087//2437 
f 2203//2430 2089//2439 2090//2440 
f 2204//2431 2203//2430 2210//2441 
f 2205//2432 2204//2431 2211//2442 
f 2206//2433 2205//2432 2212//2443 
f 2207//2434 2206//2433 2213//2444 
f 2208//2435 2207//2434 2214//2445 
f 2209//2436 2208//2435 2215//2446 
f 2088//2438 2209//2436 2216//2447 
f 2210//2441 2090//2440 2091//2448 
f 2211//2442 2210//2441 2217//2449 
f 2212//2443 2211//2442 2218//2450 
f 2213//2444 2212//2443 2219//2451 
f 2214//2445 2213//2444 2220//2452 
f 2215//2446 2214//2445 2221//2453 
f 2216//2447 2215//2446 2222//2454 
f 2223//2455 2092//2456 2093//2457 
f 2093//2457 2216//2447 2223//2455 
f 2224//2458 2217//2449 2094//2459 
f 2217//2449 2091//2448 2094//2459 
f 2218//2450 2217//2449 2224//2458 
f 2219//2451 2218//2450 2225//2460 
f 2220//2452 2219//2451 2226//2461 
f 2221//2453 2220//2452 2227//2462 
f 2222//2454 2221//2453 2228//2463 
f 2223//2455 2222//2454 2229//2464 
f 2230//2465 2095//2466 2096//2467 
f 2096//2467 2223//2455 2230//2465 
f 2224//2458 2097//2468 2098//2469 
f 2098//2469 2231//2470 2224//2458 
f 2225//2460 2224//2458 2231//2470 
f 2226//2461 2225//2460 2232//2471 
f 2227//2462 2226//2461 2233//2472 
f 2228//2463 2227//2462 2234//2473 
f 2229//2464 2228//2463 2235//2474 
f 2230//2465 2229//2464 2236//2475 
f 2230//2465 2237//2476 2099//2477 
f 2237//2476 2100//2478 2099//2477 
f 2231//2470 2101//2479 2102//2480 
f 2102//2480 2238//2481 2231//2470 
f 2102//2480 2103//2482 2238//2481 
f 2232//2471 2231//2470 2238//2481 
f 2233//2472 2232//2471 2239//2483 
f 2234//2473 2233//2472 2240//2484 
f 2235//2474 2234//2473 2241//2485 
f 2236//2475 2235//2474 2242//2486 
f 2237//2476 2236//2475 2243//2487 
f 2237//2476 2244//2488 2104//2489 
f 2244//2488 2105//2490 2104//2489 
f 2244//2488 2106//2491 2105//2490 
f 2238//2481 2107//2492 2108//2493 
f 2108//2493 2245//2494 2238//2481 
f 2239//2483 2238//2481 2245//2494 
f 2240//2484 2239//2483 2246//2495 
f 2241//2485 2240//2484 2247//2496 
f 2242//2486 2241//2485 2248//2497 
f 2243//2487 2242//2486 2249//2498 
f 2244//2488 2243//2487 2250//2499 
f 2244//2488 2251//2500 2109//2501 
f 2251//2500 2110//2502 2109//2501 
f 2245//2494 2111//2503 2112//2504 
f 2246//2495 2245//2494 2252//2505 
f 2247//2496 2246//2495 2253//2506 
f 2248//2497 2247//2496 2254//2507 
f 2249//2498 2248//2497 2255//2508 
f 2250//2499 2249//2498 2256//2509 
f 2251//2500 2250//2499 2257//2510 
f 2110//2502 2251//2500 2258//2511 
f 2259//2512 2252//2505 2113//2513 
f 2252//2505 2112//2504 2113//2513 
f 2253//2506 2252//2505 2259//2512 
f 2254//2507 2253//2506 2260//2514 
f 2255//2508 2254//2507 2261//2515 
f 2256//2509 2255//2508 2262//2516 
f 2257//2510 2256//2509 2263//2517 
f 2258//2511 2257//2510 2264//2518 
f 2258//2511 2265//2519 2114//2520 
f 2265//2519 2115//2521 2114//2520 
f 2259//2512 2116//2522 2117//2523 
f 2259//2512 2118//2524 2116//2522 
f 2117//2523 2266//2525 2259//2512 
f 2260//2514 2259//2512 2266//2525 
f 2261//2515 2260//2514 2267//2526 
f 2262//2516 2261//2515 2268//2527 
f 2263//2517 2262//2516 2269//2528 
f 2264//2518 2263//2517 2270//2529 
f 2265//2519 2264//2518 2271//2530 
f 2265//2519 2272//2531 2119//2532 
f 2272//2531 2120//2533 2119//2532 
f 2273//2534 2121//2535 2122//2536 
f 2266//2525 2123//2537 2121//2535 
f 2121//2535 2273//2534 2266//2525 
f 2267//2526 2266//2525 2273//2534 
f 2268//2527 2267//2526 2274//2538 
f 2269//2528 2268//2527 2275//2539 
f 2270//2529 2269//2528 2276//2540 
f 2271//2530 2270//2529 2277//2541 
f 2272//2531 2271//2530 2278//2542 
f 2272//2531 2279//2543 2124//2544 
f 2279//2543 2125//2545 2124//2544 
f 2273//2534 2126//2546 2127//2547 
f 2127//2547 2280//2548 2273//2534 
f 2274//2538 2273//2534 2280//2548 
f 2275//2539 2274//2538 2281//2549 
f 2276//2540 2275//2539 2282//2550 
f 2277//2541 2276//2540 2283//2551 
f 2278//2542 2277//2541 2284//2552 
f 2279//2543 2278//2542 2285//2553 
f 2286//2554 2128//2555 2125//2545 
f 2287//2556 2280//2548 2129//2557 
f 2280//2548 2130//2558 2129//2557 
f 2281//2549 2280//2548 2287//2556 
f 2282//2550 2281//2549 2288//2559 
f 2283//2551 2282//2550 2289//2560 
f 2284//2552 2283//2551 2290//2561 
f 2285//2553 2284//2552 2291//2562 
f 2286//2554 2285//2553 2292//2563 
f 2293//2564 2131//2565 2128//2555 
f 2287//2556 2132//2566 2133//2567 
f 2133//2567 2294//2568 2287//2556 
f 2288//2559 2287//2556 2294//2568 
f 2289//2560 2288//2559 2295//2569 
f 2290//2561 2289//2560 2296//2570 
f 2291//2562 2290//2561 2297//2571 
f 2292//2563 2291//2562 2298//2572 
f 2293//2564 2292//2563 2299//2573 
f 2293//2564 2300//2574 2134//2575 
f 2300//2574 2135//2576 2134//2575 
f 2136//2577 2301//2578 2294//2568 
f 2295//2569 2294//2568 2301//2578 
f 2296//2570 2295//2569 2302//2579 
f 2297//2571 2296//2570 2303//2580 
f 2298//2572 2297//2571 2304//2581 
f 2299//2573 2298//2572 2305//2582 
f 2300//2574 2299//2573 2306//2583 
f 2307//2584 2137//2585 2135//2576 
f 2301//2578 2138//2586 2139//2587 
f 2139//2587 2308//2588 2301//2578 
f 2301//2578 2136//2577 2138//2586 
f 2302//2579 2301//2578 2308//2588 
f 2303//2580 2302//2579 2309//2589 
f 2304//2581 2303//2580 2310//2590 
f 2305//2582 2304//2581 2311//2591 
f 2306//2583 2305//2582 2312//2592 
f 2307//2584 2306//2583 2313//2593 
f 2307//2584 2314//2594 2140//2595 
f 2315//2596 2308//2588 2141//2597 
f 2308//2588 2142//2598 2141//2597 
f 2309//2589 2308//2588 2315//2596 
f 2310//2590 2309//2589 2316//2599 
f 2311//2591 2310//2590 2317//2600 
f 2312//2592 2311//2591 2318//2601 
f 2313//2593 2312//2592 2319//2602 
f 2314//2594 2313//2593 2320//2603 
f 2321//2604 2143//2605 2140//2595 
f 2315//2596 2144//2606 2145//2607 
f 2145//2607 2146//2608 2315//2596 
f 2144//2606 2147//2609 2145//2607 
f 2146//2608 2148//2610 2315//2596 
f 2315//2596 2149//2611 2150//2612 
f 2150//2612 2316//2599 2315//2596 
f 2151//2613 2317//2600 2316//2599 
f 2316//2599 2152//2614 2151//2613 
f 2317//2600 2153//2615 2154//2616 
f 2154//2616 2318//2601 2317//2600 
f 2318//2601 2155//2617 2156//2618 
f 2156//2618 2319//2602 2318//2601 
f 2320//2603 2319//2602 2157//2619 
f 2319//2602 2158//2620 2157//2619 
f 2159//2621 2321//2604 2320//2603 
f 2320//2603 2160//2622 2159//2621 
f 2143//2605 2321//2604 2161//2623 
f 2321//2604 2162//2624 2161//2623 
f 2161//2623 2163//2625 2143//2605 
f 2159//2621 2162//2624 2321//2604 
f 2157//2619 2160//2622 2320//2603 
f 2156//2618 2158//2620 2319//2602 
f 2154//2616 2155//2617 2318//2601 
f 2151//2613 2153//2615 2317//2600 
f 2150//2612 2152//2614 2316//2599 
f 2148//2610 2149//2611 2315//2596 
f 2140//2595 2314//2594 2321//2604 
f 2320//2603 2321//2604 2314//2594 
f 2319//2602 2320//2603 2313//2593 
f 2318//2601 2319//2602 2312//2592 
f 2317//2600 2318//2601 2311//2591 
f 2316//2599 2317//2600 2310//2590 
f 2315//2596 2316//2599 2309//2589 
f 2141//2597 2144//2606 2315//2596 
f 2140//2595 2137//2585 2307//2584 
f 2313//2593 2314//2594 2307//2584 
f 2312//2592 2313//2593 2306//2583 
f 2311//2591 2312//2592 2305//2582 
f 2310//2590 2311//2591 2304//2581 
f 2309//2589 2310//2590 2303//2580 
f 2308//2588 2309//2589 2302//2579 
f 2139//2587 2142//2598 2308//2588 
f 2135//2576 2300//2574 2307//2584 
f 2306//2583 2307//2584 2300//2574 
f 2305//2582 2306//2583 2299//2573 
f 2304//2581 2305//2582 2298//2572 
f 2303//2580 2304//2581 2297//2571 
f 2302//2579 2303//2580 2296//2570 
f 2301//2578 2302//2579 2295//2569 
f 2294//2568 2164//2626 2136//2577 
f 2134//2575 2131//2565 2293//2564 
f 2299//2573 2300//2574 2293//2564 
f 2298//2572 2299//2573 2292//2563 
f 2297//2571 2298//2572 2291//2562 
f 2296//2570 2297//2571 2290//2561 
f 2295//2569 2296//2570 2289//2560 
f 2294//2568 2295//2569 2288//2559 
f 2133//2567 2164//2626 2294//2568 
f 2128//2555 2286//2554 2293//2564 
f 2292//2563 2293//2564 2286//2554 
f 2291//2562 2292//2563 2285//2553 
f 2290//2561 2291//2562 2284//2552 
f 2289//2560 2290//2561 2283//2551 
f 2288//2559 2289//2560 2282//2550 
f 2287//2556 2288//2559 2281//2549 
f 2129//2557 2132//2566 2287//2556 
f 2125//2545 2279//2543 2286//2554 
f 2285//2553 2286//2554 2279//2543 
f 2284//2552 2285//2553 2278//2542 
f 2283//2551 2284//2552 2277//2541 
f 2282//2550 2283//2551 2276//2540 
f 2281//2549 2282//2550 2275//2539 
f 2280//2548 2281//2549 2274//2538 
f 2127//2547 2130//2558 2280//2548 
f 2124//2544 2120//2533 2272//2531 
f 2278//2542 2279//2543 2272//2531 
f 2277//2541 2278//2542 2271//2530 
f 2276//2540 2277//2541 2270//2529 
f 2275//2539 2276//2540 2269//2528 
f 2274//2538 2275//2539 2268//2527 
f 2273//2534 2274//2538 2267//2526 
f 2122//2536 2126//2546 2273//2534 
f 2119//2532 2115//2521 2265//2519 
f 2271//2530 2272//2531 2265//2519 
f 2270//2529 2271//2530 2264//2518 
f 2269//2528 2270//2529 2263//2517 
f 2268//2527 2269//2528 2262//2516 
f 2267//2526 2268//2527 2261//2515 
f 2266//2525 2267//2526 2260//2514 
f 2117//2523 2123//2537 2266//2525 
f 2114//2520 2165//2627 2258//2511 
f 2264//2518 2265//2519 2258//2511 
f 2263//2517 2264//2518 2257//2510 
f 2262//2516 2263//2517 2256//2509 
f 2261//2515 2262//2516 2255//2508 
f 2260//2514 2261//2515 2254//2507 
f 2259//2512 2260//2514 2253//2506 
f 2113//2513 2118//2524 2259//2512 
f 2258//2511 2165//2627 2110//2502 
f 2257//2510 2258//2511 2251//2500 
f 2256//2509 2257//2510 2250//2499 
f 2255//2508 2256//2509 2249//2498 
f 2254//2507 2255//2508 2248//2497 
f 2253//2506 2254//2507 2247//2496 
f 2252//2505 2253//2506 2246//2495 
f 2112//2504 2252//2505 2245//2494 
f 2109//2501 2106//2491 2244//2488 
f 2250//2499 2251//2500 2244//2488 
f 2249//2498 2250//2499 2243//2487 
f 2248//2497 2249//2498 2242//2486 
f 2247//2496 2248//2497 2241//2485 
f 2246//2495 2247//2496 2240//2484 
f 2245//2494 2246//2495 2239//2483 
f 2108//2493 2111//2503 2245//2494 
f 2104//2489 2100//2478 2237//2476 
f 2243//2487 2244//2488 2237//2476 
f 2242//2486 2243//2487 2236//2475 
f 2241//2485 2242//2486 2235//2474 
f 2240//2484 2241//2485 2234//2473 
f 2239//2483 2240//2484 2233//2472 
f 2238//2481 2239//2483 2232//2471 
f 2103//2482 2107//2492 2238//2481 
f 2099//2477 2095//2466 2230//2465 
f 2236//2475 2237//2476 2230//2465 
f 2235//2474 2236//2475 2229//2464 
f 2234//2473 2235//2474 2228//2463 
f 2233//2472 2234//2473 2227//2462 
f 2232//2471 2233//2472 2226//2461 
f 2231//2470 2232//2471 2225//2460 
f 2098//2469 2101//2479 2231//2470 
f 2096//2467 2092//2456 2223//2455 
f 2229//2464 2230//2465 2223//2455 
f 2228//2463 2229//2464 2222//2454 
f 2227//2462 2228//2463 2221//2453 
f 2226//2461 2227//2462 2220//2452 
f 2225//2460 2226//2461 2219//2451 
f 2224//2458 2225//2460 2218//2450 
f 2094//2459 2097//2468 2224//2458 
f 2093//2457 2166//2628 2216//2447 
f 2222//2454 2223//2455 2216//2447 
f 2221//2453 2222//2454 2215//2446 
f 2220//2452 2221//2453 2214//2445 
f 2219//2451 2220//2452 2213//2444 
f 2218//2450 2219//2451 2212//2443 
f 2217//2449 2218//2450 2211//2442 
f 2091//2448 2217//2449 2210//2441 
f 2216//2447 2166//2628 2088//2438 
f 2215//2446 2216//2447 2209//2436 
f 2214//2445 2215//2446 2208//2435 
f 2213//2444 2214//2445 2207//2434 
f 2212//2443 2213//2444 2206//2433 
f 2211//2442 2212//2443 2205//2432 
f 2210//2441 2211//2442 2204//2431 
f 2090//2440 2210//2441 2203//2430 
f 2087//2437 2085//2428 2202//2426 
f 2208//2435 2209//2436 2202//2426 
f 2207//2434 2208//2435 2201//2425 
f 2206//2433 2207//2434 2200//2424 
f 2205//2432 2206//2433 2199//2423 
f 2204//2431 2205//2432 2198//2422 
f 2203//2430 2204//2431 2197//2421 
f 2086//2429 2089//2439 2203//2430 
f 2084//2427 2080//2416 2195//2415 
f 2201//2425 2202//2426 2195//2415 
f 2200//2424 2201//2425 2194//2414 
f 2199//2423 2200//2424 2193//2413 
f 2198//2422 2199//2423 2192//2412 
f 2197//2421 2198//2422 2191//2411 
f 2196//2420 2197//2421 2190//2410 
f 2083//2419 2196//2420 2189//2408 
f 2081//2417 2077//2406 2188//2405 
f 2194//2414 2195//2415 2188//2405 
f 2193//2413 2194//2414 2187//2404 
f 2192//2412 2193//2413 2186//2403 
f 2191//2411 2192//2412 2185//2402 
f 2190//2410 2191//2411 2184//2401 
f 2189//2408 2190//2410 2183//2400 
f 2079//2409 2082//2418 2189//2408 
f 2078//2407 2167//2629 2181//2396 
f 2187//2404 2188//2405 2181//2396 
f 2186//2403 2187//2404 2180//2395 
f 2185//2402 2186//2403 2179//2394 
f 2184//2401 2185//2402 2178//2393 
f 2183//2400 2184//2401 2177//2392 
f 2182//2399 2183//2400 2176//2391 
f 2076//2398 2182//2399 2175//2389 
f 2181//2396 2167//2629 2073//2388 
f 2180//2395 2181//2396 2174//2386 
f 2179//2394 2180//2395 2173//2385 
f 2178//2393 2179//2394 2172//2383 
f 2177//2392 2178//2393 2171//2381 
f 2176//2391 2177//2392 2170//2379 
f 2175//2389 2176//2391 2169//2377 
f 2074//2390 2075//2397 2175//2389 
f 2072//2387 703//2630 705//2384 
f 2173//2385 2174//2386 705//2384 
f 2172//2383 2173//2385 706//2382 
f 2171//2381 2172//2383 707//2380 
f 2170//2379 2171//2381 708//2378 
f 2169//2377 2170//2379 709//2376 
f 2168//2375 2169//2377 710//2374 
f 2071//2373 2168//2375 711//2371 
o mesh10
f 2322//2631 2367//2632 2068//2633 
f 2367//2632 2067//2634 2068//2633 
f 2367//2632 2066//2635 2067//2634 
f 2367//2632 2322//2631 2323//2636 
f 2323//2636 2368//2637 2367//2632 
f 2367//2632 2368//2637 2369//2638 
f 2370//2639 2369//2638 2371//2640 
f 2372//2641 2371//2640 2373//2642 
f 2374//2643 2373//2642 2375//2644 
f 2376//2645 2375//2644 2377//2646 
f 2378//2647 2377//2646 2379//2648 
f 2380//2649 2379//2648 2381//2650 
f 2324//2651 2325//2652 2382//2653 
f 2368//2637 2382//2653 2383//2654 
f 2369//2638 2383//2654 2384//2655 
f 2371//2640 2384//2655 2385//2656 
f 2373//2642 2385//2656 2386//2657 
f 2375//2644 2386//2657 2387//2658 
f 2377//2646 2387//2658 2388//2659 
f 2379//2648 2388//2659 2389//2660 
f 2381//2650 2389//2660 2390//2661 
f 2391//2662 2390//2661 2392//2663 
f 2393//2664 2392//2663 2394//2665 
f 2326//2666 2327//2667 2395//2668 
f 2396//2669 2395//2668 2397//2670 
f 2398//2671 2397//2670 2399//2672 
f 2400//2673 2399//2672 2401//2674 
f 2385//2656 2402//2675 2403//2676 
f 2402//2675 2401//2674 2404//2677 
f 2404//2677 2403//2676 2402//2675 
f 2403//2676 2404//2677 2405//2678 
f 2388//2659 2387//2658 2406//2679 
f 2406//2679 2407//2680 2388//2659 
f 2388//2659 2407//2680 2408//2681 
f 2389//2660 2408//2681 2409//2682 
f 2390//2661 2409//2682 2410//2683 
f 2392//2663 2410//2683 2411//2684 
f 2394//2665 2411//2684 2412//2685 
f 2413//2686 2328//2687 2329//2688 
f 2413//2686 2414//2689 2415//2690 
f 2416//2691 2415//2690 2417//2692 
f 2418//2693 2417//2692 2419//2694 
f 2420//2695 2419//2694 2421//2696 
f 2422//2697 2421//2696 2423//2698 
f 2424//2699 2423//2698 2425//2700 
f 2426//2701 2425//2700 2427//2702 
f 2428//2703 2427//2702 2429//2704 
f 2430//2705 2429//2704 2431//2706 
f 2411//2684 2410//2683 2432//2707 
f 2432//2707 2433//2708 2411//2684 
f 2411//2684 2433//2708 2434//2709 
f 2330//2710 2435//2711 2414//2689 
f 2414//2689 2435//2711 2436//2712 
f 2415//2690 2436//2712 2437//2713 
f 2417//2692 2437//2713 2438//2714 
f 2419//2694 2438//2714 2439//2715 
f 2421//2696 2439//2715 2440//2716 
f 2423//2698 2440//2716 2441//2717 
f 2425//2700 2441//2717 2442//2718 
f 2427//2702 2442//2718 2443//2719 
f 2429//2704 2443//2719 2444//2720 
f 2431//2706 2444//2720 2445//2721 
f 2433//2708 2445//2721 2446//2722 
f 2434//2709 2446//2722 2447//2723 
f 2435//2711 2330//2710 2331//2724 
f 2331//2724 2448//2725 2435//2711 
f 2435//2711 2448//2725 2449//2726 
f 2436//2712 2449//2726 2450//2727 
f 2437//2713 2450//2727 2451//2728 
f 2438//2714 2451//2728 2452//2729 
f 2439//2715 2452//2729 2453//2730 
f 2440//2716 2453//2730 2454//2731 
f 2441//2717 2454//2731 2455//2732 
f 2442//2718 2455//2732 2456//2733 
f 2443//2719 2456//2733 2457//2734 
f 2444//2720 2457//2734 2458//2735 
f 2445//2721 2458//2735 2459//2736 
f 2446//2722 2459//2736 2460//2737 
f 2461//2738 2462//2739 2332//2740 
f 2462//2739 2333//2741 2332//2740 
f 2462//2739 2461//2738 2463//2742 
f 2464//2743 2463//2742 2465//2744 
f 2466//2745 2465//2744 2467//2746 
f 2468//2747 2467//2746 2469//2748 
f 2470//2749 2469//2748 2471//2750 
f 2472//2751 2471//2750 2473//2752 
f 2474//2753 2473//2752 2475//2754 
f 2476//2755 2475//2754 2477//2756 
f 2478//2757 2477//2756 2479//2758 
f 2480//2759 2479//2758 2481//2760 
f 2482//2761 2481//2760 2483//2762 
f 2484//2763 2483//2762 2485//2764 
f 2334//2765 2335//2766 2486//2767 
f 2487//2768 2486//2767 2488//2769 
f 2489//2770 2488//2769 2490//2771 
f 2491//2772 2490//2771 2492//2773 
f 2493//2774 2492//2773 2494//2775 
f 2495//2776 2494//2775 2496//2777 
f 2497//2778 2496//2777 2498//2779 
f 2499//2780 2498//2779 2500//2781 
f 2501//2782 2500//2781 2502//2783 
f 2503//2784 2502//2783 2504//2785 
f 2505//2786 2504//2785 2506//2787 
f 2507//2788 2506//2787 2508//2789 
f 2509//2790 2508//2789 2510//2791 
f 2336//2792 2337//2793 2511//2794 
f 2512//2795 2511//2794 2513//2796 
f 2514//2797 2513//2796 2515//2798 
f 2516//2799 2515//2798 2517//2800 
f 2518//2801 2517//2800 2519//2802 
f 2520//2803 2519//2802 2521//2804 
f 2522//2805 2521//2804 2523//2806 
f 2524//2807 2523//2806 2525//2808 
f 2526//2809 2525//2808 2527//2810 
f 2528//2811 2527//2810 2529//2812 
f 2530//2813 2529//2812 2531//2814 
f 2532//2815 2531//2814 2533//2816 
f 2534//2817 2533//2816 2535//2818 
f 2536//2819 2537//2820 2338//2821 
f 2537//2820 2536//2819 2538//2822 
f 2539//2823 2538//2822 2540//2824 
f 2541//2825 2540//2824 2542//2826 
f 2543//2827 2542//2826 2544//2828 
f 2545//2829 2544//2828 2546//2830 
f 2547//2831 2546//2830 2548//2832 
f 2549//2833 2548//2832 2550//2834 
f 2551//2835 2550//2834 2552//2836 
f 2553//2837 2552//2836 2554//2838 
f 2555//2839 2554//2838 2556//2840 
f 2557//2841 2556//2840 2558//2842 
f 2535//2818 2533//2816 2559//2843 
f 2559//2843 2560//2844 2535//2818 
f 2339//2845 2561//2846 2536//2819 
f 2536//2819 2561//2846 2562//2847 
f 2538//2822 2562//2847 2563//2848 
f 2540//2824 2563//2848 2564//2849 
f 2542//2826 2564//2849 2565//2850 
f 2544//2828 2565//2850 2566//2851 
f 2546//2830 2566//2851 2567//2852 
f 2548//2832 2567//2852 2568//2853 
f 2550//2834 2568//2853 2569//2854 
f 2552//2836 2569//2854 2570//2855 
f 2554//2838 2570//2855 2571//2856 
f 2556//2840 2571//2856 2572//2857 
f 2558//2842 2572//2857 2573//2858 
f 2561//2846 2339//2845 2340//2859 
f 2340//2859 2574//2860 2561//2846 
f 2561//2846 2574//2860 2575//2861 
f 2562//2847 2575//2861 2576//2862 
f 2563//2848 2576//2862 2577//2863 
f 2564//2849 2577//2863 2578//2864 
f 2565//2850 2578//2864 2579//2865 
f 2566//2851 2579//2865 2580//2866 
f 2567//2852 2580//2866 2581//2867 
f 2568//2853 2581//2867 2582//2868 
f 2569//2854 2582//2868 2583//2869 
f 2570//2855 2583//2869 2584//2870 
f 2571//2856 2584//2870 2585//2871 
f 2572//2857 2585//2871 2586//2872 
f 2341//2873 2342//2874 2587//2875 
f 2588//2876 2587//2875 2589//2877 
f 2590//2878 2589//2877 2591//2879 
f 2592//2880 2591//2879 2593//2881 
f 2594//2882 2593//2881 2595//2883 
f 2596//2884 2595//2883 2597//2885 
f 2579//2865 2598//2886 2599//2887 
f 2598//2886 2597//2885 2600//2888 
f 2600//2888 2599//2887 2598//2886 
f 2599//2887 2600//2888 2601//2889 
f 2602//2890 2582//2868 2603//2891 
f 2582//2868 2581//2867 2603//2891 
f 2582//2868 2602//2890 2604//2892 
f 2583//2869 2604//2892 2605//2893 
f 2584//2870 2605//2893 2606//2894 
f 2585//2871 2606//2894 2607//2895 
f 2608//2896 2587//2875 2343//2897 
f 2587//2875 2342//2874 2343//2897 
f 2587//2875 2608//2896 2609//2898 
f 2589//2877 2609//2898 2610//2899 
f 2591//2879 2610//2899 2611//2900 
f 2593//2881 2611//2900 2612//2901 
f 2595//2883 2612//2901 2613//2902 
f 2597//2885 2613//2902 2614//2903 
f 2600//2888 2614//2903 2615//2904 
f 2601//2889 2615//2904 2616//2905 
f 2602//2890 2616//2905 2617//2906 
f 2604//2892 2617//2906 2618//2907 
f 2605//2893 2618//2907 2619//2908 
f 2620//2909 2608//2896 2344//2910 
f 2608//2896 2345//2911 2344//2910 
f 2608//2896 2620//2909 2621//2912 
f 2609//2898 2621//2912 2622//2913 
f 2610//2899 2622//2913 2623//2914 
f 2611//2900 2623//2914 2624//2915 
f 2612//2901 2624//2915 2625//2916 
f 2613//2902 2625//2916 2626//2917 
f 2614//2903 2626//2917 2627//2918 
f 2615//2904 2627//2918 2628//2919 
f 2616//2905 2628//2919 2629//2920 
f 2617//2906 2629//2920 2630//2921 
f 2346//2922 2347//2923 2631//2924 
f 2620//2909 2631//2924 2632//2925 
f 2621//2912 2632//2925 2633//2926 
f 2622//2913 2633//2926 2634//2927 
f 2623//2914 2634//2927 2635//2928 
f 2624//2915 2635//2928 2636//2929 
f 2625//2916 2636//2929 2637//2930 
f 2396//2669 2382//2653 2348//2931 
f 2382//2653 2325//2652 2348//2931 
f 2382//2653 2396//2669 2398//2671 
f 2383//2654 2398//2671 2400//2673 
f 2384//2655 2400//2673 2402//2675 
f 2386//2657 2403//2676 2406//2679 
f 2413//2686 2395//2668 2349//2932 
f 2395//2668 2327//2667 2349//2932 
f 2395//2668 2413//2686 2416//2691 
f 2397//2670 2416//2691 2418//2693 
f 2399//2672 2418//2693 2420//2695 
f 2401//2674 2420//2695 2422//2697 
f 2404//2677 2422//2697 2424//2699 
f 2405//2678 2424//2699 2426//2701 
f 2407//2680 2426//2701 2428//2703 
f 2408//2681 2428//2703 2430//2705 
f 2409//2682 2430//2705 2432//2707 
f 2350//2933 2333//2741 2462//2739 
f 2448//2725 2462//2739 2464//2743 
f 2449//2726 2464//2743 2466//2745 
f 2450//2727 2466//2745 2468//2747 
f 2451//2728 2468//2747 2470//2749 
f 2452//2729 2470//2749 2472//2751 
f 2453//2730 2472//2751 2474//2753 
f 2454//2731 2474//2753 2476//2755 
f 2455//2732 2476//2755 2478//2757 
f 2456//2733 2478//2757 2480//2759 
f 2457//2734 2480//2759 2482//2761 
f 2458//2735 2482//2761 2484//2763 
f 2459//2736 2484//2763 2638//2934 
f 2461//2738 2351//2935 2352//2936 
f 2352//2936 2487//2768 2461//2738 
f 2461//2738 2487//2768 2489//2770 
f 2463//2742 2489//2770 2491//2772 
f 2465//2744 2491//2772 2493//2774 
f 2467//2746 2493//2774 2495//2776 
f 2469//2748 2495//2776 2497//2778 
f 2471//2750 2497//2778 2499//2780 
f 2473//2752 2499//2780 2501//2782 
f 2475//2754 2501//2782 2503//2784 
f 2477//2756 2503//2784 2505//2786 
f 2479//2758 2505//2786 2507//2788 
f 2481//2760 2507//2788 2509//2790 
f 2483//2762 2509//2790 2639//2937 
f 2486//2767 2335//2766 2353//2938 
f 2353//2938 2512//2795 2486//2767 
f 2486//2767 2512//2795 2514//2797 
f 2488//2769 2514//2797 2516//2799 
f 2490//2771 2516//2799 2518//2801 
f 2492//2773 2518//2801 2520//2803 
f 2494//2775 2520//2803 2522//2805 
f 2496//2777 2522//2805 2524//2807 
f 2498//2779 2524//2807 2526//2809 
f 2500//2781 2526//2809 2528//2811 
f 2502//2783 2528//2811 2530//2813 
f 2504//2785 2530//2813 2532//2815 
f 2506//2787 2532//2815 2534//2817 
f 2508//2789 2534//2817 2640//2939 
f 2537//2820 2511//2794 2354//2940 
f 2511//2794 2337//2793 2354//2940 
f 2511//2794 2537//2820 2539//2823 
f 2513//2796 2539//2823 2541//2825 
f 2515//2798 2541//2825 2543//2827 
f 2517//2800 2543//2827 2545//2829 
f 2519//2802 2545//2829 2547//2831 
f 2521//2804 2547//2831 2549//2833 
f 2523//2806 2549//2833 2551//2835 
f 2525//2808 2551//2835 2553//2837 
f 2527//2810 2553//2837 2555//2839 
f 2529//2812 2555//2839 2557//2841 
f 2531//2814 2557//2841 2559//2843 
f 2355//2941 2341//2873 2588//2876 
f 2574//2860 2588//2876 2590//2878 
f 2575//2861 2590//2878 2592//2880 
f 2576//2862 2592//2880 2594//2882 
f 2577//2863 2594//2882 2596//2884 
f 2578//2864 2596//2884 2598//2886 
f 2580//2866 2599//2887 2603//2891 
f 2356//2942 2631//2924 2357//2943 
f 2631//2924 2347//2923 2357//2943 
f 2357//2943 2358//2944 2356//2942 
f 2632//2925 2631//2924 2359//2945 
f 2631//2924 2360//2946 2359//2945 
f 2631//2924 2361//2947 2360//2946 
f 2632//2925 987//2948 985//2949 
f 2362//2950 2363//2951 987//2948 
f 2632//2925 2364//2952 2362//2950 
f 2632//2925 2365//2953 2364//2952 
f 987//2948 2632//2925 2362//2950 
f 2633//2926 935//2954 937//2955 
f 2633//2926 986//2956 935//2954 
f 2633//2926 985//2949 986//2956 
f 2634//2927 938//2957 940//2958 
f 2634//2927 936//2959 938//2957 
f 2634//2927 937//2955 936//2959 
f 2635//2928 944//2960 943//2961 
f 2635//2928 941//2962 944//2960 
f 2635//2928 940//2958 939//2963 
f 939//2963 941//2962 2635//2928 
f 2636//2929 942//2964 946//2965 
f 2636//2929 943//2961 942//2964 
f 2637//2930 946//2965 945//2966 
f 2626//2917 948//2967 950//2968 
f 2626//2917 2637//2930 947//2969 
f 947//2969 948//2967 2626//2917 
f 2627//2918 951//2970 953//2971 
f 2627//2918 950//2968 949//2972 
f 949//2972 951//2970 2627//2918 
f 2628//2919 954//2973 955//2974 
f 2628//2919 953//2971 952//2975 
f 952//2975 954//2973 2628//2919 
f 2629//2920 957//2976 958//2977 
f 2629//2920 955//2974 956//2978 
f 956//2978 957//2976 2629//2920 
f 2630//2921 958//2977 959//2979 
f 2618//2907 963//2980 965//2981 
f 2618//2907 2630//2921 960//2982 
f 960//2982 962//2983 2618//2907 
f 2630//2921 961//2984 960//2982 
f 962//2983 963//2980 2618//2907 
f 2619//2908 965//2981 964//2985 
f 2606//2894 968//2986 970//2987 
f 2606//2894 2619//2908 966//2988 
f 2619//2908 967//2989 966//2988 
f 966//2988 968//2986 2606//2894 
f 2607//2895 970//2987 969//2990 
f 2607//2895 971//2991 972//2992 
f 972//2992 2586//2872 2607//2895 
f 2586//2872 974//2993 976//2994 
f 2586//2872 973//2995 974//2993 
f 976//2994 2573//2858 2586//2872 
f 2573//2858 975//2996 977//2997 
f 977//2997 2560//2844 2573//2858 
f 2535//2818 978//2998 980//2999 
f 2560//2844 979//3000 978//2998 
f 978//2998 2535//2818 2560//2844 
f 983//3001 2510//2791 2640//2939 
f 2640//2939 982//3002 983//3001 
f 2535//2818 981//3003 982//3002 
f 982//3002 2640//2939 2535//2818 
f 2639//2937 1669//3004 1609//3005 
f 2639//2937 2510//2791 1095//3006 
f 1095//3006 1094//3007 2639//2937 
f 1094//3007 1669//3004 2639//2937 
f 2510//2791 1096//3008 1095//3006 
f 1607//3009 2460//2737 2638//2934 
f 2638//2934 1610//3010 1607//3009 
f 2485//2764 1609//3005 1610//3010 
f 2447//2723 2460//2737 1603//3011 
f 2460//2737 1607//3009 1608//3012 
f 1608//3012 1603//3011 2460//2737 
f 2447//2723 1602//3013 1604//3014 
f 2641//3015 1604//3014 1605//3016 
f 1605//3016 1597//3017 2641//3015 
f 2434//2709 2641//3015 1596//3018 
f 1596//3018 2412//2685 2434//2709 
f 2642//3019 2412//2685 1593//3020 
f 2412//2685 1599//3021 1593//3020 
f 1593//3020 1594//3022 2642//3019 
f 2412//2685 1598//3023 1599//3021 
f 2643//3024 2394//2665 1590//3025 
f 2394//2665 2642//3019 1587//3026 
f 1587//3026 1589//3027 2394//2665 
f 1589//3027 1590//3025 2394//2665 
f 2393//2664 2643//3024 1581//3028 
f 1581//3028 1582//3029 2393//2664 
f 1582//3029 1584//3030 2393//2664 
f 2391//2662 2393//2664 1576//3031 
f 1576//3031 1577//3032 2391//2662 
f 1577//3032 1578//3033 2391//2662 
f 2381//2650 2391//2662 1571//3034 
f 1571//3034 2644//3035 2381//2650 
f 2644//3035 1573//3036 1568//3037 
f 2644//3035 1572//3038 1573//3036 
f 2380//2649 2644//3035 1566//3039 
f 1566//3039 1567//3040 2380//2649 
f 2378//2647 1558//3041 1554//3042 
f 2378//2647 2380//2649 1561//3043 
f 1561//3043 1562//3044 2378//2647 
f 1562//3044 1563//3045 2378//2647 
f 1563//3045 1558//3041 2378//2647 
f 2376//2645 1555//3046 1549//3047 
f 2376//2645 2378//2647 1553//3048 
f 1553//3048 1555//3046 2376//2645 
f 2374//2643 1550//3049 1544//3050 
f 2374//2643 2376//2645 1548//3051 
f 1548//3051 1550//3049 2374//2643 
f 2372//2641 1545//3052 1540//3053 
f 2372//2641 2374//2643 1543//3054 
f 1543//3054 1545//3052 2372//2641 
f 1540//3053 1539//3055 2372//2641 
f 2370//2639 1538//3056 1667//3057 
f 2370//2639 2372//2641 1537//3058 
f 1537//3058 1536//3059 2370//2639 
f 1536//3059 1538//3056 2370//2639 
f 2367//2632 2370//2639 2065//3060 
f 2370//2639 1666//3061 1668//3062 
f 1668//3062 2065//3060 2370//2639 
f 2065//3060 2066//2635 2367//2632 
f 1667//3057 1666//3061 2370//2639 
f 1539//3055 1537//3058 2372//2641 
f 1544//3050 1543//3054 2374//2643 
f 1549//3047 1548//3051 2376//2645 
f 1554//3042 1553//3048 2378//2647 
f 1567//3040 1561//3043 2380//2649 
f 1568//3037 1566//3039 2644//3035 
f 1571//3034 1572//3038 2644//3035 
f 1578//3033 1571//3034 2391//2662 
f 1584//3030 1576//3031 2393//2664 
f 1581//3028 2643//3024 1583//3063 
f 1590//3025 1583//3063 2643//3024 
f 1587//3026 2642//3019 1588//3064 
f 1594//3022 1588//3064 2642//3019 
f 1596//3018 1598//3023 2412//2685 
f 1597//3017 1596//3018 2641//3015 
f 1604//3014 2641//3015 2447//2723 
f 1603//3011 1602//3013 2447//2723 
f 2638//2934 2485//2764 1610//3010 
f 1609//3005 2485//2764 2639//2937 
f 983//3001 1096//3008 2510//2791 
f 980//2999 981//3003 2535//2818 
f 977//2997 979//3000 2560//2844 
f 976//2994 975//2996 2573//2858 
f 972//2992 973//2995 2586//2872 
f 969//2990 971//2991 2607//2895 
f 970//2987 2607//2895 2606//2894 
f 964//2985 967//2989 2619//2908 
f 965//2981 2619//2908 2618//2907 
f 959//2979 961//2984 2630//2921 
f 958//2977 2630//2921 2629//2920 
f 955//2974 2629//2920 2628//2919 
f 953//2971 2628//2919 2627//2918 
f 950//2968 2627//2918 2626//2917 
f 945//2966 947//2969 2637//2930 
f 946//2965 2637//2930 2636//2929 
f 943//2961 2636//2929 2635//2928 
f 940//2958 2635//2928 2634//2927 
f 937//2955 2634//2927 2633//2926 
f 985//2949 2633//2926 2632//2925 
f 2359//2945 2365//2953 2632//2925 
f 2356//2942 2361//2947 2631//2924 
f 2603//2891 2581//2867 2580//2866 
f 2598//2886 2579//2865 2578//2864 
f 2596//2884 2578//2864 2577//2863 
f 2594//2882 2577//2863 2576//2862 
f 2592//2880 2576//2862 2575//2861 
f 2590//2878 2575//2861 2574//2860 
f 2588//2876 2574//2860 2355//2941 
f 2559//2843 2533//2816 2531//2814 
f 2557//2841 2531//2814 2529//2812 
f 2555//2839 2529//2812 2527//2810 
f 2553//2837 2527//2810 2525//2808 
f 2551//2835 2525//2808 2523//2806 
f 2549//2833 2523//2806 2521//2804 
f 2547//2831 2521//2804 2519//2802 
f 2545//2829 2519//2802 2517//2800 
f 2543//2827 2517//2800 2515//2798 
f 2541//2825 2515//2798 2513//2796 
f 2539//2823 2513//2796 2511//2794 
f 2354//2940 2338//2821 2537//2820 
f 2640//2939 2510//2791 2508//2789 
f 2534//2817 2508//2789 2506//2787 
f 2532//2815 2506//2787 2504//2785 
f 2530//2813 2504//2785 2502//2783 
f 2528//2811 2502//2783 2500//2781 
f 2526//2809 2500//2781 2498//2779 
f 2524//2807 2498//2779 2496//2777 
f 2522//2805 2496//2777 2494//2775 
f 2520//2803 2494//2775 2492//2773 
f 2518//2801 2492//2773 2490//2771 
f 2516//2799 2490//2771 2488//2769 
f 2514//2797 2488//2769 2486//2767 
f 2353//2938 2336//2792 2512//2795 
f 2639//2937 2485//2764 2483//2762 
f 2509//2790 2483//2762 2481//2760 
f 2507//2788 2481//2760 2479//2758 
f 2505//2786 2479//2758 2477//2756 
f 2503//2784 2477//2756 2475//2754 
f 2501//2782 2475//2754 2473//2752 
f 2499//2780 2473//2752 2471//2750 
f 2497//2778 2471//2750 2469//2748 
f 2495//2776 2469//2748 2467//2746 
f 2493//2774 2467//2746 2465//2744 
f 2491//2772 2465//2744 2463//2742 
f 2489//2770 2463//2742 2461//2738 
f 2352//2936 2334//2765 2487//2768 
f 2638//2934 2460//2737 2459//2736 
f 2484//2763 2459//2736 2458//2735 
f 2482//2761 2458//2735 2457//2734 
f 2480//2759 2457//2734 2456//2733 
f 2478//2757 2456//2733 2455//2732 
f 2476//2755 2455//2732 2454//2731 
f 2474//2753 2454//2731 2453//2730 
f 2472//2751 2453//2730 2452//2729 
f 2470//2749 2452//2729 2451//2728 
f 2468//2747 2451//2728 2450//2727 
f 2466//2745 2450//2727 2449//2726 
f 2464//2743 2449//2726 2448//2725 
f 2462//2739 2448//2725 2350//2933 
f 2432//2707 2410//2683 2409//2682 
f 2430//2705 2409//2682 2408//2681 
f 2428//2703 2408//2681 2407//2680 
f 2426//2701 2407//2680 2405//2678 
f 2424//2699 2405//2678 2404//2677 
f 2422//2697 2404//2677 2401//2674 
f 2420//2695 2401//2674 2399//2672 
f 2418//2693 2399//2672 2397//2670 
f 2416//2691 2397//2670 2395//2668 
f 2349//2932 2328//2687 2413//2686 
f 2406//2679 2387//2658 2386//2657 
f 2402//2675 2385//2656 2384//2655 
f 2400//2673 2384//2655 2383//2654 
f 2398//2671 2383//2654 2382//2653 
f 2348//2931 2326//2666 2396//2669 
f 2637//2930 2626//2917 2625//2916 
f 2636//2929 2625//2916 2624//2915 
f 2635//2928 2624//2915 2623//2914 
f 2634//2927 2623//2914 2622//2913 
f 2633//2926 2622//2913 2621//2912 
f 2632//2925 2621//2912 2620//2909 
f 2631//2924 2620//2909 2346//2922 
f 2630//2921 2618//2907 2617//2906 
f 2629//2920 2617//2906 2616//2905 
f 2628//2919 2616//2905 2615//2904 
f 2627//2918 2615//2904 2614//2903 
f 2626//2917 2614//2903 2613//2902 
f 2625//2916 2613//2902 2612//2901 
f 2624//2915 2612//2901 2611//2900 
f 2623//2914 2611//2900 2610//2899 
f 2622//2913 2610//2899 2609//2898 
f 2621//2912 2609//2898 2608//2896 
f 2344//2910 2346//2922 2620//2909 
f 2619//2908 2606//2894 2605//2893 
f 2618//2907 2605//2893 2604//2892 
f 2617//2906 2604//2892 2602//2890 
f 2616//2905 2602//2890 2601//2889 
f 2615//2904 2601//2889 2600//2888 
f 2614//2903 2600//2888 2597//2885 
f 2613//2902 2597//2885 2595//2883 
f 2612//2901 2595//2883 2593//2881 
f 2611//2900 2593//2881 2591//2879 
f 2610//2899 2591//2879 2589//2877 
f 2609//2898 2589//2877 2587//2875 
f 2343//2897 2345//2911 2608//2896 
f 2607//2895 2586//2872 2585//2871 
f 2606//2894 2585//2871 2584//2870 
f 2605//2893 2584//2870 2583//2869 
f 2604//2892 2583//2869 2582//2868 
f 2603//2891 2601//2889 2602//2890 
f 2601//2889 2603//2891 2599//2887 
f 2599//2887 2580//2866 2579//2865 
f 2597//2885 2598//2886 2596//2884 
f 2595//2883 2596//2884 2594//2882 
f 2593//2881 2594//2882 2592//2880 
f 2591//2879 2592//2880 2590//2878 
f 2589//2877 2590//2878 2588//2876 
f 2587//2875 2588//2876 2341//2873 
f 2586//2872 2573//2858 2572//2857 
f 2585//2871 2572//2857 2571//2856 
f 2584//2870 2571//2856 2570//2855 
f 2583//2869 2570//2855 2569//2854 
f 2582//2868 2569//2854 2568//2853 
f 2581//2867 2568//2853 2567//2852 
f 2580//2866 2567//2852 2566//2851 
f 2579//2865 2566//2851 2565//2850 
f 2578//2864 2565//2850 2564//2849 
f 2577//2863 2564//2849 2563//2848 
f 2576//2862 2563//2848 2562//2847 
f 2575//2861 2562//2847 2561//2846 
f 2340//2859 2355//2941 2574//2860 
f 2573//2858 2560//2844 2558//2842 
f 2572//2857 2558//2842 2556//2840 
f 2571//2856 2556//2840 2554//2838 
f 2570//2855 2554//2838 2552//2836 
f 2569//2854 2552//2836 2550//2834 
f 2568//2853 2550//2834 2548//2832 
f 2567//2852 2548//2832 2546//2830 
f 2566//2851 2546//2830 2544//2828 
f 2565//2850 2544//2828 2542//2826 
f 2564//2849 2542//2826 2540//2824 
f 2563//2848 2540//2824 2538//2822 
f 2562//2847 2538//2822 2536//2819 
f 2536//2819 2366//3065 2339//2845 
f 2559//2843 2558//2842 2560//2844 
f 2558//2842 2559//2843 2557//2841 
f 2556//2840 2557//2841 2555//2839 
f 2554//2838 2555//2839 2553//2837 
f 2552//2836 2553//2837 2551//2835 
f 2550//2834 2551//2835 2549//2833 
f 2548//2832 2549//2833 2547//2831 
f 2546//2830 2547//2831 2545//2829 
f 2544//2828 2545//2829 2543//2827 
f 2542//2826 2543//2827 2541//2825 
f 2540//2824 2541//2825 2539//2823 
f 2538//2822 2539//2823 2537//2820 
f 2338//2821 2366//3065 2536//2819 
f 2535//2818 2640//2939 2534//2817 
f 2533//2816 2534//2817 2532//2815 
f 2531//2814 2532//2815 2530//2813 
f 2529//2812 2530//2813 2528//2811 
f 2527//2810 2528//2811 2526//2809 
f 2525//2808 2526//2809 2524//2807 
f 2523//2806 2524//2807 2522//2805 
f 2521//2804 2522//2805 2520//2803 
f 2519//2802 2520//2803 2518//2801 
f 2517//2800 2518//2801 2516//2799 
f 2515//2798 2516//2799 2514//2797 
f 2513//2796 2514//2797 2512//2795 
f 2511//2794 2512//2795 2336//2792 
f 2510//2791 2639//2937 2509//2790 
f 2508//2789 2509//2790 2507//2788 
f 2506//2787 2507//2788 2505//2786 
f 2504//2785 2505//2786 2503//2784 
f 2502//2783 2503//2784 2501//2782 
f 2500//2781 2501//2782 2499//2780 
f 2498//2779 2499//2780 2497//2778 
f 2496//2777 2497//2778 2495//2776 
f 2494//2775 2495//2776 2493//2774 
f 2492//2773 2493//2774 2491//2772 
f 2490//2771 2491//2772 2489//2770 
f 2488//2769 2489//2770 2487//2768 
f 2486//2767 2487//2768 2334//2765 
f 2485//2764 2638//2934 2484//2763 
f 2483//2762 2484//2763 2482//2761 
f 2481//2760 2482//2761 2480//2759 
f 2479//2758 2480//2759 2478//2757 
f 2477//2756 2478//2757 2476//2755 
f 2475//2754 2476//2755 2474//2753 
f 2473//2752 2474//2753 2472//2751 
f 2471//2750 2472//2751 2470//2749 
f 2469//2748 2470//2749 2468//2747 
f 2467//2746 2468//2747 2466//2745 
f 2465//2744 2466//2745 2464//2743 
f 2463//2742 2464//2743 2462//2739 
f 2332//2740 2351//2935 2461//2738 
f 2460//2737 2447//2723 2446//2722 
f 2459//2736 2446//2722 2445//2721 
f 2458//2735 2445//2721 2444//2720 
f 2457//2734 2444//2720 2443//2719 
f 2456//2733 2443//2719 2442//2718 
f 2455//2732 2442//2718 2441//2717 
f 2454//2731 2441//2717 2440//2716 
f 2453//2730 2440//2716 2439//2715 
f 2452//2729 2439//2715 2438//2714 
f 2451//2728 2438//2714 2437//2713 
f 2450//2727 2437//2713 2436//2712 
f 2449//2726 2436//2712 2435//2711 
f 2331//2724 2350//2933 2448//2725 
f 2447//2723 2641//3015 2434//2709 
f 2446//2722 2434//2709 2433//2708 
f 2445//2721 2433//2708 2431//2706 
f 2444//2720 2431//2706 2429//2704 
f 2443//2719 2429//2704 2427//2702 
f 2442//2718 2427//2702 2425//2700 
f 2441//2717 2425//2700 2423//2698 
f 2440//2716 2423//2698 2421//2696 
f 2439//2715 2421//2696 2419//2694 
f 2438//2714 2419//2694 2417//2692 
f 2437//2713 2417//2692 2415//2690 
f 2436//2712 2415//2690 2414//2689 
f 2414//2689 2329//2688 2330//2710 
f 2434//2709 2412//2685 2411//2684 
f 2432//2707 2431//2706 2433//2708 
f 2431//2706 2432//2707 2430//2705 
f 2429//2704 2430//2705 2428//2703 
f 2427//2702 2428//2703 2426//2701 
f 2425//2700 2426//2701 2424//2699 
f 2423//2698 2424//2699 2422//2697 
f 2421//2696 2422//2697 2420//2695 
f 2419//2694 2420//2695 2418//2693 
f 2417//2692 2418//2693 2416//2691 
f 2415//2690 2416//2691 2413//2686 
f 2329//2688 2414//2689 2413//2686 
f 2412//2685 2642//3019 2394//2665 
f 2411//2684 2394//2665 2392//2663 
f 2410//2683 2392//2663 2390//2661 
f 2409//2682 2390//2661 2389//2660 
f 2408//2681 2389//2660 2388//2659 
f 2406//2679 2405//2678 2407//2680 
f 2405//2678 2406//2679 2403//2676 
f 2403//2676 2386//2657 2385//2656 
f 2401//2674 2402//2675 2400//2673 
f 2399//2672 2400//2673 2398//2671 
f 2397//2670 2398//2671 2396//2669 
f 2395//2668 2396//2669 2326//2666 
f 2394//2665 2643//3024 2393//2664 
f 2392//2663 2393//2664 2391//2662 
f 2390//2661 2391//2662 2381//2650 
f 2389//2660 2381//2650 2379//2648 
f 2388//2659 2379//2648 2377//2646 
f 2387//2658 2377//2646 2375//2644 
f 2386//2657 2375//2644 2373//2642 
f 2385//2656 2373//2642 2371//2640 
f 2384//2655 2371//2640 2369//2638 
f 2383//2654 2369//2638 2368//2637 
f 2382//2653 2368//2637 2324//2651 
f 2381//2650 2644//3035 2380//2649 
f 2379//2648 2380//2649 2378//2647 
f 2377//2646 2378//2647 2376//2645 
f 2375//2644 2376//2645 2374//2643 
f 2373//2642 2374//2643 2372//2641 
f 2371//2640 2372//2641 2370//2639 
f 2369//2638 2370//2639 2367//2632 
f 2323//2636 2324//2651 2368//2637 
f 2068//2633 2069//3066 2322//2631 
o mesh11
f 2069//3067 2056//3067 2645//3068 
f 2645//3068 2646//3069 2069//3067 
f 2647//3070 2648//3071 2646//3069 
f 2649//3072 2648//3071 2650//3073 
f 2648//3071 2647//3070 2650//3073 
f 2651//3074 2649//3072 2652//3075 
f 2649//3072 2653//3076 2652//3075 
f 2651//3074 2654//3077 2655//3078 
f 2655//3078 2656//3079 2651//3074 
f 2652//3075 2654//3077 2651//3074 
f 2718//3080 2657//3081 2658//3082 
f 2718//3080 2659//3083 2660//3084 
f 2718//3080 2661//3085 2662//3086 
f 2718//3080 2663//3087 2664//3088 
f 2718//3080 2665//3089 2663//3087 
f 2664//3088 2661//3085 2718//3080 
f 2662//3086 2666//3090 2718//3080 
f 2718//3080 2667//3091 2665//3089 
f 2666//3090 2659//3083 2718//3080 
f 2660//3084 2668//3092 2718//3080 
f 2668//3092 2657//3081 2718//3080 
f 2718//3080 2669//3093 2670//3094 
f 2670//3094 2667//3091 2718//3080 
f 2718//3080 2671//3095 2672//3096 
f 2718//3080 2673//3097 2671//3095 
f 2718//3080 2674//3098 2675//3099 
f 2675//3099 2676//3100 2718//3080 
f 2676//3100 2673//3097 2718//3080 
f 2718//3080 2677//3101 2678//3102 
f 2678//3102 2679//3103 2718//3080 
f 2679//3103 2680//3104 2718//3080 
f 2680//3104 2674//3098 2718//3080 
f 2718//3080 2681//3105 2682//3106 
f 2718//3080 2683//3107 2684//3108 
f 2684//3108 2685//3109 2718//3080 
f 2685//3109 2681//3105 2718//3080 
f 2718//3080 2686//3110 2683//3107 
f 2718//3080 2687//3111 2686//3110 
f 2718//3080 2688//3112 2689//3113 
f 2718//3080 2690//3114 2688//3112 
f 2718//3080 2691//3115 2690//3114 
f 2689//3113 2687//3111 2718//3080 
f 2682//3106 2677//3101 2718//3080 
f 2672//3096 2669//3093 2718//3080 
f 2718//3080 2692//3116 2693//3117 
f 2718//3080 2694//3118 2695//3119 
f 2695//3119 2692//3116 2718//3080 
f 2693//3117 2696//3120 2718//3080 
f 2718//3080 2697//3121 2698//3122 
f 2718//3080 2699//3123 2697//3121 
f 2718//3080 2700//3124 2699//3123 
f 2718//3080 2701//3125 2702//3126 
f 2702//3126 2700//3124 2718//3080 
f 2698//3122 2694//3118 2718//3080 
f 2718//3080 2703//3127 2704//3128 
f 2718//3080 2705//3129 2706//3130 
f 2706//3130 2707//3131 2718//3080 
f 2707//3131 2703//3127 2718//3080 
f 2704//3128 2701//3125 2718//3080 
f 2696//3120 2691//3115 2718//3080 
f 2718//3080 2708//3132 2705//3129 
f 2655//3078 2709//3133 2710//3134 
f 2709//3133 2711//3135 2712//3136 
f 2713//3137 2714//3138 2711//3135 
f 2714//3138 2713//3137 2715//3139 
f 2715//3139 2716//3140 2717//3141 
f 2715//3139 2717//3141 2714//3138 
f 2711//3135 2709//3133 2713//3137 
f 2716//3140 2715//3139 2705//3129 
f 2705//3129 2708//3132 2716//3140 
f 2712//3136 2710//3134 2709//3133 
f 2710//3134 2656//3079 2655//3078 
f 2658//3082 2708//3132 2718//3080 
f 2650//3073 2653//3076 2649//3072 
f 2645//3068 2647//3070 2646//3069 
o mesh12
f 703//3142 2072//3143 2645//3144 
f 2072//3143 2650//3143 2647//3145 
f 2647//3145 2645//3144 2072//3143 
f 2073//3146 2653//3147 2650//3143 
f 2167//3148 2652//3149 2653//3147 
f 2653//3147 2073//3146 2167//3148 
f 2654//3150 2652//3149 2167//3148 
f 2167//3148 2078//3150 2654//3150 
f 2077//3151 2709//3152 2655//3153 
f 2655//3153 2078//3150 2077//3151 
f 2713//3154 2709//3152 2077//3151 
f 2077//3151 2081//3154 2713//3154 
f 2080//3155 2715//3156 2713//3154 
f 2705//3157 2715//3156 2080//3155 
f 2084//3158 2719//3158 2706//3159 
f 2706//3159 2705//3157 2084//3158 
f 2080//3155 2084//3158 2705//3157 
f 2720//3160 2721//3161 2085//3162 
f 2087//3163 2722//3163 2720//3160 
f 2721//3161 2719//3158 2084//3158 
f 2084//3158 2085//3162 2721//3161 
f 2166//3164 2723//3165 2724//3166 
f 2724//3166 2722//3163 2087//3163 
f 2087//3163 2088//3167 2724//3166 
f 2724//3166 2088//3167 2166//3164 
f 2092//3168 2725//3169 2726//3170 
f 2726//3170 2093//3171 2092//3168 
f 2726//3170 2723//3165 2093//3171 
f 2727//3172 2096//3173 2095//3174 
f 2095//3174 2728//3175 2727//3172 
f 2727//3172 2725//3169 2096//3173 
f 2099//3175 2100//3176 2729//3177 
f 2100//3176 2730//3178 2729//3177 
f 2729//3177 2731//3179 2099//3175 
f 2731//3179 2728//3175 2099//3175 
f 2732//3180 2730//3178 2104//3181 
f 2733//3182 2734//3183 2106//3184 
f 2734//3183 2732//3180 2105//3185 
f 2105//3185 2106//3184 2734//3183 
f 2735//3186 2736//3187 2110//3188 
f 2110//3188 2165//3189 2735//3186 
f 2736//3187 2733//3182 2109//3190 
f 2109//3190 2110//3188 2736//3187 
f 2115//3191 2119//3192 2737//3192 
f 2738//3193 2739//3194 2114//3195 
f 2114//3195 2115//3191 2738//3193 
f 2739//3194 2735//3186 2114//3195 
f 2740//3196 2741//3197 2120//3198 
f 2741//3197 2737//3192 2119//3192 
f 2119//3192 2120//3198 2741//3197 
f 2742//3199 2743//3200 2125//3201 
f 2743//3200 2124//3202 2125//3201 
f 2125//3201 2128//3203 2742//3199 
f 2744//3204 2742//3199 2128//3203 
f 2128//3203 2131//3205 2744//3204 
f 2131//3205 2134//3204 2744//3204 
f 2745//3206 2746//3207 2134//3204 
f 2134//3204 2135//3208 2745//3206 
f 2137//3209 2140//3210 2747//3211 
f 2745//3206 2135//3208 2137//3209 
f 2747//3211 2745//3206 2137//3209 
f 2143//3212 2748//3213 2749//3214 
f 2748//3213 2143//3212 2750//3215 
f 2143//3212 2163//3215 2750//3215 
f 2750//3215 2751//3215 2748//3213 
f 2749//3214 2140//3210 2143//3212 
f 2749//3214 2747//3211 2140//3210 
f 2746//3207 2744//3204 2134//3204 
f 2743//3200 2740//3196 2124//3202 
f 2120//3198 2124//3202 2740//3196 
f 2737//3192 2738//3193 2115//3191 
f 2165//3189 2114//3195 2735//3186 
f 2106//3184 2109//3190 2733//3182 
f 2104//3181 2105//3185 2732//3180 
f 2100//3176 2104//3181 2730//3178 
f 2095//3174 2099//3175 2728//3175 
f 2092//3168 2096//3173 2725//3169 
f 2166//3164 2093//3171 2723//3165 
f 2085//3162 2087//3163 2720//3160 
f 2713//3154 2081//3154 2080//3155 
f 2655//3153 2654//3150 2078//3150 
f 2650//3143 2072//3143 2073//3146 
f 2645//3144 2056//3216 703//3142 
o mesh13
f 2832//3217 2752//3218 2753//3219 
f 2753//3219 2833//3220 2832//3217 
f 2834//3221 2832//3217 2833//3220 
f 2835//3222 2834//3221 2836//3223 
f 2837//3224 2835//3222 2838//3225 
f 2839//3226 2837//3224 2840//3227 
f 2841//3228 2839//3226 2842//3229 
f 2843//3230 2841//3228 2844//3231 
f 2845//3232 2843//3230 2846//3233 
f 2845//3232 2847//3234 2754//3235 
f 2847//3234 2755//3236 2754//3235 
f 2833//3220 2756//3237 2757//3238 
f 2757//3238 2848//3239 2833//3220 
f 2836//3223 2833//3220 2848//3239 
f 2838//3225 2836//3223 2849//3240 
f 2840//3227 2838//3225 2850//3241 
f 2842//3229 2840//3227 2851//3242 
f 2844//3231 2842//3229 2852//3243 
f 2846//3233 2844//3231 2853//3244 
f 2847//3234 2846//3233 2854//3245 
f 2855//3246 2758//3247 2759//3248 
f 2759//3248 2847//3234 2855//3246 
f 2760//3249 2761//3250 2856//3251 
f 2849//3240 2848//3239 2856//3251 
f 2850//3241 2849//3240 2857//3252 
f 2851//3242 2850//3241 2858//3253 
f 2852//3243 2851//3242 2859//3254 
f 2853//3244 2852//3243 2860//3255 
f 2854//3245 2853//3244 2861//3256 
f 2855//3246 2854//3245 2862//3257 
f 2855//3246 2863//3258 2762//3259 
f 2863//3258 2763//3260 2762//3259 
f 2864//3261 2856//3251 2764//3262 
f 2856//3251 2761//3250 2764//3262 
f 2857//3252 2856//3251 2864//3261 
f 2858//3253 2857//3252 2865//3263 
f 2859//3254 2858//3253 2866//3264 
f 2860//3255 2859//3254 2867//3265 
f 2861//3256 2860//3255 2868//3266 
f 2862//3257 2861//3256 2869//3267 
f 2863//3258 2862//3257 2870//3268 
f 2863//3258 2871//3269 2765//3270 
f 2871//3269 2766//3271 2765//3270 
f 2765//3270 2767//3272 2863//3258 
f 2872//3273 2864//3261 2768//3274 
f 2864//3261 2769//3275 2768//3274 
f 2865//3263 2864//3261 2872//3273 
f 2866//3264 2865//3263 2873//3276 
f 2867//3265 2866//3264 2874//3277 
f 2868//3266 2867//3265 2875//3278 
f 2869//3267 2868//3266 2876//3279 
f 2870//3268 2869//3267 2877//3280 
f 2871//3269 2870//3268 2878//3281 
f 2879//3282 2770//3283 2771//3284 
f 2771//3284 2871//3269 2879//3282 
f 2880//3285 2872//3273 2772//3286 
f 2872//3273 2773//3287 2772//3286 
f 2873//3276 2872//3273 2880//3285 
f 2874//3277 2873//3276 2881//3288 
f 2875//3278 2874//3277 2882//3289 
f 2876//3279 2875//3278 2883//3290 
f 2877//3280 2876//3279 2884//3291 
f 2878//3281 2877//3280 2885//3292 
f 2879//3282 2878//3281 2886//3293 
f 2887//3294 2774//3295 2775//3296 
f 2775//3296 2879//3282 2887//3294 
f 2888//3297 2880//3285 2776//3298 
f 2880//3285 2777//3299 2776//3298 
f 2881//3288 2880//3285 2888//3297 
f 2882//3289 2881//3288 2889//3300 
f 2883//3290 2882//3289 2890//3301 
f 2884//3291 2883//3290 2891//3302 
f 2885//3292 2884//3291 2892//3303 
f 2886//3293 2885//3292 2893//3304 
f 2887//3294 2886//3293 2894//3305 
f 2887//3294 2895//3306 2778//3307 
f 2895//3306 2779//3308 2778//3307 
f 2888//3297 2780//3309 2781//3310 
f 2781//3310 2896//3311 2888//3297 
f 2889//3300 2888//3297 2896//3311 
f 2890//3301 2889//3300 2897//3312 
f 2891//3302 2890//3301 2898//3313 
f 2892//3303 2891//3302 2899//3314 
f 2893//3304 2892//3303 2900//3315 
f 2894//3305 2893//3304 2901//3316 
f 2895//3306 2894//3305 2902//3317 
f 2903//3318 2782//3319 2783//3320 
f 2903//3318 2784//3321 2782//3319 
f 2783//3320 2895//3306 2903//3318 
f 2896//3311 2785//3322 2786//3323 
f 2786//3323 2904//3324 2896//3311 
f 2897//3312 2896//3311 2904//3324 
f 2898//3313 2897//3312 2905//3325 
f 2899//3314 2898//3313 2906//3326 
f 2900//3315 2899//3314 2907//3327 
f 2901//3316 2900//3315 2908//3328 
f 2902//3317 2901//3316 2909//3329 
f 2903//3318 2902//3317 2910//3330 
f 2903//3318 2911//3331 2787//3332 
f 2788//3333 2789//3334 2912//3335 
f 2905//3325 2904//3324 2912//3335 
f 2906//3326 2905//3325 2913//3336 
f 2907//3327 2906//3326 2914//3337 
f 2908//3328 2907//3327 2915//3338 
f 2909//3329 2908//3328 2916//3339 
f 2910//3330 2909//3329 2917//3340 
f 2911//3331 2910//3330 2918//3341 
f 2919//3342 2790//3343 2791//3344 
f 2791//3344 2911//3331 2919//3342 
f 2791//3344 2792//3345 2911//3331 
f 2920//3346 2912//3335 2793//3347 
f 2912//3335 2789//3334 2793//3347 
f 2913//3336 2912//3335 2920//3346 
f 2914//3337 2913//3336 2921//3348 
f 2915//3338 2914//3337 2922//3349 
f 2916//3339 2915//3338 2923//3350 
f 2917//3340 2916//3339 2924//3351 
f 2918//3341 2917//3340 2925//3352 
f 2919//3342 2918//3341 2926//3353 
f 2919//3342 2927//3354 2794//3355 
f 2927//3354 2795//3356 2796//3357 
f 2796//3357 2794//3355 2927//3354 
f 2920//3346 2797//3358 2798//3359 
f 2798//3359 2928//3360 2920//3346 
f 2921//3348 2920//3346 2928//3360 
f 2922//3349 2921//3348 2929//3361 
f 2923//3350 2922//3349 2930//3362 
f 2924//3351 2923//3350 2931//3363 
f 2925//3352 2924//3351 2932//3364 
f 2926//3353 2925//3352 2933//3365 
f 2927//3354 2926//3353 2934//3366 
f 2927//3354 2935//3367 2799//3368 
f 2935//3367 2800//3369 2799//3368 
f 2936//3370 2928//3360 2801//3371 
f 2929//3361 2928//3360 2936//3370 
f 2930//3362 2929//3361 2937//3372 
f 2931//3363 2930//3362 2938//3373 
f 2932//3364 2931//3363 2939//3374 
f 2933//3365 2932//3364 2940//3375 
f 2934//3366 2933//3365 2941//3376 
f 2935//3367 2934//3366 2942//3377 
f 2802//3378 2800//3369 2935//3367 
f 2943//3379 2936//3370 2803//3380 
f 2937//3372 2936//3370 2943//3379 
f 2938//3373 2937//3372 2944//3381 
f 2939//3374 2938//3373 2945//3382 
f 2940//3375 2939//3374 2946//3383 
f 2941//3376 2940//3375 2947//3384 
f 2942//3377 2941//3376 2948//3385 
f 2949//3386 2942//3377 2950//3387 
f 2949//3386 2951//3388 2804//3389 
f 2951//3388 2805//3390 2804//3389 
f 2952//3391 2943//3379 2806//3392 
f 2944//3381 2943//3379 2952//3391 
f 2945//3382 2944//3381 2953//3393 
f 2946//3383 2945//3382 2954//3394 
f 2947//3384 2946//3383 2955//3395 
f 2948//3385 2947//3384 2956//3396 
f 2950//3387 2948//3385 2957//3397 
f 2951//3388 2950//3387 2958//3398 
f 2805//3390 2951//3388 2959//3399 
f 2952//3391 2807//3400 2808//3401 
f 2953//3393 2952//3391 2960//3402 
f 2954//3394 2953//3393 2961//3403 
f 2955//3395 2954//3394 2962//3404 
f 2956//3396 2955//3395 2963//3405 
f 2957//3397 2956//3396 2964//3406 
f 2958//3398 2957//3397 2965//3407 
f 2959//3399 2958//3398 2966//3408 
f 2967//3409 2809//3410 2810//3411 
f 2810//3411 2959//3399 2967//3409 
f 2845//3232 2811//3412 2812//3413 
f 2812//3413 2813//3414 2845//3232 
f 2843//3230 2845//3232 2814//3415 
f 2814//3415 2815//3416 2843//3230 
f 2841//3228 2843//3230 2816//3417 
f 2816//3417 2817//3418 2841//3228 
f 2839//3226 2841//3228 2818//3419 
f 2818//3419 2819//3420 2839//3226 
f 2837//3224 2839//3226 2820//3421 
f 2835//3222 2837//3224 2821//3422 
f 2821//3422 2822//3423 2835//3222 
f 2834//3221 2835//3222 2823//3424 
f 2823//3424 2824//3425 2834//3221 
f 2832//3217 2834//3221 2825//3426 
f 2832//3217 2826//3427 2827//3428 
f 2827//3428 2826//3427 2828//3429 
f 2828//3429 2829//3430 2827//3428 
f 2808//3401 2750//3431 2163//3432 
f 2163//3432 2960//3402 2808//3401 
f 2160//3433 2961//3403 2960//3402 
f 2960//3402 2162//3434 2159//3435 
f 2960//3402 2161//3436 2162//3434 
f 2961//3403 2160//3433 2157//3437 
f 2962//3404 2158//3438 2156//3439 
f 2962//3404 2157//3437 2158//3438 
f 2963//3405 2155//3440 2154//3441 
f 2963//3405 2156//3439 2155//3440 
f 2964//3406 2153//3442 2151//3443 
f 2964//3406 2154//3441 2153//3442 
f 2965//3407 2152//3444 2150//3445 
f 2965//3407 2151//3443 2152//3444 
f 2966//3408 2149//3446 2148//3447 
f 2966//3408 2150//3445 2149//3446 
f 2967//3409 2148//3447 2830//3448 
f 2830//3448 2148//3447 2146//3449 
f 2146//3449 2145//3450 2830//3448 
f 2145//3450 2147//3451 2830//3448 
f 2830//3448 2809//3410 2967//3409 
f 2148//3447 2967//3409 2966//3408 
f 2150//3445 2966//3408 2965//3407 
f 2151//3443 2965//3407 2964//3406 
f 2154//3441 2964//3406 2963//3405 
f 2156//3439 2963//3405 2962//3404 
f 2157//3437 2962//3404 2961//3403 
f 2960//3402 2159//3435 2160//3433 
f 2163//3432 2161//3436 2960//3402 
f 2827//3428 2752//3218 2832//3217 
f 2825//3426 2826//3427 2832//3217 
f 2824//3425 2825//3426 2834//3221 
f 2822//3423 2823//3424 2835//3222 
f 2820//3421 2821//3422 2837//3224 
f 2819//3420 2820//3421 2839//3226 
f 2817//3418 2818//3419 2841//3228 
f 2815//3416 2816//3417 2843//3230 
f 2813//3414 2814//3415 2845//3232 
f 2810//3411 2831//3452 2959//3399 
f 2966//3408 2967//3409 2959//3399 
f 2965//3407 2966//3408 2958//3398 
f 2964//3406 2965//3407 2957//3397 
f 2963//3405 2964//3406 2956//3396 
f 2962//3404 2963//3405 2955//3395 
f 2961//3403 2962//3404 2954//3394 
f 2960//3402 2961//3403 2953//3393 
f 2808//3401 2960//3402 2952//3391 
f 2959//3399 2831//3452 2805//3390 
f 2958//3398 2959//3399 2951//3388 
f 2957//3397 2958//3398 2950//3387 
f 2956//3396 2957//3397 2948//3385 
f 2955//3395 2956//3396 2947//3384 
f 2954//3394 2955//3395 2946//3383 
f 2953//3393 2954//3394 2945//3382 
f 2952//3391 2953//3393 2944//3381 
f 2806//3392 2807//3400 2952//3391 
f 2804//3389 2802//3378 2949//3386 
f 2950//3387 2951//3388 2949//3386 
f 2948//3385 2950//3387 2942//3377 
f 2947//3384 2948//3385 2941//3376 
f 2946//3383 2947//3384 2940//3375 
f 2945//3382 2946//3383 2939//3374 
f 2944//3381 2945//3382 2938//3373 
f 2943//3379 2944//3381 2937//3372 
f 2803//3380 2806//3392 2943//3379 
f 2935//3367 2949//3386 2802//3378 
f 2942//3377 2949//3386 2935//3367 
f 2941//3376 2942//3377 2934//3366 
f 2940//3375 2941//3376 2933//3365 
f 2939//3374 2940//3375 2932//3364 
f 2938//3373 2939//3374 2931//3363 
f 2937//3372 2938//3373 2930//3362 
f 2936//3370 2937//3372 2929//3361 
f 2801//3371 2803//3380 2936//3370 
f 2799//3368 2795//3356 2927//3354 
f 2934//3366 2935//3367 2927//3354 
f 2933//3365 2934//3366 2926//3353 
f 2932//3364 2933//3365 2925//3352 
f 2931//3363 2932//3364 2924//3351 
f 2930//3362 2931//3363 2923//3350 
f 2929//3361 2930//3362 2922//3349 
f 2928//3360 2929//3361 2921//3348 
f 2798//3359 2801//3371 2928//3360 
f 2794//3355 2790//3343 2919//3342 
f 2926//3353 2927//3354 2919//3342 
f 2925//3352 2926//3353 2918//3341 
f 2924//3351 2925//3352 2917//3340 
f 2923//3350 2924//3351 2916//3339 
f 2922//3349 2923//3350 2915//3338 
f 2921//3348 2922//3349 2914//3337 
f 2920//3346 2921//3348 2913//3336 
f 2793//3347 2797//3358 2920//3346 
f 2792//3345 2787//3332 2911//3331 
f 2918//3341 2919//3342 2911//3331 
f 2917//3340 2918//3341 2910//3330 
f 2916//3339 2917//3340 2909//3329 
f 2915//3338 2916//3339 2908//3328 
f 2914//3337 2915//3338 2907//3327 
f 2913//3336 2914//3337 2906//3326 
f 2912//3335 2913//3336 2905//3325 
f 2912//3335 2904//3324 2788//3333 
f 2787//3332 2784//3321 2903//3318 
f 2910//3330 2911//3331 2903//3318 
f 2909//3329 2910//3330 2902//3317 
f 2908//3328 2909//3329 2901//3316 
f 2907//3327 2908//3328 2900//3315 
f 2906//3326 2907//3327 2899//3314 
f 2905//3325 2906//3326 2898//3313 
f 2904//3324 2905//3325 2897//3312 
f 2786//3323 2788//3333 2904//3324 
f 2783//3320 2779//3308 2895//3306 
f 2902//3317 2903//3318 2895//3306 
f 2901//3316 2902//3317 2894//3305 
f 2900//3315 2901//3316 2893//3304 
f 2899//3314 2900//3315 2892//3303 
f 2898//3313 2899//3314 2891//3302 
f 2897//3312 2898//3313 2890//3301 
f 2896//3311 2897//3312 2889//3300 
f 2781//3310 2785//3322 2896//3311 
f 2778//3307 2774//3295 2887//3294 
f 2894//3305 2895//3306 2887//3294 
f 2893//3304 2894//3305 2886//3293 
f 2892//3303 2893//3304 2885//3292 
f 2891//3302 2892//3303 2884//3291 
f 2890//3301 2891//3302 2883//3290 
f 2889//3300 2890//3301 2882//3289 
f 2888//3297 2889//3300 2881//3288 
f 2776//3298 2780//3309 2888//3297 
f 2775//3296 2770//3283 2879//3282 
f 2886//3293 2887//3294 2879//3282 
f 2885//3292 2886//3293 2878//3281 
f 2884//3291 2885//3292 2877//3280 
f 2883//3290 2884//3291 2876//3279 
f 2882//3289 2883//3290 2875//3278 
f 2881//3288 2882//3289 2874//3277 
f 2880//3285 2881//3288 2873//3276 
f 2772//3286 2777//3299 2880//3285 
f 2771//3284 2766//3271 2871//3269 
f 2878//3281 2879//3282 2871//3269 
f 2877//3280 2878//3281 2870//3268 
f 2876//3279 2877//3280 2869//3267 
f 2875//3278 2876//3279 2868//3266 
f 2874//3277 2875//3278 2867//3265 
f 2873//3276 2874//3277 2866//3264 
f 2872//3273 2873//3276 2865//3263 
f 2768//3274 2773//3287 2872//3273 
f 2767//3272 2763//3260 2863//3258 
f 2870//3268 2871//3269 2863//3258 
f 2869//3267 2870//3268 2862//3257 
f 2868//3266 2869//3267 2861//3256 
f 2867//3265 2868//3266 2860//3255 
f 2866//3264 2867//3265 2859//3254 
f 2865//3263 2866//3264 2858//3253 
f 2864//3261 2865//3263 2857//3252 
f 2764//3262 2769//3275 2864//3261 
f 2762//3259 2758//3247 2855//3246 
f 2862//3257 2863//3258 2855//3246 
f 2861//3256 2862//3257 2854//3245 
f 2860//3255 2861//3256 2853//3244 
f 2859//3254 2860//3255 2852//3243 
f 2858//3253 2859//3254 2851//3242 
f 2857//3252 2858//3253 2850//3241 
f 2856//3251 2857//3252 2849//3240 
f 2856//3251 2848//3239 2760//3249 
f 2759//3248 2755//3236 2847//3234 
f 2854//3245 2855//3246 2847//3234 
f 2853//3244 2854//3245 2846//3233 
f 2852//3243 2853//3244 2844//3231 
f 2851//3242 2852//3243 2842//3229 
f 2850//3241 2851//3242 2840//3227 
f 2849//3240 2850//3241 2838//3225 
f 2848//3239 2849//3240 2836//3223 
f 2757//3238 2760//3249 2848//3239 
f 2754//3235 2811//3412 2845//3232 
f 2846//3233 2847//3234 2845//3232 
f 2844//3231 2846//3233 2843//3230 
f 2842//3229 2844//3231 2841//3228 
f 2840//3227 2842//3229 2839//3226 
f 2838//3225 2840//3227 2837//3224 
f 2836//3223 2838//3225 2835//3222 
f 2833//3220 2836//3223 2834//3221 
f 2753//3219 2756//3237 2833//3220 
o mesh14
f 2973//3453 2974//3454 2975//3455 
f 2976//3456 2977//3457 2978//3458 
f 2979//3459 2980//3460 2981//3461 
f 2982//3462 2983//3463 2984//3464 
f 2985//3465 2986//3466 2987//3467 
f 2988//3468 2989//3469 2990//3470 
f 2991//3471 2975//3455 2986//3466 
f 2989//3469 2973//3453 2991//3471 
f 2990//3470 2991//3471 2985//3465 
f 2992//3472 2990//3470 2993//3473 
f 2983//3463 2988//3468 2992//3472 
f 2984//3464 2992//3472 2994//3474 
f 2994//3474 2993//3473 2995//3475 
f 2996//3476 2987//3467 2980//3460 
f 2993//3473 2985//3465 2996//3476 
f 2995//3475 2996//3476 2979//3459 
f 2997//3477 2995//3475 2998//3478 
f 2999//3479 2994//3474 2997//3477 
f 3000//3480 2997//3477 3001//3481 
f 3002//3482 2999//3479 3000//3480 
f 3003//3483 3004//3484 3005//3485 
f 3006//3486 2984//3464 2999//3479 
f 3004//3484 2982//3462 3006//3486 
f 3005//3485 3006//3486 3002//3482 
f 3007//3487 3005//3485 3008//3488 
f 2977//3457 3003//3483 3007//3487 
f 2978//3458 3007//3487 3009//3489 
f 3010//3490 3011//3491 3009//3489 
f 3009//3489 3012//3492 3010//3490 
f 3013//3493 3000//3480 3014//3494 
f 3008//3488 3002//3482 3013//3493 
f 3012//3492 3013//3493 3015//3495 
f 3010//3490 3012//3492 3016//3496 
f 3015//3495 3014//3494 3017//3497 
f 3018//3498 3019//3499 3020//3500 
f 3019//3499 3021//3501 3020//3500 
f 3001//3481 2998//3478 3022//3502 
f 3019//3499 3023//3503 3024//3504 
f 3023//3503 2981//3461 3024//3504 
f 2998//3478 2979//3459 3023//3503 
f 3022//3502 3023//3503 3019//3499 
f 3025//3505 3022//3502 3026//3506 
f 3014//3494 3001//3481 3025//3505 
f 3017//3497 3025//3505 3027//3507 
f 3027//3507 3026//3506 3028//3508 
f 3026//3506 3019//3499 3018//3498 
f 3029//3509 3027//3507 3030//3510 
f 3031//3511 3029//3509 3032//3512 
f 3033//3513 3016//3496 3034//3514 
f 3031//3511 3034//3514 3035//3515 
f 3035//3515 3029//3509 3031//3511 
f 3016//3496 3015//3495 3035//3515 
f 3036//3516 3034//3514 3031//3511 
f 3037//3517 3033//3513 3036//3516 
f 3038//3518 3039//3519 3040//3520 
f 3041//3521 3011//3491 3010//3490 
f 3039//3519 2976//3456 3042//3522 
f 3042//3522 2978//3458 3011//3491 
f 3040//3520 3042//3522 3041//3521 
f 3043//3523 3041//3521 3044//3524 
f 3044//3524 3010//3490 3033//3513 
f 3045//3525 3044//3524 3037//3517 
f 3046//3526 3040//3520 3043//3523 
f 3047//3527 3036//3516 3048//3528 
f 3049//3529 3050//3530 3051//3531 
f 3052//3532 92//3533 93//3534 
f 93//3534 3053//3535 3052//3532 
f 86//3536 203//3537 3054//3538 
f 84//3539 117//3540 3055//3541 
f 3054//3538 203//3537 85//3542 
f 85//3542 3056//3543 3054//3538 
f 3057//3544 3058//3545 89//3546 
f 3058//3545 202//3547 89//3546 
f 87//3548 3059//3549 3057//3544 
f 3057//3544 88//3550 87//3548 
f 3059//3549 3060//3551 3057//3544 
f 3058//3545 3057//3544 3060//3551 
f 90//3552 202//3547 3058//3545 
f 3053//3535 3058//3545 3061//3553 
f 3062//3554 3059//3549 3063//3555 
f 3059//3549 3054//3538 3063//3555 
f 3056//3543 3055//3541 3064//3556 
f 3055//3541 3065//3557 3066//3558 
f 3066//3558 3067//3559 3050//3530 
f 3064//3556 3066//3558 3049//3529 
f 3054//3538 3056//3543 3068//3560 
f 3068//3560 3064//3556 3069//3561 
f 3063//3555 3068//3560 3070//3562 
f 3061//3553 3060//3551 3071//3563 
f 3059//3549 3062//3554 3071//3563 
f 3062//3554 3072//3564 3071//3563 
f 3073//3565 3071//3563 3072//3564 
f 3074//3566 3061//3553 3073//3565 
f 3075//3567 3073//3565 3076//3568 
f 3077//3569 3074//3566 3075//3567 
f 3078//3570 96//3571 94//3572 
f 94//3572 3079//3573 3078//3570 
f 3078//3570 118//3574 96//3571 
f 91//3575 92//3533 3052//3532 
f 3079//3573 95//3576 91//3575 
f 91//3575 3077//3569 3079//3573 
f 3052//3532 3053//3535 3074//3566 
f 3080//3577 3078//3570 3081//3578 
f 3078//3570 3079//3573 3081//3578 
f 3079//3573 3077//3569 3082//3579 
f 3082//3579 3075//3567 3083//3580 
f 3081//3578 3082//3579 3084//3581 
f 3084//3581 3083//3580 3085//3582 
f 3086//3583 3087//3584 3088//3585 
f 3062//3554 3089//3586 3090//3587 
f 3070//3562 3069//3561 3091//3588 
f 3069//3561 3049//3529 3092//3589 
f 3092//3589 3051//3531 3087//3584 
f 3091//3588 3092//3589 3086//3583 
f 3089//3586 3070//3562 3093//3590 
f 3093//3590 3091//3588 3094//3591 
f 3090//3587 3093//3590 3095//3592 
f 3076//3568 3072//3564 3096//3593 
f 3072//3564 3062//3554 3097//3594 
f 3097//3594 3090//3587 3098//3595 
f 3096//3593 3097//3594 3099//3596 
f 3100//3597 3096//3593 3101//3598 
f 3083//3580 3076//3568 3100//3597 
f 3085//3582 3100//3597 3102//3599 
f 3099//3596 3098//3595 3103//3600 
f 3095//3592 3094//3591 3104//3601 
f 3094//3591 3086//3583 3105//3602 
f 3105//3602 3088//3585 2974//3454 
f 3104//3601 3105//3602 2973//3453 
f 3098//3595 3095//3592 3106//3603 
f 3106//3603 3104//3601 2989//3469 
f 3103//3600 3106//3603 2988//3468 
f 3102//3599 3101//3598 3107//3604 
f 3101//3598 3099//3596 3108//3605 
f 3108//3605 3103//3600 2983//3463 
f 3107//3604 3108//3605 2982//3462 
f 3109//3606 3107//3604 3004//3484 
f 3110//3607 3102//3599 3109//3606 
f 3111//3608 3109//3606 3003//3483 
f 3112//3609 3110//3607 3111//3608 
f 3080//3577 3113//3610 3114//3611 
f 3113//3610 3084//3581 3115//3612 
f 3115//3612 3085//3582 3110//3607 
f 3114//3611 3115//3612 3112//3609 
f 3116//3613 3114//3611 3117//3614 
f 3118//3615 3117//3614 3119//3616 
f 3117//3614 3112//3609 3120//3617 
f 3120//3617 3111//3608 2977//3457 
f 3119//3616 3120//3617 2976//3456 
f 3121//3618 3119//3616 3039//3519 
f 3122//3619 3123//3620 106//3621 
f 3123//3620 201//3622 106//3621 
f 3124//3623 103//3624 97//3625 
f 97//3625 3125//3626 3124//3623 
f 3125//3626 98//3627 99//3628 
f 99//3628 3126//3629 3125//3626 
f 3125//3626 3126//3629 3127//3630 
f 3125//3626 3128//3631 3129//3632 
f 3128//3631 3130//3633 3129//3632 
f 101//3634 3124//3623 3122//3619 
f 3122//3619 104//3635 102//3636 
f 3122//3619 102//3636 101//3634 
f 3124//3623 3131//3637 3122//3619 
f 3131//3637 3124//3623 3129//3632 
f 3132//3638 3129//3632 3130//3633 
f 3130//3633 3128//3631 3133//3639 
f 3127//3630 3134//3640 3133//3639 
f 3134//3640 3135//3641 3133//3639 
f 3135//3641 3134//3640 3136//3642 
f 3137//3643 3136//3642 3138//3644 
f 3139//3645 3135//3641 3137//3643 
f 3140//3646 3130//3633 3141//3647 
f 3141//3647 3133//3639 3135//3641 
f 3142//3648 3141//3647 3139//3645 
f 3143//3649 3139//3645 3144//3650 
f 3144//3650 3137//3643 3145//3651 
f 3146//3652 3144//3650 3147//3653 
f 3148//3654 3140//3646 3142//3648 
f 105//3655 200//3656 3149//3657 
f 3149//3657 3150//3658 105//3655 
f 3151//3659 3131//3637 3132//3638 
f 107//3660 201//3622 3123//3620 
f 3123//3620 3122//3619 3131//3637 
f 3152//3661 3123//3620 3151//3659 
f 3149//3657 200//3656 108//3662 
f 108//3662 3152//3661 3149//3657 
f 3149//3657 3152//3661 3153//3663 
f 3153//3663 3151//3659 3154//3664 
f 3154//3664 3132//3638 3140//3646 
f 3155//3665 3154//3664 3148//3654 
f 3156//3666 3153//3663 3155//3665 
f 3157//3667 3155//3665 3158//3668 
f 3159//3669 3150//3658 3157//3667 
f 3150//3658 3156//3666 3157//3667 
f 3160//3670 116//3671 109//3672 
f 109//3672 3150//3658 3160//3670 
f 3161//3673 3160//3670 3162//3674 
f 3150//3658 3159//3669 3162//3674 
f 3159//3669 3163//3675 3162//3674 
f 3164//3676 3162//3674 3163//3675 
f 3067//3559 3164//3676 3165//3677 
f 3159//3669 3166//3678 3167//3679 
f 3168//3680 3143//3649 3146//3652 
f 3158//3668 3148//3654 3169//3681 
f 3169//3681 3142//3648 3143//3649 
f 3170//3682 3169//3681 3168//3680 
f 3166//3678 3158//3668 3170//3682 
f 3167//3679 3170//3682 3171//3683 
f 3171//3683 3168//3680 3172//3684 
f 3172//3684 3146//3652 3173//3685 
f 3174//3686 3172//3684 3175//3687 
f 3176//3688 3171//3683 3174//3686 
f 3177//3689 3174//3686 3178//3690 
f 3179//3691 3176//3688 3177//3689 
f 3165//3677 3163//3675 3180//3692 
f 3163//3675 3159//3669 3181//3693 
f 3181//3693 3167//3679 3176//3688 
f 3180//3692 3181//3693 3179//3691 
f 3050//3530 3165//3677 3182//3694 
f 3182//3694 3180//3692 3183//3695 
f 3051//3531 3182//3694 3184//3696 
f 3184//3696 3183//3695 3185//3697 
f 3183//3695 3179//3691 3186//3698 
f 3186//3698 3177//3689 3187//3699 
f 3185//3697 3186//3698 3188//3700 
f 3087//3584 3184//3696 3189//3701 
f 3189//3701 3185//3697 3190//3702 
f 3088//3585 3189//3701 3191//3703 
f 3192//3704 3193//3705 3194//3706 
f 3194//3706 3173//3685 3192//3704 
f 3147//3653 3145//3651 3195//3707 
f 3196//3708 3195//3707 3197//3709 
f 3173//3685 3147//3653 3196//3708 
f 3192//3704 3196//3708 3198//3710 
f 3198//3710 3197//3709 3199//3711 
f 3200//3712 3199//3711 3201//3713 
f 3202//3714 3198//3710 3200//3712 
f 3203//3715 3200//3712 3204//3716 
f 3203//3715 3205//3717 3206//3718 
f 3206//3718 3202//3714 3203//3715 
f 3207//3719 3188//3700 3208//3720 
f 3188//3700 3187//3699 3208//3720 
f 3202//3714 3209//3721 3210//3722 
f 3210//3722 3192//3704 3202//3714 
f 3194//3706 3208//3720 3178//3690 
f 3208//3720 3187//3699 3178//3690 
f 3208//3720 3194//3706 3193//3705 
f 3211//3723 3193//3705 3210//3722 
f 3212//3724 3210//3722 3209//3721 
f 3207//3719 3211//3723 3212//3724 
f 3191//3703 3190//3702 3213//3725 
f 3190//3702 3188//3700 3207//3719 
f 2974//3454 3191//3703 3214//3726 
f 3215//3727 3214//3726 3216//3728 
f 3214//3726 3213//3725 3216//3728 
f 3217//3729 3212//3724 3218//3730 
f 3213//3725 3207//3719 3217//3729 
f 3216//3728 3217//3729 3219//3731 
f 2975//3455 3214//3726 3215//3727 
f 3220//3732 3221//3733 3219//3731 
f 3221//3733 3222//3734 3219//3731 
f 3223//3735 3224//3736 3225//3737 
f 3225//3737 3203//3715 3223//3735 
f 3218//3730 3209//3721 3206//3718 
f 3220//3732 3206//3718 3205//3717 
f 3226//3738 3205//3717 3225//3737 
f 3227//3739 3225//3737 3224//3736 
f 3228//3740 3226//3738 3227//3739 
f 3229//3741 3215//3727 3221//3733 
f 3215//3727 3222//3734 3221//3733 
f 3221//3733 3220//3732 3226//3738 
f 2986//3466 3215//3727 3229//3741 
f 3230//3742 3229//3741 3231//3743 
f 3229//3741 3228//3740 3231//3743 
f 3231//3743 3227//3739 3232//3744 
f 2987//3467 3229//3741 3230//3742 
f 3224//3736 3223//3735 3233//3745 
f 3223//3735 3204//3716 3234//3746 
f 3233//3745 3234//3746 3235//3747 
f 3236//3748 3237//3749 3238//3750 
f 3239//3751 3232//3744 3240//3752 
f 3241//3753 3233//3745 3237//3749 
f 3241//3753 3242//3754 3240//3752 
f 3240//3752 3224//3736 3241//3753 
f 3236//3748 3243//3755 3244//3756 
f 3244//3756 3241//3753 3236//3748 
f 3245//3757 3242//3754 3244//3756 
f 3246//3758 3230//3742 3247//3759 
f 3230//3742 3239//3751 3247//3759 
f 3247//3759 3240//3752 3242//3754 
f 2980//3460 3230//3742 3246//3758 
f 3246//3758 3245//3757 3248//3760 
f 3248//3760 3244//3756 3243//3755 
f 3249//3761 3248//3760 3250//3762 
f 2981//3461 3246//3758 3249//3761 
f 3024//3504 3249//3761 3251//3763 
f 3252//3764 3253//3765 3254//3766 
f 3254//3766 3243//3755 3252//3764 
f 3243//3755 3236//3748 3255//3767 
f 3020//3500 3021//3501 3251//3763 
f 3251//3763 3254//3766 3020//3500 
f 3020//3500 3254//3766 3253//3765 
f 3256//3768 3253//3765 3257//3769 
f 3126//3629 100//3770 114//3771 
f 114//3771 2968//3772 3126//3629 
f 3127//3630 3126//3629 2969//3773 
f 2969//3773 2970//3774 3127//3630 
f 3126//3629 2968//3772 2969//3773 
f 3127//3630 2811//3775 2754//3776 
f 3127//3630 2812//3777 2811//3775 
f 2971//3778 2972//3779 2812//3777 
f 2812//3777 3127//3630 2971//3778 
f 3134//3640 2755//3780 2759//3781 
f 3134//3640 2754//3776 2755//3780 
f 3136//3642 2758//3782 2762//3783 
f 3136//3642 2759//3781 2758//3782 
f 3138//3644 2762//3783 2763//3784 
f 3145//3651 2767//3785 2765//3786 
f 3145//3651 3138//3644 2767//3785 
f 3195//3707 2766//3787 2771//3788 
f 3195//3707 2765//3786 2766//3787 
f 3197//3709 2770//3789 2775//3790 
f 3197//3709 2771//3788 2770//3789 
f 3199//3711 2774//3791 2778//3792 
f 3199//3711 2775//3790 2774//3791 
f 3201//3713 2778//3792 2779//3793 
f 3201//3713 2783//3794 2782//3795 
f 2782//3795 3204//3716 3201//3713 
f 3234//3746 2787//3796 2792//3797 
f 3234//3746 2782//3795 2784//3798 
f 2784//3798 2787//3796 3234//3746 
f 3237//3749 2790//3799 2794//3800 
f 3235//3747 2791//3801 2790//3799 
f 2790//3799 3237//3749 3235//3747 
f 3238//3750 2796//3802 2795//3803 
f 2795//3803 3255//3767 3238//3750 
f 3255//3767 2800//3804 2802//3805 
f 3255//3767 2799//3806 2800//3804 
f 2802//3805 3252//3764 3255//3767 
f 2831//3807 2810//3808 3257//3769 
f 3252//3764 2804//3809 2805//3810 
f 2805//3810 3253//3765 3252//3764 
f 2805//3810 2831//3807 3253//3765 
f 3257//3769 2810//3808 2809//3811 
f 2809//3811 3258//3812 3257//3769 
f 3018//3498 2144//3813 2141//3814 
f 2147//3815 3018//3498 3258//3812 
f 3258//3812 2830//3816 2147//3815 
f 3018//3498 3256//3768 3258//3812 
f 2147//3815 2144//3813 3018//3498 
f 3030//3510 3028//3508 2142//3817 
f 3028//3508 2141//3814 2142//3817 
f 3030//3510 2139//3818 2138//3819 
f 3259//3820 3032//3512 2164//3821 
f 3032//3512 2136//3822 2164//3821 
f 3032//3512 2138//3819 2136//3822 
f 3259//3820 2133//3823 2132//3824 
f 3031//3511 3259//3820 2129//3825 
f 2129//3825 3048//3528 3031//3511 
f 2129//3825 2130//3826 3048//3528 
f 3260//3827 3048//3528 2126//3828 
f 3048//3528 2127//3829 2126//3828 
f 3047//3527 3260//3827 2121//3830 
f 2121//3830 2123//3831 3047//3527 
f 3037//3517 3047//3527 2117//3832 
f 2117//3832 3261//3833 3037//3517 
f 3261//3833 2116//3834 2118//3835 
f 3045//3525 2112//3836 2111//3837 
f 3045//3525 3261//3833 2113//3838 
f 2113//3838 2112//3836 3045//3525 
f 3262//3839 3043//3523 2107//3840 
f 3043//3523 3045//3525 2108//3841 
f 2108//3841 2107//3840 3043//3523 
f 3046//3526 3262//3839 2102//3842 
f 2102//3842 2101//3843 3046//3526 
f 3038//3518 3046//3526 2098//3844 
f 2098//3844 2097//3845 3038//3518 
f 3121//3618 3038//3518 2094//3846 
f 2094//3846 2091//3847 3121//3618 
f 3118//3615 3121//3618 2090//3848 
f 2090//3848 2089//3849 3118//3615 
f 3116//3613 3118//3615 2086//3850 
f 3080//3577 3116//3613 2083//3851 
f 2083//3851 2082//3852 3080//3577 
f 2082//3852 2079//3853 3080//3577 
f 3078//3570 3080//3577 2079//3853 
f 2079//3853 2076//3854 3078//3570 
f 2076//3854 2075//3855 3078//3570 
f 118//3574 3078//3570 2071//3856 
f 3078//3570 2074//3857 2071//3856 
f 3065//3557 3055//3541 72//3858 
f 3055//3541 61//3859 72//3858 
f 3055//3541 62//3860 61//3859 
f 3055//3541 10//3861 9//3862 
f 9//3862 19//3863 3055//3541 
f 3055//3541 20//3864 33//3865 
f 33//3865 22//3866 3055//3541 
f 22//3866 11//3867 3055//3541 
f 3055//3541 21//3868 20//3864 
f 11//3867 10//3861 3055//3541 
f 117//3540 43//3869 21//3868 
f 21//3868 3055//3541 117//3540 
f 19//3863 62//3860 3055//3541 
f 3065//3557 80//3870 81//3871 
f 81//3871 76//3872 3065//3557 
f 3067//3559 3066//3558 12//3873 
f 12//3873 23//3874 3067//3559 
f 23//3874 24//3875 3067//3559 
f 3066//3558 13//3876 12//3873 
f 3066//3558 3065//3557 75//3877 
f 75//3877 64//3878 3066//3558 
f 64//3878 50//3879 3066//3558 
f 50//3879 13//3876 3066//3558 
f 24//3875 15//3880 3067//3559 
f 3164//3676 3067//3559 65//3881 
f 3067//3559 66//3882 65//3881 
f 3067//3559 14//3883 66//3882 
f 3161//3673 5//3884 4//3885 
f 4//3885 53//3886 3161//3673 
f 3161//3673 2//3887 16//3888 
f 3161//3673 3//3889 2//3887 
f 16//3888 17//3890 3161//3673 
f 17//3890 5//3884 3161//3673 
f 3161//3673 65//3881 51//3891 
f 51//3891 36//3892 3161//3673 
f 36//3892 3//3889 3161//3673 
f 3160//3670 54//3893 6//3894 
f 3160//3670 37//3895 54//3893 
f 6//3894 116//3671 3160//3670 
f 6//3894 55//3896 116//3671 
f 3160//3670 38//3897 37//3895 
f 3160//3670 3161//3673 52//3898 
f 52//3898 38//3897 3160//3670 
f 55//3896 8//3899 116//3671 
f 53//3886 52//3898 3161//3673 
f 65//3881 3161//3673 3164//3676 
f 15//3880 14//3883 3067//3559 
f 76//3872 75//3877 3065//3557 
f 72//3858 80//3870 3065//3557 
f 2071//3856 121//3900 118//3574 
f 2075//3855 2074//3857 3078//3570 
f 2086//3850 2083//3851 3116//3613 
f 2089//3849 2086//3850 3118//3615 
f 2091//3847 2090//3848 3121//3618 
f 2097//3845 2094//3846 3038//3518 
f 2101//3843 2098//3844 3046//3526 
f 2102//3842 3262//3839 2103//3901 
f 2107//3840 2103//3901 3262//3839 
f 2111//3837 2108//3841 3045//3525 
f 2118//3835 2113//3838 3261//3833 
f 2117//3832 2116//3834 3261//3833 
f 2123//3831 2117//3832 3047//3527 
f 2121//3830 3260//3827 2122//3902 
f 2126//3828 2122//3902 3260//3827 
f 2130//3826 2127//3829 3048//3528 
f 2132//3824 2129//3825 3259//3820 
f 2164//3821 2133//3823 3259//3820 
f 2138//3819 3032//3512 3030//3510 
f 2142//3817 2139//3818 3030//3510 
f 2141//3814 3028//3508 3018//3498 
f 2809//3811 2830//3816 3258//3812 
f 3257//3769 3253//3765 2831//3807 
f 2802//3805 2804//3809 3252//3764 
f 2795//3803 2799//3806 3255//3767 
f 2796//3802 3238//3750 2794//3800 
f 2794//3800 3238//3750 3237//3749 
f 2791//3801 3235//3747 2792//3797 
f 2792//3797 3235//3747 3234//3746 
f 2782//3795 3234//3746 3204//3716 
f 2779//3793 2783//3794 3201//3713 
f 2778//3792 3201//3713 3199//3711 
f 2775//3790 3199//3711 3197//3709 
f 2771//3788 3197//3709 3195//3707 
f 2765//3786 3195//3707 3145//3651 
f 2763//3784 2767//3785 3138//3644 
f 2762//3783 3138//3644 3136//3642 
f 2759//3781 3136//3642 3134//3640 
f 2754//3776 3134//3640 3127//3630 
f 2970//3774 2971//3778 3127//3630 
f 114//3771 115//3903 2968//3772 
f 3257//3769 3258//3812 3256//3768 
f 3253//3765 3256//3768 3020//3500 
f 3251//3763 3250//3762 3254//3766 
f 3255//3767 3252//3764 3243//3755 
f 3254//3766 3250//3762 3243//3755 
f 3251//3763 3021//3501 3024//3504 
f 3249//3761 3024//3504 2981//3461 
f 3250//3762 3251//3763 3249//3761 
f 3243//3755 3250//3762 3248//3760 
f 3248//3760 3249//3761 3246//3758 
f 3246//3758 2981//3461 2980//3460 
f 3242//3754 3245//3757 3247//3759 
f 3247//3759 3245//3757 3246//3758 
f 3244//3756 3248//3760 3245//3757 
f 3244//3756 3242//3754 3241//3753 
f 3240//3752 3232//3744 3224//3736 
f 3237//3749 3236//3748 3241//3753 
f 3240//3752 3247//3759 3239//3751 
f 3238//3750 3255//3767 3236//3748 
f 3235//3747 3237//3749 3233//3745 
f 3234//3746 3233//3745 3223//3735 
f 3233//3745 3241//3753 3224//3736 
f 3230//3742 2980//3460 2987//3467 
f 3232//3744 3239//3751 3231//3743 
f 3231//3743 3239//3751 3230//3742 
f 3229//3741 2987//3467 2986//3466 
f 3226//3738 3228//3740 3221//3733 
f 3221//3733 3228//3740 3229//3741 
f 3227//3739 3231//3743 3228//3740 
f 3224//3736 3232//3744 3227//3739 
f 3225//3737 3227//3739 3226//3738 
f 3205//3717 3226//3738 3220//3732 
f 3206//3718 3220//3732 3218//3730 
f 3225//3737 3205//3717 3203//3715 
f 3219//3731 3218//3730 3220//3732 
f 3215//3727 2986//3466 2975//3455 
f 3219//3731 3222//3734 3216//3728 
f 3217//3729 3216//3728 3213//3725 
f 3218//3730 3219//3731 3217//3729 
f 3216//3728 3222//3734 3215//3727 
f 3214//3726 2975//3455 2974//3454 
f 3207//3719 3213//3725 3190//3702 
f 3213//3725 3214//3726 3191//3703 
f 3212//3724 3217//3729 3207//3719 
f 3209//3721 3218//3730 3212//3724 
f 3210//3722 3212//3724 3211//3723 
f 3193//3705 3211//3723 3208//3720 
f 3178//3690 3175//3687 3194//3706 
f 3210//3722 3193//3705 3192//3704 
f 3208//3720 3211//3723 3207//3719 
f 3206//3718 3209//3721 3202//3714 
f 3204//3716 3223//3735 3203//3715 
f 3200//3712 3203//3715 3202//3714 
f 3201//3713 3204//3716 3200//3712 
f 3199//3711 3200//3712 3198//3710 
f 3198//3710 3202//3714 3192//3704 
f 3196//3708 3192//3704 3173//3685 
f 3197//3709 3198//3710 3196//3708 
f 3195//3707 3196//3708 3147//3653 
f 3194//3706 3175//3687 3173//3685 
f 3191//3703 2974//3454 3088//3585 
f 3190//3702 3191//3703 3189//3701 
f 3189//3701 3088//3585 3087//3584 
f 3188//3700 3190//3702 3185//3697 
f 3187//3699 3188//3700 3186//3698 
f 3186//3698 3185//3697 3183//3695 
f 3185//3697 3189//3701 3184//3696 
f 3184//3696 3087//3584 3051//3531 
f 3183//3695 3184//3696 3182//3694 
f 3182//3694 3051//3531 3050//3530 
f 3179//3691 3183//3695 3180//3692 
f 3176//3688 3179//3691 3181//3693 
f 3181//3693 3180//3692 3163//3675 
f 3180//3692 3182//3694 3165//3677 
f 3177//3689 3186//3698 3179//3691 
f 3178//3690 3187//3699 3177//3689 
f 3174//3686 3177//3689 3176//3688 
f 3175//3687 3178//3690 3174//3686 
f 3173//3685 3175//3687 3172//3684 
f 3172//3684 3174//3686 3171//3683 
f 3171//3683 3176//3688 3167//3679 
f 3170//3682 3167//3679 3166//3678 
f 3168//3680 3171//3683 3170//3682 
f 3143//3649 3168//3680 3169//3681 
f 3169//3681 3170//3682 3158//3668 
f 3146//3652 3172//3684 3168//3680 
f 3167//3679 3181//3693 3159//3669 
f 3165//3677 3050//3530 3067//3559 
f 3163//3675 3165//3677 3164//3676 
f 3162//3674 3160//3670 3150//3658 
f 3162//3674 3164//3676 3161//3673 
f 109//3672 105//3655 3150//3658 
f 3157//3667 3166//3678 3159//3669 
f 3158//3668 3166//3678 3157//3667 
f 3155//3665 3157//3667 3156//3666 
f 3148//3654 3158//3668 3155//3665 
f 3140//3646 3148//3654 3154//3664 
f 3154//3664 3155//3665 3153//3663 
f 3153//3663 3156//3666 3149//3657 
f 108//3662 107//3660 3152//3661 
f 3151//3659 3153//3663 3152//3661 
f 3131//3637 3151//3659 3123//3620 
f 3123//3620 3152//3661 107//3660 
f 3132//3638 3154//3664 3151//3659 
f 3149//3657 3156//3666 3150//3658 
f 3142//3648 3169//3681 3148//3654 
f 3147//3653 3173//3685 3146//3652 
f 3145//3651 3147//3653 3144//3650 
f 3144//3650 3146//3652 3143//3649 
f 3139//3645 3143//3649 3142//3648 
f 3135//3641 3139//3645 3141//3647 
f 3141//3647 3142//3648 3140//3646 
f 3137//3643 3144//3650 3139//3645 
f 3138//3644 3145//3651 3137//3643 
f 3136//3642 3137//3643 3135//3641 
f 3133//3639 3128//3631 3127//3630 
f 3133//3639 3141//3647 3130//3633 
f 3130//3633 3140//3646 3132//3638 
f 3129//3632 3132//3638 3131//3637 
f 101//3634 103//3624 3124//3623 
f 3129//3632 3124//3623 3125//3626 
f 3127//3630 3128//3631 3125//3626 
f 99//3628 100//3770 3126//3629 
f 97//3625 98//3627 3125//3626 
f 106//3621 104//3635 3122//3619 
f 3039//3519 3038//3518 3121//3618 
f 2976//3456 3039//3519 3119//3616 
f 2977//3457 2976//3456 3120//3617 
f 3120//3617 3119//3616 3117//3614 
f 3119//3616 3121//3618 3118//3615 
f 3117//3614 3118//3615 3116//3613 
f 3112//3609 3117//3614 3114//3611 
f 3110//3607 3112//3609 3115//3612 
f 3115//3612 3114//3611 3113//3610 
f 3114//3611 3116//3613 3080//3577 
f 3111//3608 3120//3617 3112//3609 
f 3003//3483 2977//3457 3111//3608 
f 3109//3606 3111//3608 3110//3607 
f 3004//3484 3003//3483 3109//3606 
f 2982//3462 3004//3484 3107//3604 
f 2983//3463 2982//3462 3108//3605 
f 3108//3605 3107//3604 3101//3598 
f 3107//3604 3109//3606 3102//3599 
f 2988//3468 2983//3463 3103//3600 
f 2989//3469 2988//3468 3106//3603 
f 3106//3603 3103//3600 3098//3595 
f 2973//3453 2989//3469 3104//3601 
f 2974//3454 2973//3453 3105//3602 
f 3105//3602 3104//3601 3094//3591 
f 3104//3601 3106//3603 3095//3592 
f 3103//3600 3108//3605 3099//3596 
f 3102//3599 3110//3607 3085//3582 
f 3100//3597 3085//3582 3083//3580 
f 3101//3598 3102//3599 3100//3597 
f 3099//3596 3101//3598 3096//3593 
f 3098//3595 3099//3596 3097//3594 
f 3097//3594 3096//3593 3072//3564 
f 3096//3593 3100//3597 3076//3568 
f 3095//3592 3098//3595 3090//3587 
f 3094//3591 3095//3592 3093//3590 
f 3093//3590 3090//3587 3089//3586 
f 3086//3583 3094//3591 3091//3588 
f 3087//3584 3086//3583 3092//3589 
f 3092//3589 3091//3588 3069//3561 
f 3091//3588 3093//3590 3070//3562 
f 3090//3587 3097//3594 3062//3554 
f 3088//3585 3105//3602 3086//3583 
f 3085//3582 3115//3612 3084//3581 
f 3084//3581 3113//3610 3081//3578 
f 3083//3580 3084//3581 3082//3579 
f 3082//3579 3081//3578 3079//3573 
f 3081//3578 3113//3610 3080//3577 
f 3074//3566 3077//3569 3052//3532 
f 3052//3532 3077//3569 91//3575 
f 94//3572 95//3576 3079//3573 
f 3075//3567 3082//3579 3077//3569 
f 3076//3568 3083//3580 3075//3567 
f 3073//3565 3075//3567 3074//3566 
f 3072//3564 3076//3568 3073//3565 
f 3071//3563 3060//3551 3059//3549 
f 3071//3563 3073//3565 3061//3553 
f 3070//3562 3089//3586 3063//3555 
f 3069//3561 3070//3562 3068//3560 
f 3068//3560 3063//3555 3054//3538 
f 3049//3529 3069//3561 3064//3556 
f 3050//3530 3049//3529 3066//3558 
f 3066//3558 3064//3556 3055//3541 
f 3064//3556 3068//3560 3056//3543 
f 3063//3555 3089//3586 3062//3554 
f 3061//3553 3074//3566 3053//3535 
f 3058//3545 3053//3535 90//3552 
f 3060//3551 3061//3553 3058//3545 
f 87//3548 86//3536 3059//3549 
f 89//3546 88//3550 3057//3544 
f 85//3542 84//3539 3056//3543 
f 3055//3541 3056//3543 84//3539 
f 3054//3538 3059//3549 86//3536 
f 93//3534 90//3552 3053//3535 
f 3051//3531 3092//3589 3049//3529 
f 3048//3528 3260//3827 3047//3527 
f 3043//3523 3262//3839 3046//3526 
f 3037//3517 3261//3833 3045//3525 
f 3033//3513 3037//3517 3044//3524 
f 3044//3524 3045//3525 3043//3523 
f 3041//3521 3043//3523 3040//3520 
f 3011//3491 3041//3521 3042//3522 
f 3042//3522 3040//3520 3039//3519 
f 3010//3490 3044//3524 3041//3521 
f 3040//3520 3046//3526 3038//3518 
f 3036//3516 3047//3527 3037//3517 
f 3031//3511 3048//3528 3036//3516 
f 3035//3515 3034//3514 3016//3496 
f 3035//3515 3017//3497 3029//3509 
f 3034//3514 3036//3516 3033//3513 
f 3032//3512 3259//3820 3031//3511 
f 3030//3510 3032//3512 3029//3509 
f 3018//3498 3028//3508 3026//3506 
f 3028//3508 3030//3510 3027//3507 
f 3027//3507 3029//3509 3017//3497 
f 3025//3505 3017//3497 3014//3494 
f 3026//3506 3027//3507 3025//3505 
f 3019//3499 3026//3506 3022//3502 
f 3023//3503 3022//3502 2998//3478 
f 3024//3504 3021//3501 3019//3499 
f 3022//3502 3025//3505 3001//3481 
f 3020//3500 3256//3768 3018//3498 
f 3017//3497 3035//3515 3015//3495 
f 3016//3496 3033//3513 3010//3490 
f 3015//3495 3016//3496 3012//3492 
f 3013//3493 3012//3492 3008//3488 
f 3014//3494 3015//3495 3013//3493 
f 3009//3489 3008//3488 3012//3492 
f 3009//3489 3011//3491 2978//3458 
f 3007//3487 2978//3458 2977//3457 
f 3008//3488 3009//3489 3007//3487 
f 3002//3482 3008//3488 3005//3485 
f 3006//3486 3005//3485 3004//3484 
f 2999//3479 3002//3482 3006//3486 
f 3005//3485 3007//3487 3003//3483 
f 3000//3480 3013//3493 3002//3482 
f 3001//3481 3014//3494 3000//3480 
f 2997//3477 3000//3480 2999//3479 
f 2998//3478 3001//3481 2997//3477 
f 2979//3459 2998//3478 2995//3475 
f 2996//3476 2995//3475 2993//3473 
f 2980//3460 2979//3459 2996//3476 
f 2995//3475 2997//3477 2994//3474 
f 2994//3474 2999//3479 2984//3464 
f 2992//3472 2984//3464 2983//3463 
f 2993//3473 2994//3474 2992//3472 
f 2985//3465 2993//3473 2990//3470 
f 2991//3471 2990//3470 2989//3469 
f 2986//3466 2985//3465 2991//3471 
f 2990//3470 2992//3472 2988//3468 
f 2987//3467 2996//3476 2985//3465 
f 2984//3464 3006//3486 2982//3462 
f 2981//3461 3023//3503 2979//3459 
f 2978//3458 3042//3522 2976//3456 
f 2975//3455 2991//3471 2973//3453 
o mesh15
f 3263//3904 2827//3904 2829//3905 
f 3264//3906 2753//3906 2752//3907 
f 3265//3908 2752//3907 2827//3904 
f 2827//3904 3263//3904 3265//3908 
f 3266//3909 2757//3909 2756//3910 
f 3267//3911 2756//3910 2753//3906 
f 2753//3906 3264//3906 3267//3911 
f 3268//3912 3269//3913 2760//3914 
f 2757//3909 3266//3909 3268//3912 
f 3269//3913 2761//3915 2760//3914 
f 3269//3913 2764//3916 2761//3915 
f 2769//3917 2764//3916 3270//3918 
f 2764//3916 3269//3913 3270//3918 
f 3271//3919 2768//3919 2769//3917 
f 3272//3920 2773//3921 2768//3919 
f 2768//3919 3271//3919 3273//3922 
f 3272//3920 2772//3923 2773//3921 
f 3274//3924 2777//3925 2772//3923 
f 2772//3923 3272//3920 3275//3926 
f 3274//3924 2776//3927 2777//3925 
f 3276//3928 3277//3929 2780//3930 
f 2776//3927 3274//3924 3276//3928 
f 2781//3931 2780//3930 3277//3929 
f 3277//3929 3278//3931 2781//3931 
f 3279//3932 2785//3933 2781//3931 
f 2785//3933 3279//3932 3280//3934 
f 3280//3934 2786//3934 2785//3933 
f 3281//3935 2788//3936 2786//3934 
f 2788//3936 3281//3935 3282//3937 
f 3282//3937 2789//3938 2788//3936 
f 3283//3939 2793//3939 2789//3938 
f 3282//3937 3283//3939 2789//3938 
f 2797//3940 3284//3941 3285//3942 
f 3284//3941 2797//3940 2793//3939 
f 2793//3939 3283//3939 3284//3941 
f 3286//3943 3287//3944 2751//3945 
f 2808//3946 3288//3947 3286//3943 
f 3286//3943 2750//3948 2808//3946 
f 2808//3946 2807//3949 3289//3950 
f 3289//3950 2807//3949 2806//3951 
f 2803//3952 3290//3953 3291//3954 
f 3290//3953 2803//3952 2801//3955 
f 2801//3955 3292//3956 3290//3953 
f 2798//3957 3285//3942 3292//3956 
f 2801//3955 2798//3957 3292//3956 
f 3291//3954 2806//3951 2803//3952 
f 2806//3951 3291//3954 3289//3950 
f 3289//3950 3288//3947 2808//3946 
f 2751//3945 2750//3948 3286//3943 
f 3285//3942 2798//3957 2797//3940 
f 2786//3934 3280//3934 3281//3935 
f 2781//3931 3278//3931 3279//3932 
f 2780//3930 2776//3927 3276//3928 
f 2772//3923 3275//3926 3274//3924 
f 2768//3919 3273//3922 3272//3920 
f 3270//3918 3271//3919 2769//3917 
f 2760//3914 2757//3909 3268//3912 
f 2756//3910 3267//3911 3266//3909 
f 2752//3907 3265//3908 3264//3906 
f 2829//3905 3293//3958 3263//3904 
o mesh16
f 3419//3959 3420//3960 3421//3961 
f 3422//3962 3421//3961 3420//3960 
f 3423//3963 3422//3962 3424//3964 
f 3423//3963 3294//3965 3295//3966 
f 3425//3967 3296//3968 3294//3965 
f 3294//3965 3423//3963 3425//3967 
f 3426//3969 2721//3970 2720//3971 
f 3427//3972 3426//3969 3428//3973 
f 3429//3974 3430//3975 3431//3976 
f 3432//3977 3429//3974 3433//3978 
f 3434//3979 3432//3977 3435//3980 
f 3436//3981 3434//3979 3437//3982 
f 3438//3983 3436//3981 3439//3984 
f 3440//3985 3438//3983 3441//3986 
f 3419//3959 3440//3985 3442//3987 
f 3420//3960 3419//3959 3443//3988 
f 3424//3964 3420//3960 3444//3989 
f 3425//3967 3424//3964 3445//3990 
f 3446//3991 3297//3992 3298//3993 
f 3298//3993 3425//3967 3446//3991 
f 3298//3993 3299//3994 3425//3967 
f 3447//3995 3428//3973 2722//3996 
f 3428//3973 2720//3971 2722//3996 
f 3448//3997 3428//3973 3447//3995 
f 3449//3998 3448//3997 3450//3999 
f 3451//4000 3449//3998 3452//4001 
f 3453//4002 3451//4000 3454//4003 
f 3455//4004 3453//4002 3456//4005 
f 3457//4006 3455//4004 3458//4007 
f 3459//4008 3457//4006 3460//4009 
f 3461//4010 3459//4008 3462//4011 
f 3463//4012 3461//4010 3464//4013 
f 3465//4014 3463//4012 3466//4015 
f 3467//4016 3465//4014 3468//4017 
f 3431//3976 3467//4016 3469//4018 
f 3433//3978 3431//3976 3470//4019 
f 3435//3980 3433//3978 3471//4020 
f 3437//3982 3435//3980 3472//4021 
f 3439//3984 3437//3982 3473//4022 
f 3441//3986 3439//3984 3474//4023 
f 3442//3987 3441//3986 3475//4024 
f 3443//3988 3442//3987 3476//4025 
f 3444//3989 3443//3988 3477//4026 
f 3445//3990 3444//3989 3478//4027 
f 3446//3991 3445//3990 3479//4028 
f 3480//4029 3300//4030 3301//4031 
f 3301//4031 3446//3991 3480//4029 
f 3447//3995 2724//4032 2723//4033 
f 2723//4033 3481//4034 3447//3995 
f 3450//3999 3447//3995 3481//4034 
f 3452//4001 3450//3999 3482//4035 
f 3454//4003 3452//4001 3483//4036 
f 3456//4005 3454//4003 3484//4037 
f 3458//4007 3456//4005 3485//4038 
f 3460//4009 3458//4007 3486//4039 
f 3462//4011 3460//4009 3487//4040 
f 3464//4013 3462//4011 3488//4041 
f 3466//4015 3464//4013 3489//4042 
f 3468//4017 3466//4015 3490//4043 
f 3469//4018 3468//4017 3491//4044 
f 3470//4019 3469//4018 3492//4045 
f 3471//4020 3470//4019 3493//4046 
f 3472//4021 3471//4020 3494//4047 
f 3473//4022 3472//4021 3495//4048 
f 3474//4023 3473//4022 3496//4049 
f 3475//4024 3474//4023 3497//4050 
f 3476//4025 3475//4024 3498//4051 
f 3477//4026 3476//4025 3499//4052 
f 3478//4027 3477//4026 3500//4053 
f 3479//4028 3478//4027 3501//4054 
f 3480//4029 3479//4028 3502//4055 
f 3480//4029 3503//4056 3302//4057 
f 3302//4057 3303//4058 3480//4029 
f 3503//4056 3304//4059 3302//4057 
f 3481//4034 2726//4060 2725//4061 
f 2725//4061 3504//4062 3481//4034 
f 3482//4035 3481//4034 3504//4062 
f 3483//4036 3482//4035 3505//4063 
f 3484//4037 3483//4036 3506//4064 
f 3485//4038 3484//4037 3507//4065 
f 3486//4039 3485//4038 3508//4066 
f 3487//4040 3486//4039 3509//4067 
f 3488//4041 3487//4040 3510//4068 
f 3489//4042 3488//4041 3511//4069 
f 3490//4043 3489//4042 3512//4070 
f 3491//4044 3490//4043 3513//4071 
f 3492//4045 3491//4044 3514//4072 
f 3493//4046 3492//4045 3515//4073 
f 3494//4047 3493//4046 3516//4074 
f 3495//4048 3494//4047 3517//4075 
f 3496//4049 3495//4048 3518//4076 
f 3497//4050 3496//4049 3519//4077 
f 3498//4051 3497//4050 3520//4078 
f 3499//4052 3498//4051 3521//4079 
f 3500//4053 3499//4052 3522//4080 
f 3501//4054 3500//4053 3523//4081 
f 3502//4055 3501//4054 3524//4082 
f 3503//4056 3502//4055 3525//4083 
f 3503//4056 3526//4084 3305//4085 
f 3305//4085 3306//4086 3503//4056 
f 3526//4084 3307//4087 3305//4085 
f 3504//4062 2727//4088 2728//4089 
f 2728//4089 3527//4090 3504//4062 
f 3505//4063 3504//4062 3527//4090 
f 3506//4064 3505//4063 3528//4091 
f 3507//4065 3506//4064 3529//4092 
f 3508//4066 3507//4065 3530//4093 
f 3509//4067 3508//4066 3531//4094 
f 3510//4068 3509//4067 3532//4095 
f 3511//4069 3510//4068 3533//4096 
f 3512//4070 3511//4069 3534//4097 
f 3513//4071 3512//4070 3535//4098 
f 3514//4072 3513//4071 3536//4099 
f 3515//4073 3514//4072 3537//4100 
f 3516//4074 3515//4073 3538//4101 
f 3517//4075 3516//4074 3539//4102 
f 3518//4076 3517//4075 3540//4103 
f 3519//4077 3518//4076 3541//4104 
f 3520//4078 3519//4077 3542//4105 
f 3521//4079 3520//4078 3543//4106 
f 3522//4080 3521//4079 3544//4107 
f 3523//4081 3522//4080 3545//4108 
f 3524//4082 3523//4081 3546//4109 
f 3525//4083 3524//4082 3547//4110 
f 3526//4084 3525//4083 3548//4111 
f 3526//4084 3549//4112 3308//4113 
f 3308//4113 3309//4114 3526//4084 
f 3549//4112 3310//4115 3308//4113 
f 3527//4090 2731//4116 2729//4117 
f 3528//4091 3527//4090 3550//4118 
f 3529//4092 3528//4091 3551//4119 
f 3530//4093 3529//4092 3552//4120 
f 3531//4094 3530//4093 3553//4121 
f 3532//4095 3531//4094 3554//4122 
f 3533//4096 3532//4095 3555//4123 
f 3534//4097 3533//4096 3556//4124 
f 3535//4098 3534//4097 3557//4125 
f 3536//4099 3535//4098 3558//4126 
f 3537//4100 3536//4099 3559//4127 
f 3538//4101 3537//4100 3560//4128 
f 3539//4102 3538//4101 3561//4129 
f 3540//4103 3539//4102 3562//4130 
f 3541//4104 3540//4103 3563//4131 
f 3542//4105 3541//4104 3564//4132 
f 3543//4106 3542//4105 3565//4133 
f 3544//4107 3543//4106 3566//4134 
f 3545//4108 3544//4107 3567//4135 
f 3546//4109 3545//4108 3568//4136 
f 3547//4110 3546//4109 3569//4137 
f 3548//4111 3547//4110 3570//4138 
f 3549//4112 3548//4111 3571//4139 
f 3572//4140 3311//4141 3310//4115 
f 3573//4142 3550//4118 2730//4143 
f 2730//4143 2732//4144 3573//4142 
f 3550//4118 2729//4117 2730//4143 
f 3551//4119 3550//4118 3573//4142 
f 3552//4120 3551//4119 3574//4145 
f 3553//4121 3552//4120 3575//4146 
f 3554//4122 3553//4121 3576//4147 
f 3555//4123 3554//4122 3577//4148 
f 3556//4124 3555//4123 3578//4149 
f 3557//4125 3556//4124 3579//4150 
f 3558//4126 3557//4125 3580//4151 
f 3559//4127 3558//4126 3581//4152 
f 3560//4128 3559//4127 3582//4153 
f 3561//4129 3560//4128 3583//4154 
f 3562//4130 3561//4129 3584//4155 
f 3563//4131 3562//4130 3585//4156 
f 3564//4132 3563//4131 3586//4157 
f 3565//4133 3564//4132 3587//4158 
f 3566//4134 3565//4133 3588//4159 
f 3567//4135 3566//4134 3589//4160 
f 3568//4136 3567//4135 3590//4161 
f 3569//4137 3568//4136 3591//4162 
f 3570//4138 3569//4137 3592//4163 
f 3571//4139 3570//4138 3593//4164 
f 3572//4140 3571//4139 3594//4165 
f 3595//4166 3312//4167 3313//4168 
f 3313//4168 3572//4140 3595//4166 
f 3573//4142 2734//4169 2733//4170 
f 2733//4170 3596//4171 3573//4142 
f 3574//4145 3573//4142 3596//4171 
f 3575//4146 3574//4145 3597//4172 
f 3576//4147 3575//4146 3598//4173 
f 3577//4148 3576//4147 3599//4174 
f 3578//4149 3577//4148 3600//4175 
f 3579//4150 3578//4149 3601//4176 
f 3580//4151 3579//4150 3602//4177 
f 3581//4152 3580//4151 3603//4178 
f 3582//4153 3581//4152 3604//4179 
f 3583//4154 3582//4153 3605//4180 
f 3584//4155 3583//4154 3606//4181 
f 3585//4156 3584//4155 3607//4182 
f 3586//4157 3585//4156 3608//4183 
f 3587//4158 3586//4157 3609//4184 
f 3588//4159 3587//4158 3610//4185 
f 3589//4160 3588//4159 3611//4186 
f 3590//4161 3589//4160 3612//4187 
f 3591//4162 3590//4161 3613//4188 
f 3592//4163 3591//4162 3614//4189 
f 3593//4164 3592//4163 3615//4190 
f 3594//4165 3593//4164 3616//4191 
f 3595//4166 3594//4165 3617//4192 
f 3595//4166 3618//4193 3314//4194 
f 3618//4193 3315//4195 3316//4196 
f 3316//4196 3314//4194 3618//4193 
f 3314//4194 3317//4197 3595//4166 
f 3596//4171 2736//4198 2735//4199 
f 2735//4199 3619//4200 3596//4171 
f 3597//4172 3596//4171 3619//4200 
f 3598//4173 3597//4172 3620//4201 
f 3599//4174 3598//4173 3621//4202 
f 3600//4175 3599//4174 3622//4203 
f 3601//4176 3600//4175 3623//4204 
f 3602//4177 3601//4176 3624//4205 
f 3603//4178 3602//4177 3625//4206 
f 3604//4179 3603//4178 3626//4207 
f 3605//4180 3604//4179 3627//4208 
f 3606//4181 3605//4180 3628//4209 
f 3607//4182 3606//4181 3629//4210 
f 3608//4183 3607//4182 3630//4211 
f 3609//4184 3608//4183 3631//4212 
f 3610//4185 3609//4184 3632//4213 
f 3611//4186 3610//4185 3633//4214 
f 3612//4187 3611//4186 3634//4215 
f 3613//4188 3612//4187 3635//4216 
f 3614//4189 3613//4188 3636//4217 
f 3615//4190 3614//4189 3637//4218 
f 3616//4191 3615//4190 3638//4219 
f 3617//4192 3616//4191 3639//4220 
f 3618//4193 3617//4192 3640//4221 
f 3618//4193 3641//4222 3318//4223 
f 3641//4222 3319//4224 3318//4223 
f 3318//4223 3320//4225 3618//4193 
f 3619//4200 2739//4226 2738//4227 
f 3620//4201 3619//4200 3642//4228 
f 3621//4202 3620//4201 3643//4229 
f 3622//4203 3621//4202 3644//4230 
f 3623//4204 3622//4203 3645//4231 
f 3624//4205 3623//4204 3646//4232 
f 3625//4206 3624//4205 3647//4233 
f 3626//4207 3625//4206 3648//4234 
f 3627//4208 3626//4207 3649//4235 
f 3628//4209 3627//4208 3650//4236 
f 3629//4210 3628//4209 3651//4237 
f 3630//4211 3629//4210 3652//4238 
f 3631//4212 3630//4211 3653//4239 
f 3632//4213 3631//4212 3654//4240 
f 3633//4214 3632//4213 3655//4241 
f 3634//4215 3633//4214 3656//4242 
f 3635//4216 3634//4215 3657//4243 
f 3636//4217 3635//4216 3658//4244 
f 3637//4218 3636//4217 3659//4245 
f 3638//4219 3637//4218 3660//4246 
f 3639//4220 3638//4219 3661//4247 
f 3640//4221 3639//4220 3662//4248 
f 3641//4222 3640//4221 3663//4249 
f 3641//4222 3664//4250 3321//4251 
f 3664//4250 3322//4252 3321//4251 
f 3642//4228 2738//4227 2737//4253 
f 2737//4253 3665//4254 3642//4228 
f 3643//4229 3642//4228 3665//4254 
f 3644//4230 3643//4229 3666//4255 
f 3645//4231 3644//4230 3667//4256 
f 3646//4232 3645//4231 3668//4257 
f 3647//4233 3646//4232 3669//4258 
f 3648//4234 3647//4233 3670//4259 
f 3649//4235 3648//4234 3671//4260 
f 3650//4236 3649//4235 3672//4261 
f 3651//4237 3650//4236 3673//4262 
f 3652//4238 3651//4237 3674//4263 
f 3653//4239 3652//4238 3675//4264 
f 3654//4240 3653//4239 3676//4265 
f 3655//4241 3654//4240 3677//4266 
f 3656//4242 3655//4241 3678//4267 
f 3657//4243 3656//4242 3679//4268 
f 3658//4244 3657//4243 3680//4269 
f 3659//4245 3658//4244 3681//4270 
f 3660//4246 3659//4245 3682//4271 
f 3661//4247 3660//4246 3683//4272 
f 3662//4248 3661//4247 3684//4273 
f 3663//4249 3662//4248 3685//4274 
f 3664//4250 3663//4249 3686//4275 
f 3687//4276 3323//4277 3324//4278 
f 3324//4278 3664//4250 3687//4276 
f 3665//4254 2741//4279 2740//4280 
f 2740//4280 3688//4281 3665//4254 
f 3666//4255 3665//4254 3688//4281 
f 3667//4256 3666//4255 3689//4282 
f 3668//4257 3667//4256 3690//4283 
f 3669//4258 3668//4257 3691//4284 
f 3670//4259 3669//4258 3692//4285 
f 3671//4260 3670//4259 3693//4286 
f 3672//4261 3671//4260 3694//4287 
f 3673//4262 3672//4261 3695//4288 
f 3674//4263 3673//4262 3696//4289 
f 3675//4264 3674//4263 3697//4290 
f 3676//4265 3675//4264 3698//4291 
f 3677//4266 3676//4265 3699//4292 
f 3678//4267 3677//4266 3700//4293 
f 3679//4268 3678//4267 3701//4294 
f 3680//4269 3679//4268 3702//4295 
f 3681//4270 3680//4269 3703//4296 
f 3682//4271 3681//4270 3704//4297 
f 3683//4272 3682//4271 3705//4298 
f 3684//4273 3683//4272 3706//4299 
f 3685//4274 3684//4273 3707//4300 
f 3686//4275 3685//4274 3708//4301 
f 3687//4276 3686//4275 3709//4302 
f 3687//4276 3710//4303 3325//4304 
f 3710//4303 3326//4305 3325//4304 
f 3325//4304 3327//4306 3687//4276 
f 3710//4303 3328//4307 3326//4305 
f 2742//4308 3711//4309 3688//4281 
f 3689//4282 3688//4281 3711//4309 
f 3690//4283 3689//4282 3712//4310 
f 3691//4284 3690//4283 3713//4311 
f 3692//4285 3691//4284 3714//4312 
f 3693//4286 3692//4285 3715//4313 
f 3694//4287 3693//4286 3716//4314 
f 3695//4288 3694//4287 3717//4315 
f 3696//4289 3695//4288 3718//4316 
f 3697//4290 3696//4289 3719//4317 
f 3698//4291 3697//4290 3720//4318 
f 3699//4292 3698//4291 3721//4319 
f 3700//4293 3699//4292 3722//4320 
f 3701//4294 3700//4293 3723//4321 
f 3702//4295 3701//4294 3724//4322 
f 3703//4296 3702//4295 3725//4323 
f 3704//4297 3703//4296 3726//4324 
f 3705//4298 3704//4297 3727//4325 
f 3706//4299 3705//4298 3728//4326 
f 3707//4300 3706//4299 3729//4327 
f 3708//4301 3707//4300 3730//4328 
f 3709//4302 3708//4301 3731//4329 
f 3710//4303 3709//4302 3732//4330 
f 3733//4331 3329//4332 3330//4333 
f 3330//4333 3710//4303 3733//4331 
f 3733//4331 3331//4334 3329//4332 
f 3733//4331 3332//4335 3331//4334 
f 3711//4309 2742//4308 2744//4336 
f 2744//4336 3734//4337 3711//4309 
f 3712//4310 3711//4309 3734//4337 
f 3713//4311 3712//4310 3735//4338 
f 3714//4312 3713//4311 3736//4339 
f 3715//4313 3714//4312 3737//4340 
f 3716//4314 3715//4313 3738//4341 
f 3717//4315 3716//4314 3739//4342 
f 3718//4316 3717//4315 3740//4343 
f 3719//4317 3718//4316 3741//4344 
f 3720//4318 3719//4317 3742//4345 
f 3721//4319 3720//4318 3743//4346 
f 3722//4320 3721//4319 3744//4347 
f 3723//4321 3722//4320 3745//4348 
f 3724//4322 3723//4321 3746//4349 
f 3725//4323 3724//4322 3747//4350 
f 3726//4324 3725//4323 3748//4351 
f 3727//4325 3726//4324 3749//4352 
f 3728//4326 3727//4325 3750//4353 
f 3729//4327 3728//4326 3751//4354 
f 3730//4328 3729//4327 3752//4355 
f 3731//4329 3730//4328 3753//4356 
f 3732//4330 3731//4329 3754//4357 
f 3733//4331 3732//4330 3755//4358 
f 3756//4359 3333//4360 3334//4361 
f 3334//4361 3733//4331 3756//4359 
f 2745//4362 3757//4363 3734//4337 
f 3735//4338 3734//4337 3757//4363 
f 3736//4339 3735//4338 3758//4364 
f 3737//4340 3736//4339 3759//4365 
f 3738//4341 3737//4340 3760//4366 
f 3739//4342 3738//4341 3761//4367 
f 3740//4343 3739//4342 3762//4368 
f 3741//4344 3740//4343 3763//4369 
f 3742//4345 3741//4344 3764//4370 
f 3743//4346 3742//4345 3765//4371 
f 3744//4347 3743//4346 3766//4372 
f 3745//4348 3744//4347 3767//4373 
f 3746//4349 3745//4348 3768//4374 
f 3747//4350 3746//4349 3769//4375 
f 3748//4351 3747//4350 3770//4376 
f 3749//4352 3748//4351 3771//4377 
f 3750//4353 3749//4352 3772//4378 
f 3751//4354 3750//4353 3773//4379 
f 3752//4355 3751//4354 3774//4380 
f 3753//4356 3752//4355 3775//4381 
f 3754//4357 3753//4356 3776//4382 
f 3755//4358 3754//4357 3777//4383 
f 3756//4359 3755//4358 3778//4384 
f 3756//4359 3779//4385 3335//4386 
f 3335//4386 3336//4387 3756//4359 
f 3779//4385 3337//4388 3335//4386 
f 2747//4389 3780//4390 3757//4363 
f 3758//4364 3757//4363 3780//4390 
f 3759//4365 3758//4364 3781//4391 
f 3760//4366 3759//4365 3782//4392 
f 3761//4367 3760//4366 3783//4393 
f 3762//4368 3761//4367 3784//4394 
f 3763//4369 3762//4368 3785//4395 
f 3764//4370 3763//4369 3786//4396 
f 3765//4371 3764//4370 3787//4397 
f 3766//4372 3765//4371 3788//4398 
f 3767//4373 3766//4372 3789//4399 
f 3768//4374 3767//4373 3790//4400 
f 3769//4375 3768//4374 3791//4401 
f 3770//4376 3769//4375 3792//4402 
f 3771//4377 3770//4376 3793//4403 
f 3772//4378 3771//4377 3794//4404 
f 3773//4379 3772//4378 3795//4405 
f 3774//4380 3773//4379 3796//4406 
f 3775//4381 3774//4380 3797//4407 
f 3776//4382 3775//4381 3798//4408 
f 3777//4383 3776//4382 3799//4409 
f 3778//4384 3777//4383 3800//4410 
f 3779//4385 3778//4384 3801//4411 
f 3802//4412 3338//4413 3339//4414 
f 3802//4412 3340//4415 3338//4413 
f 3802//4412 3341//4416 3340//4415 
f 3339//4414 3779//4385 3802//4412 
f 2747//4389 2749//4417 3803//4418 
f 3781//4391 3780//4390 3803//4418 
f 3782//4392 3781//4391 3804//4419 
f 3783//4393 3782//4392 3805//4420 
f 3784//4394 3783//4393 3806//4421 
f 3785//4395 3784//4394 3807//4422 
f 3786//4396 3785//4395 3808//4423 
f 3787//4397 3786//4396 3809//4424 
f 3788//4398 3787//4397 3810//4425 
f 3789//4399 3788//4398 3811//4426 
f 3790//4400 3789//4399 3812//4427 
f 3791//4401 3790//4400 3813//4428 
f 3792//4402 3791//4401 3814//4429 
f 3793//4403 3792//4402 3815//4430 
f 3794//4404 3793//4403 3816//4431 
f 3795//4405 3794//4404 3817//4432 
f 3796//4406 3795//4405 3818//4433 
f 3797//4407 3796//4406 3819//4434 
f 3798//4408 3797//4407 3820//4435 
f 3799//4409 3798//4408 3821//4436 
f 3800//4410 3799//4409 3822//4437 
f 3801//4411 3800//4410 3823//4438 
f 3802//4412 3801//4411 3824//4439 
f 3802//4412 3825//4440 3342//4441 
f 3825//4440 3343//4442 3344//4443 
f 3344//4443 3342//4441 3825//4440 
f 2748//4444 3826//4445 3803//4418 
f 3804//4419 3803//4418 3826//4445 
f 3805//4420 3804//4419 3827//4446 
f 3806//4421 3805//4420 3828//4447 
f 3807//4422 3806//4421 3829//4448 
f 3808//4423 3807//4422 3830//4449 
f 3809//4424 3808//4423 3831//4450 
f 3810//4425 3809//4424 3832//4451 
f 3811//4426 3810//4425 3833//4452 
f 3812//4427 3811//4426 3834//4453 
f 3813//4428 3812//4427 3835//4454 
f 3814//4429 3813//4428 3836//4455 
f 3815//4430 3814//4429 3837//4456 
f 3816//4431 3815//4430 3838//4457 
f 3817//4432 3816//4431 3839//4458 
f 3818//4433 3817//4432 3840//4459 
f 3819//4434 3818//4433 3841//4460 
f 3820//4435 3819//4434 3842//4461 
f 3821//4436 3820//4435 3843//4462 
f 3822//4437 3821//4436 3844//4463 
f 3823//4438 3822//4437 3845//4464 
f 3824//4439 3823//4438 3846//4465 
f 3825//4440 3824//4439 3847//4466 
f 3848//4467 3345//4468 3346//4469 
f 3346//4469 3825//4440 3848//4467 
f 2748//4444 3287//4470 3347//4471 
f 3347//4471 3826//4445 2748//4444 
f 2748//4444 2751//4472 3287//4470 
f 3827//4446 3826//4445 3348//4473 
f 3826//4445 3349//4474 3348//4473 
f 3826//4445 3350//4475 3349//4474 
f 3828//4447 3827//4446 3351//4476 
f 3827//4446 3352//4477 3351//4476 
f 3827//4446 3353//4478 3352//4477 
f 3828//4447 3354//4479 3355//4480 
f 3355//4480 3829//4448 3828//4447 
f 3829//4448 3356//4481 3357//4482 
f 3357//4482 3830//4449 3829//4448 
f 3829//4448 3358//4483 3356//4481 
f 3831//4450 3830//4449 3359//4484 
f 3830//4449 3360//4485 3359//4484 
f 3830//4449 3361//4486 3360//4485 
f 3831//4450 3362//4487 3363//4488 
f 3831//4450 3364//4489 3362//4487 
f 3363//4488 3832//4451 3831//4450 
f 3831//4450 3365//4490 3364//4489 
f 3832//4451 3366//4491 3367//4492 
f 3367//4492 3833//4452 3832//4451 
f 3832//4451 3368//4493 3366//4491 
f 3834//4453 3833//4452 3369//4494 
f 3833//4452 3370//4495 3369//4494 
f 3833//4452 3371//4496 3370//4495 
f 3835//4454 3834//4453 3372//4497 
f 3834//4453 3373//4498 3372//4497 
f 3372//4497 3374//4499 3835//4454 
f 3834//4453 3375//4500 3373//4498 
f 3836//4455 3376//4501 3377//4502 
f 3835//4454 3378//4503 3376//4501 
f 3376//4501 3836//4455 3835//4454 
f 3837//4456 3379//4504 3380//4505 
f 3836//4455 3381//4506 3379//4504 
f 3379//4504 3837//4456 3836//4455 
f 3838//4457 3382//4507 3383//4508 
f 3383//4508 3384//4509 3838//4457 
f 3837//4456 3385//4510 3382//4507 
f 3382//4507 3838//4457 3837//4456 
f 3839//4458 3386//4511 3387//4512 
f 3838//4457 3388//4513 3386//4511 
f 3386//4511 3839//4458 3838//4457 
f 3840//4459 3389//4514 3390//4515 
f 3839//4458 3391//4516 3389//4514 
f 3389//4514 3840//4459 3839//4458 
f 3841//4460 3392//4517 3393//4518 
f 3840//4459 3394//4519 3392//4517 
f 3392//4517 3841//4460 3840//4459 
f 3841//4460 3395//4520 3396//4521 
f 3396//4521 3842//4461 3841//4460 
f 3843//4462 3397//4522 3398//4523 
f 3842//4461 3399//4524 3397//4522 
f 3397//4522 3843//4462 3842//4461 
f 3844//4463 3400//4525 3401//4526 
f 3843//4462 3402//4527 3400//4525 
f 3400//4525 3844//4463 3843//4462 
f 3844//4463 3403//4528 3404//4529 
f 3844//4463 3405//4530 3403//4528 
f 3844//4463 3406//4531 3405//4530 
f 3845//4464 3404//4529 3407//4532 
f 3407//4532 3846//4465 3845//4464 
f 3847//4466 3408//4533 3409//4534 
f 3846//4465 3410//4535 3408//4533 
f 3408//4533 3847//4466 3846//4465 
f 3847//4466 3411//4536 3412//4537 
f 3412//4537 3848//4467 3847//4466 
f 3413//4538 3414//4539 3415//4540 
f 3848//4467 3416//4541 3413//4538 
f 3848//4467 3417//4542 3416//4541 
f 3413//4538 3345//4468 3848//4467 
f 3418//4543 2710//4544 2712//4545 
f 3423//3963 2712//4545 2711//4546 
f 3422//3962 2711//4546 2714//4547 
f 3421//3961 2714//4547 2717//4548 
f 3419//3959 2658//4549 2657//4550 
f 3419//3959 2716//4551 2708//4552 
f 2708//4552 2658//4549 3419//3959 
f 3440//3985 2657//4550 2668//4553 
f 3438//3983 2660//4554 2659//4555 
f 3438//3983 2668//4553 2660//4554 
f 3436//3981 2659//4555 2666//4556 
f 3434//3979 2662//4557 2661//4558 
f 3434//3979 2666//4556 2662//4557 
f 3432//3977 2661//4558 2664//4559 
f 3429//3974 2663//4560 2665//4561 
f 3429//3974 2664//4559 2663//4560 
f 3431//3976 2670//4562 2669//4563 
f 3430//3975 2667//4564 2670//4562 
f 2670//4562 3431//3976 3430//3975 
f 3467//4016 2671//4565 2673//4566 
f 3467//4016 2672//4567 2671//4565 
f 3467//4016 2669//4563 2672//4567 
f 3465//4014 2675//4568 2674//4569 
f 3465//4014 2676//4570 2675//4568 
f 3465//4014 2673//4566 2676//4570 
f 3463//4012 2678//4571 2677//4572 
f 3463//4012 2674//4569 2680//4573 
f 2680//4573 2679//4574 3463//4012 
f 2679//4574 2678//4571 3463//4012 
f 3461//4010 2681//4575 2685//4576 
f 3461//4010 2682//4577 2681//4575 
f 3461//4010 2677//4572 2682//4577 
f 3457//4006 2683//4578 2686//4579 
f 3457//4006 2684//4580 2683//4578 
f 3459//4008 2685//4576 2684//4580 
f 2684//4580 3457//4006 3459//4008 
f 3455//4004 2688//4581 2690//4582 
f 3455//4004 2689//4583 2688//4581 
f 3455//4004 3457//4006 2687//4584 
f 2687//4584 2689//4583 3455//4004 
f 3453//4002 3455//4004 2691//4585 
f 2691//4585 2696//4586 3453//4002 
f 2696//4586 2693//4587 3453//4002 
f 3451//4000 3453//4002 2692//4588 
f 2692//4588 2695//4589 3451//4000 
f 3449//3998 2698//4590 2697//4591 
f 3449//3998 3451//4000 2694//4592 
f 2694//4592 2698//4590 3449//3998 
f 3448//3997 3449//3998 2699//4593 
f 2699//4593 3427//3972 3448//3997 
f 3427//3972 2700//4594 2702//4595 
f 3426//3969 3427//3972 2701//4596 
f 2701//4596 2704//4597 3426//3969 
f 2719//4598 3426//3969 2703//4599 
f 2703//4599 2707//4600 2719//4598 
f 2719//4598 2721//3970 3426//3969 
f 2707//4600 2706//4601 2719//4598 
f 2704//4597 2703//4599 3426//3969 
f 2702//4595 2701//4596 3427//3972 
f 2699//4593 2700//4594 3427//3972 
f 2697//4591 2699//4593 3449//3998 
f 2695//4589 2694//4592 3451//4000 
f 2693//4587 2692//4588 3453//4002 
f 2690//4582 2691//4585 3455//4004 
f 2686//4579 2687//4584 3457//4006 
f 2685//4576 3459//4008 3461//4010 
f 2677//4572 3461//4010 3463//4012 
f 2674//4569 3463//4012 3465//4014 
f 2673//4566 3465//4014 3467//4016 
f 2669//4563 3467//4016 3431//3976 
f 2667//4564 3430//3975 2665//4561 
f 2665//4561 3430//3975 3429//3974 
f 2664//4559 3429//3974 3432//3977 
f 2661//4558 3432//3977 3434//3979 
f 2666//4556 3434//3979 3436//3981 
f 2659//4555 3436//3981 3438//3983 
f 2668//4553 3438//3983 3440//3985 
f 2657//4550 3440//3985 3419//3959 
f 2717//4548 2716//4551 3421//3961 
f 2714//4547 3421//3961 3422//3962 
f 2711//4546 3422//3962 3423//3963 
f 2712//4545 3423//3963 3418//4543 
f 3415//4540 3345//4468 3413//4538 
f 3412//4537 3417//4542 3848//4467 
f 3409//4534 3411//4536 3847//4466 
f 3407//4532 3410//4535 3846//4465 
f 3404//4529 3845//4464 3844//4463 
f 3401//4526 3406//4531 3844//4463 
f 3398//4523 3402//4527 3843//4462 
f 3396//4521 3399//4524 3842//4461 
f 3393//4518 3395//4520 3841//4460 
f 3390//4515 3394//4519 3840//4459 
f 3387//4512 3391//4516 3839//4458 
f 3384//4509 3388//4513 3838//4457 
f 3380//4505 3385//4510 3837//4456 
f 3377//4502 3381//4506 3836//4455 
f 3374//4499 3378//4503 3835//4454 
f 3369//4494 3375//4500 3834//4453 
f 3367//4492 3371//4496 3833//4452 
f 3363//4488 3368//4493 3832//4451 
f 3359//4484 3365//4490 3831//4450 
f 3357//4482 3361//4486 3830//4449 
f 3355//4480 3358//4483 3829//4448 
f 3351//4476 3354//4479 3828//4447 
f 3348//4473 3353//4478 3827//4446 
f 3347//4471 3350//4475 3826//4445 
f 3346//4469 3343//4442 3825//4440 
f 3847//4466 3848//4467 3825//4440 
f 3846//4465 3847//4466 3824//4439 
f 3845//4464 3846//4465 3823//4438 
f 3844//4463 3845//4464 3822//4437 
f 3843//4462 3844//4463 3821//4436 
f 3842//4461 3843//4462 3820//4435 
f 3841//4460 3842//4461 3819//4434 
f 3840//4459 3841//4460 3818//4433 
f 3839//4458 3840//4459 3817//4432 
f 3838//4457 3839//4458 3816//4431 
f 3837//4456 3838//4457 3815//4430 
f 3836//4455 3837//4456 3814//4429 
f 3835//4454 3836//4455 3813//4428 
f 3834//4453 3835//4454 3812//4427 
f 3833//4452 3834//4453 3811//4426 
f 3832//4451 3833//4452 3810//4425 
f 3831//4450 3832//4451 3809//4424 
f 3830//4449 3831//4450 3808//4423 
f 3829//4448 3830//4449 3807//4422 
f 3828//4447 3829//4448 3806//4421 
f 3827//4446 3828//4447 3805//4420 
f 3826//4445 3827//4446 3804//4419 
f 3803//4418 2749//4417 2748//4444 
f 3342//4441 3341//4416 3802//4412 
f 3824//4439 3825//4440 3802//4412 
f 3823//4438 3824//4439 3801//4411 
f 3822//4437 3823//4438 3800//4410 
f 3821//4436 3822//4437 3799//4409 
f 3820//4435 3821//4436 3798//4408 
f 3819//4434 3820//4435 3797//4407 
f 3818//4433 3819//4434 3796//4406 
f 3817//4432 3818//4433 3795//4405 
f 3816//4431 3817//4432 3794//4404 
f 3815//4430 3816//4431 3793//4403 
f 3814//4429 3815//4430 3792//4402 
f 3813//4428 3814//4429 3791//4401 
f 3812//4427 3813//4428 3790//4400 
f 3811//4426 3812//4427 3789//4399 
f 3810//4425 3811//4426 3788//4398 
f 3809//4424 3810//4425 3787//4397 
f 3808//4423 3809//4424 3786//4396 
f 3807//4422 3808//4423 3785//4395 
f 3806//4421 3807//4422 3784//4394 
f 3805//4420 3806//4421 3783//4393 
f 3804//4419 3805//4420 3782//4392 
f 3803//4418 3804//4419 3781//4391 
f 3803//4418 3780//4390 2747//4389 
f 3339//4414 3337//4388 3779//4385 
f 3801//4411 3802//4412 3779//4385 
f 3800//4410 3801//4411 3778//4384 
f 3799//4409 3800//4410 3777//4383 
f 3798//4408 3799//4409 3776//4382 
f 3797//4407 3798//4408 3775//4381 
f 3796//4406 3797//4407 3774//4380 
f 3795//4405 3796//4406 3773//4379 
f 3794//4404 3795//4405 3772//4378 
f 3793//4403 3794//4404 3771//4377 
f 3792//4402 3793//4403 3770//4376 
f 3791//4401 3792//4402 3769//4375 
f 3790//4400 3791//4401 3768//4374 
f 3789//4399 3790//4400 3767//4373 
f 3788//4398 3789//4399 3766//4372 
f 3787//4397 3788//4398 3765//4371 
f 3786//4396 3787//4397 3764//4370 
f 3785//4395 3786//4396 3763//4369 
f 3784//4394 3785//4395 3762//4368 
f 3783//4393 3784//4394 3761//4367 
f 3782//4392 3783//4393 3760//4366 
f 3781//4391 3782//4392 3759//4365 
f 3780//4390 3781//4391 3758//4364 
f 3757//4363 2745//4362 2747//4389 
f 3336//4387 3333//4360 3756//4359 
f 3778//4384 3779//4385 3756//4359 
f 3777//4383 3778//4384 3755//4358 
f 3776//4382 3777//4383 3754//4357 
f 3775//4381 3776//4382 3753//4356 
f 3774//4380 3775//4381 3752//4355 
f 3773//4379 3774//4380 3751//4354 
f 3772//4378 3773//4379 3750//4353 
f 3771//4377 3772//4378 3749//4352 
f 3770//4376 3771//4377 3748//4351 
f 3769//4375 3770//4376 3747//4350 
f 3768//4374 3769//4375 3746//4349 
f 3767//4373 3768//4374 3745//4348 
f 3766//4372 3767//4373 3744//4347 
f 3765//4371 3766//4372 3743//4346 
f 3764//4370 3765//4371 3742//4345 
f 3763//4369 3764//4370 3741//4344 
f 3762//4368 3763//4369 3740//4343 
f 3761//4367 3762//4368 3739//4342 
f 3760//4366 3761//4367 3738//4341 
f 3759//4365 3760//4366 3737//4340 
f 3758//4364 3759//4365 3736//4339 
f 3757//4363 3758//4364 3735//4338 
f 3734//4337 2746//4602 2745//4362 
f 3334//4361 3332//4335 3733//4331 
f 3755//4358 3756//4359 3733//4331 
f 3754//4357 3755//4358 3732//4330 
f 3753//4356 3754//4357 3731//4329 
f 3752//4355 3753//4356 3730//4328 
f 3751//4354 3752//4355 3729//4327 
f 3750//4353 3751//4354 3728//4326 
f 3749//4352 3750//4353 3727//4325 
f 3748//4351 3749//4352 3726//4324 
f 3747//4350 3748//4351 3725//4323 
f 3746//4349 3747//4350 3724//4322 
f 3745//4348 3746//4349 3723//4321 
f 3744//4347 3745//4348 3722//4320 
f 3743//4346 3744//4347 3721//4319 
f 3742//4345 3743//4346 3720//4318 
f 3741//4344 3742//4345 3719//4317 
f 3740//4343 3741//4344 3718//4316 
f 3739//4342 3740//4343 3717//4315 
f 3738//4341 3739//4342 3716//4314 
f 3737//4340 3738//4341 3715//4313 
f 3736//4339 3737//4340 3714//4312 
f 3735//4338 3736//4339 3713//4311 
f 3734//4337 3735//4338 3712//4310 
f 2744//4336 2746//4602 3734//4337 
f 3330//4333 3328//4307 3710//4303 
f 3732//4330 3733//4331 3710//4303 
f 3731//4329 3732//4330 3709//4302 
f 3730//4328 3731//4329 3708//4301 
f 3729//4327 3730//4328 3707//4300 
f 3728//4326 3729//4327 3706//4299 
f 3727//4325 3728//4326 3705//4298 
f 3726//4324 3727//4325 3704//4297 
f 3725//4323 3726//4324 3703//4296 
f 3724//4322 3725//4323 3702//4295 
f 3723//4321 3724//4322 3701//4294 
f 3722//4320 3723//4321 3700//4293 
f 3721//4319 3722//4320 3699//4292 
f 3720//4318 3721//4319 3698//4291 
f 3719//4317 3720//4318 3697//4290 
f 3718//4316 3719//4317 3696//4289 
f 3717//4315 3718//4316 3695//4288 
f 3716//4314 3717//4315 3694//4287 
f 3715//4313 3716//4314 3693//4286 
f 3714//4312 3715//4313 3692//4285 
f 3713//4311 3714//4312 3691//4284 
f 3712//4310 3713//4311 3690//4283 
f 3711//4309 3712//4310 3689//4282 
f 3688//4281 2743//4603 2742//4308 
f 3327//4306 3323//4277 3687//4276 
f 3709//4302 3710//4303 3687//4276 
f 3708//4301 3709//4302 3686//4275 
f 3707//4300 3708//4301 3685//4274 
f 3706//4299 3707//4300 3684//4273 
f 3705//4298 3706//4299 3683//4272 
f 3704//4297 3705//4298 3682//4271 
f 3703//4296 3704//4297 3681//4270 
f 3702//4295 3703//4296 3680//4269 
f 3701//4294 3702//4295 3679//4268 
f 3700//4293 3701//4294 3678//4267 
f 3699//4292 3700//4293 3677//4266 
f 3698//4291 3699//4292 3676//4265 
f 3697//4290 3698//4291 3675//4264 
f 3696//4289 3697//4290 3674//4263 
f 3695//4288 3696//4289 3673//4262 
f 3694//4287 3695//4288 3672//4261 
f 3693//4286 3694//4287 3671//4260 
f 3692//4285 3693//4286 3670//4259 
f 3691//4284 3692//4285 3669//4258 
f 3690//4283 3691//4284 3668//4257 
f 3689//4282 3690//4283 3667//4256 
f 3688//4281 3689//4282 3666//4255 
f 2740//4280 2743//4603 3688//4281 
f 3324//4278 3322//4252 3664//4250 
f 3686//4275 3687//4276 3664//4250 
f 3685//4274 3686//4275 3663//4249 
f 3684//4273 3685//4274 3662//4248 
f 3683//4272 3684//4273 3661//4247 
f 3682//4271 3683//4272 3660//4246 
f 3681//4270 3682//4271 3659//4245 
f 3680//4269 3681//4270 3658//4244 
f 3679//4268 3680//4269 3657//4243 
f 3678//4267 3679//4268 3656//4242 
f 3677//4266 3678//4267 3655//4241 
f 3676//4265 3677//4266 3654//4240 
f 3675//4264 3676//4265 3653//4239 
f 3674//4263 3675//4264 3652//4238 
f 3673//4262 3674//4263 3651//4237 
f 3672//4261 3673//4262 3650//4236 
f 3671//4260 3672//4261 3649//4235 
f 3670//4259 3671//4260 3648//4234 
f 3669//4258 3670//4259 3647//4233 
f 3668//4257 3669//4258 3646//4232 
f 3667//4256 3668//4257 3645//4231 
f 3666//4255 3667//4256 3644//4230 
f 3665//4254 3666//4255 3643//4229 
f 2737//4253 2741//4279 3665//4254 
f 3321//4251 3319//4224 3641//4222 
f 3663//4249 3664//4250 3641//4222 
f 3662//4248 3663//4249 3640//4221 
f 3661//4247 3662//4248 3639//4220 
f 3660//4246 3661//4247 3638//4219 
f 3659//4245 3660//4246 3637//4218 
f 3658//4244 3659//4245 3636//4217 
f 3657//4243 3658//4244 3635//4216 
f 3656//4242 3657//4243 3634//4215 
f 3655//4241 3656//4242 3633//4214 
f 3654//4240 3655//4241 3632//4213 
f 3653//4239 3654//4240 3631//4212 
f 3652//4238 3653//4239 3630//4211 
f 3651//4237 3652//4238 3629//4210 
f 3650//4236 3651//4237 3628//4209 
f 3649//4235 3650//4236 3627//4208 
f 3648//4234 3649//4235 3626//4207 
f 3647//4233 3648//4234 3625//4206 
f 3646//4232 3647//4233 3624//4205 
f 3645//4231 3646//4232 3623//4204 
f 3644//4230 3645//4231 3622//4203 
f 3643//4229 3644//4230 3621//4202 
f 3642//4228 3643//4229 3620//4201 
f 2738//4227 3642//4228 3619//4200 
f 3320//4225 3315//4195 3618//4193 
f 3640//4221 3641//4222 3618//4193 
f 3639//4220 3640//4221 3617//4192 
f 3638//4219 3639//4220 3616//4191 
f 3637//4218 3638//4219 3615//4190 
f 3636//4217 3637//4218 3614//4189 
f 3635//4216 3636//4217 3613//4188 
f 3634//4215 3635//4216 3612//4187 
f 3633//4214 3634//4215 3611//4186 
f 3632//4213 3633//4214 3610//4185 
f 3631//4212 3632//4213 3609//4184 
f 3630//4211 3631//4212 3608//4183 
f 3629//4210 3630//4211 3607//4182 
f 3628//4209 3629//4210 3606//4181 
f 3627//4208 3628//4209 3605//4180 
f 3626//4207 3627//4208 3604//4179 
f 3625//4206 3626//4207 3603//4178 
f 3624//4205 3625//4206 3602//4177 
f 3623//4204 3624//4205 3601//4176 
f 3622//4203 3623//4204 3600//4175 
f 3621//4202 3622//4203 3599//4174 
f 3620//4201 3621//4202 3598//4173 
f 3619//4200 3620//4201 3597//4172 
f 2735//4199 2739//4226 3619//4200 
f 3317//4197 3312//4167 3595//4166 
f 3617//4192 3618//4193 3595//4166 
f 3616//4191 3617//4192 3594//4165 
f 3615//4190 3616//4191 3593//4164 
f 3614//4189 3615//4190 3592//4163 
f 3613//4188 3614//4189 3591//4162 
f 3612//4187 3613//4188 3590//4161 
f 3611//4186 3612//4187 3589//4160 
f 3610//4185 3611//4186 3588//4159 
f 3609//4184 3610//4185 3587//4158 
f 3608//4183 3609//4184 3586//4157 
f 3607//4182 3608//4183 3585//4156 
f 3606//4181 3607//4182 3584//4155 
f 3605//4180 3606//4181 3583//4154 
f 3604//4179 3605//4180 3582//4153 
f 3603//4178 3604//4179 3581//4152 
f 3602//4177 3603//4178 3580//4151 
f 3601//4176 3602//4177 3579//4150 
f 3600//4175 3601//4176 3578//4149 
f 3599//4174 3600//4175 3577//4148 
f 3598//4173 3599//4174 3576//4147 
f 3597//4172 3598//4173 3575//4146 
f 3596//4171 3597//4172 3574//4145 
f 2733//4170 2736//4198 3596//4171 
f 3313//4168 3311//4141 3572//4140 
f 3594//4165 3595//4166 3572//4140 
f 3593//4164 3594//4165 3571//4139 
f 3592//4163 3593//4164 3570//4138 
f 3591//4162 3592//4163 3569//4137 
f 3590//4161 3591//4162 3568//4136 
f 3589//4160 3590//4161 3567//4135 
f 3588//4159 3589//4160 3566//4134 
f 3587//4158 3588//4159 3565//4133 
f 3586//4157 3587//4158 3564//4132 
f 3585//4156 3586//4157 3563//4131 
f 3584//4155 3585//4156 3562//4130 
f 3583//4154 3584//4155 3561//4129 
f 3582//4153 3583//4154 3560//4128 
f 3581//4152 3582//4153 3559//4127 
f 3580//4151 3581//4152 3558//4126 
f 3579//4150 3580//4151 3557//4125 
f 3578//4149 3579//4150 3556//4124 
f 3577//4148 3578//4149 3555//4123 
f 3576//4147 3577//4148 3554//4122 
f 3575//4146 3576//4147 3553//4121 
f 3574//4145 3575//4146 3552//4120 
f 3573//4142 3574//4145 3551//4119 
f 2732//4144 2734//4169 3573//4142 
f 3310//4115 3549//4112 3572//4140 
f 3571//4139 3572//4140 3549//4112 
f 3570//4138 3571//4139 3548//4111 
f 3569//4137 3570//4138 3547//4110 
f 3568//4136 3569//4137 3546//4109 
f 3567//4135 3568//4136 3545//4108 
f 3566//4134 3567//4135 3544//4107 
f 3565//4133 3566//4134 3543//4106 
f 3564//4132 3565//4133 3542//4105 
f 3563//4131 3564//4132 3541//4104 
f 3562//4130 3563//4131 3540//4103 
f 3561//4129 3562//4130 3539//4102 
f 3560//4128 3561//4129 3538//4101 
f 3559//4127 3560//4128 3537//4100 
f 3558//4126 3559//4127 3536//4099 
f 3557//4125 3558//4126 3535//4098 
f 3556//4124 3557//4125 3534//4097 
f 3555//4123 3556//4124 3533//4096 
f 3554//4122 3555//4123 3532//4095 
f 3553//4121 3554//4122 3531//4094 
f 3552//4120 3553//4121 3530//4093 
f 3551//4119 3552//4120 3529//4092 
f 3550//4118 3551//4119 3528//4091 
f 2729//4117 3550//4118 3527//4090 
f 3309//4114 3307//4087 3526//4084 
f 3548//4111 3549//4112 3526//4084 
f 3547//4110 3548//4111 3525//4083 
f 3546//4109 3547//4110 3524//4082 
f 3545//4108 3546//4109 3523//4081 
f 3544//4107 3545//4108 3522//4080 
f 3543//4106 3544//4107 3521//4079 
f 3542//4105 3543//4106 3520//4078 
f 3541//4104 3542//4105 3519//4077 
f 3540//4103 3541//4104 3518//4076 
f 3539//4102 3540//4103 3517//4075 
f 3538//4101 3539//4102 3516//4074 
f 3537//4100 3538//4101 3515//4073 
f 3536//4099 3537//4100 3514//4072 
f 3535//4098 3536//4099 3513//4071 
f 3534//4097 3535//4098 3512//4070 
f 3533//4096 3534//4097 3511//4069 
f 3532//4095 3533//4096 3510//4068 
f 3531//4094 3532//4095 3509//4067 
f 3530//4093 3531//4094 3508//4066 
f 3529//4092 3530//4093 3507//4065 
f 3528//4091 3529//4092 3506//4064 
f 3527//4090 3528//4091 3505//4063 
f 2728//4089 2731//4116 3527//4090 
f 3306//4086 3304//4059 3503//4056 
f 3525//4083 3526//4084 3503//4056 
f 3524//4082 3525//4083 3502//4055 
f 3523//4081 3524//4082 3501//4054 
f 3522//4080 3523//4081 3500//4053 
f 3521//4079 3522//4080 3499//4052 
f 3520//4078 3521//4079 3498//4051 
f 3519//4077 3520//4078 3497//4050 
f 3518//4076 3519//4077 3496//4049 
f 3517//4075 3518//4076 3495//4048 
f 3516//4074 3517//4075 3494//4047 
f 3515//4073 3516//4074 3493//4046 
f 3514//4072 3515//4073 3492//4045 
f 3513//4071 3514//4072 3491//4044 
f 3512//4070 3513//4071 3490//4043 
f 3511//4069 3512//4070 3489//4042 
f 3510//4068 3511//4069 3488//4041 
f 3509//4067 3510//4068 3487//4040 
f 3508//4066 3509//4067 3486//4039 
f 3507//4065 3508//4066 3485//4038 
f 3506//4064 3507//4065 3484//4037 
f 3505//4063 3506//4064 3483//4036 
f 3504//4062 3505//4063 3482//4035 
f 2725//4061 2727//4088 3504//4062 
f 3303//4058 3300//4030 3480//4029 
f 3502//4055 3503//4056 3480//4029 
f 3501//4054 3502//4055 3479//4028 
f 3500//4053 3501//4054 3478//4027 
f 3499//4052 3500//4053 3477//4026 
f 3498//4051 3499//4052 3476//4025 
f 3497//4050 3498//4051 3475//4024 
f 3496//4049 3497//4050 3474//4023 
f 3495//4048 3496//4049 3473//4022 
f 3494//4047 3495//4048 3472//4021 
f 3493//4046 3494//4047 3471//4020 
f 3492//4045 3493//4046 3470//4019 
f 3491//4044 3492//4045 3469//4018 
f 3490//4043 3491//4044 3468//4017 
f 3489//4042 3490//4043 3466//4015 
f 3488//4041 3489//4042 3464//4013 
f 3487//4040 3488//4041 3462//4011 
f 3486//4039 3487//4040 3460//4009 
f 3485//4038 3486//4039 3458//4007 
f 3484//4037 3485//4038 3456//4005 
f 3483//4036 3484//4037 3454//4003 
f 3482//4035 3483//4036 3452//4001 
f 3481//4034 3482//4035 3450//3999 
f 2723//4033 2726//4060 3481//4034 
f 3301//4031 3297//3992 3446//3991 
f 3479//4028 3480//4029 3446//3991 
f 3478//4027 3479//4028 3445//3990 
f 3477//4026 3478//4027 3444//3989 
f 3476//4025 3477//4026 3443//3988 
f 3475//4024 3476//4025 3442//3987 
f 3474//4023 3475//4024 3441//3986 
f 3473//4022 3474//4023 3439//3984 
f 3472//4021 3473//4022 3437//3982 
f 3471//4020 3472//4021 3435//3980 
f 3470//4019 3471//4020 3433//3978 
f 3469//4018 3470//4019 3431//3976 
f 3468//4017 3469//4018 3467//4016 
f 3466//4015 3468//4017 3465//4014 
f 3464//4013 3466//4015 3463//4012 
f 3462//4011 3464//4013 3461//4010 
f 3460//4009 3462//4011 3459//4008 
f 3458//4007 3460//4009 3457//4006 
f 3456//4005 3458//4007 3455//4004 
f 3454//4003 3456//4005 3453//4002 
f 3452//4001 3454//4003 3451//4000 
f 3450//3999 3452//4001 3449//3998 
f 3447//3995 3450//3999 3448//3997 
f 2722//3996 2724//4032 3447//3995 
f 3299//3994 3296//3968 3425//3967 
f 3445//3990 3446//3991 3425//3967 
f 3444//3989 3445//3990 3424//3964 
f 3443//3988 3444//3989 3420//3960 
f 3442//3987 3443//3988 3419//3959 
f 3441//3986 3442//3987 3440//3985 
f 3439//3984 3441//3986 3438//3983 
f 3437//3982 3439//3984 3436//3981 
f 3435//3980 3437//3982 3434//3979 
f 3433//3978 3435//3980 3432//3977 
f 3431//3976 3433//3978 3429//3974 
f 3428//3973 3448//3997 3427//3972 
f 2720//3971 3428//3973 3426//3969 
f 3295//3966 3418//4543 3423//3963 
f 3424//3964 3425//3967 3423//3963 
f 3420//3960 3424//3964 3422//3962 
f 3421//3961 2716//4551 3419//3959 
o mesh17
f 3937//4604 3849//4605 3850//4606 
f 3937//4604 3851//4607 3849//4605 
f 3850//4606 3938//4608 3937//4604 
f 3939//4609 3937//4604 3938//4608 
f 3940//4610 3939//4609 3941//4611 
f 3942//4612 3940//4610 3943//4613 
f 3944//4614 3942//4612 3945//4615 
f 3946//4616 3944//4614 3947//4617 
f 3948//4618 3946//4616 3949//4619 
f 3950//4620 3948//4618 3951//4621 
f 3952//4622 3950//4620 3953//4623 
f 3954//4624 3952//4622 3955//4625 
f 3956//4626 3954//4624 3957//4627 
f 3958//4628 3956//4626 3959//4629 
f 3960//4630 3958//4628 3961//4631 
f 3962//4632 3960//4630 3963//4633 
f 3964//4634 3962//4632 3965//4635 
f 3966//4636 3964//4634 3967//4637 
f 3968//4638 3966//4636 3969//4639 
f 3970//4640 3968//4638 3971//4641 
f 3972//4642 3970//4640 3973//4643 
f 3974//4644 3972//4642 3975//4645 
f 3976//4646 3974//4644 3977//4647 
f 3978//4648 3976//4646 3979//4649 
f 3980//4650 3978//4648 3981//4651 
f 3980//4650 3982//4652 3264//4653 
f 3982//4652 3267//4654 3264//4653 
f 3983//4655 3938//4608 3852//4656 
f 3938//4608 3853//4657 3852//4656 
f 3852//4656 3854//4658 3983//4655 
f 3941//4611 3938//4608 3983//4655 
f 3943//4613 3941//4611 3984//4659 
f 3945//4615 3943//4613 3985//4660 
f 3947//4617 3945//4615 3986//4661 
f 3949//4619 3947//4617 3987//4662 
f 3951//4621 3949//4619 3988//4663 
f 3953//4623 3951//4621 3989//4664 
f 3955//4625 3953//4623 3990//4665 
f 3957//4627 3955//4625 3991//4666 
f 3959//4629 3957//4627 3992//4667 
f 3961//4631 3959//4629 3993//4668 
f 3963//4633 3961//4631 3994//4669 
f 3965//4635 3963//4633 3995//4670 
f 3967//4637 3965//4635 3996//4671 
f 3969//4639 3967//4637 3997//4672 
f 3971//4641 3969//4639 3998//4673 
f 3973//4643 3971//4641 3999//4674 
f 3975//4645 3973//4643 4000//4675 
f 3977//4647 3975//4645 4001//4676 
f 3979//4649 3977//4647 4002//4677 
f 3981//4651 3979//4649 4003//4678 
f 3982//4652 3981//4651 4004//4679 
f 3982//4652 4005//4680 3266//4681 
f 4005//4680 3268//4682 3266//4681 
f 3983//4655 3855//4683 3856//4684 
f 3983//4655 3857//4685 3855//4683 
f 3856//4684 4006//4686 3983//4655 
f 3984//4659 3983//4655 4006//4686 
f 3985//4660 3984//4659 4007//4687 
f 3986//4661 3985//4660 4008//4688 
f 3987//4662 3986//4661 4009//4689 
f 3988//4663 3987//4662 4010//4690 
f 3989//4664 3988//4663 4011//4691 
f 3990//4665 3989//4664 4012//4692 
f 3991//4666 3990//4665 4013//4693 
f 3992//4667 3991//4666 4014//4694 
f 3993//4668 3992//4667 4015//4695 
f 3994//4669 3993//4668 4016//4696 
f 3995//4670 3994//4669 4017//4697 
f 3996//4671 3995//4670 4018//4698 
f 3997//4672 3996//4671 4019//4699 
f 3998//4673 3997//4672 4020//4700 
f 3999//4674 3998//4673 4021//4701 
f 4000//4675 3999//4674 4022//4702 
f 4001//4676 4000//4675 4023//4703 
f 4002//4677 4001//4676 4024//4704 
f 4003//4678 4002//4677 4025//4705 
f 4004//4679 4003//4678 4026//4706 
f 4005//4680 4004//4679 4027//4707 
f 4005//4680 4028//4708 3269//4709 
f 4028//4708 3270//4710 3269//4709 
f 4006//4686 3858//4711 3859//4712 
f 4006//4686 3860//4713 3858//4711 
f 3859//4712 4029//4714 4006//4686 
f 4007//4687 4006//4686 4029//4714 
f 4008//4688 4007//4687 4030//4715 
f 4009//4689 4008//4688 4031//4716 
f 4010//4690 4009//4689 4032//4717 
f 4011//4691 4010//4690 4033//4718 
f 4012//4692 4011//4691 4034//4719 
f 4013//4693 4012//4692 4035//4720 
f 4014//4694 4013//4693 4036//4721 
f 4015//4695 4014//4694 4037//4722 
f 4016//4696 4015//4695 4038//4723 
f 4017//4697 4016//4696 4039//4724 
f 4018//4698 4017//4697 4040//4725 
f 4019//4699 4018//4698 4041//4726 
f 4020//4700 4019//4699 4042//4727 
f 4021//4701 4020//4700 4043//4728 
f 4022//4702 4021//4701 4044//4729 
f 4023//4703 4022//4702 4045//4730 
f 4024//4704 4023//4703 4046//4731 
f 4025//4705 4024//4704 4047//4732 
f 4026//4706 4025//4705 4048//4733 
f 4027//4707 4026//4706 4049//4734 
f 4028//4708 4027//4707 4050//4735 
f 4028//4708 4051//4736 3271//4737 
f 4051//4736 3273//4738 3271//4737 
f 4052//4739 3861//4740 3862//4741 
f 4029//4714 3863//4742 3861//4740 
f 4029//4714 3864//4743 3863//4742 
f 4029//4714 3865//4744 3864//4743 
f 3861//4740 4052//4739 4029//4714 
f 4030//4715 4029//4714 4052//4739 
f 4031//4716 4030//4715 4053//4745 
f 4032//4717 4031//4716 4054//4746 
f 4033//4718 4032//4717 4055//4747 
f 4034//4719 4033//4718 4056//4748 
f 4035//4720 4034//4719 4057//4749 
f 4036//4721 4035//4720 4058//4750 
f 4037//4722 4036//4721 4059//4751 
f 4038//4723 4037//4722 4060//4752 
f 4039//4724 4038//4723 4061//4753 
f 4040//4725 4039//4724 4062//4754 
f 4041//4726 4040//4725 4063//4755 
f 4042//4727 4041//4726 4064//4756 
f 4043//4728 4042//4727 4065//4757 
f 4044//4729 4043//4728 4066//4758 
f 4045//4730 4044//4729 4067//4759 
f 4046//4731 4045//4730 4068//4760 
f 4047//4732 4046//4731 4069//4761 
f 4048//4733 4047//4732 4070//4762 
f 4049//4734 4048//4733 4071//4763 
f 4050//4735 4049//4734 4072//4764 
f 4051//4736 4050//4735 4073//4765 
f 4051//4736 4074//4766 3272//4767 
f 4074//4766 3275//4768 3272//4767 
f 4052//4739 3866//4769 3867//4770 
f 4053//4745 4052//4739 4075//4771 
f 4054//4746 4053//4745 4076//4772 
f 4055//4747 4054//4746 4077//4773 
f 4056//4748 4055//4747 4078//4774 
f 4057//4749 4056//4748 4079//4775 
f 4058//4750 4057//4749 4080//4776 
f 4059//4751 4058//4750 4081//4777 
f 4060//4752 4059//4751 4082//4778 
f 4061//4753 4060//4752 4083//4779 
f 4062//4754 4061//4753 4084//4780 
f 4063//4755 4062//4754 4085//4781 
f 4064//4756 4063//4755 4086//4782 
f 4065//4757 4064//4756 4087//4783 
f 4066//4758 4065//4757 4088//4784 
f 4067//4759 4066//4758 4089//4785 
f 4068//4760 4067//4759 4090//4786 
f 4069//4761 4068//4760 4091//4787 
f 4070//4762 4069//4761 4092//4788 
f 4071//4763 4070//4762 4093//4789 
f 4072//4764 4071//4763 4094//4790 
f 4073//4765 4072//4764 4095//4791 
f 4074//4766 4073//4765 4096//4792 
f 4074//4766 4097//4793 3274//4794 
f 4097//4793 3276//4795 3274//4794 
f 4098//4796 4075//4771 3868//4797 
f 4075//4771 3867//4770 3868//4797 
f 3868//4797 3869//4798 4098//4796 
f 4076//4772 4075//4771 4098//4796 
f 4077//4773 4076//4772 4099//4799 
f 4078//4774 4077//4773 4100//4800 
f 4079//4775 4078//4774 4101//4801 
f 4080//4776 4079//4775 4102//4802 
f 4081//4777 4080//4776 4103//4803 
f 4082//4778 4081//4777 4104//4804 
f 4083//4779 4082//4778 4105//4805 
f 4084//4780 4083//4779 4106//4806 
f 4085//4781 4084//4780 4107//4807 
f 4086//4782 4085//4781 4108//4808 
f 4087//4783 4086//4782 4109//4809 
f 4088//4784 4087//4783 4110//4810 
f 4089//4785 4088//4784 4111//4811 
f 4090//4786 4089//4785 4112//4812 
f 4091//4787 4090//4786 4113//4813 
f 4092//4788 4091//4787 4114//4814 
f 4093//4789 4092//4788 4115//4815 
f 4094//4790 4093//4789 4116//4816 
f 4095//4791 4094//4790 4117//4817 
f 4096//4792 4095//4791 4118//4818 
f 4097//4793 4096//4792 4119//4819 
f 4097//4793 4120//4820 3277//4821 
f 4098//4796 3870//4822 3871//4823 
f 4098//4796 3872//4824 3870//4822 
f 3871//4823 4121//4825 4098//4796 
f 4099//4799 4098//4796 4121//4825 
f 4100//4800 4099//4799 4122//4826 
f 4101//4801 4100//4800 4123//4827 
f 4102//4802 4101//4801 4124//4828 
f 4103//4803 4102//4802 4125//4829 
f 4104//4804 4103//4803 4126//4830 
f 4105//4805 4104//4804 4127//4831 
f 4106//4806 4105//4805 4128//4832 
f 4107//4807 4106//4806 4129//4833 
f 4108//4808 4107//4807 4130//4834 
f 4109//4809 4108//4808 4131//4835 
f 4110//4810 4109//4809 4132//4836 
f 4111//4811 4110//4810 4133//4837 
f 4112//4812 4111//4811 4134//4838 
f 4113//4813 4112//4812 4135//4839 
f 4114//4814 4113//4813 4136//4840 
f 4115//4815 4114//4814 4137//4841 
f 4116//4816 4115//4815 4138//4842 
f 4117//4817 4116//4816 4139//4843 
f 4118//4818 4117//4817 4140//4844 
f 4119//4819 4118//4818 4141//4845 
f 4120//4820 4119//4819 4142//4846 
f 4143//4847 3279//4848 3278//4849 
f 3278//4849 4120//4820 4143//4847 
f 4144//4850 4121//4825 3873//4851 
f 4121//4825 3874//4852 3873//4851 
f 4122//4826 4121//4825 4144//4850 
f 4123//4827 4122//4826 4145//4853 
f 4124//4828 4123//4827 4146//4854 
f 4125//4829 4124//4828 4147//4855 
f 4126//4830 4125//4829 4148//4856 
f 4127//4831 4126//4830 4149//4857 
f 4128//4832 4127//4831 4150//4858 
f 4129//4833 4128//4832 4151//4859 
f 4130//4834 4129//4833 4152//4860 
f 4131//4835 4130//4834 4153//4861 
f 4132//4836 4131//4835 4154//4862 
f 4133//4837 4132//4836 4155//4863 
f 4134//4838 4133//4837 4156//4864 
f 4135//4839 4134//4838 4157//4865 
f 4136//4840 4135//4839 4158//4866 
f 4137//4841 4136//4840 4159//4867 
f 4138//4842 4137//4841 4160//4868 
f 4139//4843 4138//4842 4161//4869 
f 4140//4844 4139//4843 4162//4870 
f 4141//4845 4140//4844 4163//4871 
f 4142//4846 4141//4845 4164//4872 
f 4143//4847 4142//4846 4165//4873 
f 4166//4874 3281//4875 3280//4876 
f 3280//4876 4143//4847 4166//4874 
f 4167//4877 4144//4850 3875//4878 
f 4144//4850 3876//4879 3875//4878 
f 4145//4853 4144//4850 4167//4877 
f 4146//4854 4145//4853 4168//4880 
f 4147//4855 4146//4854 4169//4881 
f 4148//4856 4147//4855 4170//4882 
f 4149//4857 4148//4856 4171//4883 
f 4150//4858 4149//4857 4172//4884 
f 4151//4859 4150//4858 4173//4885 
f 4152//4860 4151//4859 4174//4886 
f 4153//4861 4152//4860 4175//4887 
f 4154//4862 4153//4861 4176//4888 
f 4155//4863 4154//4862 4177//4889 
f 4156//4864 4155//4863 4178//4890 
f 4157//4865 4156//4864 4179//4891 
f 4158//4866 4157//4865 4180//4892 
f 4159//4867 4158//4866 4181//4893 
f 4160//4868 4159//4867 4182//4894 
f 4161//4869 4160//4868 4183//4895 
f 4162//4870 4161//4869 4184//4896 
f 4163//4871 4162//4870 4185//4897 
f 4164//4872 4163//4871 4186//4898 
f 4165//4873 4164//4872 4187//4899 
f 4166//4874 4165//4873 4188//4900 
f 4166//4874 4189//4901 3282//4902 
f 4190//4903 4167//4877 3877//4904 
f 4167//4877 3878//4905 3879//4906 
f 4167//4877 3880//4907 3878//4905 
f 3879//4906 3877//4904 4167//4877 
f 4168//4880 4167//4877 4190//4903 
f 4169//4881 4168//4880 4191//4908 
f 4170//4882 4169//4881 4192//4909 
f 4171//4883 4170//4882 4193//4910 
f 4172//4884 4171//4883 4194//4911 
f 4173//4885 4172//4884 4195//4912 
f 4174//4886 4173//4885 4196//4913 
f 4175//4887 4174//4886 4197//4914 
f 4176//4888 4175//4887 4198//4915 
f 4177//4889 4176//4888 4199//4916 
f 4178//4890 4177//4889 4200//4917 
f 4179//4891 4178//4890 4201//4918 
f 4180//4892 4179//4891 4202//4919 
f 4181//4893 4180//4892 4203//4920 
f 4182//4894 4181//4893 4204//4921 
f 4183//4895 4182//4894 4205//4922 
f 4184//4896 4183//4895 4206//4923 
f 4185//4897 4184//4896 4207//4924 
f 4186//4898 4185//4897 4208//4925 
f 4187//4899 4186//4898 4209//4926 
f 4188//4900 4187//4899 4210//4927 
f 4189//4901 4188//4900 4211//4928 
f 4212//4929 3284//4930 3283//4931 
f 3283//4931 4189//4901 4212//4929 
f 4213//4932 4190//4903 3881//4933 
f 3881//4933 3882//4934 4213//4932 
f 4190//4903 3883//4935 3881//4933 
f 4191//4908 4190//4903 4213//4932 
f 4192//4909 4191//4908 4214//4936 
f 4193//4910 4192//4909 4215//4937 
f 4194//4911 4193//4910 4216//4938 
f 4195//4912 4194//4911 4217//4939 
f 4196//4913 4195//4912 4218//4940 
f 4197//4914 4196//4913 4219//4941 
f 4198//4915 4197//4914 4220//4942 
f 4199//4916 4198//4915 4221//4943 
f 4200//4917 4199//4916 4222//4944 
f 4201//4918 4200//4917 4223//4945 
f 4202//4919 4201//4918 4224//4946 
f 4203//4920 4202//4919 4225//4947 
f 4204//4921 4203//4920 4226//4948 
f 4205//4922 4204//4921 4227//4949 
f 4206//4923 4205//4922 4228//4950 
f 4207//4924 4206//4923 4229//4951 
f 4208//4925 4207//4924 4230//4952 
f 4209//4926 4208//4925 4231//4953 
f 4210//4927 4209//4926 4232//4954 
f 4211//4928 4210//4927 4233//4955 
f 4212//4929 4211//4928 4234//4956 
f 4212//4929 4235//4957 3285//4958 
f 4235//4957 3292//4959 3285//4958 
f 4213//4932 3884//4960 3885//4961 
f 3885//4961 4236//4962 4213//4932 
f 4214//4936 4213//4932 4236//4962 
f 4215//4937 4214//4936 4237//4963 
f 4216//4938 4215//4937 4238//4964 
f 4217//4939 4216//4938 4239//4965 
f 4218//4940 4217//4939 4240//4966 
f 4219//4941 4218//4940 4241//4967 
f 4220//4942 4219//4941 4242//4968 
f 4221//4943 4220//4942 4243//4969 
f 4222//4944 4221//4943 4244//4970 
f 4223//4945 4222//4944 4245//4971 
f 4224//4946 4223//4945 4246//4972 
f 4225//4947 4224//4946 4247//4973 
f 4226//4948 4225//4947 4248//4974 
f 4227//4949 4226//4948 4249//4975 
f 4228//4950 4227//4949 4250//4976 
f 4229//4951 4228//4950 4251//4977 
f 4230//4952 4229//4951 4252//4978 
f 4231//4953 4230//4952 4253//4979 
f 4232//4954 4231//4953 4254//4980 
f 4233//4955 4232//4954 4255//4981 
f 4234//4956 4233//4955 4256//4982 
f 4235//4957 4234//4956 4257//4983 
f 3290//4984 3292//4959 4235//4957 
f 4258//4985 3886//4986 3887//4987 
f 4236//4962 3888//4988 3886//4986 
f 3886//4986 4258//4985 4236//4962 
f 4237//4963 4236//4962 4258//4985 
f 4238//4964 4237//4963 4259//4989 
f 4239//4965 4238//4964 4260//4990 
f 4240//4966 4239//4965 4261//4991 
f 4241//4967 4240//4966 4262//4992 
f 4242//4968 4241//4967 4263//4993 
f 4243//4969 4242//4968 4264//4994 
f 4244//4970 4243//4969 4265//4995 
f 4245//4971 4244//4970 4266//4996 
f 4246//4972 4245//4971 4267//4997 
f 4247//4973 4246//4972 4268//4998 
f 4248//4974 4247//4973 4269//4999 
f 4249//4975 4248//4974 4270//5000 
f 4250//4976 4249//4975 4271//5001 
f 4251//4977 4250//4976 4272//5002 
f 4252//4978 4251//4977 4273//5003 
f 4253//4979 4252//4978 4274//5004 
f 4254//4980 4253//4979 4275//5005 
f 4255//4981 4254//4980 4276//5006 
f 4256//4982 4255//4981 4277//5007 
f 4257//4983 4256//4982 4278//5008 
f 4279//5009 4257//4983 4280//5010 
f 3291//5011 3290//4984 4279//5009 
f 4281//5012 4258//4985 3889//5013 
f 4258//4985 3890//5014 3889//5013 
f 4259//4989 4258//4985 4281//5012 
f 4260//4990 4259//4989 4282//5015 
f 4261//4991 4260//4990 4283//5016 
f 4262//4992 4261//4991 4284//5017 
f 4263//4993 4262//4992 4285//5018 
f 4264//4994 4263//4993 4286//5019 
f 4265//4995 4264//4994 4287//5020 
f 4266//4996 4265//4995 4288//5021 
f 4267//4997 4266//4996 4289//5022 
f 4268//4998 4267//4997 4290//5023 
f 4269//4999 4268//4998 4291//5024 
f 4270//5000 4269//4999 4292//5025 
f 4271//5001 4270//5000 4293//5026 
f 4272//5002 4271//5001 4294//5027 
f 4273//5003 4272//5002 4295//5028 
f 4274//5004 4273//5003 4296//5029 
f 4275//5005 4274//5004 4297//5030 
f 4276//5006 4275//5005 4298//5031 
f 4277//5007 4276//5006 4299//5032 
f 4278//5008 4277//5007 4300//5033 
f 4280//5010 4278//5008 4301//5034 
f 4302//5035 4280//5010 4303//5036 
f 3289//5037 3291//5011 4302//5035 
f 4281//5012 3891//5038 3892//5039 
f 4281//5012 3893//5040 3891//5038 
f 3892//5039 4304//5041 4281//5012 
f 4282//5015 4281//5012 4304//5041 
f 4283//5016 4282//5015 4305//5042 
f 4284//5017 4283//5016 4306//5043 
f 4285//5018 4284//5017 4307//5044 
f 4286//5019 4285//5018 4308//5045 
f 4287//5020 4286//5019 4309//5046 
f 4288//5021 4287//5020 4310//5047 
f 4289//5022 4288//5021 4311//5048 
f 4290//5023 4289//5022 4312//5049 
f 4291//5024 4290//5023 4313//5050 
f 4292//5025 4291//5024 4314//5051 
f 4293//5026 4292//5025 4315//5052 
f 4294//5027 4293//5026 4316//5053 
f 4295//5028 4294//5027 4317//5054 
f 4296//5029 4295//5028 4318//5055 
f 4297//5030 4296//5029 4319//5056 
f 4298//5031 4297//5030 4320//5057 
f 4299//5032 4298//5031 4321//5058 
f 4300//5033 4299//5032 4322//5059 
f 4301//5034 4300//5033 4323//5060 
f 4303//5036 4301//5034 4324//5061 
f 4325//5062 4303//5036 4326//5063 
f 3289//5037 4325//5062 4327//5064 
f 4328//5065 4304//5041 3894//5066 
f 4304//5041 3895//5067 3894//5066 
f 3894//5066 3896//5068 4328//5065 
f 4305//5042 4304//5041 4328//5065 
f 4306//5043 4305//5042 4329//5069 
f 4307//5044 4306//5043 4330//5070 
f 4308//5045 4307//5044 4331//5071 
f 4309//5046 4308//5045 4332//5072 
f 4310//5047 4309//5046 4333//5073 
f 4311//5048 4310//5047 4334//5074 
f 4312//5049 4311//5048 4335//5075 
f 4313//5050 4312//5049 4336//5076 
f 4314//5051 4313//5050 4337//5077 
f 4315//5052 4314//5051 4338//5078 
f 4316//5053 4315//5052 4339//5079 
f 4317//5054 4316//5053 4340//5080 
f 4318//5055 4317//5054 4341//5081 
f 4319//5056 4318//5055 4342//5082 
f 4320//5057 4319//5056 4343//5083 
f 4321//5058 4320//5057 4344//5084 
f 4322//5059 4321//5058 4345//5085 
f 4323//5060 4322//5059 4346//5086 
f 4324//5061 4323//5060 4347//5087 
f 4326//5063 4324//5061 4348//5088 
f 4327//5064 4326//5063 4349//5089 
f 3286//5090 3288//5091 4327//5064 
f 3263//5092 3293//5093 3897//5094 
f 3980//4650 3265//5095 3263//5092 
f 3263//5092 3898//5096 3980//4650 
f 3978//4648 3980//4650 3898//5096 
f 3898//5096 3899//5097 3978//4648 
f 3978//4648 3900//5098 3901//5099 
f 3978//4648 3902//5100 3900//5098 
f 3976//4646 3903//5101 3904//5102 
f 3976//4646 3901//5099 3903//5101 
f 3974//4644 3904//5102 3905//5103 
f 3972//4642 3906//5104 3907//5105 
f 3972//4642 3905//5103 3906//5104 
f 3970//4640 3907//5105 3908//5106 
f 3968//4638 3909//5107 3910//5108 
f 3968//4638 3908//5106 3909//5107 
f 3966//4636 3911//5109 3912//5110 
f 3966//4636 3910//5108 3911//5109 
f 3964//4634 3912//5110 3913//5111 
f 3962//4632 3914//5112 3915//5113 
f 3962//4632 3913//5111 3914//5112 
f 3960//4630 3915//5113 3916//5114 
f 3958//4628 3917//5115 3918//5116 
f 3958//4628 3916//5114 3917//5115 
f 3956//4626 3918//5116 3919//5117 
f 3954//4624 3920//5118 3921//5119 
f 3954//4624 3919//5117 3920//5118 
f 3952//4622 3921//5119 3922//5120 
f 3950//4620 3923//5121 3924//5122 
f 3950//4620 3922//5120 3923//5121 
f 3948//4618 3924//5122 3925//5123 
f 3946//4616 3926//5124 3927//5125 
f 3946//4616 3925//5123 3926//5124 
f 3944//4614 3927//5125 3928//5126 
f 3942//4612 3929//5127 3930//5128 
f 3942//4612 3928//5126 3929//5127 
f 3940//4610 3930//5128 3931//5129 
f 3939//4609 3932//5130 3933//5131 
f 3939//4609 3931//5129 3932//5130 
f 3933//5131 3934//5132 3935//5133 
f 3935//5133 3937//4604 3933//5131 
f 4328//5065 3936//5134 3413//5135 
f 3936//5134 3414//5136 3413//5135 
f 4329//5069 4328//5065 3412//5137 
f 4328//5065 3417//5138 3412//5137 
f 4328//5065 3416//5139 3417//5138 
f 4330//5070 4329//5069 3409//5140 
f 4329//5069 3411//5141 3409//5140 
f 4331//5071 3410//5142 3407//5143 
f 4330//5070 3408//5144 3410//5142 
f 3410//5142 4331//5071 4330//5070 
f 4332//5072 4331//5071 3404//5145 
f 3404//5145 3403//5146 4332//5072 
f 4332//5072 3406//5147 3401//5148 
f 3401//5148 4333//5073 4332//5072 
f 4332//5072 3405//5149 3406//5147 
f 4334//5074 3402//5150 3398//5151 
f 4333//5073 3400//5152 3402//5150 
f 3402//5150 4334//5074 4333//5073 
f 4335//5075 3399//5153 3396//5154 
f 4334//5074 3397//5155 3399//5153 
f 3399//5153 4335//5075 4334//5074 
f 4335//5075 3395//5156 3393//5157 
f 3393//5157 4336//5076 4335//5075 
f 4337//5077 3394//5158 3390//5159 
f 4336//5076 3392//5160 3394//5158 
f 3394//5158 4337//5077 4336//5076 
f 4338//5078 3391//5161 3387//5162 
f 4337//5077 3389//5163 3391//5161 
f 3391//5161 4338//5078 4337//5077 
f 4339//5079 3384//5164 3383//5165 
f 4339//5079 3388//5166 3384//5164 
f 4338//5078 3386//5167 3388//5166 
f 3388//5166 4339//5079 4338//5078 
f 4340//5080 3385//5168 3380//5169 
f 4339//5079 3382//5170 3385//5168 
f 3385//5168 4340//5080 4339//5079 
f 4341//5081 3381//5171 3377//5172 
f 4340//5080 3379//5173 3381//5171 
f 3381//5171 4341//5081 4340//5080 
f 4342//5082 3374//5174 3372//5175 
f 4342//5082 3378//5176 3374//5174 
f 4341//5081 3376//5177 3378//5176 
f 3378//5176 4342//5082 4341//5081 
f 4343//5083 3375//5178 3369//5179 
f 4342//5082 3373//5180 3375//5178 
f 3375//5178 4343//5083 4342//5082 
f 4344//5084 3371//5181 3367//5182 
f 4343//5083 3370//5183 3371//5181 
f 3371//5181 4344//5084 4343//5083 
f 4345//5085 4344//5084 3363//5184 
f 3363//5184 3362//5185 4345//5085 
f 4344//5084 3368//5186 3363//5184 
f 4344//5084 3366//5187 3368//5186 
f 4345//5085 3365//5188 3359//5189 
f 3359//5189 4346//5086 4345//5085 
f 4345//5085 3364//5190 3365//5188 
f 4346//5086 3361//5191 3357//5192 
f 3357//5192 4347//5087 4346//5086 
f 4346//5086 3360//5193 3361//5191 
f 4348//5088 4347//5087 3355//5194 
f 4347//5087 3358//5195 3355//5194 
f 4347//5087 3356//5196 3358//5195 
f 4348//5088 3354//5197 3351//5198 
f 3351//5198 4349//5089 4348//5088 
f 4349//5089 3353//5199 3348//5200 
f 3348//5200 4350//5201 4349//5089 
f 4349//5089 3352//5202 3353//5199 
f 3286//5090 4350//5201 3347//5203 
f 4350//5201 3350//5204 3347//5203 
f 4350//5201 3349//5205 3350//5204 
f 3347//5203 3287//5206 3286//5090 
f 3348//5200 3349//5205 4350//5201 
f 3351//5198 3352//5202 4349//5089 
f 3355//5194 3354//5197 4348//5088 
f 3357//5192 3356//5196 4347//5087 
f 3359//5189 3360//5193 4346//5086 
f 3362//5185 3364//5190 4345//5085 
f 3367//5182 3366//5187 4344//5084 
f 3369//5179 3370//5183 4343//5083 
f 3372//5175 3373//5180 4342//5082 
f 3377//5172 3376//5177 4341//5081 
f 3380//5169 3379//5173 4340//5080 
f 3383//5165 3382//5170 4339//5079 
f 3387//5162 3386//5167 4338//5078 
f 3390//5159 3389//5163 4337//5077 
f 3393//5157 3392//5160 4336//5076 
f 3396//5154 3395//5156 4335//5075 
f 3398//5151 3397//5155 4334//5074 
f 3401//5148 3400//5152 4333//5073 
f 3403//5146 3405//5149 4332//5072 
f 3407//5143 3404//5145 4331//5071 
f 3409//5140 3408//5144 4330//5070 
f 3412//5137 3411//5141 4329//5069 
f 3413//5135 3416//5139 4328//5065 
f 3935//5133 3851//4607 3937//4604 
f 3933//5131 3937//4604 3939//4609 
f 3931//5129 3939//4609 3940//4610 
f 3930//5128 3940//4610 3942//4612 
f 3928//5126 3942//4612 3944//4614 
f 3927//5125 3944//4614 3946//4616 
f 3925//5123 3946//4616 3948//4618 
f 3924//5122 3948//4618 3950//4620 
f 3922//5120 3950//4620 3952//4622 
f 3921//5119 3952//4622 3954//4624 
f 3919//5117 3954//4624 3956//4626 
f 3918//5116 3956//4626 3958//4628 
f 3916//5114 3958//4628 3960//4630 
f 3915//5113 3960//4630 3962//4632 
f 3913//5111 3962//4632 3964//4634 
f 3912//5110 3964//4634 3966//4636 
f 3910//5108 3966//4636 3968//4638 
f 3908//5106 3968//4638 3970//4640 
f 3907//5105 3970//4640 3972//4642 
f 3905//5103 3972//4642 3974//4644 
f 3904//5102 3974//4644 3976//4646 
f 3901//5099 3976//4646 3978//4648 
f 3899//5097 3902//5100 3978//4648 
f 3897//5094 3898//5096 3263//5092 
f 4327//5064 4350//5201 3286//5090 
f 4349//5089 4350//5201 4327//5064 
f 4348//5088 4349//5089 4326//5063 
f 4347//5087 4348//5088 4324//5061 
f 4346//5086 4347//5087 4323//5060 
f 4345//5085 4346//5086 4322//5059 
f 4344//5084 4345//5085 4321//5058 
f 4343//5083 4344//5084 4320//5057 
f 4342//5082 4343//5083 4319//5056 
f 4341//5081 4342//5082 4318//5055 
f 4340//5080 4341//5081 4317//5054 
f 4339//5079 4340//5080 4316//5053 
f 4338//5078 4339//5079 4315//5052 
f 4337//5077 4338//5078 4314//5051 
f 4336//5076 4337//5077 4313//5050 
f 4335//5075 4336//5076 4312//5049 
f 4334//5074 4335//5075 4311//5048 
f 4333//5073 4334//5074 4310//5047 
f 4332//5072 4333//5073 4309//5046 
f 4331//5071 4332//5072 4308//5045 
f 4330//5070 4331//5071 4307//5044 
f 4329//5069 4330//5070 4306//5043 
f 4328//5065 4329//5069 4305//5042 
f 3896//5068 3936//5134 4328//5065 
f 4327//5064 3288//5091 3289//5037 
f 4326//5063 4327//5064 4325//5062 
f 4324//5061 4326//5063 4303//5036 
f 4323//5060 4324//5061 4301//5034 
f 4322//5059 4323//5060 4300//5033 
f 4321//5058 4322//5059 4299//5032 
f 4320//5057 4321//5058 4298//5031 
f 4319//5056 4320//5057 4297//5030 
f 4318//5055 4319//5056 4296//5029 
f 4317//5054 4318//5055 4295//5028 
f 4316//5053 4317//5054 4294//5027 
f 4315//5052 4316//5053 4293//5026 
f 4314//5051 4315//5052 4292//5025 
f 4313//5050 4314//5051 4291//5024 
f 4312//5049 4313//5050 4290//5023 
f 4311//5048 4312//5049 4289//5022 
f 4310//5047 4311//5048 4288//5021 
f 4309//5046 4310//5047 4287//5020 
f 4308//5045 4309//5046 4286//5019 
f 4307//5044 4308//5045 4285//5018 
f 4306//5043 4307//5044 4284//5017 
f 4305//5042 4306//5043 4283//5016 
f 4304//5041 4305//5042 4282//5015 
f 3892//5039 3895//5067 4304//5041 
f 4302//5035 4325//5062 3289//5037 
f 4303//5036 4325//5062 4302//5035 
f 4301//5034 4303//5036 4280//5010 
f 4300//5033 4301//5034 4278//5008 
f 4299//5032 4300//5033 4277//5007 
f 4298//5031 4299//5032 4276//5006 
f 4297//5030 4298//5031 4275//5005 
f 4296//5029 4297//5030 4274//5004 
f 4295//5028 4296//5029 4273//5003 
f 4294//5027 4295//5028 4272//5002 
f 4293//5026 4294//5027 4271//5001 
f 4292//5025 4293//5026 4270//5000 
f 4291//5024 4292//5025 4269//4999 
f 4290//5023 4291//5024 4268//4998 
f 4289//5022 4290//5023 4267//4997 
f 4288//5021 4289//5022 4266//4996 
f 4287//5020 4288//5021 4265//4995 
f 4286//5019 4287//5020 4264//4994 
f 4285//5018 4286//5019 4263//4993 
f 4284//5017 4285//5018 4262//4992 
f 4283//5016 4284//5017 4261//4991 
f 4282//5015 4283//5016 4260//4990 
f 4281//5012 4282//5015 4259//4989 
f 3889//5013 3893//5040 4281//5012 
f 4279//5009 4302//5035 3291//5011 
f 4280//5010 4302//5035 4279//5009 
f 4278//5008 4280//5010 4257//4983 
f 4277//5007 4278//5008 4256//4982 
f 4276//5006 4277//5007 4255//4981 
f 4275//5005 4276//5006 4254//4980 
f 4274//5004 4275//5005 4253//4979 
f 4273//5003 4274//5004 4252//4978 
f 4272//5002 4273//5003 4251//4977 
f 4271//5001 4272//5002 4250//4976 
f 4270//5000 4271//5001 4249//4975 
f 4269//4999 4270//5000 4248//4974 
f 4268//4998 4269//4999 4247//4973 
f 4267//4997 4268//4998 4246//4972 
f 4266//4996 4267//4997 4245//4971 
f 4265//4995 4266//4996 4244//4970 
f 4264//4994 4265//4995 4243//4969 
f 4263//4993 4264//4994 4242//4968 
f 4262//4992 4263//4993 4241//4967 
f 4261//4991 4262//4992 4240//4966 
f 4260//4990 4261//4991 4239//4965 
f 4259//4989 4260//4990 4238//4964 
f 4258//4985 4259//4989 4237//4963 
f 3887//4987 3890//5014 4258//4985 
f 4235//4957 4279//5009 3290//4984 
f 4257//4983 4279//5009 4235//4957 
f 4256//4982 4257//4983 4234//4956 
f 4255//4981 4256//4982 4233//4955 
f 4254//4980 4255//4981 4232//4954 
f 4253//4979 4254//4980 4231//4953 
f 4252//4978 4253//4979 4230//4952 
f 4251//4977 4252//4978 4229//4951 
f 4250//4976 4251//4977 4228//4950 
f 4249//4975 4250//4976 4227//4949 
f 4248//4974 4249//4975 4226//4948 
f 4247//4973 4248//4974 4225//4947 
f 4246//4972 4247//4973 4224//4946 
f 4245//4971 4246//4972 4223//4945 
f 4244//4970 4245//4971 4222//4944 
f 4243//4969 4244//4970 4221//4943 
f 4242//4968 4243//4969 4220//4942 
f 4241//4967 4242//4968 4219//4941 
f 4240//4966 4241//4967 4218//4940 
f 4239//4965 4240//4966 4217//4939 
f 4238//4964 4239//4965 4216//4938 
f 4237//4963 4238//4964 4215//4937 
f 4236//4962 4237//4963 4214//4936 
f 3885//4961 3888//4988 4236//4962 
f 3285//4958 3284//4930 4212//4929 
f 4234//4956 4235//4957 4212//4929 
f 4233//4955 4234//4956 4211//4928 
f 4232//4954 4233//4955 4210//4927 
f 4231//4953 4232//4954 4209//4926 
f 4230//4952 4231//4953 4208//4925 
f 4229//4951 4230//4952 4207//4924 
f 4228//4950 4229//4951 4206//4923 
f 4227//4949 4228//4950 4205//4922 
f 4226//4948 4227//4949 4204//4921 
f 4225//4947 4226//4948 4203//4920 
f 4224//4946 4225//4947 4202//4919 
f 4223//4945 4224//4946 4201//4918 
f 4222//4944 4223//4945 4200//4917 
f 4221//4943 4222//4944 4199//4916 
f 4220//4942 4221//4943 4198//4915 
f 4219//4941 4220//4942 4197//4914 
f 4218//4940 4219//4941 4196//4913 
f 4217//4939 4218//4940 4195//4912 
f 4216//4938 4217//4939 4194//4911 
f 4215//4937 4216//4938 4193//4910 
f 4214//4936 4215//4937 4192//4909 
f 4213//4932 4214//4936 4191//4908 
f 3882//4934 3884//4960 4213//4932 
f 3283//4931 3282//4902 4189//4901 
f 4211//4928 4212//4929 4189//4901 
f 4210//4927 4211//4928 4188//4900 
f 4209//4926 4210//4927 4187//4899 
f 4208//4925 4209//4926 4186//4898 
f 4207//4924 4208//4925 4185//4897 
f 4206//4923 4207//4924 4184//4896 
f 4205//4922 4206//4923 4183//4895 
f 4204//4921 4205//4922 4182//4894 
f 4203//4920 4204//4921 4181//4893 
f 4202//4919 4203//4920 4180//4892 
f 4201//4918 4202//4919 4179//4891 
f 4200//4917 4201//4918 4178//4890 
f 4199//4916 4200//4917 4177//4889 
f 4198//4915 4199//4916 4176//4888 
f 4197//4914 4198//4915 4175//4887 
f 4196//4913 4197//4914 4174//4886 
f 4195//4912 4196//4913 4173//4885 
f 4194//4911 4195//4912 4172//4884 
f 4193//4910 4194//4911 4171//4883 
f 4192//4909 4193//4910 4170//4882 
f 4191//4908 4192//4909 4169//4881 
f 4190//4903 4191//4908 4168//4880 
f 3877//4904 3883//4935 4190//4903 
f 3282//4902 3281//4875 4166//4874 
f 4188//4900 4189//4901 4166//4874 
f 4187//4899 4188//4900 4165//4873 
f 4186//4898 4187//4899 4164//4872 
f 4185//4897 4186//4898 4163//4871 
f 4184//4896 4185//4897 4162//4870 
f 4183//4895 4184//4896 4161//4869 
f 4182//4894 4183//4895 4160//4868 
f 4181//4893 4182//4894 4159//4867 
f 4180//4892 4181//4893 4158//4866 
f 4179//4891 4180//4892 4157//4865 
f 4178//4890 4179//4891 4156//4864 
f 4177//4889 4178//4890 4155//4863 
f 4176//4888 4177//4889 4154//4862 
f 4175//4887 4176//4888 4153//4861 
f 4174//4886 4175//4887 4152//4860 
f 4173//4885 4174//4886 4151//4859 
f 4172//4884 4173//4885 4150//4858 
f 4171//4883 4172//4884 4149//4857 
f 4170//4882 4171//4883 4148//4856 
f 4169//4881 4170//4882 4147//4855 
f 4168//4880 4169//4881 4146//4854 
f 4167//4877 4168//4880 4145//4853 
f 3875//4878 3880//4907 4167//4877 
f 3280//4876 3279//4848 4143//4847 
f 4165//4873 4166//4874 4143//4847 
f 4164//4872 4165//4873 4142//4846 
f 4163//4871 4164//4872 4141//4845 
f 4162//4870 4163//4871 4140//4844 
f 4161//4869 4162//4870 4139//4843 
f 4160//4868 4161//4869 4138//4842 
f 4159//4867 4160//4868 4137//4841 
f 4158//4866 4159//4867 4136//4840 
f 4157//4865 4158//4866 4135//4839 
f 4156//4864 4157//4865 4134//4838 
f 4155//4863 4156//4864 4133//4837 
f 4154//4862 4155//4863 4132//4836 
f 4153//4861 4154//4862 4131//4835 
f 4152//4860 4153//4861 4130//4834 
f 4151//4859 4152//4860 4129//4833 
f 4150//4858 4151//4859 4128//4832 
f 4149//4857 4150//4858 4127//4831 
f 4148//4856 4149//4857 4126//4830 
f 4147//4855 4148//4856 4125//4829 
f 4146//4854 4147//4855 4124//4828 
f 4145//4853 4146//4854 4123//4827 
f 4144//4850 4145//4853 4122//4826 
f 3873//4851 3876//4879 4144//4850 
f 3278//4849 3277//4821 4120//4820 
f 4142//4846 4143//4847 4120//4820 
f 4141//4845 4142//4846 4119//4819 
f 4140//4844 4141//4845 4118//4818 
f 4139//4843 4140//4844 4117//4817 
f 4138//4842 4139//4843 4116//4816 
f 4137//4841 4138//4842 4115//4815 
f 4136//4840 4137//4841 4114//4814 
f 4135//4839 4136//4840 4113//4813 
f 4134//4838 4135//4839 4112//4812 
f 4133//4837 4134//4838 4111//4811 
f 4132//4836 4133//4837 4110//4810 
f 4131//4835 4132//4836 4109//4809 
f 4130//4834 4131//4835 4108//4808 
f 4129//4833 4130//4834 4107//4807 
f 4128//4832 4129//4833 4106//4806 
f 4127//4831 4128//4832 4105//4805 
f 4126//4830 4127//4831 4104//4804 
f 4125//4829 4126//4830 4103//4803 
f 4124//4828 4125//4829 4102//4802 
f 4123//4827 4124//4828 4101//4801 
f 4122//4826 4123//4827 4100//4800 
f 4121//4825 4122//4826 4099//4799 
f 3871//4823 3874//4852 4121//4825 
f 3277//4821 3276//4795 4097//4793 
f 4119//4819 4120//4820 4097//4793 
f 4118//4818 4119//4819 4096//4792 
f 4117//4817 4118//4818 4095//4791 
f 4116//4816 4117//4817 4094//4790 
f 4115//4815 4116//4816 4093//4789 
f 4114//4814 4115//4815 4092//4788 
f 4113//4813 4114//4814 4091//4787 
f 4112//4812 4113//4813 4090//4786 
f 4111//4811 4112//4812 4089//4785 
f 4110//4810 4111//4811 4088//4784 
f 4109//4809 4110//4810 4087//4783 
f 4108//4808 4109//4809 4086//4782 
f 4107//4807 4108//4808 4085//4781 
f 4106//4806 4107//4807 4084//4780 
f 4105//4805 4106//4806 4083//4779 
f 4104//4804 4105//4805 4082//4778 
f 4103//4803 4104//4804 4081//4777 
f 4102//4802 4103//4803 4080//4776 
f 4101//4801 4102//4802 4079//4775 
f 4100//4800 4101//4801 4078//4774 
f 4099//4799 4100//4800 4077//4773 
f 4098//4796 4099//4799 4076//4772 
f 3869//4798 3872//4824 4098//4796 
f 3274//4794 3275//4768 4074//4766 
f 4096//4792 4097//4793 4074//4766 
f 4095//4791 4096//4792 4073//4765 
f 4094//4790 4095//4791 4072//4764 
f 4093//4789 4094//4790 4071//4763 
f 4092//4788 4093//4789 4070//4762 
f 4091//4787 4092//4788 4069//4761 
f 4090//4786 4091//4787 4068//4760 
f 4089//4785 4090//4786 4067//4759 
f 4088//4784 4089//4785 4066//4758 
f 4087//4783 4088//4784 4065//4757 
f 4086//4782 4087//4783 4064//4756 
f 4085//4781 4086//4782 4063//4755 
f 4084//4780 4085//4781 4062//4754 
f 4083//4779 4084//4780 4061//4753 
f 4082//4778 4083//4779 4060//4752 
f 4081//4777 4082//4778 4059//4751 
f 4080//4776 4081//4777 4058//4750 
f 4079//4775 4080//4776 4057//4749 
f 4078//4774 4079//4775 4056//4748 
f 4077//4773 4078//4774 4055//4747 
f 4076//4772 4077//4773 4054//4746 
f 4075//4771 4076//4772 4053//4745 
f 3867//4770 4075//4771 4052//4739 
f 3272//4767 3273//4738 4051//4736 
f 4073//4765 4074//4766 4051//4736 
f 4072//4764 4073//4765 4050//4735 
f 4071//4763 4072//4764 4049//4734 
f 4070//4762 4071//4763 4048//4733 
f 4069//4761 4070//4762 4047//4732 
f 4068//4760 4069//4761 4046//4731 
f 4067//4759 4068//4760 4045//4730 
f 4066//4758 4067//4759 4044//4729 
f 4065//4757 4066//4758 4043//4728 
f 4064//4756 4065//4757 4042//4727 
f 4063//4755 4064//4756 4041//4726 
f 4062//4754 4063//4755 4040//4725 
f 4061//4753 4062//4754 4039//4724 
f 4060//4752 4061//4753 4038//4723 
f 4059//4751 4060//4752 4037//4722 
f 4058//4750 4059//4751 4036//4721 
f 4057//4749 4058//4750 4035//4720 
f 4056//4748 4057//4749 4034//4719 
f 4055//4747 4056//4748 4033//4718 
f 4054//4746 4055//4747 4032//4717 
f 4053//4745 4054//4746 4031//4716 
f 4052//4739 4053//4745 4030//4715 
f 3862//4741 3866//4769 4052//4739 
f 3271//4737 3270//4710 4028//4708 
f 4050//4735 4051//4736 4028//4708 
f 4049//4734 4050//4735 4027//4707 
f 4048//4733 4049//4734 4026//4706 
f 4047//4732 4048//4733 4025//4705 
f 4046//4731 4047//4732 4024//4704 
f 4045//4730 4046//4731 4023//4703 
f 4044//4729 4045//4730 4022//4702 
f 4043//4728 4044//4729 4021//4701 
f 4042//4727 4043//4728 4020//4700 
f 4041//4726 4042//4727 4019//4699 
f 4040//4725 4041//4726 4018//4698 
f 4039//4724 4040//4725 4017//4697 
f 4038//4723 4039//4724 4016//4696 
f 4037//4722 4038//4723 4015//4695 
f 4036//4721 4037//4722 4014//4694 
f 4035//4720 4036//4721 4013//4693 
f 4034//4719 4035//4720 4012//4692 
f 4033//4718 4034//4719 4011//4691 
f 4032//4717 4033//4718 4010//4690 
f 4031//4716 4032//4717 4009//4689 
f 4030//4715 4031//4716 4008//4688 
f 4029//4714 4030//4715 4007//4687 
f 3859//4712 3865//4744 4029//4714 
f 3269//4709 3268//4682 4005//4680 
f 4027//4707 4028//4708 4005//4680 
f 4026//4706 4027//4707 4004//4679 
f 4025//4705 4026//4706 4003//4678 
f 4024//4704 4025//4705 4002//4677 
f 4023//4703 4024//4704 4001//4676 
f 4022//4702 4023//4703 4000//4675 
f 4021//4701 4022//4702 3999//4674 
f 4020//4700 4021//4701 3998//4673 
f 4019//4699 4020//4700 3997//4672 
f 4018//4698 4019//4699 3996//4671 
f 4017//4697 4018//4698 3995//4670 
f 4016//4696 4017//4697 3994//4669 
f 4015//4695 4016//4696 3993//4668 
f 4014//4694 4015//4695 3992//4667 
f 4013//4693 4014//4694 3991//4666 
f 4012//4692 4013//4693 3990//4665 
f 4011//4691 4012//4692 3989//4664 
f 4010//4690 4011//4691 3988//4663 
f 4009//4689 4010//4690 3987//4662 
f 4008//4688 4009//4689 3986//4661 
f 4007//4687 4008//4688 3985//4660 
f 4006//4686 4007//4687 3984//4659 
f 3856//4684 3860//4713 4006//4686 
f 3266//4681 3267//4654 3982//4652 
f 4004//4679 4005//4680 3982//4652 
f 4003//4678 4004//4679 3981//4651 
f 4002//4677 4003//4678 3979//4649 
f 4001//4676 4002//4677 3977//4647 
f 4000//4675 4001//4676 3975//4645 
f 3999//4674 4000//4675 3973//4643 
f 3998//4673 3999//4674 3971//4641 
f 3997//4672 3998//4673 3969//4639 
f 3996//4671 3997//4672 3967//4637 
f 3995//4670 3996//4671 3965//4635 
f 3994//4669 3995//4670 3963//4633 
f 3993//4668 3994//4669 3961//4631 
f 3992//4667 3993//4668 3959//4629 
f 3991//4666 3992//4667 3957//4627 
f 3990//4665 3991//4666 3955//4625 
f 3989//4664 3990//4665 3953//4623 
f 3988//4663 3989//4664 3951//4621 
f 3987//4662 3988//4663 3949//4619 
f 3986//4661 3987//4662 3947//4617 
f 3985//4660 3986//4661 3945//4615 
f 3984//4659 3985//4660 3943//4613 
f 3983//4655 3984//4659 3941//4611 
f 3854//4658 3857//4685 3983//4655 
f 3264//4653 3265//5095 3980//4650 
f 3981//4651 3982//4652 3980//4650 
f 3979//4649 3981//4651 3978//4648 
f 3977//4647 3979//4649 3976//4646 
f 3975//4645 3977//4647 3974//4644 
f 3973//4643 3975//4645 3972//4642 
f 3971//4641 3973//4643 3970//4640 
f 3969//4639 3971//4641 3968//4638 
f 3967//4637 3969//4639 3966//4636 
f 3965//4635 3967//4637 3964//4634 
f 3963//4633 3965//4635 3962//4632 
f 3961//4631 3963//4633 3960//4630 
f 3959//4629 3961//4631 3958//4628 
f 3957//4627 3959//4629 3956//4626 
f 3955//4625 3957//4627 3954//4624 
f 3953//4623 3955//4625 3952//4622 
f 3951//4621 3953//4623 3950//4620 
f 3949//4619 3951//4621 3948//4618 
f 3947//4617 3949//4619 3946//4616 
f 3945//4615 3947//4617 3944//4614 
f 3943//4613 3945//4615 3942//4612 
f 3941//4611 3943//4613 3940//4610 
f 3938//4608 3941//4611 3939//4609 
f 3850//4606 3853//4657 3938//4608 
o mesh18
f 4360//5207 4361//5208 2649//5209 
f 4361//5208 2646//5210 2648//5211 
f 2648//5211 2649//5209 4361//5208 
f 2069//5212 2646//5210 4361//5208 
f 4362//5213 4363//5214 4364//5215 
f 4365//5216 4362//5213 4366//5217 
f 4367//5218 4365//5216 4368//5219 
f 4369//5220 4367//5218 4370//5221 
f 4371//5222 4369//5220 4372//5223 
f 4373//5224 4371//5222 4374//5225 
f 4360//5207 4373//5224 4375//5226 
f 4361//5208 4360//5207 4376//5227 
f 4361//5208 4377//5228 2323//5229 
f 4377//5228 2324//5230 2323//5229 
f 4378//5231 4379//5232 4380//5233 
f 4364//5215 4378//5231 4381//5234 
f 4366//5217 4364//5215 4382//5235 
f 4368//5219 4366//5217 4383//5236 
f 4370//5221 4368//5219 4384//5237 
f 4372//5223 4370//5221 4385//5238 
f 4374//5225 4372//5223 4386//5239 
f 4375//5226 4374//5225 4387//5240 
f 4376//5227 4375//5226 4388//5241 
f 4377//5228 4376//5227 4389//5242 
f 2324//5230 4377//5228 4390//5243 
f 4380//5233 4391//5244 4392//5245 
f 4381//5234 4380//5233 4393//5246 
f 4382//5235 4381//5234 4394//5247 
f 4383//5236 4382//5235 4395//5248 
f 4384//5237 4383//5236 4396//5249 
f 4385//5238 4384//5237 4397//5250 
f 4385//5238 4398//5251 4399//5252 
f 4398//5251 4400//5253 4399//5252 
f 4401//5254 4399//5252 4400//5253 
f 4402//5255 4401//5254 4403//5256 
f 4404//5257 4402//5255 4405//5258 
f 4406//5259 4404//5257 4407//5260 
f 2326//5261 4406//5259 4408//5262 
f 4406//5259 2326//5261 2348//5263 
f 2348//5263 4390//5243 4406//5259 
f 2348//5263 2325//5264 4390//5243 
f 4392//5245 4409//5265 4410//5266 
f 4393//5246 4392//5245 4411//5267 
f 4393//5246 4412//5268 4413//5269 
f 4412//5268 4414//5270 4413//5269 
f 4415//5271 4413//5269 4414//5270 
f 4416//5272 4415//5271 4417//5273 
f 4418//5274 4416//5272 4419//5275 
f 4420//5276 4418//5274 4421//5277 
f 4422//5278 4420//5276 4423//5279 
f 4424//5280 4422//5278 4425//5281 
f 4426//5282 4424//5280 4427//5283 
f 4428//5284 4426//5282 4429//5285 
f 4430//5286 4428//5284 4431//5287 
f 4430//5286 4432//5288 2329//5289 
f 4411//5267 4410//5266 4433//5290 
f 4412//5268 4411//5267 4434//5291 
f 4414//5270 4412//5268 4435//5292 
f 4417//5273 4414//5270 4436//5293 
f 4419//5275 4417//5273 4437//5294 
f 4421//5277 4419//5275 4438//5295 
f 4423//5279 4421//5277 4439//5296 
f 4425//5281 4423//5279 4440//5297 
f 4427//5283 4425//5281 4441//5298 
f 4429//5285 4427//5283 4442//5299 
f 4431//5287 4429//5285 4443//5300 
f 4432//5288 4431//5287 4444//5301 
f 2330//5302 2329//5289 4432//5288 
f 4434//5291 4433//5290 4445//5303 
f 4435//5292 4434//5291 4446//5304 
f 4436//5293 4435//5292 4447//5305 
f 4437//5294 4436//5293 4448//5306 
f 4438//5295 4437//5294 4449//5307 
f 4439//5296 4438//5295 4450//5308 
f 4440//5297 4439//5296 4451//5309 
f 4441//5298 4440//5297 4452//5310 
f 4442//5299 4441//5298 4453//5311 
f 4443//5300 4442//5299 4454//5312 
f 4444//5301 4443//5300 4455//5313 
f 4456//5314 4444//5301 4457//5315 
f 4456//5314 4458//5316 2331//5317 
f 4458//5316 2350//5318 2331//5317 
f 4459//5319 4460//5320 4461//5321 
f 4462//5322 4459//5319 4463//5323 
f 4464//5324 4462//5322 4465//5325 
f 4466//5326 4464//5324 4467//5327 
f 4468//5328 4466//5326 4469//5329 
f 4470//5330 4468//5328 4471//5331 
f 4472//5332 4470//5330 4473//5333 
f 4474//5334 4472//5332 4475//5335 
f 4476//5336 4474//5334 4477//5337 
f 4478//5338 4476//5336 4479//5339 
f 4480//5340 4478//5338 4481//5341 
f 4482//5342 4480//5340 4483//5343 
f 4484//5344 2351//5345 2332//5346 
f 2332//5346 4482//5342 4484//5344 
f 4485//5347 4486//5348 4487//5349 
f 4488//5350 4485//5347 4489//5351 
f 4490//5352 4488//5350 4491//5353 
f 4492//5354 4490//5352 4493//5355 
f 4494//5356 4492//5354 4495//5357 
f 4496//5358 4494//5356 4497//5359 
f 4498//5360 4496//5358 4499//5361 
f 4500//5362 4498//5360 4501//5363 
f 4502//5364 4500//5362 4503//5365 
f 4504//5366 4502//5364 4505//5367 
f 4506//5368 4504//5366 4507//5369 
f 4508//5370 4506//5368 4509//5371 
f 2334//5372 4508//5370 4510//5373 
f 4511//5374 4512//5375 4513//5376 
f 4514//5377 4511//5374 4515//5378 
f 4516//5379 4514//5377 4517//5380 
f 4518//5381 4516//5379 4519//5382 
f 4520//5383 4518//5381 4521//5384 
f 4522//5385 4520//5383 4523//5386 
f 4524//5387 4522//5385 4525//5388 
f 4526//5389 4524//5387 4527//5390 
f 4528//5391 4526//5389 4529//5392 
f 4530//5393 4528//5391 4531//5394 
f 4532//5395 4530//5393 4533//5396 
f 4534//5397 4532//5395 4535//5398 
f 2336//5399 4534//5397 4536//5400 
f 4537//5401 4538//5402 4539//5403 
f 4540//5404 4537//5401 4541//5405 
f 4542//5406 4540//5404 4543//5407 
f 4544//5408 4542//5406 4545//5409 
f 4546//5410 4544//5408 4547//5411 
f 4548//5412 4546//5410 4549//5413 
f 4550//5414 4548//5412 4551//5415 
f 4552//5416 4550//5414 4553//5417 
f 4554//5418 4552//5416 4555//5419 
f 4556//5420 4554//5418 4557//5421 
f 4558//5422 4556//5420 4559//5423 
f 4560//5424 4558//5422 4561//5425 
f 4560//5424 4562//5426 2366//5427 
f 4541//5405 4539//5403 4563//5428 
f 4543//5407 4541//5405 4564//5429 
f 4545//5409 4543//5407 4565//5430 
f 4547//5411 4545//5409 4566//5431 
f 4549//5413 4547//5411 4567//5432 
f 4551//5415 4549//5413 4568//5433 
f 4553//5417 4551//5415 4569//5434 
f 4555//5419 4553//5417 4570//5435 
f 4557//5421 4555//5419 4571//5436 
f 4559//5423 4557//5421 4572//5437 
f 4561//5425 4559//5423 4573//5438 
f 4562//5426 4561//5425 4574//5439 
f 2339//5440 2366//5427 4562//5426 
f 4564//5429 4563//5428 4575//5441 
f 4565//5430 4564//5429 4576//5442 
f 4566//5431 4565//5430 4577//5443 
f 4567//5432 4566//5431 4578//5444 
f 4568//5433 4567//5432 4579//5445 
f 4569//5434 4568//5433 4580//5446 
f 4570//5435 4569//5434 4581//5447 
f 4571//5436 4570//5435 4582//5448 
f 4572//5437 4571//5436 4583//5449 
f 4573//5438 4572//5437 4584//5450 
f 4574//5439 4573//5438 4585//5451 
f 4586//5452 4574//5439 4587//5453 
f 4586//5452 4588//5454 2340//5455 
f 4588//5454 2355//5456 2340//5455 
f 4576//5442 4575//5441 4589//5457 
f 4577//5443 4576//5442 4590//5458 
f 4578//5444 4577//5443 4591//5459 
f 4579//5445 4578//5444 4592//5460 
f 4580//5446 4579//5445 4593//5461 
f 4594//5462 4595//5463 4596//5464 
f 4596//5464 4580//5446 4594//5462 
f 4597//5465 4596//5464 4595//5463 
f 4598//5466 4597//5465 4599//5467 
f 4600//5468 4598//5466 4601//5469 
f 4602//5470 4600//5468 4603//5471 
f 4604//5472 4602//5470 4605//5473 
f 4606//5474 4604//5472 4607//5475 
f 4608//5476 2342//5477 2341//5478 
f 2355//5456 4588//5454 4606//5474 
f 4606//5474 2341//5478 2355//5456 
f 4591//5459 4590//5458 4609//5479 
f 4592//5460 4591//5459 4610//5480 
f 4593//5461 4592//5460 4611//5481 
f 4594//5462 4593//5461 4612//5482 
f 4595//5463 4594//5462 4613//5483 
f 4599//5467 4595//5463 4614//5484 
f 4601//5469 4599//5467 4615//5485 
f 4603//5471 4601//5469 4616//5486 
f 4605//5473 4603//5471 4617//5487 
f 4607//5475 4605//5473 4618//5488 
f 4608//5476 4607//5475 4619//5489 
f 4620//5490 2345//5491 2343//5492 
f 2343//5492 4608//5476 4620//5490 
f 4611//5481 4610//5480 4621//5493 
f 4612//5482 4611//5481 4622//5494 
f 4613//5483 4612//5482 4623//5495 
f 4614//5484 4613//5483 4624//5496 
f 4615//5485 4614//5484 4625//5497 
f 4616//5486 4615//5485 4626//5498 
f 4617//5487 4616//5486 4627//5499 
f 4618//5488 4617//5487 4628//5500 
f 4619//5489 4618//5488 4629//5501 
f 4620//5490 4619//5489 4630//5502 
f 4631//5503 2346//5504 2344//5505 
f 2344//5505 4620//5490 4631//5503 
f 4625//5497 4624//5496 4632//5506 
f 4626//5498 4625//5497 4633//5507 
f 4627//5499 4626//5498 4634//5508 
f 4628//5500 4627//5499 4635//5509 
f 4629//5501 4628//5500 4636//5510 
f 4630//5502 4629//5501 4637//5511 
f 4631//5503 4630//5502 4638//5512 
f 2346//5504 4631//5503 4639//5513 
f 4387//5240 4386//5239 4399//5252 
f 4388//5241 4387//5240 4401//5254 
f 4389//5242 4388//5241 4402//5255 
f 4390//5243 4389//5242 4404//5257 
f 4395//5248 4394//5247 4413//5269 
f 4396//5249 4395//5248 4415//5271 
f 4397//5250 4396//5249 4416//5272 
f 4398//5251 4397//5250 4418//5274 
f 4400//5253 4398//5251 4420//5276 
f 4403//5256 4400//5253 4422//5278 
f 4405//5258 4403//5256 4424//5280 
f 4407//5260 4405//5258 4426//5282 
f 4408//5262 4407//5260 4428//5284 
f 4430//5286 2328//5514 2349//5515 
f 2349//5515 4408//5262 4430//5286 
f 4446//5304 4445//5303 4460//5320 
f 4447//5305 4446//5304 4459//5319 
f 4448//5306 4447//5305 4462//5322 
f 4449//5307 4448//5306 4464//5324 
f 4450//5308 4449//5307 4466//5326 
f 4451//5309 4450//5308 4468//5328 
f 4452//5310 4451//5309 4470//5330 
f 4453//5311 4452//5310 4472//5332 
f 4454//5312 4453//5311 4474//5334 
f 4455//5313 4454//5312 4476//5336 
f 4457//5315 4455//5313 4478//5338 
f 4458//5316 4457//5315 4480//5340 
f 2350//5318 4458//5316 4482//5342 
f 4463//5323 4461//5321 4486//5348 
f 4465//5325 4463//5323 4485//5347 
f 4467//5327 4465//5325 4488//5350 
f 4469//5329 4467//5327 4490//5352 
f 4471//5331 4469//5329 4492//5354 
f 4473//5333 4471//5331 4494//5356 
f 4475//5335 4473//5333 4496//5358 
f 4477//5337 4475//5335 4498//5360 
f 4479//5339 4477//5337 4500//5362 
f 4481//5341 4479//5339 4502//5364 
f 4483//5343 4481//5341 4504//5366 
f 4484//5344 4483//5343 4506//5368 
f 4484//5344 4508//5370 2352//5516 
f 4508//5370 2334//5372 2352//5516 
f 4489//5351 4487//5349 4512//5375 
f 4491//5353 4489//5351 4511//5374 
f 4493//5355 4491//5353 4514//5377 
f 4495//5357 4493//5355 4516//5379 
f 4497//5359 4495//5357 4518//5381 
f 4499//5361 4497//5359 4520//5383 
f 4501//5363 4499//5361 4522//5385 
f 4503//5365 4501//5363 4524//5387 
f 4505//5367 4503//5365 4526//5389 
f 4507//5369 4505//5367 4528//5391 
f 4509//5371 4507//5369 4530//5393 
f 4510//5373 4509//5371 4532//5395 
f 4510//5373 4534//5397 2353//5517 
f 4534//5397 2336//5399 2353//5517 
f 4515//5378 4513//5376 4538//5402 
f 4517//5380 4515//5378 4537//5401 
f 4519//5382 4517//5380 4540//5404 
f 4521//5384 4519//5382 4542//5406 
f 4523//5386 4521//5384 4544//5408 
f 4525//5388 4523//5386 4546//5410 
f 4527//5390 4525//5388 4548//5412 
f 4529//5392 4527//5390 4550//5414 
f 4531//5394 4529//5392 4552//5416 
f 4533//5396 4531//5394 4554//5418 
f 4535//5398 4533//5396 4556//5420 
f 4536//5400 4535//5398 4558//5422 
f 4560//5424 2338//5518 2354//5519 
f 2354//5519 4536//5400 4560//5424 
f 4582//5448 4581//5447 4596//5464 
f 4583//5449 4582//5448 4597//5465 
f 4584//5450 4583//5449 4598//5466 
f 4585//5451 4584//5450 4600//5468 
f 4587//5453 4585//5451 4602//5470 
f 4588//5454 4587//5453 4604//5472 
f 4637//5511 4351//5520 4352//5521 
f 4637//5511 4353//5522 4351//5520 
f 4638//5512 4354//5523 4355//5524 
f 4355//5524 4639//5513 4638//5512 
f 4638//5512 4356//5525 4354//5523 
f 4638//5512 4352//5521 4356//5525 
f 2357//5526 4639//5513 4357//5527 
f 4357//5527 2358//5528 2357//5526 
f 4639//5513 4358//5529 4357//5527 
f 4360//5207 3418//5530 3295//5531 
f 4360//5207 2656//5532 2710//5533 
f 2710//5533 3418//5530 4360//5207 
f 4360//5207 2651//5534 2656//5532 
f 4373//5224 3299//5535 3298//5536 
f 4373//5224 3296//5537 3299//5535 
f 4373//5224 3295//5531 3294//5538 
f 3294//5538 3296//5537 4373//5224 
f 4371//5222 3300//5539 3303//5540 
f 4371//5222 3297//5541 3301//5542 
f 3301//5542 3300//5539 4371//5222 
f 4371//5222 3298//5536 3297//5541 
f 4369//5220 3304//5543 3306//5544 
f 4369//5220 3303//5540 3302//5545 
f 3302//5545 3304//5543 4369//5220 
f 4367//5218 3307//5546 3309//5547 
f 4367//5218 3306//5544 3305//5548 
f 3305//5548 3307//5546 4367//5218 
f 4365//5216 3311//5549 3313//5550 
f 4365//5216 3310//5551 3311//5549 
f 4365//5216 3309//5547 3308//5552 
f 3308//5552 3310//5551 4365//5216 
f 4362//5213 3317//5553 3314//5554 
f 4362//5213 3312//5555 3317//5553 
f 4362//5213 3313//5550 3312//5555 
f 4364//5215 3320//5556 3318//5557 
f 4364//5215 3315//5558 3320//5556 
f 4363//5214 3316//5559 3315//5558 
f 3315//5558 4364//5215 4363//5214 
f 4378//5231 3322//5560 3324//5561 
f 4378//5231 3319//5562 3321//5563 
f 4378//5231 3318//5557 3319//5562 
f 3321//5563 3322//5560 4378//5231 
f 4379//5232 3324//5561 3323//5564 
f 4379//5232 3327//5565 3325//5566 
f 3325//5566 4380//5233 4379//5232 
f 4391//5244 3325//5566 3326//5567 
f 3326//5567 3328//5568 4391//5244 
f 4391//5244 3330//5569 3329//5570 
f 3329//5570 4392//5245 4391//5244 
f 4409//5265 3329//5570 3331//5571 
f 3331//5571 3332//5572 4409//5265 
f 4409//5265 3334//5573 3333//5574 
f 3333//5574 4410//5266 4409//5265 
f 3333//5574 3336//5575 4410//5266 
f 4410//5266 3335//5576 3337//5577 
f 3337//5577 4433//5290 4410//5266 
f 4445//5303 4433//5290 3339//5578 
f 3339//5578 3338//5579 4445//5303 
f 4445//5303 3340//5580 3341//5581 
f 3341//5581 4460//5320 4445//5303 
f 4461//5321 3344//5582 3343//5583 
f 4460//5320 3342//5584 3344//5582 
f 3344//5582 4461//5321 4460//5320 
f 4486//5348 4461//5321 3346//5585 
f 3346//5585 3345//5586 4486//5348 
f 4486//5348 3414//5587 3936//5588 
f 4486//5348 3415//5589 3414//5587 
f 3936//5588 4487//5349 4486//5348 
f 4487//5349 3896//5590 3894//5591 
f 4512//5375 3895//5592 3892//5593 
f 4512//5375 3894//5591 3895//5592 
f 4538//5402 3893//5594 3889//5595 
f 4513//5376 3891//5596 3893//5594 
f 3893//5594 4538//5402 4513//5376 
f 4513//5376 3892//5593 3891//5596 
f 4563//5428 4539//5403 3887//5597 
f 4539//5403 3889//5595 3890//5598 
f 3890//5598 3887//5597 4539//5403 
f 4575//5441 4563//5428 3888//5599 
f 4563//5428 3886//5600 3888//5599 
f 4589//5457 4575//5441 3882//5601 
f 4575//5441 3885//5602 3884//5603 
f 3884//5603 3882//5601 4575//5441 
f 4589//5457 3883//5604 3877//5605 
f 4589//5457 3881//5606 3883//5604 
f 4590//5458 4589//5457 3879//5607 
f 3879//5607 4609//5479 4590//5458 
f 4609//5479 3880//5608 3875//5609 
f 4609//5479 3878//5610 3880//5608 
f 3875//5609 3876//5611 4609//5479 
f 4621//5493 4610//5480 3874//5612 
f 4610//5480 4609//5479 3873//5613 
f 3873//5613 3874//5612 4610//5480 
f 4622//5494 3872//5614 3869//5615 
f 4622//5494 4621//5493 3870//5616 
f 3870//5616 3872//5614 4622//5494 
f 4623//5495 4622//5494 3868//5617 
f 3868//5617 3867//5618 4623//5495 
f 3867//5618 3866//5619 4623//5495 
f 4624//5496 3861//5620 3863//5621 
f 4624//5496 4623//5495 3862//5622 
f 3862//5622 3861//5620 4624//5496 
f 4633//5507 3865//5623 3859//5624 
f 4633//5507 4632//5506 3864//5625 
f 3864//5625 3865//5623 4633//5507 
f 4634//5508 3860//5626 3856//5627 
f 4634//5508 4633//5507 3858//5628 
f 3858//5628 3860//5626 4634//5508 
f 4635//5509 3857//5629 3854//5630 
f 4635//5509 4634//5508 3855//5631 
f 3855//5631 3857//5629 4635//5509 
f 4636//5510 3853//5632 3850//5633 
f 4636//5510 4635//5509 3852//5634 
f 3852//5634 3853//5632 4636//5510 
f 4353//5522 4637//5511 3934//5635 
f 4637//5511 3851//5636 3935//5637 
f 4637//5511 4636//5510 3849//5638 
f 3849//5638 3851//5636 4637//5511 
f 3935//5637 3934//5635 4637//5511 
f 3934//5635 4359//5639 4353//5522 
f 3850//5633 3849//5638 4636//5510 
f 3854//5630 3852//5634 4635//5509 
f 3856//5627 3855//5631 4634//5508 
f 3859//5624 3858//5628 4633//5507 
f 3864//5625 4632//5506 3863//5621 
f 3863//5621 4632//5506 4624//5496 
f 3866//5619 3862//5622 4623//5495 
f 3869//5615 3868//5617 4622//5494 
f 3870//5616 4621//5493 3871//5640 
f 3874//5612 3871//5640 4621//5493 
f 3876//5611 3873//5613 4609//5479 
f 3879//5607 3878//5610 4609//5479 
f 3877//5605 3879//5607 4589//5457 
f 3882//5601 3881//5606 4589//5457 
f 3888//5599 3885//5602 4575//5441 
f 3887//5597 3886//5600 4563//5428 
f 3889//5595 4539//5403 4538//5402 
f 3892//5593 4513//5376 4512//5375 
f 3894//5591 4512//5375 4487//5349 
f 3936//5588 3896//5590 4487//5349 
f 3345//5586 3415//5589 4486//5348 
f 3343//5583 3346//5585 4461//5321 
f 3341//5581 3342//5584 4460//5320 
f 3338//5579 3340//5580 4445//5303 
f 3337//5577 3339//5578 4433//5290 
f 3336//5575 3335//5576 4410//5266 
f 3332//5572 3334//5573 4409//5265 
f 3329//5570 4409//5265 4392//5245 
f 3328//5568 3330//5569 4391//5244 
f 3325//5566 4391//5244 4380//5233 
f 3323//5564 3327//5565 4379//5232 
f 3324//5561 4379//5232 4378//5231 
f 3318//5557 4378//5231 4364//5215 
f 3316//5559 4363//5214 3314//5554 
f 3314//5554 4363//5214 4362//5213 
f 3313//5550 4362//5213 4365//5216 
f 3309//5547 4365//5216 4367//5218 
f 3306//5544 4367//5218 4369//5220 
f 3303//5540 4369//5220 4371//5222 
f 3298//5536 4371//5222 4373//5224 
f 3295//5531 4373//5224 4360//5207 
f 2357//5526 2347//5641 4639//5513 
f 4355//5524 4358//5529 4639//5513 
f 4352//5521 4638//5512 4637//5511 
f 4604//5472 4606//5474 4588//5454 
f 4602//5470 4604//5472 4587//5453 
f 4600//5468 4602//5470 4585//5451 
f 4598//5466 4600//5468 4584//5450 
f 4597//5465 4598//5466 4583//5449 
f 4596//5464 4597//5465 4582//5448 
f 2354//5519 2337//5642 4536//5400 
f 4558//5422 4560//5424 4536//5400 
f 4556//5420 4558//5422 4535//5398 
f 4554//5418 4556//5420 4533//5396 
f 4552//5416 4554//5418 4531//5394 
f 4550//5414 4552//5416 4529//5392 
f 4548//5412 4550//5414 4527//5390 
f 4546//5410 4548//5412 4525//5388 
f 4544//5408 4546//5410 4523//5386 
f 4542//5406 4544//5408 4521//5384 
f 4540//5404 4542//5406 4519//5382 
f 4537//5401 4540//5404 4517//5380 
f 4538//5402 4537//5401 4515//5378 
f 2353//5517 2335//5643 4510//5373 
f 4532//5395 4534//5397 4510//5373 
f 4530//5393 4532//5395 4509//5371 
f 4528//5391 4530//5393 4507//5369 
f 4526//5389 4528//5391 4505//5367 
f 4524//5387 4526//5389 4503//5365 
f 4522//5385 4524//5387 4501//5363 
f 4520//5383 4522//5385 4499//5361 
f 4518//5381 4520//5383 4497//5359 
f 4516//5379 4518//5381 4495//5357 
f 4514//5377 4516//5379 4493//5355 
f 4511//5374 4514//5377 4491//5353 
f 4512//5375 4511//5374 4489//5351 
f 2352//5516 2351//5345 4484//5344 
f 4506//5368 4508//5370 4484//5344 
f 4504//5366 4506//5368 4483//5343 
f 4502//5364 4504//5366 4481//5341 
f 4500//5362 4502//5364 4479//5339 
f 4498//5360 4500//5362 4477//5337 
f 4496//5358 4498//5360 4475//5335 
f 4494//5356 4496//5358 4473//5333 
f 4492//5354 4494//5356 4471//5331 
f 4490//5352 4492//5354 4469//5329 
f 4488//5350 4490//5352 4467//5327 
f 4485//5347 4488//5350 4465//5325 
f 4486//5348 4485//5347 4463//5323 
f 4482//5342 2333//5644 2350//5318 
f 4480//5340 4482//5342 4458//5316 
f 4478//5338 4480//5340 4457//5315 
f 4476//5336 4478//5338 4455//5313 
f 4474//5334 4476//5336 4454//5312 
f 4472//5332 4474//5334 4453//5311 
f 4470//5330 4472//5332 4452//5310 
f 4468//5328 4470//5330 4451//5309 
f 4466//5326 4468//5328 4450//5308 
f 4464//5324 4466//5326 4449//5307 
f 4462//5322 4464//5324 4448//5306 
f 4459//5319 4462//5322 4447//5305 
f 4460//5320 4459//5319 4446//5304 
f 2349//5515 2327//5645 4408//5262 
f 4428//5284 4430//5286 4408//5262 
f 4426//5282 4428//5284 4407//5260 
f 4424//5280 4426//5282 4405//5258 
f 4422//5278 4424//5280 4403//5256 
f 4420//5276 4422//5278 4400//5253 
f 4418//5274 4420//5276 4398//5251 
f 4416//5272 4418//5274 4397//5250 
f 4415//5271 4416//5272 4396//5249 
f 4413//5269 4415//5271 4395//5248 
f 4404//5257 4406//5259 4390//5243 
f 4402//5255 4404//5257 4389//5242 
f 4401//5254 4402//5255 4388//5241 
f 4399//5252 4401//5254 4387//5240 
f 4639//5513 2347//5641 2346//5504 
f 4638//5512 4639//5513 4631//5503 
f 4637//5511 4638//5512 4630//5502 
f 4636//5510 4637//5511 4629//5501 
f 4635//5509 4636//5510 4628//5500 
f 4634//5508 4635//5509 4627//5499 
f 4633//5507 4634//5508 4626//5498 
f 4632//5506 4633//5507 4625//5497 
f 2344//5505 2345//5491 4620//5490 
f 4630//5502 4631//5503 4620//5490 
f 4629//5501 4630//5502 4619//5489 
f 4628//5500 4629//5501 4618//5488 
f 4627//5499 4628//5500 4617//5487 
f 4626//5498 4627//5499 4616//5486 
f 4625//5497 4626//5498 4615//5485 
f 4624//5496 4625//5497 4614//5484 
f 4623//5495 4624//5496 4613//5483 
f 4622//5494 4623//5495 4612//5482 
f 4621//5493 4622//5494 4611//5481 
f 2343//5492 2342//5477 4608//5476 
f 4619//5489 4620//5490 4608//5476 
f 4618//5488 4619//5489 4607//5475 
f 4617//5487 4618//5488 4605//5473 
f 4616//5486 4617//5487 4603//5471 
f 4615//5485 4616//5486 4601//5469 
f 4614//5484 4615//5485 4599//5467 
f 4613//5483 4614//5484 4595//5463 
f 4612//5482 4613//5483 4594//5462 
f 4611//5481 4612//5482 4593//5461 
f 4610//5480 4611//5481 4592//5460 
f 4609//5479 4610//5480 4591//5459 
f 2341//5478 4606//5474 4608//5476 
f 4607//5475 4608//5476 4606//5474 
f 4605//5473 4607//5475 4604//5472 
f 4603//5471 4605//5473 4602//5470 
f 4601//5469 4603//5471 4600//5468 
f 4599//5467 4601//5469 4598//5466 
f 4595//5463 4599//5467 4597//5465 
f 4596//5464 4581//5447 4580//5446 
f 4593//5461 4594//5462 4580//5446 
f 4592//5460 4593//5461 4579//5445 
f 4591//5459 4592//5460 4578//5444 
f 4590//5458 4591//5459 4577//5443 
f 4589//5457 4590//5458 4576//5442 
f 2340//5455 2339//5440 4586//5452 
f 4587//5453 4588//5454 4586//5452 
f 4585//5451 4587//5453 4574//5439 
f 4584//5450 4585//5451 4573//5438 
f 4583//5449 4584//5450 4572//5437 
f 4582//5448 4583//5449 4571//5436 
f 4581//5447 4582//5448 4570//5435 
f 4580//5446 4581//5447 4569//5434 
f 4579//5445 4580//5446 4568//5433 
f 4578//5444 4579//5445 4567//5432 
f 4577//5443 4578//5444 4566//5431 
f 4576//5442 4577//5443 4565//5430 
f 4575//5441 4576//5442 4564//5429 
f 4562//5426 4586//5452 2339//5440 
f 4574//5439 4586//5452 4562//5426 
f 4573//5438 4574//5439 4561//5425 
f 4572//5437 4573//5438 4559//5423 
f 4571//5436 4572//5437 4557//5421 
f 4570//5435 4571//5436 4555//5419 
f 4569//5434 4570//5435 4553//5417 
f 4568//5433 4569//5434 4551//5415 
f 4567//5432 4568//5433 4549//5413 
f 4566//5431 4567//5432 4547//5411 
f 4565//5430 4566//5431 4545//5409 
f 4564//5429 4565//5430 4543//5407 
f 4563//5428 4564//5429 4541//5405 
f 2366//5427 2338//5518 4560//5424 
f 4561//5425 4562//5426 4560//5424 
f 4559//5423 4561//5425 4558//5422 
f 4557//5421 4559//5423 4556//5420 
f 4555//5419 4557//5421 4554//5418 
f 4553//5417 4555//5419 4552//5416 
f 4551//5415 4553//5417 4550//5414 
f 4549//5413 4551//5415 4548//5412 
f 4547//5411 4549//5413 4546//5410 
f 4545//5409 4547//5411 4544//5408 
f 4543//5407 4545//5409 4542//5406 
f 4541//5405 4543//5407 4540//5404 
f 4539//5403 4541//5405 4537//5401 
f 4536//5400 2337//5642 2336//5399 
f 4535//5398 4536//5400 4534//5397 
f 4533//5396 4535//5398 4532//5395 
f 4531//5394 4533//5396 4530//5393 
f 4529//5392 4531//5394 4528//5391 
f 4527//5390 4529//5392 4526//5389 
f 4525//5388 4527//5390 4524//5387 
f 4523//5386 4525//5388 4522//5385 
f 4521//5384 4523//5386 4520//5383 
f 4519//5382 4521//5384 4518//5381 
f 4517//5380 4519//5382 4516//5379 
f 4515//5378 4517//5380 4514//5377 
f 4513//5376 4515//5378 4511//5374 
f 4510//5373 2335//5643 2334//5372 
f 4509//5371 4510//5373 4508//5370 
f 4507//5369 4509//5371 4506//5368 
f 4505//5367 4507//5369 4504//5366 
f 4503//5365 4505//5367 4502//5364 
f 4501//5363 4503//5365 4500//5362 
f 4499//5361 4501//5363 4498//5360 
f 4497//5359 4499//5361 4496//5358 
f 4495//5357 4497//5359 4494//5356 
f 4493//5355 4495//5357 4492//5354 
f 4491//5353 4493//5355 4490//5352 
f 4489//5351 4491//5353 4488//5350 
f 4487//5349 4489//5351 4485//5347 
f 2332//5346 2333//5644 4482//5342 
f 4483//5343 4484//5344 4482//5342 
f 4481//5341 4483//5343 4480//5340 
f 4479//5339 4481//5341 4478//5338 
f 4477//5337 4479//5339 4476//5336 
f 4475//5335 4477//5337 4474//5334 
f 4473//5333 4475//5335 4472//5332 
f 4471//5331 4473//5333 4470//5330 
f 4469//5329 4471//5331 4468//5328 
f 4467//5327 4469//5329 4466//5326 
f 4465//5325 4467//5327 4464//5324 
f 4463//5323 4465//5325 4462//5322 
f 4461//5321 4463//5323 4459//5319 
f 2331//5317 2330//5302 4456//5314 
f 4457//5315 4458//5316 4456//5314 
f 4455//5313 4457//5315 4444//5301 
f 4454//5312 4455//5313 4443//5300 
f 4453//5311 4454//5312 4442//5299 
f 4452//5310 4453//5311 4441//5298 
f 4451//5309 4452//5310 4440//5297 
f 4450//5308 4451//5309 4439//5296 
f 4449//5307 4450//5308 4438//5295 
f 4448//5306 4449//5307 4437//5294 
f 4447//5305 4448//5306 4436//5293 
f 4446//5304 4447//5305 4435//5292 
f 4445//5303 4446//5304 4434//5291 
f 4432//5288 4456//5314 2330//5302 
f 4444//5301 4456//5314 4432//5288 
f 4443//5300 4444//5301 4431//5287 
f 4442//5299 4443//5300 4429//5285 
f 4441//5298 4442//5299 4427//5283 
f 4440//5297 4441//5298 4425//5281 
f 4439//5296 4440//5297 4423//5279 
f 4438//5295 4439//5296 4421//5277 
f 4437//5294 4438//5295 4419//5275 
f 4436//5293 4437//5294 4417//5273 
f 4435//5292 4436//5293 4414//5270 
f 4434//5291 4435//5292 4412//5268 
f 4433//5290 4434//5291 4411//5267 
f 2329//5289 2328//5514 4430//5286 
f 4431//5287 4432//5288 4430//5286 
f 4429//5285 4431//5287 4428//5284 
f 4427//5283 4429//5285 4426//5282 
f 4425//5281 4427//5283 4424//5280 
f 4423//5279 4425//5281 4422//5278 
f 4421//5277 4423//5279 4420//5276 
f 4419//5275 4421//5277 4418//5274 
f 4417//5273 4419//5275 4416//5272 
f 4414//5270 4417//5273 4415//5271 
f 4413//5269 4394//5247 4393//5246 
f 4411//5267 4412//5268 4393//5246 
f 4410//5266 4411//5267 4392//5245 
f 4408//5262 2327//5645 2326//5261 
f 4407//5260 4408//5262 4406//5259 
f 4405//5258 4407//5260 4404//5257 
f 4403//5256 4405//5258 4402//5255 
f 4400//5253 4403//5256 4401//5254 
f 4399//5252 4386//5239 4385//5238 
f 4397//5250 4398//5251 4385//5238 
f 4396//5249 4397//5250 4384//5237 
f 4395//5248 4396//5249 4383//5236 
f 4394//5247 4395//5248 4382//5235 
f 4393//5246 4394//5247 4381//5234 
f 4392//5245 4393//5246 4380//5233 
f 4390//5243 2325//5264 2324//5230 
f 4389//5242 4390//5243 4377//5228 
f 4388//5241 4389//5242 4376//5227 
f 4387//5240 4388//5241 4375//5226 
f 4386//5239 4387//5240 4374//5225 
f 4385//5238 4386//5239 4372//5223 
f 4384//5237 4385//5238 4370//5221 
f 4383//5236 4384//5237 4368//5219 
f 4382//5235 4383//5236 4366//5217 
f 4381//5234 4382//5235 4364//5215 
f 4380//5233 4381//5234 4378//5231 
f 2323//5229 2322//5646 4361//5208 
f 4376//5227 4377//5228 4361//5208 
f 4375//5226 4376//5227 4360//5207 
f 4374//5225 4375//5226 4373//5224 
f 4372//5223 4374//5225 4371//5222 
f 4370//5221 4372//5223 4369//5220 
f 4368//5219 4370//5221 4367//5218 
f 4366//5217 4368//5219 4365//5216 
f 4364//5215 4366//5217 4362//5213 
f 4361//5208 2322//5646 2069//5212 
f 2649//5209 2651//5534 4360//5207 
o mesh19
f 4640//5647 115//5648 113//5649 
f 113//5649 4653//5650 4640//5647 
f 4640//5647 4653//5650 4654//5651 
f 4655//5652 4641//5653 4642//5654 
f 4643//5655 4644//5656 4641//5653 
f 110//5657 4656//5658 4653//5650 
f 4653//5650 4656//5658 4657//5659 
f 4654//5651 4657//5659 4658//5660 
f 4658//5660 4645//5661 4646//5662 
f 4646//5662 4655//5652 4658//5660 
f 112//5663 197//5664 4647//5665 
f 4656//5658 110//5657 112//5663 
f 112//5663 4648//5666 4656//5658 
f 4656//5658 4648//5666 4649//5667 
f 4650//5668 4658//5660 4657//5659 
f 4657//5659 4649//5667 4650//5668 
f 4658//5660 4651//5669 4652//5670 
f 4652//5670 4645//5661 4658//5660 
f 4650//5668 4651//5669 4658//5660 
f 4649//5667 4657//5659 4656//5658 
f 4647//5665 4648//5666 112//5663 
f 4646//5662 4643//5655 4655//5652 
f 4658//5660 4655//5652 4654//5651 
f 4657//5659 4654//5651 4653//5650 
f 4653//5650 111//5671 110//5657 
f 4641//5653 4655//5652 4643//5655 
f 4642//5654 4654//5651 4655//5652 
f 4654//5651 4642//5654 4640//5647 
f 113//5649 111//5671 4653//5650 
o mesh20
f 4659//5672 4668//5673 4641//5674 
f 4668//5673 4669//5675 4642//5676 
f 4640//5677 4642//5676 4669//5675 
f 4640//5677 4670//5678 2968//5679 
f 4670//5678 2969//5680 2968//5679 
f 4671//5681 4668//5673 4660//5682 
f 4668//5673 4659//5672 4660//5682 
f 4668//5673 4671//5681 4672//5683 
f 4669//5675 4672//5683 4673//5684 
f 2970//5685 2969//5680 4670//5678 
f 4661//5686 4662//5687 4663//5688 
f 4663//5688 4671//5681 4661//5686 
f 4671//5681 4664//5689 4665//5690 
f 4666//5691 4673//5684 4672//5683 
f 4672//5683 4665//5690 4666//5691 
f 4673//5684 4667//5692 2971//5693 
f 4667//5692 2972//5694 2971//5693 
f 2971//5693 2970//5685 4673//5684 
f 4666//5691 4667//5692 4673//5684 
f 4665//5690 4672//5683 4671//5681 
f 4663//5688 4664//5689 4671//5681 
f 4670//5678 4673//5684 2970//5685 
f 4673//5684 4670//5678 4669//5675 
f 4672//5683 4669//5675 4668//5673 
f 4660//5682 4661//5686 4671//5681 
f 2968//5679 115//5695 4640//5677 
f 4669//5675 4670//5678 4640//5677 
f 4642//5676 4641//5674 4668//5673 
f 4641//5674 4644//5696 4659//5672 
o mesh21
f 4744//5697 4745//5698 4674//5699 
f 4745//5698 4675//5700 4674//5699 
f 4746//5701 4747//5702 4676//5703 
f 4747//5702 4677//5704 4676//5703 
f 4747//5702 4744//5697 4678//5705 
f 4744//5697 4679//5706 4678//5705 
f 4746//5701 4680//5707 4681//5708 
f 4681//5708 4748//5709 4746//5701 
f 4748//5709 4682//5710 4683//5711 
f 4683//5711 4749//5712 4748//5709 
f 4750//5713 4684//5714 4685//5715 
f 4685//5715 4751//5716 4750//5713 
f 4749//5712 4686//5717 4687//5718 
f 4687//5718 4750//5713 4749//5712 
f 4752//5719 4688//5720 4689//5721 
f 4689//5721 4690//5722 4752//5719 
f 4753//5723 4754//5724 4691//5725 
f 4754//5724 4692//5726 4691//5725 
f 4754//5724 4752//5719 4693//5727 
f 4752//5719 4690//5722 4693//5727 
f 4753//5723 4694//5728 4695//5729 
f 4695//5729 4755//5730 4753//5723 
f 4755//5730 4696//5731 4697//5732 
f 4697//5732 4756//5733 4755//5730 
f 4757//5734 4698//5735 4699//5736 
f 4756//5733 4700//5737 4701//5738 
f 4701//5738 4757//5734 4756//5733 
f 4745//5698 4758//5739 4702//5740 
f 4758//5739 4699//5736 4702//5740 
f 4751//5716 4703//5741 4644//5742 
f 4644//5742 4643//5743 4751//5716 
f 4645//5744 4652//5745 4704//5746 
f 4751//5716 4646//5747 4645//5744 
f 4645//5744 4705//5748 4751//5716 
f 4750//5713 4751//5716 4706//5749 
f 4751//5716 4705//5748 4706//5749 
f 4750//5713 4707//5750 4708//5751 
f 4750//5713 4709//5752 4707//5750 
f 4708//5751 4749//5712 4750//5713 
f 4748//5709 4749//5712 4710//5753 
f 4749//5712 4711//5754 4710//5753 
f 4710//5753 4712//5755 4748//5709 
f 4748//5709 4713//5756 4714//5757 
f 4714//5757 4746//5701 4748//5709 
f 4747//5702 4746//5701 4715//5758 
f 4746//5701 4716//5759 4715//5758 
f 4715//5758 4717//5760 4747//5702 
f 4744//5697 4747//5702 4718//5761 
f 4747//5702 4719//5762 4718//5761 
f 4744//5697 4720//5763 4721//5764 
f 4744//5697 4722//5765 4720//5763 
f 4721//5764 4745//5698 4744//5697 
f 4758//5739 4745//5698 4723//5766 
f 4745//5698 4724//5767 4723//5766 
f 4757//5734 4758//5739 4725//5768 
f 4758//5739 4726//5769 4725//5768 
f 4757//5734 4727//5770 4728//5771 
f 4728//5771 4756//5733 4757//5734 
f 4757//5734 4729//5772 4727//5770 
f 4756//5733 4730//5773 4731//5774 
f 4731//5774 4755//5730 4756//5733 
f 4753//5723 4755//5730 4732//5775 
f 4732//5775 4733//5776 4753//5723 
f 4755//5730 4734//5777 4732//5775 
f 4753//5723 4735//5778 4736//5779 
f 4736//5779 4754//5724 4753//5723 
f 4754//5724 4737//5780 4738//5781 
f 4738//5781 4752//5719 4754//5724 
f 4752//5719 4739//5782 4740//5783 
f 4741//5784 4742//5785 4739//5782 
f 4739//5782 4752//5719 4741//5784 
f 4740//5783 4688//5720 4752//5719 
f 4738//5781 4741//5784 4752//5719 
f 4736//5779 4737//5780 4754//5724 
f 4733//5776 4735//5778 4753//5723 
f 4731//5774 4734//5777 4755//5730 
f 4728//5771 4730//5773 4756//5733 
f 4725//5768 4729//5772 4757//5734 
f 4723//5766 4726//5769 4758//5739 
f 4721//5764 4724//5767 4745//5698 
f 4718//5761 4722//5765 4744//5697 
f 4717//5760 4719//5762 4747//5702 
f 4714//5757 4716//5759 4746//5701 
f 4712//5755 4713//5756 4748//5709 
f 4708//5751 4711//5754 4749//5712 
f 4706//5749 4709//5752 4750//5713 
f 4704//5746 4705//5748 4645//5744 
f 4643//5743 4646//5747 4751//5716 
f 4702//5740 4675//5700 4745//5698 
f 4701//5738 4698//5735 4757//5734 
f 4699//5736 4758//5739 4757//5734 
f 4697//5732 4700//5737 4756//5733 
f 4695//5729 4696//5731 4755//5730 
f 4693//5727 4692//5726 4754//5724 
f 4691//5725 4694//5728 4753//5723 
f 4689//5721 4743//5786 4690//5722 
f 4687//5718 4684//5714 4750//5713 
f 4685//5715 4703//5741 4751//5716 
f 4683//5711 4686//5717 4749//5712 
f 4681//5708 4682//5710 4748//5709 
f 4678//5705 4677//5704 4747//5702 
f 4676//5703 4680//5707 4746//5701 
f 4674//5699 4679//5706 4744//5697 
o mesh22
f 4796//5787 4679//5788 4674//5789 
f 4674//5789 4797//5790 4796//5787 
f 4798//5791 4690//5792 4759//5793 
f 4690//5792 4743//5794 4760//5795 
f 4760//5795 4759//5793 4690//5792 
f 4799//5796 4800//5797 4683//5798 
f 4800//5797 4686//5799 4683//5798 
f 4801//5800 4680//5801 4676//5802 
f 4676//5802 4802//5803 4801//5800 
f 4802//5803 4677//5804 4678//5805 
f 4678//5805 4796//5787 4802//5803 
f 4801//5800 4799//5796 4681//5806 
f 4799//5796 4682//5807 4681//5806 
f 4803//5808 4804//5809 4685//5810 
f 4804//5809 4703//5811 4685//5810 
f 4800//5797 4803//5808 4687//5812 
f 4803//5808 4684//5813 4687//5812 
f 4805//5814 4806//5815 4697//5816 
f 4806//5815 4700//5817 4697//5816 
f 4807//5818 4694//5819 4691//5820 
f 4691//5820 4808//5821 4807//5818 
f 4808//5821 4692//5822 4693//5823 
f 4693//5823 4798//5791 4808//5821 
f 4807//5818 4805//5814 4695//5824 
f 4805//5814 4696//5825 4695//5824 
f 4809//5826 4810//5827 4699//5828 
f 4806//5815 4809//5826 4701//5829 
f 4809//5826 4698//5830 4701//5829 
f 4797//5790 4675//5831 4702//5832 
f 4702//5832 4810//5827 4797//5790 
f 4761//5833 4798//5791 4762//5834 
f 4798//5791 4763//5835 4764//5836 
f 4764//5836 4762//5834 4798//5791 
f 4808//5821 4798//5791 4765//5837 
f 4798//5791 4761//5833 4765//5837 
f 4807//5818 4808//5821 4766//5838 
f 4808//5821 4767//5839 4766//5838 
f 4805//5814 4807//5818 4768//5840 
f 4807//5818 4769//5841 4768//5840 
f 4806//5815 4805//5814 4770//5842 
f 4805//5814 4771//5843 4770//5842 
f 4809//5826 4806//5815 4772//5844 
f 4806//5815 4773//5845 4772//5844 
f 4809//5826 4774//5846 4775//5847 
f 4775//5847 4810//5827 4809//5826 
f 4810//5827 4776//5848 4777//5849 
f 4777//5849 4797//5790 4810//5827 
f 4796//5787 4778//5850 4779//5851 
f 4797//5790 4780//5852 4778//5850 
f 4778//5850 4796//5787 4797//5790 
f 4781//5853 4782//5854 4802//5803 
f 4801//5800 4802//5803 4783//5855 
f 4802//5803 4782//5854 4783//5855 
f 4799//5796 4801//5800 4784//5856 
f 4801//5800 4785//5857 4784//5856 
f 4801//5800 4786//5858 4785//5857 
f 4800//5797 4799//5796 4787//5859 
f 4787//5859 4788//5860 4800//5797 
f 4799//5796 4789//5861 4787//5859 
f 4800//5797 4790//5862 4791//5863 
f 4791//5863 4803//5808 4800//5797 
f 4792//5864 4804//5809 4803//5808 
f 4804//5809 4792//5864 4661//5865 
f 4661//5865 4792//5864 4793//5866 
f 4793//5866 4662//5867 4661//5865 
f 4804//5809 4659//5868 4644//5869 
f 4804//5809 4660//5870 4659//5868 
f 4644//5869 4703//5811 4804//5809 
f 4661//5865 4660//5870 4804//5809 
f 4803//5808 4794//5871 4792//5864 
f 4791//5863 4794//5871 4803//5808 
f 4788//5860 4790//5862 4800//5797 
f 4784//5856 4789//5861 4799//5796 
f 4783//5855 4786//5858 4801//5800 
f 4802//5803 4796//5787 4781//5853 
f 4779//5851 4781//5853 4796//5787 
f 4777//5849 4780//5852 4797//5790 
f 4775//5847 4776//5848 4810//5827 
f 4772//5844 4774//5846 4809//5826 
f 4770//5842 4773//5845 4806//5815 
f 4768//5840 4771//5843 4805//5814 
f 4766//5838 4769//5841 4807//5818 
f 4765//5837 4767//5839 4808//5821 
f 4762//5834 4795//5872 4761//5833 
f 4702//5832 4699//5828 4810//5827 
f 4701//5829 4700//5817 4806//5815 
f 4699//5828 4698//5830 4809//5826 
f 4695//5824 4694//5819 4807//5818 
f 4693//5823 4690//5792 4798//5791 
f 4691//5820 4692//5822 4808//5821 
f 4697//5816 4696//5825 4805//5814 
f 4687//5812 4686//5799 4800//5797 
f 4685//5810 4684//5813 4803//5808 
f 4681//5806 4680//5801 4801//5800 
f 4678//5805 4679//5788 4796//5787 
f 4676//5802 4677//5804 4802//5803 
f 4683//5798 4682//5807 4799//5796 
f 4759//5793 4763//5835 4798//5791 
f 4674//5789 4675//5831 4797//5790 
o mesh23
f 4743//5873 4689//5874 4811//5875 
f 4812//5876 4688//5877 4740//5878 
f 4811//5875 4689//5874 4688//5877 
f 4688//5877 4812//5876 4811//5875 
f 4812//5876 4739//5879 4742//5880 
f 4742//5880 4813//5881 4812//5876 
f 4740//5878 4739//5879 4812//5876 
f 4811//5875 4814//5882 4743//5873 
o mesh24
f 4815//5883 4816//5884 4795//5885 
f 4817//5886 4815//5883 4763//5887 
f 4815//5883 4762//5888 4764//5889 
f 4764//5889 4763//5887 4815//5883 
f 4817//5886 4759//5890 4760//5891 
f 4760//5891 4814//5892 4817//5886 
f 4760//5891 4743//5892 4814//5892 
f 4763//5887 4759//5890 4817//5886 
f 4795//5885 4762//5888 4815//5883 
o mesh25
f 4782//5893 4781//5893 4818//5893 
f 4786//5893 4783//5893 4819//5893 
f 4820//5893 4780//5893 4777//5893 
f 4780//5893 4820//5893 4821//5893 
f 4818//5893 4822//5893 4782//5893 
f 4783//5893 4822//5893 4819//5893 
f 4821//5893 4778//5893 4780//5893 
f 4821//5893 4818//5893 4779//5893 
f 4822//5893 4783//5893 4782//5893 
f 4823//5893 4785//5893 4786//5893 
f 4779//5893 4778//5893 4821//5893 
f 4819//5893 4823//5893 4786//5893 
f 4824//5893 4825//5893 4761//5893 
f 4781//5893 4779//5893 4818//5893 
f 4823//5893 4826//5893 4784//5893 
f 4827//5893 4828//5893 4787//5893 
f 4826//5893 4827//5893 4789//5893 
f 4761//5893 4795//5893 4816//5893 
f 4767//5893 4765//5893 4825//5893 
f 4829//5893 4830//5893 4769//5893 
f 4784//5893 4785//5893 4823//5893 
f 4789//5893 4784//5893 4826//5893 
f 4831//5893 3916//5893 3915//5893 
f 4825//5893 4765//5893 4761//5893 
f 4832//5893 4766//5893 4767//5893 
f 4766//5893 4832//5893 4829//5893 
f 4787//5893 4789//5893 4827//5893 
f 4791//5893 4790//5893 4833//5893 
f 4828//5893 4833//5893 4790//5893 
f 4831//5893 3913//5893 3912//5893 
f 4831//5893 3917//5893 3916//5893 
f 4831//5893 3919//5893 3918//5893 
f 4825//5893 4832//5893 4767//5893 
f 4830//5893 4768//5893 4769//5893 
f 4771//5893 4768//5893 4830//5893 
f 4828//5893 4788//5893 4787//5893 
f 4790//5893 4788//5893 4828//5893 
f 4794//5893 4834//5893 4835//5893 
f 3912//5893 3911//5893 4831//5893 
f 3918//5893 3917//5893 4831//5893 
f 4769//5893 4766//5893 4829//5893 
f 4836//5893 4770//5893 4771//5893 
f 4770//5893 4836//5893 4837//5893 
f 4838//5893 4772//5893 4773//5893 
f 4833//5893 4839//5893 4791//5893 
f 4839//5893 4834//5893 4794//5893 
f 4835//5893 4792//5893 4794//5893 
f 3911//5893 3910//5893 4831//5893 
f 3915//5893 3914//5893 4831//5893 
f 4831//5893 3922//5893 3921//5893 
f 4830//5893 4836//5893 4771//5893 
f 4773//5893 4837//5893 4838//5893 
f 4774//5893 4772//5893 4838//5893 
f 4840//5893 4841//5893 4775//5893 
f 4842//5893 4777//5893 4776//5893 
f 4794//5893 4791//5893 4839//5893 
f 4843//5893 4793//5893 4792//5893 
f 4831//5893 3906//5893 3905//5893 
f 3914//5893 3913//5893 4831//5893 
f 4831//5893 3923//5893 3922//5893 
f 4831//5893 3925//5893 3924//5893 
f 4837//5893 4773//5893 4770//5893 
f 4775//5893 4774//5893 4840//5893 
f 4776//5893 4841//5893 4842//5893 
f 4835//5893 4843//5893 4792//5893 
f 3293//5893 2829//5893 2972//5893 
f 4831//5893 3907//5893 3906//5893 
f 4831//5893 3920//5893 3919//5893 
f 3924//5893 3923//5893 4831//5893 
f 4838//5893 4840//5893 4774//5893 
f 4777//5893 4842//5893 4820//5893 
f 4793//5893 4843//5893 4844//5893 
f 2972//5893 4667//5893 3293//5893 
f 3905//5893 3904//5893 4831//5893 
f 4831//5893 3909//5893 3908//5893 
f 3921//5893 3920//5893 4831//5893 
f 4831//5893 3931//5893 3930//5893 
f 4776//5893 4775//5893 4841//5893 
f 4844//5893 4662//5893 4793//5893 
f 4666//5893 3897//5893 3293//5893 
f 4666//5893 3899//5893 3898//5893 
f 4666//5893 3900//5893 3902//5893 
f 3908//5893 3907//5893 4831//5893 
f 4831//5893 3926//5893 3925//5893 
f 4831//5893 3928//5893 3927//5893 
f 3930//5893 3929//5893 4831//5893 
f 4844//5893 4831//5893 4662//5893 
f 4667//5893 4666//5893 3293//5893 
f 3902//5893 3899//5893 4666//5893 
f 4666//5893 4831//5893 3901//5893 
f 3910//5893 3909//5893 4831//5893 
f 3929//5893 3928//5893 4831//5893 
f 3933//5893 4845//5893 4359//5893 
f 4831//5893 4663//5893 4662//5893 
f 4831//5893 4665//5893 4664//5893 
f 3898//5893 3897//5893 4666//5893 
f 4831//5893 3903//5893 3901//5893 
f 3927//5893 3926//5893 4831//5893 
f 4845//5893 4846//5893 4359//5893 
f 3932//5893 4847//5893 4848//5893 
f 2972//5893 2824//5893 2823//5893 
f 4664//5893 4663//5893 4831//5893 
f 3901//5893 3900//5893 4666//5893 
f 4831//5893 3932//5893 3931//5893 
f 4359//5893 3934//5893 3933//5893 
f 4848//5893 4849//5893 3932//5893 
f 2972//5893 2817//5893 2816//5893 
f 2972//5893 2819//5893 2818//5893 
f 2972//5893 2825//5893 2824//5893 
f 4831//5893 4666//5893 4665//5893 
f 3904//5893 3903//5893 4831//5893 
f 4849//5893 4845//5893 3932//5893 
f 2972//5893 2815//5893 2814//5893 
f 2818//5893 2817//5893 2972//5893 
f 2972//5893 2821//5893 2820//5893 
f 2823//5893 2822//5893 2972//5893 
f 2972//5893 2828//5893 2826//5893 
f 2829//5893 2828//5893 2972//5893 
f 3932//5893 4831//5893 4847//5893 
f 2814//5893 2813//5893 2972//5893 
f 2820//5893 2819//5893 2972//5893 
f 2826//5893 2825//5893 2972//5893 
f 3933//5893 3932//5893 4845//5893 
f 2816//5893 2815//5893 2972//5893 
f 4761//5893 4816//5893 4824//5893 
f 2822//5893 2821//5893 2972//5893 
f 2813//5893 2812//5893 2972//5893 
o mesh26
f 4861//5894 2358//5895 4357//5896 
f 4357//5896 4358//5897 4861//5894 
f 4358//5897 4355//5898 4861//5894 
f 4850//5899 4851//5900 4861//5894 
f 4852//5901 4850//5899 4862//5902 
f 4852//5901 4863//5903 4853//5904 
f 4863//5903 4854//5905 4853//5904 
f 4355//5898 4354//5906 4864//5907 
f 4862//5902 4861//5894 4864//5907 
f 4863//5903 4862//5902 4865//5908 
f 4863//5903 4866//5909 4855//5910 
f 4866//5909 4856//5911 4855//5910 
f 4867//5912 4864//5907 4352//5913 
f 4864//5907 4354//5906 4356//5914 
f 4356//5914 4352//5913 4864//5907 
f 4865//5908 4864//5907 4867//5912 
f 4866//5909 4865//5908 4868//5915 
f 4869//5916 4857//5917 4858//5918 
f 4869//5916 4859//5919 4857//5917 
f 4858//5918 4866//5909 4869//5916 
f 4846//5920 4867//5912 4353//5921 
f 4353//5921 4359//5922 4846//5920 
f 4867//5912 4351//5923 4353//5921 
f 4867//5912 4845//5924 4849//5925 
f 4848//5926 4869//5916 4868//5915 
f 4868//5915 4849//5925 4848//5926 
f 4869//5916 4847//5927 4831//5928 
f 4831//5928 4859//5919 4869//5916 
f 4848//5926 4847//5927 4869//5916 
f 4849//5925 4868//5915 4867//5912 
f 4846//5920 4845//5924 4867//5912 
f 4858//5918 4856//5911 4866//5909 
f 4868//5915 4869//5916 4866//5909 
f 4867//5912 4868//5915 4865//5908 
f 4352//5913 4351//5923 4867//5912 
f 4855//5910 4854//5905 4863//5903 
f 4865//5908 4866//5909 4863//5903 
f 4864//5907 4865//5908 4862//5902 
f 4864//5907 4861//5894 4355//5898 
f 4853//5904 4860//5929 4852//5901 
f 4862//5902 4863//5903 4852//5901 
f 4861//5894 4862//5902 4850//5899 
f 4861//5894 4851//5900 2358//5895 
o mesh27
f 4870//5930 4724//5930 4721//5930 
f 4870//5930 4871//5930 4723//5930 
f 4872//5930 4873//5930 4720//5930 
f 4723//5930 4724//5930 4870//5930 
f 4872//5930 4718//5930 4719//5930 
f 4720//5930 4722//5930 4872//5930 
f 4721//5930 4873//5930 4870//5930 
f 4719//5930 4874//5930 4872//5930 
f 4721//5930 4720//5930 4873//5930 
f 4875//5930 4716//5930 4714//5930 
f 4875//5930 4876//5930 4715//5930 
f 4717//5930 4715//5930 4876//5930 
f 4722//5930 4718//5930 4872//5930 
f 4877//5930 4714//5930 4713//5930 
f 4715//5930 4716//5930 4875//5930 
f 4719//5930 4717//5930 4874//5930 
f 4878//5930 4879//5930 4732//5930 
f 4880//5930 4736//5930 4735//5930 
f 4713//5930 4881//5930 4877//5930 
f 4876//5930 4874//5930 4717//5930 
f 4732//5930 4734//5930 4878//5930 
f 4735//5930 4879//5930 4880//5930 
f 934//5930 4647//5930 197//5930 
f 197//5930 532//5930 534//5930 
f 197//5930 535//5930 533//5930 
f 4882//5930 4710//5930 4711//5930 
f 4710//5930 4882//5930 4881//5930 
f 4714//5930 4877//5930 4875//5930 
f 4883//5930 4729//5930 4725//5930 
f 4884//5930 4885//5930 4730//5930 
f 4731//5930 4730//5930 4885//5930 
f 4879//5930 4733//5930 4732//5930 
f 4880//5930 4886//5930 4736//5930 
f 197//5930 522//5930 521//5930 
f 197//5930 527//5930 526//5930 
f 197//5930 529//5930 528//5930 
f 197//5930 531//5930 530//5930 
f 533//5930 532//5930 197//5930 
f 4707//5930 4887//5930 4888//5930 
f 4711//5930 4889//5930 4882//5930 
f 4713//5930 4712//5930 4881//5930 
f 4883//5930 4727//5930 4729//5930 
f 4727//5930 4883//5930 4884//5930 
f 4885//5930 4878//5930 4731//5930 
f 4735//5930 4733//5930 4879//5930 
f 4890//5930 4813//5930 4741//5930 
f 197//5930 521//5930 934//5930 
f 197//5930 525//5930 524//5930 
f 528//5930 527//5930 197//5930 
f 534//5930 531//5930 197//5930 
f 197//5930 194//5930 537//5930 
f 4888//5930 4708//5930 4707//5930 
f 4881//5930 4712//5930 4710//5930 
f 4871//5930 4891//5930 4726//5930 
f 4884//5930 4728//5930 4727//5930 
f 4734//5930 4731//5930 4878//5930 
f 4737//5930 4886//5930 4892//5930 
f 4741//5930 4892//5930 4890//5930 
f 4650//5930 1027//5930 1026//5930 
f 524//5930 522//5930 197//5930 
f 1030//5930 4649//5930 4648//5930 
f 530//5930 529//5930 197//5930 
f 537//5930 536//5930 197//5930 
f 1023//5930 4887//5930 4704//5930 
f 4887//5930 4706//5930 4705//5930 
f 4887//5930 4707//5930 4709//5930 
f 4711//5930 4708//5930 4889//5930 
f 4891//5930 4725//5930 4726//5930 
f 4730//5930 4728//5930 4884//5930 
f 4892//5930 4738//5930 4737//5930 
f 4813//5930 4742//5930 4741//5930 
f 4650//5930 1025//5930 1024//5930 
f 4650//5930 1028//5930 1027//5930 
f 4648//5930 4647//5930 1030//5930 
f 536//5930 535//5930 197//5930 
f 4705//5930 4704//5930 4887//5930 
f 4888//5930 4889//5930 4708//5930 
f 4725//5930 4891//5930 4883//5930 
f 4741//5930 4738//5930 4892//5930 
f 1010//5930 4893//5930 4894//5930 
f 1010//5930 1009//5930 4895//5930 
f 1014//5930 1013//5930 4896//5930 
f 1019//5930 1018//5930 4897//5930 
f 4898//5930 1021//5930 1020//5930 
f 1026//5930 1025//5930 4650//5930 
f 4650//5930 1030//5930 1029//5930 
f 526//5930 525//5930 197//5930 
f 4709//5930 4706//5930 4887//5930 
f 4737//5930 4736//5930 4886//5930 
f 4895//5930 4893//5930 1010//5930 
f 4896//5930 4897//5930 1014//5930 
f 4897//5930 1018//5930 1017//5930 
f 1020//5930 1019//5930 4898//5930 
f 1022//5930 1021//5930 4898//5930 
f 1023//5930 1022//5930 4899//5930 
f 1029//5930 1028//5930 4650//5930 
f 1030//5930 4650//5930 4649//5930 
f 1023//5930 4652//5930 4651//5930 
f 4726//5930 4723//5930 4871//5930 
f 4896//5930 1011//5930 1010//5930 
f 1013//5930 1012//5930 4896//5930 
f 4897//5930 4898//5930 1019//5930 
f 4899//5930 4887//5930 1023//5930 
f 934//5930 1030//5930 4647//5930 
f 4704//5930 4652//5930 1023//5930 
f 2363//5930 989//5930 988//5930 
f 2363//5930 994//5930 993//5930 
f 1012//5930 1011//5930 4896//5930 
f 4897//5930 1016//5930 1015//5930 
f 4898//5930 4899//5930 1022//5930 
f 4651//5930 4650//5930 1023//5930 
f 988//5930 984//5930 2363//5930 
f 2363//5930 991//5930 990//5930 
f 993//5930 992//5930 2363//5930 
f 2363//5930 996//5930 995//5930 
f 1009//5930 4900//5930 4901//5930 
f 1009//5930 1008//5930 2363//5930 
f 1015//5930 1014//5930 4897//5930 
f 1024//5930 1023//5930 4650//5930 
f 990//5930 989//5930 2363//5930 
f 995//5930 994//5930 2363//5930 
f 2363//5930 1004//5930 1003//5930 
f 2363//5930 1006//5930 1005//5930 
f 2363//5930 4900//5930 1009//5930 
f 1017//5930 1016//5930 4897//5930 
f 992//5930 991//5930 2363//5930 
f 2363//5930 998//5930 997//5930 
f 2363//5930 1002//5930 1001//5930 
f 1005//5930 1004//5930 2363//5930 
f 2363//5930 1008//5930 1007//5930 
f 4894//5930 4896//5930 1010//5930 
f 997//5930 996//5930 2363//5930 
f 2363//5930 1000//5930 999//5930 
f 1003//5930 1002//5930 2363//5930 
f 4901//5930 4895//5930 1009//5930 
f 999//5930 998//5930 2363//5930 
f 1007//5930 1006//5930 2363//5930 
f 1001//5930 1000//5930 2363//5930 
f 984//5930 987//5930 2363//5930 
o mesh28
f 4812//5931 4902//5931 4903//5931 
f 4817//5931 4904//5931 4905//5931 
f 4906//5931 4904//5931 4817//5931 
f 4906//5931 4814//5931 4811//5931 
f 4812//5931 4907//5931 4902//5931 
f 4816//5931 4815//5931 4908//5931 
f 4815//5931 4905//5931 4909//5931 
f 4817//5931 4814//5931 4906//5931 
f 4903//5931 4811//5931 4812//5931 
f 4909//5931 4908//5931 4815//5931 
f 4811//5931 4903//5931 4906//5931 
f 4812//5931 4813//5931 4910//5931 
f 4905//5931 4815//5931 4817//5931 
f 4813//5931 4890//5931 4910//5931 
f 4910//5931 4907//5931 4812//5931 
f 4908//5931 4824//5931 4816//5931 
o mesh29
f 4930//5932 4843//5933 4835//5934 
f 4835//5934 4931//5935 4930//5932 
f 4931//5935 4932//5936 4933//5937 
f 4933//5937 4932//5936 4911//5938 
f 4932//5936 4912//5939 4911//5938 
f 4931//5935 4834//5940 4839//5941 
f 4839//5941 4934//5942 4931//5935 
f 4934//5942 4935//5943 4932//5936 
f 4935//5943 4913//5944 4912//5939 
f 4934//5942 4833//5945 4828//5946 
f 4828//5946 4936//5947 4934//5942 
f 4936//5947 4937//5948 4935//5943 
f 4935//5943 4937//5948 4914//5949 
f 4937//5948 4915//5950 4914//5949 
f 4938//5951 4823//5952 4819//5953 
f 4819//5953 4939//5954 4938//5951 
f 4939//5954 4940//5955 4941//5956 
f 4941//5956 4940//5955 4916//5957 
f 4940//5955 4917//5958 4916//5957 
f 4942//5959 4939//5954 4818//5960 
f 4939//5954 4822//5961 4818//5960 
f 4818//5960 4821//5962 4942//5959 
f 4942//5959 4943//5963 4940//5955 
f 4943//5963 4918//5964 4919//5965 
f 4919//5965 4940//5955 4943//5963 
f 4943//5963 4920//5966 4918//5964 
f 4944//5967 4942//5959 4842//5968 
f 4942//5959 4820//5969 4842//5968 
f 4842//5968 4841//5970 4944//5967 
f 4944//5967 4945//5971 4943//5963 
f 4943//5963 4945//5971 4921//5972 
f 4945//5971 4922//5973 4921//5972 
f 4946//5974 4944//5967 4838//5975 
f 4944//5967 4840//5976 4838//5975 
f 4838//5975 4837//5977 4946//5974 
f 4946//5974 4947//5978 4945//5971 
f 4945//5971 4947//5978 4923//5979 
f 4947//5978 4924//5980 4923//5979 
f 4948//5981 4946//5974 4830//5982 
f 4830//5982 4829//5983 4948//5981 
f 4946//5974 4836//5984 4830//5982 
f 4948//5981 4949//5985 4947//5978 
f 4947//5978 4949//5985 4925//5986 
f 4949//5985 4926//5987 4925//5986 
f 4936//5947 4827//5988 4826//5989 
f 4826//5989 4938//5951 4936//5947 
f 4938//5951 4941//5956 4937//5948 
f 4941//5956 4927//5990 4915//5950 
f 4933//5937 4928//5991 4860//5992 
f 4930//5932 4933//5937 4855//5993 
f 4855//5993 4856//5994 4930//5932 
f 4933//5937 4853//5995 4854//5996 
f 4854//5996 4855//5993 4933//5937 
f 4859//5997 4831//5998 4844//5999 
f 4843//5933 4857//6000 4859//5997 
f 4930//5932 4858//6001 4857//6000 
f 4857//6000 4843//5933 4930//5932 
f 4908//6002 4948//5981 4825//6003 
f 4825//6003 4824//6004 4908//6002 
f 4948//5981 4832//6005 4825//6003 
f 4949//5985 4948//5981 4909//6006 
f 4909//6006 4905//6007 4949//5985 
f 4949//5985 4904//6008 4929//6009 
f 4904//6008 4906//6010 4929//6009 
f 4929//6009 4926//5987 4949//5985 
f 4905//6007 4904//6008 4949//5985 
f 4908//6002 4909//6006 4948//5981 
f 4844//5999 4843//5933 4859//5997 
f 4856//5994 4858//6001 4930//5932 
f 4860//5992 4853//5995 4933//5937 
f 4915//5950 4937//5948 4941//5956 
f 4937//5948 4936//5947 4938//5951 
f 4826//5989 4823//5952 4938//5951 
f 4925//5986 4924//5980 4947//5978 
f 4947//5978 4946//5974 4948//5981 
f 4829//5983 4832//6005 4948//5981 
f 4923//5979 4922//5973 4945//5971 
f 4945//5971 4944//5967 4946//5974 
f 4837//5977 4836//5984 4946//5974 
f 4921//5972 4920//5966 4943//5963 
f 4943//5963 4942//5959 4944//5967 
f 4841//5970 4840//5976 4944//5967 
f 4919//5965 4917//5958 4940//5955 
f 4940//5955 4939//5954 4942//5959 
f 4821//5962 4820//5969 4942//5959 
f 4916//5957 4927//5990 4941//5956 
f 4941//5956 4938//5951 4939//5954 
f 4819//5953 4822//5961 4939//5954 
f 4914//5949 4913//5944 4935//5943 
f 4935//5943 4934//5942 4936//5947 
f 4828//5946 4827//5988 4936//5947 
f 4912//5939 4932//5936 4935//5943 
f 4932//5936 4931//5935 4934//5942 
f 4839//5941 4833//5945 4934//5942 
f 4911//5938 4928//5991 4933//5937 
f 4933//5937 4930//5932 4931//5935 
f 4835//5934 4834//5940 4931//5935 
o mesh30
f 4957//6011 4928//6012 4911//6013 
f 4911//6013 4958//6014 4957//6011 
f 4959//6015 4960//6016 4957//6011 
f 4960//6016 4959//6015 4899//6017 
f 4959//6015 4887//6018 4899//6017 
f 4961//6019 4958//6014 4912//6020 
f 4962//6021 4959//6015 4958//6014 
f 4959//6015 4962//6021 4888//6022 
f 4962//6021 4889//6023 4888//6022 
f 4961//6019 4913//6024 4914//6025 
f 4914//6025 4963//6026 4961//6019 
f 4964//6027 4962//6021 4961//6019 
f 4962//6021 4964//6027 4882//6028 
f 4964//6027 4881//6029 4882//6028 
f 4965//6030 4927//6031 4916//6032 
f 4916//6032 4966//6033 4965//6030 
f 4967//6034 4968//6035 4965//6030 
f 4968//6035 4967//6034 4876//6036 
f 4967//6034 4874//6037 4876//6036 
f 4969//6038 4919//6039 4918//6040 
f 4918//6040 4970//6041 4969//6038 
f 4971//6042 4967//6034 4969//6038 
f 4967//6034 4966//6033 4969//6038 
f 4971//6042 4873//6043 4872//6044 
f 4872//6044 4967//6034 4971//6042 
f 4971//6042 4870//6045 4873//6043 
f 4970//6041 4920//6046 4921//6047 
f 4921//6047 4972//6048 4970//6041 
f 4973//6049 4971//6042 4970//6041 
f 4973//6049 4891//6050 4871//6051 
f 4871//6051 4971//6042 4973//6049 
f 4973//6049 4883//6052 4891//6050 
f 4972//6048 4922//6053 4923//6054 
f 4923//6054 4974//6055 4972//6048 
f 4975//6056 4973//6049 4972//6048 
f 4975//6056 4885//6057 4884//6058 
f 4884//6058 4973//6049 4975//6056 
f 4975//6056 4878//6059 4885//6057 
f 4974//6055 4924//6060 4925//6061 
f 4925//6061 4976//6062 4974//6055 
f 4977//6063 4975//6056 4974//6055 
f 4977//6063 4880//6064 4879//6065 
f 4977//6063 4886//6066 4880//6064 
f 4879//6065 4975//6056 4977//6063 
f 4965//6030 4963//6026 4915//6067 
f 4968//6035 4964//6027 4963//6026 
f 4964//6027 4968//6035 4877//6068 
f 4968//6035 4875//6069 4877//6068 
f 4969//6038 4966//6033 4917//6070 
f 4960//6016 4898//6071 4950//6072 
f 4950//6072 4898//6071 4897//6073 
f 4897//6073 4896//6074 4950//6072 
f 4957//6011 4951//6075 4952//6076 
f 4960//6016 4953//6077 4951//6075 
f 4951//6075 4957//6011 4960//6016 
f 4957//6011 4954//6078 4955//6079 
f 4957//6011 4956//6080 4954//6078 
f 4955//6079 4928//6012 4957//6011 
f 4929//6081 4906//6082 4903//6083 
f 4976//6062 4926//6084 4929//6081 
f 4929//6081 4902//6085 4976//6062 
f 4977//6063 4976//6062 4907//6086 
f 4976//6062 4902//6085 4907//6086 
f 4910//6087 4890//6088 4892//6089 
f 4892//6089 4977//6063 4910//6087 
f 4892//6089 4886//6066 4977//6063 
f 4907//6086 4910//6087 4977//6063 
f 4903//6083 4902//6085 4929//6081 
f 4955//6079 4860//6090 4928//6012 
f 4952//6076 4956//6080 4957//6011 
f 4950//6072 4953//6077 4960//6016 
f 4917//6070 4919//6039 4969//6038 
f 4877//6068 4881//6029 4964//6027 
f 4963//6026 4965//6030 4968//6035 
f 4915//6067 4927//6031 4965//6030 
f 4879//6065 4878//6059 4975//6056 
f 4974//6055 4976//6062 4977//6063 
f 4925//6061 4926//6084 4976//6062 
f 4884//6058 4883//6052 4973//6049 
f 4972//6048 4974//6055 4975//6056 
f 4923//6054 4924//6060 4974//6055 
f 4871//6051 4870//6045 4971//6042 
f 4970//6041 4972//6048 4973//6049 
f 4921//6047 4922//6053 4972//6048 
f 4872//6044 4874//6037 4967//6034 
f 4969//6038 4970//6041 4971//6042 
f 4918//6040 4920//6046 4970//6041 
f 4876//6036 4875//6069 4968//6035 
f 4965//6030 4966//6033 4967//6034 
f 4916//6032 4917//6070 4966//6033 
f 4882//6028 4889//6023 4962//6021 
f 4961//6019 4963//6026 4964//6027 
f 4914//6025 4915//6067 4963//6026 
f 4888//6022 4887//6018 4959//6015 
f 4958//6014 4961//6019 4962//6021 
f 4912//6020 4913//6024 4961//6019 
f 4899//6017 4898//6071 4960//6016 
f 4957//6011 4958//6014 4959//6015 
f 4911//6013 4912//6020 4958//6014 
o mesh31
f 4978//6091 4852//6092 4955//6093 
f 4852//6092 4860//6094 4955//6093 
f 4850//6095 4852//6092 4978//6091 
f 4851//6096 4850//6095 4979//6097 
f 2356//6098 2358//6099 4851//6096 
f 4980//6100 4978//6091 4956//6101 
f 4978//6091 4954//6102 4956//6101 
f 4979//6097 4978//6091 4980//6100 
f 4981//6103 4979//6097 4982//6104 
f 4981//6103 4983//6105 2360//6106 
f 4983//6105 2359//6107 2360//6106 
f 2360//6106 2361//6108 4981//6103 
f 4984//6109 4952//6110 4951//6111 
f 4951//6111 4953//6112 4984//6109 
f 4953//6112 4950//6113 4984//6109 
f 4982//6104 4980//6100 4984//6109 
f 4983//6105 4982//6104 4985//6114 
f 4983//6105 4986//6115 2365//6116 
f 4986//6115 2362//6117 2364//6118 
f 2364//6118 2365//6116 4986//6115 
f 4950//6113 4896//6119 4894//6120 
f 4894//6120 4984//6109 4950//6113 
f 4984//6109 4893//6121 4895//6122 
f 4901//6123 4986//6115 4985//6114 
f 4985//6114 4895//6122 4901//6123 
f 4986//6115 4900//6124 2363//6125 
f 2363//6125 2362//6117 4986//6115 
f 4901//6123 4900//6124 4986//6115 
f 4895//6122 4985//6114 4984//6109 
f 4894//6120 4893//6121 4984//6109 
f 2365//6116 2359//6107 4983//6105 
f 4985//6114 4986//6115 4983//6105 
f 4984//6109 4985//6114 4982//6104 
f 4984//6109 4980//6100 4952//6110 
f 2361//6108 2356//6098 4981//6103 
f 4982//6104 4983//6105 4981//6103 
f 4980//6100 4982//6104 4979//6097 
f 4956//6101 4952//6110 4980//6100 
f 4851//6096 4981//6103 2356//6098 
f 4979//6097 4981//6103 4851//6096 
f 4978//6091 4979//6097 4850//6095 
f 4955//6093 4954//6102 4978//6091 
