# WaveFront *.obj file (generated by Autodesk ATF)

mtllib spoon.mtl

g Body1

v 8.932452 -1.060207 -0.488421
v 8.966341 -1.153551 -0.500184
v 7.050373 -1.794008 -0.529061
v 5.407149 -2.276459 -0.517281
v 3.599329 -2.739339 -0.465299
v 1.776861 -3.135716 -0.371436
v 1.755941 -3.045066 -0.334396
v 3.577342 -2.645426 -0.438887
v 5.380736 -2.182153 -0.497045
v 7.020924 -1.699783 -0.513110
v 7.959233 -1.448237 -0.513861
v 6.179778 -2.005342 -0.518006
v 5.440536 -2.215926 -0.507933
v 4.429020 -2.484879 -0.482854
v 3.686185 -2.668556 -0.456032
v 3.636773 -2.680364 -0.453993
v 2.890815 -2.852436 -0.419309
v 2.686374 -2.897577 -0.408505
v 7.035502 -1.746425 -0.521006
v 5.393844 -2.228826 -0.507063
v 5.058414 -2.320112 -0.499999
v 3.588252 -2.691908 -0.451960
v 3.112448 -2.802519 -0.430386
v 3.612250 -2.686205 -0.452969
v 5.416957 -2.222446 -0.507498
v 3.992897 -2.594122 -0.467975
v 5.583455 -2.176146 -0.510423
v 5.777859 -2.121321 -0.513392
v 5.487900 -2.202792 -0.508787
v 3.786474 -2.644435 -0.460072
v 2.731653 -2.887654 -0.410947
v 2.784033 -2.876122 -0.413736
v 2.351448 -2.969657 -0.389582
v 2.705716 -2.893343 -0.409552
v 1.753677 -3.045238 -0.335596
v 1.245849 -3.346564 -0.336238
v 0.996887 -3.484765 -0.318520
v 0.762886 -3.647811 -0.301142
v 0.702128 -3.568883 -0.292267
v 0.945089 -3.400087 -0.306413
v 1.203157 -3.257710 -0.319434
v 1.694678 -3.112844 -0.350894
v 1.661501 -3.123905 -0.349579
v 1.610797 -3.141404 -0.347465
v 1.490419 -3.185914 -0.341960
v 1.459048 -3.198256 -0.340429
v 1.348647 -3.244455 -0.334727
v 1.686586 -3.115513 -0.350578
v 1.622377 -3.137346 -0.347956
v 1.561903 -3.158957 -0.345324
v 1.482713 -3.188915 -0.341587
v 1.356350 -3.241084 -0.335138
v 1.325096 -3.254907 -0.333459
v 1.217382 -3.305647 -0.327427
v 1.104108 -3.364677 -0.320757
v 1.210206 -3.309208 -0.327014
v 0.964040 -3.446754 -0.312017
v 0.855665 -3.518013 -0.304991
v 1.763881 -3.090885 -0.353500
v 1.224503 -3.302137 -0.327836
v 1.220950 -3.303886 -0.327632
v 0.970989 -3.442426 -0.312459
v 0.967519 -3.444583 -0.312239
v 1.016664 -3.414661 -0.315350
v 1.292684 -3.269657 -0.331683
v 0.942977 -3.460044 -0.310670
v 0.914405 -3.478495 -0.308830
v 0.957054 -3.451132 -0.311571
v 1.166001 -3.331662 -0.324446
v 1.195688 -3.316483 -0.326176
v 1.340869 -3.247883 -0.334310
v 1.352508 -3.242763 -0.334933
v 1.426227 -3.211527 -0.338785
v 1.474916 -3.191972 -0.341208
v 1.486578 -3.187407 -0.341774
v 1.594955 -3.147016 -0.346785
v 1.618546 -3.138684 -0.347794
v 1.626180 -3.136021 -0.348116
v 1.678359 -3.118245 -0.350254
v 1.690649 -3.114170 -0.350737
v 0.686869 -3.708481 -0.302633
v 0.613423 -3.770340 -0.318196
v 0.546975 -3.696029 -0.310231
v 0.623138 -3.631857 -0.294444
v 0.650683 -3.674359 -0.299144
v 0.618049 -3.701510 -0.304607
v 0.655322 -3.670552 -0.298579
v 0.653004 -3.672453 -0.298855
v 0.636732 -3.685887 -0.301157
v 0.646039 -3.678184 -0.299761
v 0.593009 -3.722793 -0.310632
v 0.539961 -3.830417 -0.349491
v 0.469665 -3.882236 -0.398638
v 0.411008 -3.919393 -0.462251
v 0.407583 -3.921309 -0.466956
v 0.381796 -3.934348 -0.507950
v 0.360822 -3.942173 -0.552638
v 0.301450 -3.863084 -0.537812
v 0.321833 -3.855487 -0.494332
v 0.346851 -3.842832 -0.454590
v 0.375164 -3.826007 -0.419609
v 0.407248 -3.804801 -0.388254
v 0.475705 -3.754316 -0.340564
v 0.390786 -3.873704 -0.442506
v 0.442181 -3.840337 -0.389923
v 0.471566 -3.819272 -0.367287
v 0.511867 -3.788579 -0.342629
v 0.543020 -3.763614 -0.327751
v 0.507512 -3.791986 -0.344983
v 0.495255 -3.801463 -0.351994
v 0.438144 -3.843132 -0.393394
v 0.426886 -3.850787 -0.403592
v 0.376914 -3.881678 -0.460712
v 0.380291 -3.879788 -0.456075
v 0.351316 -3.894614 -0.501437
v 0.405623 -3.864621 -0.425216
v 0.440158 -3.841741 -0.391651
v 0.509686 -3.790288 -0.343799
v 0.525075 -3.778119 -0.335910
v 0.567526 -3.743281 -0.318295
v 0.516245 -3.785133 -0.340332
v 0.454534 -3.831631 -0.379866
v 0.446258 -3.837488 -0.386512
v 0.383729 -3.877830 -0.451495
v 0.261408 -3.968737 -0.756823
v 0.133592 -4.000322 -0.942110
v -0.019338 -4.035379 -1.105053
v -0.195695 -4.073584 -1.244109
v -0.388729 -4.114515 -1.354274
v -0.596883 -4.159530 -1.434999
v -0.812360 -4.208844 -1.483585
v -1.032165 -4.263447 -1.499999
v -1.054168 -4.178966 -1.451226
v -0.839351 -4.125153 -1.435969
v -0.629062 -4.076382 -1.389710
v -0.426245 -4.031801 -1.312428
v -0.238459 -3.991329 -1.206622
v -0.067152 -3.953727 -1.072700
v 0.081205 -3.919460 -0.915346
v 0.205125 -3.888762 -0.735971
v -0.718806 -4.141907 -1.440037
v -0.382917 -4.067895 -1.321459
v -0.310528 -4.052431 -1.283053
v 0.035204 -3.976791 -1.011504
v 0.124748 -3.955742 -0.906828
v 0.174007 -3.943714 -0.839609
v 0.240342 -3.926927 -0.734157
v 0.286247 -3.914846 -0.647229
v 0.233268 -3.928754 -0.746397
v 0.107392 -3.959900 -0.928721
v -0.043245 -3.994553 -1.088877
v -0.127665 -4.013141 -1.160467
v -0.217077 -4.032457 -1.225366
v -0.407487 -4.073159 -1.333351
v -0.509092 -4.095088 -1.376813
v -0.612972 -4.117956 -1.412355
v -0.825855 -4.166999 -1.459777
v -0.772184 -4.154300 -1.450892
v -0.395174 -4.070520 -1.327462
v -0.003226 -3.985560 -1.050861
v 0.116129 -3.957812 -0.917807
v 0.236821 -3.927838 -0.740283
v 0.247286 -3.925125 -0.721871
v 0.260787 -3.921596 -0.697166
v 0.141633 -3.951658 -0.884678
v -0.358567 -4.062688 -1.309114
v -1.365064 -4.342971 -1.486426
v -1.698435 -4.409103 -1.444789
v -2.024683 -4.460418 -1.375921
v -2.350582 -4.496771 -1.277872
v -2.663871 -4.514952 -1.153852
v -2.972325 -4.512914 -1.000184
v -3.260677 -4.488474 -0.824387
v -3.533040 -4.439881 -0.625000
v -3.496432 -4.348864 -0.605611
v -3.231240 -4.396583 -0.798126
v -2.950303 -4.420949 -0.967664
v -2.649465 -4.423595 -1.115798
v -2.343567 -4.406519 -1.235382
v -2.025031 -4.371557 -1.330057
v -1.705949 -4.321698 -1.396771
v -1.379784 -4.257054 -1.437420
v -3.210955 -4.446875 -0.834305
v -3.104935 -4.457641 -0.900927
v -2.942454 -4.467732 -0.994234
v -2.809727 -4.470818 -1.063098
v -2.326991 -4.449903 -1.263511
v -2.186160 -4.435839 -1.308459
v -1.681618 -4.361708 -1.424170
v -1.537409 -4.334398 -1.444819
v -1.372424 -4.300013 -1.461923
v -1.702194 -4.365395 -1.420783
v -1.809663 -4.383777 -1.401286
v -2.024857 -4.415988 -1.352989
v -2.347074 -4.451646 -1.256627
v -2.450708 -4.459530 -1.219179
v -2.656670 -4.469267 -1.134829
v -2.961314 -4.466932 -0.983924
v -3.245959 -4.442529 -0.811257
v -3.228478 -4.444750 -0.822834
v -2.951888 -4.467344 -0.989094
v -2.337034 -4.450783 -1.260084
v -1.691907 -4.363558 -1.422490
v -1.661034 -4.357967 -1.427447
v -1.619847 -4.350325 -1.433674
v -2.306897 -4.448093 -1.270279
v -2.266683 -4.444270 -1.283467
v -2.923568 -4.468441 -1.004424
v -2.885719 -4.469586 -1.024452
v -3.175781 -4.450838 -0.856932
v -3.659286 -4.410681 -0.498595
v -3.754194 -4.388711 -0.347608
v -3.813527 -4.374883 -0.178353
v -3.833664 -4.370161 0.000744
v -3.813326 -4.374930 0.179232
v -3.753898 -4.388780 0.348219
v -3.658493 -4.410865 0.499588
v -3.533040 -4.439881 0.625000
v -3.496432 -4.348864 0.605611
v -3.618521 -4.320483 0.484320
v -3.711309 -4.298920 0.337718
v -3.769076 -4.285414 0.173878
v -3.788840 -4.280769 0.000722
v -3.769272 -4.285368 -0.173025
v -3.711596 -4.298853 -0.337126
v -3.619292 -4.320304 -0.483359
v -3.665264 -4.359476 0.456588
v -3.689854 -4.353776 0.419969
v -3.750826 -4.339607 0.302488
v -3.766656 -4.335912 0.261254
v -3.799950 -4.328118 0.132976
v -3.806204 -4.326648 0.089139
v -3.780342 -4.332713 -0.218474
v -3.766914 -4.335851 -0.260520
v -3.712690 -4.348479 -0.381384
v -3.690365 -4.353657 -0.419158
v -3.639289 -4.365494 -0.490977
v -3.732897 -4.343785 -0.342368
v -3.791401 -4.330125 -0.175689
v -3.806336 -4.326617 -0.087970
v -3.811252 -4.325465 0.000733
v -3.791203 -4.330172 0.176555
v -3.732606 -4.343852 0.342969
v -3.638508 -4.365675 0.491954
v -3.652158 -4.362514 0.474428
v -3.742016 -4.341661 0.322823
v -3.795889 -4.329072 0.154798
v -3.786167 -4.331351 -0.197174
v -3.723057 -4.346072 -0.362031
v -3.580577 -4.379085 -0.556590
v -3.258084 -4.488806 0.826124
v -2.967923 -4.513100 1.002620
v -2.661176 -4.514863 1.155060
v -2.349674 -4.496693 1.278188
v -2.022327 -4.460099 1.376520
v -1.694640 -4.408415 1.445428
v -1.363006 -4.342519 1.486599
v -1.032165 -4.263447 1.499999
v -1.054168 -4.178966 1.451226
v -1.377925 -4.256672 1.437594
v -1.702234 -4.321038 1.397389
v -2.022728 -4.371248 1.330636
v -2.342679 -4.406445 1.235686
v -2.646831 -4.423527 1.116955
v -2.946011 -4.421144 0.970009
v -3.228714 -4.396913 0.799800
v -1.738897 -4.371839 1.414466
v -1.860399 -4.391935 1.391019
v -2.365524 -4.453186 1.250197
v -2.500584 -4.462636 1.199986
v -2.975169 -4.466284 0.976266
v -3.101489 -4.457933 0.903014
v -3.278137 -4.438170 0.789594
v -3.380957 -4.421783 0.717200
v -3.243399 -4.442861 0.812961
v -2.956966 -4.467125 0.986313
v -2.856632 -4.470225 1.039488
v -2.654004 -4.469195 1.136008
v -2.346177 -4.451569 1.256937
v -2.238481 -4.441436 1.292434
v -2.022528 -4.415674 1.353579
v -1.698437 -4.364726 1.421410
v -1.370463 -4.299611 1.462105
v -1.718664 -4.368307 1.417992
v -2.351015 -4.451980 1.255262
v -2.966072 -4.466715 0.981303
v -3.260797 -4.440563 0.801325
v -3.312645 -4.433096 0.765845
v -2.993333 -4.465357 0.966116
v -3.029544 -4.463240 0.945501
v -2.384858 -4.454737 1.243349
v -2.423489 -4.457642 1.229330
v -1.779380 -4.378747 1.407087
v -0.811122 -4.208550 1.483400
v -0.594455 -4.158991 1.434256
v -0.387897 -4.114330 1.353878
v -0.193421 -4.073100 1.242574
v -0.018535 -4.035163 1.104327
v 0.135168 -3.999954 0.940124
v 0.262228 -3.968534 0.755424
v 0.360824 -3.942173 0.552632
v 0.301452 -3.863083 0.537807
v 0.205917 -3.888558 0.734614
v 0.082746 -3.919091 0.913438
v -0.066374 -3.953552 1.071990
v -0.236248 -3.990851 1.205146
v -0.425434 -4.031626 1.312048
v -0.626693 -4.075850 1.389002
v -0.838142 -4.124863 1.435793
v 0.220018 -3.932150 0.768625
v 0.175166 -3.943427 0.837926
v 0.073474 -3.967911 0.969181
v 0.036427 -3.976509 1.010202
v -0.083708 -4.003518 1.124559
v -0.126180 -4.012818 1.159300
v -0.238032 -4.036947 1.239151
v -0.308962 -4.052097 1.282165
v -0.637055 -4.123341 1.419390
v -0.716984 -4.141488 1.439630
v -0.933696 -4.193309 1.471629
v -0.824632 -4.166707 1.459597
v -0.610573 -4.117422 1.411630
v -0.507493 -4.094740 1.376198
v -0.406665 -4.072983 1.332963
v -0.214834 -4.031976 1.223860
v -0.042455 -3.994377 1.088153
v 0.108958 -3.959527 0.926780
v 0.234073 -3.928547 0.745019
v 0.227101 -3.930339 0.756854
v 0.091410 -3.963693 0.948154
v -0.062930 -3.998929 1.106566
v -0.226406 -4.034457 1.231566
v -0.623804 -4.120374 1.415574
v -0.879106 -4.179852 1.466622
v -0.663618 -4.129323 1.426642
v -0.261453 -4.041955 1.253963
v 0.205517 -3.935832 0.791979
v 0.381656 -3.934411 0.508205
v 0.407685 -3.921253 0.466814
v 0.436760 -3.903975 0.430866
v 0.467507 -3.883720 0.400534
v 0.539961 -3.830417 0.349491
v 0.613422 -3.770341 0.318192
v 0.546988 -3.696012 0.310326
v 0.475706 -3.754337 0.340536
v 0.407258 -3.804794 0.388245
v 0.390779 -3.815924 0.403443
v 0.340155 -3.846468 0.464222
v 0.321659 -3.855565 0.494650
v 0.543019 -3.763614 0.327751
v 0.511866 -3.788579 0.342629
v 0.483275 -3.810556 0.359427
v 0.429687 -3.848902 0.400981
v 0.370124 -3.885364 0.470487
v 0.377015 -3.881622 0.460572
v 0.351357 -3.894593 0.501360
v 0.363549 -3.888773 0.480590
v 0.386143 -3.876433 0.448358
v 0.421451 -3.854404 0.408807
v 0.405685 -3.864581 0.425147
v 0.438155 -3.843124 0.393385
v 0.436016 -3.844595 0.395262
v 0.507512 -3.791986 0.344983
v 0.509686 -3.790288 0.343799
v 0.373530 -3.883534 0.465506
v 0.433892 -3.846048 0.397154
v 0.525075 -3.778119 0.335910
v 0.516245 -3.785133 0.340332
v 0.567525 -3.743281 0.318295
v 0.686869 -3.708481 0.302633
v 0.762886 -3.647811 0.301142
v 0.702128 -3.568883 0.292267
v 0.623138 -3.631857 0.294444
v 0.618049 -3.701510 0.304607
v 0.650683 -3.674359 0.299144
v 0.655322 -3.670552 0.298579
v 0.681625 -3.649204 0.296354
v 0.653004 -3.672453 0.298855
v 0.636732 -3.685887 0.301157
v 0.624286 -3.696270 0.303358
v 0.646039 -3.678184 0.299761
v 0.996808 -3.484814 0.318514
v 1.246321 -3.346332 0.336271
v 1.776861 -3.135716 0.371436
v 1.753678 -3.045238 0.335596
v 1.203645 -3.257472 0.319456
v 0.945007 -3.400138 0.306408
v 0.914341 -3.478536 0.308826
v 0.963961 -3.446803 0.312012
v 0.967439 -3.444633 0.312233
v 1.104338 -3.364551 0.320771
v 1.210658 -3.308983 0.327040
v 1.166364 -3.331474 0.324467
v 1.221423 -3.303653 0.327659
v 1.325398 -3.254771 0.333475
v 1.355643 -3.241392 0.335100
v 1.482908 -3.188839 0.341597
v 1.595106 -3.146962 0.346792
v 1.625371 -3.136303 0.348082
v 1.686673 -3.115484 0.350581
v 1.690733 -3.114142 0.350740
v 1.016692 -3.414644 0.315352
v 0.970041 -3.443014 0.312399
v 1.293042 -3.269491 0.331703
v 1.224094 -3.302338 0.327812
v 1.763881 -3.090885 0.353500
v 0.942905 -3.460090 0.310666
v 0.855621 -3.518043 0.304988
v 0.956978 -3.451181 0.311566
v 1.196111 -3.316269 0.326200
v 1.217848 -3.305417 0.327454
v 1.348910 -3.244340 0.334741
v 1.341145 -3.247761 0.334325
v 1.459253 -3.198174 0.340439
v 1.352764 -3.242650 0.334947
v 1.489653 -3.186211 0.341923
v 1.426446 -3.211437 0.338796
v 1.618688 -3.138635 0.347800
v 1.475114 -3.191894 0.341218
v 1.661609 -3.123869 0.349584
v 1.486771 -3.187332 0.341784
v 1.694759 -3.112817 0.350897
v 1.562067 -3.158897 0.345331
v 1.610942 -3.141353 0.347471
v 1.622517 -3.137297 0.347962
v 1.678453 -3.118214 0.350258
v 1.755941 -3.045066 0.334396
v 3.599031 -2.739411 0.465285
v 5.406635 -2.276600 0.517272
v 7.050504 -1.793967 0.529061
v 8.966341 -1.153551 0.500184
v 8.932473 -1.060200 0.488416
v 7.021054 -1.699742 0.513110
v 5.379956 -2.182369 0.497030
v 3.576835 -2.645549 0.438861
v 2.431335 -2.952672 0.394236
v 2.672078 -2.900702 0.407729
v 3.465408 -2.720919 0.446676
v 2.553962 -2.926351 0.401208
v 3.526527 -2.706525 0.449330
v 4.429383 -2.484787 0.482866
v 5.266470 -2.263777 0.504550
v 5.329832 -2.246435 0.505826
v 5.910096 -2.083571 0.515141
v 6.457546 -1.923113 0.520001
v 7.643953 -1.552233 0.517511
v 8.282025 -1.339345 0.508824
v 3.587848 -2.692006 0.451943
v 3.854852 -2.627871 0.462752
v 5.393195 -2.229006 0.507051
v 7.035632 -1.746385 0.521006
v 5.361691 -2.237682 0.506449
v 3.557336 -2.699240 0.450649
v 4.896261 -2.363370 0.496068
v 5.141167 -2.297816 0.501875
v 3.345171 -2.749007 0.441312
v 2.648211 -2.905908 0.406427
v 3.112721 -2.802458 0.430399
v 2.616578 -2.912790 0.404688
v 2.196527 -3.002197 0.380304
v 8.969739 -1.152326 0.500092
v 8.973141 -1.151100 0.499999
v 8.976543 -1.149873 0.499907
v 8.979944 -1.148646 0.499815
v 8.945962 -1.055334 0.488063
v 8.942589 -1.056551 0.488153
v 8.939216 -1.057768 0.488242
v 8.935843 -1.058984 0.488331
v 8.956179 -1.104434 0.494121
v 9.072353 -1.116285 0.488650
v 9.162100 -1.086711 0.460083
v 9.225417 -1.066949 0.427655
v 9.284126 -1.049433 0.386028
v 9.319846 -1.039154 0.353597
v 9.381322 -1.022134 0.278926
v 9.427784 -1.009838 0.192523
v 9.456499 -1.002470 0.098776
v 9.466335 -1.000000 0.000530
v 9.456715 -1.002415 -0.097687
v 9.428167 -1.009739 -0.191602
v 9.395032 -1.018454 -0.257355
v 9.352928 -1.029890 -0.317100
v 9.265759 -1.054785 -0.400516
v 9.205280 -1.073123 -0.439238
v 9.118245 -1.100933 -0.476367
v 9.072813 -1.116126 -0.488531
v 8.979944 -1.148646 -0.499815
v 8.945962 -1.055334 -0.488063
v 9.038636 -1.022851 -0.477054
v 9.083968 -1.007655 -0.465192
v 9.170790 -0.979841 -0.428914
v 9.250001 -0.955927 -0.376527
v 9.318060 -0.936459 -0.309673
v 9.360044 -0.924960 -0.251329
v 9.393087 -0.916201 -0.187116
v 9.421550 -0.908831 -0.095400
v 9.431143 -0.906397 0.000517
v 9.421334 -0.908886 0.096463
v 9.392705 -0.916301 0.188015
v 9.346372 -0.928668 0.272391
v 9.285067 -0.945764 0.345311
v 9.210867 -0.967562 0.405125
v 9.127719 -0.993430 0.449284
v 9.038177 -1.023009 0.477171
v 9.009365 -1.085487 0.490550
v 9.187601 -1.026620 0.434298
v 9.228154 -1.014222 0.409981
v 9.334959 -0.983325 0.314029
v 9.349852 -0.979219 0.295209
v 9.426880 -0.958763 0.144636
v 9.364367 -0.975264 -0.274870
v 9.302974 -0.992312 -0.348941
v 9.228744 -1.014045 -0.409588
v 9.145155 -1.039992 -0.454580
v 9.055261 -1.069647 0.482892
v 9.100753 -1.054412 0.470888
v 9.144910 -1.040070 0.454683
v 9.208144 -1.020293 0.422632
v 9.218216 -1.017226 0.416430
v 9.266782 -1.002754 0.381501
v 9.302456 -0.992459 0.349454
v 9.410245 -0.963070 0.190269
v 9.363838 -0.975407 0.275651
v 9.448739 -0.953199 0.000523
v 9.438901 -0.955690 0.097616
v 9.446361 -0.953798 -0.048242
v 9.410627 -0.962970 -0.189359
v 9.439119 -0.955635 -0.096540
v 9.389630 -0.968491 -0.233240
v 9.377532 -0.971717 -0.254337
v 9.335493 -0.983177 -0.313385
v 9.248412 -1.008166 -0.395762
v 9.188031 -1.026486 -0.434067
v 9.166864 -1.033102 -0.444819
v 9.101106 -1.054295 -0.470776
v 9.055725 -1.069489 -0.482792
v 9.267339 -1.002591 -0.381046
v 9.433467 -0.957075 0.121299
v 9.356958 -0.977277 0.285522
v 9.032378 -1.077485 0.487255
v 8.976543 -1.149873 -0.499907
v 8.973141 -1.151100 -0.499999
v 8.969739 -1.152326 -0.500092
v 8.935830 -1.058989 -0.488331
v 8.939207 -1.057771 -0.488242
v 8.942585 -1.056553 -0.488153
v 8.956174 -1.104435 -0.494121
v 8.932143 -1.090975 -0.000000
v 9.139867 -1.014874 -0.000003
v 9.346777 -0.938029 -0.000003
v 1.756753 -3.093014 -0.170594
v 1.757049 -3.109241 -0.000000
v 1.756754 -3.093014 0.170594
v 4.751043 -2.387593 -0.288357
v 4.751737 -2.362758 0.430779
v 7.749615 -1.476698 -0.433286
v 7.749082 -1.504686 0.000000
v 7.749615 -1.476698 0.433286
v 6.556929 -1.863646 -0.375426
v 6.556395 -1.888434 0.000000
v 6.556929 -1.863646 0.375426
v 7.154442 -1.673926 0.404363
v 7.153909 -1.700315 0.000000
v 7.154442 -1.673926 -0.404363
v 5.355162 -2.220496 -0.317441
v 5.354619 -2.242065 0.000000
v 5.355162 -2.220496 0.317441
v 5.355842 -2.193634 0.474298
v 3.549520 -2.695926 -0.230540
v 3.548928 -2.712615 0.000000
v 3.549520 -2.695926 0.230540
v 3.550261 -2.675154 0.344268
v 4.145573 -2.524325 0.387136
v 4.144860 -2.547117 0.259190
v 4.144290 -2.565424 0.000000
v 4.144860 -2.547117 -0.259190
v 2.954202 -2.792667 0.398990
v 2.953110 -2.818717 0.301233
v 2.952331 -2.837447 0.201776
v 2.951709 -2.852498 0.000000
v 2.952331 -2.837447 -0.201776
v 2.954202 -2.792667 -0.398990
v 4.750490 -2.407538 0.000000
v 4.751043 -2.387593 0.288357
v 0.547066 -3.708316 -0.155369
v 0.547072 -3.712449 -0.000024
v 0.547062 -3.708322 0.155323
v 0.820684 -3.485782 -0.265487
v 0.820684 -3.485782 0.265487
v 1.756524 -3.091361 0.179202
v 1.755497 -3.083669 0.214605
v 1.754338 -3.074587 0.249735
v 1.753048 -3.064128 0.284535
v 1.533303 -3.116277 -0.337303
v 1.534667 -3.130647 -0.282201
v 1.535804 -3.142452 -0.226505
v 1.536700 -3.151660 -0.170316
v 1.537343 -3.158256 -0.113747
v 1.537730 -3.162225 -0.056930
v 1.537860 -3.163551 0.000000
v 1.537730 -3.162225 0.056930
v 1.537343 -3.158256 0.113747
v 1.536700 -3.151660 0.170316
v 1.535804 -3.142452 0.226505
v 1.534667 -3.130647 0.282201
v 1.533303 -3.116277 0.337303
v 1.756524 -3.091361 -0.179203
v 1.755497 -3.083669 -0.214605
v 1.754338 -3.074587 -0.249735
v 1.753048 -3.064128 -0.284535
v 1.322811 -3.205121 0.310932
v 1.323765 -3.218755 0.233890
v 1.324452 -3.228524 0.156248
v 1.324868 -3.234402 0.078216
v 1.325007 -3.236366 0.000000
v 1.324868 -3.234402 -0.078216
v 1.324452 -3.228524 -0.156248
v 1.323765 -3.218755 -0.233890
v 1.322811 -3.205121 -0.310932
v 1.118475 -3.303661 -0.298136
v 1.119111 -3.316673 -0.199203
v 1.119497 -3.324502 -0.099730
v 1.119627 -3.327119 0.000000
v 1.119497 -3.324502 0.099730
v 1.119111 -3.316673 0.199203
v 1.118475 -3.303661 0.298136
v 0.917641 -3.424986 -0.243348
v 0.917990 -3.434840 -0.121842
v 0.918108 -3.438133 0.000000
v 0.917990 -3.434840 0.121842
v 0.917641 -3.424986 0.243348
v 0.726447 -3.550902 0.287666
v 0.726747 -3.562803 0.144041
v 0.726848 -3.566780 0.000000
v 0.726747 -3.562803 -0.144041
v 0.726447 -3.550902 -0.287666
v 1.428376 -3.171548 -0.268534
v 1.429331 -3.182952 -0.201964
v 1.430017 -3.191122 -0.134904
v 1.430432 -3.196038 -0.067525
v 1.430571 -3.197681 0.000000
v 1.430432 -3.196038 0.067525
v 1.430017 -3.191122 0.134904
v 1.429331 -3.182952 0.201964
v 1.428376 -3.171548 0.268534
v 0.821009 -3.496656 -0.132932
v 0.821119 -3.500290 0.000000
v 0.821009 -3.496656 0.132932
v -3.768849 -4.290722 0.000718
v 0.258967 -3.902315 0.494474
v 0.106670 -4.008070 0.494077
v -0.050466 -4.106457 0.493713
v -0.334993 -4.259766 0.493157
v -0.631220 -4.388994 0.492704
v -1.250715 -4.571709 0.492124
v -1.891876 -4.649717 0.491988
v -2.215094 -4.648616 0.492089
v -2.537127 -4.620757 0.492303
v -2.855745 -4.566319 0.492629
v -3.168744 -4.485694 0.493068
v -3.473971 -4.379389 0.493616
v -3.169044 -4.452909 0.655110
v -2.855971 -4.533580 0.654665
v -2.537268 -4.588046 0.654366
v -2.215144 -4.615911 0.654213
v -1.891834 -4.616996 0.654207
v -1.250495 -4.538891 0.654636
v -0.630863 -4.356002 0.655645
v -0.334589 -4.226666 0.656364
v -0.050032 -4.073239 0.657218
v 0.107112 -3.974782 0.657770
v 0.405751 -3.813028 0.331713
v 0.258656 -3.925862 0.331386
v 0.106360 -4.031584 0.331081
v -0.050770 -4.129937 0.330797
v -0.335278 -4.283190 0.330355
v -0.631473 -4.412369 0.329982
v -1.250871 -4.595016 0.329457
v -1.891907 -4.673011 0.329233
v -2.215058 -4.671927 0.329236
v -2.537026 -4.644102 0.329316
v -2.855584 -4.589712 0.329472
v -3.168530 -4.509150 0.329704
v -3.473714 -4.402919 0.330010
v 0.405565 -3.827335 0.166136
v 0.258469 -3.940143 0.165972
v 0.106174 -4.045838 0.165818
v -0.050954 -4.144165 0.165675
v -0.335450 -4.297374 0.165452
v -0.631626 -4.426512 0.165265
v -1.250965 -4.609097 0.164999
v -1.891926 -4.687064 0.164886
v -2.215036 -4.685981 0.164888
v -2.536966 -4.658166 0.164928
v -2.855487 -4.603796 0.165007
v -3.168402 -4.523262 0.165124
v -3.473559 -4.417066 0.165278
v 0.405504 -3.832109 0.000006
v 0.258407 -3.944908 0.000036
v 0.106112 -4.050594 0.000066
v -0.051015 -4.148912 0.000096
v -0.335507 -4.302107 0.000147
v -0.631676 -4.431232 0.000199
v -1.250997 -4.613796 0.000302
v -1.891932 -4.691753 0.000405
v -2.215029 -4.690670 0.000457
v -2.536945 -4.662859 0.000509
v -2.855455 -4.608495 0.000561
v -3.168359 -4.527971 0.000613
v -3.473508 -4.421786 0.000666
v 0.405565 -3.827335 -0.166136
v 0.258469 -3.940143 -0.165972
v 0.106174 -4.045838 -0.165818
v -0.050954 -4.144165 -0.165675
v -0.335450 -4.297374 -0.165452
v -0.631626 -4.426512 -0.165265
v -1.250965 -4.609097 -0.164999
v -1.891926 -4.687064 -0.164886
v -2.215036 -4.685981 -0.164888
v -2.536966 -4.658166 -0.164928
v -2.855487 -4.603796 -0.165007
v -3.168402 -4.523262 -0.165124
v -3.473559 -4.417066 -0.165278
v 0.405751 -3.813028 -0.331713
v 0.258656 -3.925862 -0.331386
v 0.106360 -4.031584 -0.331081
v -0.050770 -4.129937 -0.330797
v -0.335278 -4.283190 -0.330355
v -0.631473 -4.412369 -0.329982
v -1.250871 -4.595016 -0.329457
v -1.891907 -4.673011 -0.329233
v -2.215058 -4.671927 -0.329236
v -2.537026 -4.644102 -0.329316
v -2.855584 -4.589712 -0.329472
v -3.168530 -4.509150 -0.329704
v -3.473714 -4.402919 -0.330010
v 0.258966 -3.902369 -0.494160
v 0.106669 -4.008122 -0.493778
v -0.050467 -4.106507 -0.493428
v -0.334994 -4.259811 -0.492898
v -0.631221 -4.389034 -0.492471
v -1.250715 -4.571741 -0.491940
v -1.891877 -4.649740 -0.491853
v -2.215094 -4.648635 -0.491979
v -2.537127 -4.620772 -0.492218
v -2.855745 -4.566329 -0.492569
v -3.168744 -4.485701 -0.493032
v -3.473971 -4.379391 -0.493605
v 0.107112 -3.974782 -0.657770
v -0.050032 -4.073239 -0.657218
v -0.334589 -4.226666 -0.656364
v -0.630863 -4.356002 -0.655645
v -1.250495 -4.538891 -0.654636
v -1.891834 -4.616996 -0.654207
v -2.215144 -4.615911 -0.654213
v -2.537268 -4.588046 -0.654366
v -2.855971 -4.533580 -0.654665
v -3.169044 -4.452909 -0.655110
v 0.107681 -3.932440 -0.818113
v -0.049475 -4.030974 -0.817439
v -0.334070 -4.184528 -0.816397
v -0.630405 -4.313980 -0.815524
v -1.250215 -4.497044 -0.814301
v -1.891779 -4.575228 -0.813783
v -2.215209 -4.574141 -0.813790
v -2.537449 -4.546248 -0.813975
v -2.856259 -4.491728 -0.814336
v -3.169429 -4.410978 -0.814875
v -0.048789 -3.979616 -0.974956
v -0.333434 -4.133322 -0.973744
v -0.629844 -4.262911 -0.972731
v -1.249873 -4.446183 -0.971319
v -1.891712 -4.524460 -0.970723
v -2.215287 -4.523372 -0.970731
v -2.537669 -4.495445 -0.970944
v -2.856611 -4.440860 -0.971360
v -0.628417 -4.134319 -1.277099
v -1.249009 -4.318086 -1.275396
v -1.891544 -4.396584 -1.274684
v -3.169429 -4.410978 0.814875
v -2.856259 -4.491728 0.814336
v -2.537449 -4.546248 0.813975
v -2.215209 -4.574141 0.813790
v -1.891779 -4.575228 0.813783
v -1.250215 -4.497044 0.814301
v -0.630405 -4.313980 0.815524
v -0.334070 -4.184528 0.816397
v -0.049475 -4.030974 0.817439
v 0.107681 -3.932440 0.818113
v -0.048789 -3.979631 0.974913
v -0.333435 -4.133393 0.973543
v -0.629846 -4.263039 0.972373
v -1.249874 -4.446422 0.970646
v -1.891712 -4.524810 0.969736
v -2.215286 -4.523779 0.969586
v -2.537667 -4.495908 0.969641
v -2.856608 -4.441379 0.969899
v -1.891544 -4.396584 1.274684
v -1.249009 -4.318086 1.275396
v -0.628417 -4.134319 1.277099
v 8.966335 -1.177089 0.250584
v 8.966335 -1.184948 0.000000
v 8.966335 -1.177089 -0.250584
v 9.148917 -1.118114 0.000000
v 9.331238 -1.050570 0.000000
v 1.776861 -3.194413 0.159773
v 1.776861 -3.207258 0.000000
v 1.776861 -3.194413 -0.159773
v 4.504256 -2.559612 -0.261667
v 8.083840 -1.472541 -0.417496
v 8.083840 -1.495707 0.085713
v 6.302773 -2.029982 0.477506
v 6.302773 -2.069402 0.069716
v 6.302773 -2.049966 -0.339528
v 7.195912 -1.769612 -0.378512
v 7.195912 -1.790913 0.077714
v 4.955030 -2.421568 0.395273
v 4.955030 -2.455314 0.057730
v 4.955030 -2.438674 -0.281105
v 5.407040 -2.312862 -0.300647
v 5.406861 -2.330487 0.061738
v 5.406682 -2.294895 0.422758
v 3.599251 -2.788893 -0.222787
v 3.599166 -2.802762 0.045764
v 3.599081 -2.774701 0.313176
v 3.599038 -2.745127 0.444387
v 4.504256 -2.575322 0.053742
v 4.504256 -2.543463 0.367913
v 0.613422 -3.785385 0.106243
v 0.613422 -3.785385 -0.106243
v 1.453294 -3.279896 0.214107
v 1.453294 -3.294603 0.054520
v 1.453294 -3.295394 -0.025648
v 1.453294 -3.291796 -0.105736
v 1.453294 -3.283831 -0.185500
v 1.453294 -3.271523 -0.264695
v 1.453294 -3.254902 -0.343075
v 1.145742 -3.401307 0.310983
v 1.145742 -3.424269 0.079226
v 1.145742 -3.425505 -0.037271
v 1.145742 -3.419885 -0.153638
v 1.145742 -3.407449 -0.269467
v 0.868475 -3.586841 0.103019
v 0.868475 -3.588505 -0.048465
v 0.868475 -3.580938 -0.199768
v -3.451643 -4.537419 0.000679
v -3.054296 -4.664003 0.000614
v -2.645911 -4.748506 0.000548
v -2.230946 -4.790042 0.000483
v -1.813922 -4.788157 0.000418
v -1.399366 -4.742828 0.000353
v -0.991762 -4.654622 0.000288
v -0.595551 -4.524479 0.000222
v -0.269894 -4.381316 0.000167
v 0.041770 -4.209801 0.000111
v 0.337001 -4.011258 0.000056
v 0.337001 -3.985598 0.391579
v 0.041770 -4.184141 0.391579
v -0.269894 -4.355657 0.391579
v -0.595551 -4.498819 0.391579
v -0.991762 -4.628962 0.391579
v -1.399366 -4.717169 0.391579
v -1.813922 -4.762498 0.391579
v -2.230946 -4.764382 0.391579
v -2.645911 -4.722846 0.391579
v -3.054296 -4.638344 0.391579
v -3.451643 -4.511760 0.391579
v 0.041770 -4.107576 0.776458
v -0.269894 -4.279091 0.776458
v -0.595551 -4.422254 0.776458
v -0.991762 -4.552397 0.776458
v -1.399366 -4.640603 0.776458
v -1.813922 -4.685932 0.776458
v -2.230946 -4.687817 0.776458
v -2.645911 -4.646281 0.776458
v -3.054296 -4.561778 0.776458
v 0.041770 -4.050592 0.964319
v -0.269894 -4.222108 0.964319
v -0.595551 -4.365270 0.964319
v -0.991762 -4.495413 0.964319
v -1.399366 -4.583620 0.964319
v -1.813922 -4.628948 0.964319
v -2.230946 -4.630833 0.964319
v -2.645911 -4.589297 0.964319
v -0.269894 -4.152955 1.148049
v -0.595551 -4.296118 1.148049
v -0.991762 -4.426261 1.148049
v -1.399366 -4.514467 1.148049
v -1.813922 -4.559796 1.148049
v -2.230946 -4.561681 1.148049
v -2.645911 -4.520145 1.148049
v -0.595551 -4.215097 1.326865
v -0.991762 -4.345240 1.326865
v -1.399366 -4.433447 1.326865
v -1.813922 -4.478775 1.326865
v -3.451643 -4.511760 -0.391579
v -3.054296 -4.638344 -0.391579
v -2.645911 -4.722846 -0.391579
v -2.230946 -4.764382 -0.391579
v -1.813922 -4.762498 -0.391579
v -1.399366 -4.717169 -0.391579
v -0.991762 -4.628962 -0.391579
v -0.595551 -4.498819 -0.391579
v -0.269894 -4.355657 -0.391579
v 0.041770 -4.184141 -0.391579
v 0.337001 -3.985598 -0.391579
v -3.054296 -4.561778 -0.776458
v -2.645911 -4.646281 -0.776458
v -2.230946 -4.687817 -0.776458
v -1.813922 -4.685932 -0.776458
v -1.399366 -4.640603 -0.776458
v -0.991762 -4.552397 -0.776458
v -0.595551 -4.422254 -0.776458
v -0.269894 -4.279091 -0.776458
v 0.041770 -4.107576 -0.776458
v -2.645911 -4.520145 -1.148049
v -2.230946 -4.561681 -1.148049
v -1.813922 -4.559796 -1.148049
v -1.399366 -4.514467 -1.148049
v -0.991762 -4.426261 -1.148049
v -0.595551 -4.296118 -1.148049
v -0.269894 -4.152955 -1.148049
vt -0.000000 2.126576 0.000000
vt 0.000000 0.000223 0.000000
vt 0.049500 1.063285 0.000000
vt 0.100000 -0.000006 0.000000
vt 0.100000 2.126576 0.000000
vt 0.100000 4.252113 0.000000
vt 0.049500 3.189863 0.000000
vt 0.049500 2.126576 0.000000
vt 0.100000 6.378688 0.000000
vt 0.049500 5.316439 0.000000
vt 0.049500 4.607580 0.000000
vt 0.049500 4.252637 0.000000
vt 0.000000 4.253151 0.000000
vt 0.049500 4.219923 0.000000
vt 0.049500 4.186696 0.000000
vt 0.049500 4.120240 0.000000
vt 0.049500 3.987329 0.000000
vt 0.049500 3.721507 0.000000
vt 0.100000 8.506302 0.000000
vt 0.049500 6.911370 0.000000
vt 0.049500 6.379213 0.000000
vt 0.049500 6.346499 0.000000
vt -0.000001 6.379727 0.000000
vt 0.049500 6.313271 0.000000
vt 0.049500 6.246816 0.000000
vt 0.049500 6.113905 0.000000
vt 0.049500 5.848083 0.000000
vt -0.000000 8.513102 0.000000
vt 0.049500 7.797444 0.000000
vt 0.049500 7.434707 0.000000
vt 0.049500 7.409787 0.000000
vt 0.049500 7.376559 0.000000
vt 0.049500 7.310103 0.000000
vt 0.049500 7.177192 0.000000
vt -0.002558 0.100682 0.000000
vt -0.001279 0.000600 0.000000
vt 0.000010 0.100681 0.000000
vt 0.100000 0.000000 0.000000
vt 0.050000 0.000000 0.000000
vt 0.000000 -0.003298 0.000000
vt 0.050000 0.078380 0.000000
vt 0.050000 0.083278 0.000000
vt 0.050000 0.088177 0.000000
vt 0.050000 0.097974 0.000000
vt 0.050000 0.117569 0.000000
vt 0.050000 0.156759 0.000000
vt 0.050000 0.161658 0.000000
vt 0.050000 0.166557 0.000000
vt 0.050000 0.176354 0.000000
vt 0.050000 0.195949 0.000000
vt 0.050000 0.235139 0.000000
vt 0.050000 0.313518 0.000000
vt 0.000000 0.627036 0.000000
vt 0.050000 0.318417 0.000000
vt 0.050000 0.323316 0.000000
vt 0.100000 0.627036 0.000000
vt 0.050000 0.333113 0.000000
vt 0.050000 0.352708 0.000000
vt 0.050000 0.391898 0.000000
vt 0.050000 0.470277 0.000000
vt 0.050000 0.475176 0.000000
vt 0.050000 0.480075 0.000000
vt 0.050000 0.489872 0.000000
vt 0.050000 0.509467 0.000000
vt 0.050000 0.548657 0.000000
vt 0.050000 0.627036 0.000000
vt 0.050000 0.631935 0.000000
vt 0.050000 0.636834 0.000000
vt 0.050000 0.646631 0.000000
vt 0.050000 0.666226 0.000000
vt 0.050000 0.705416 0.000000
vt 0.050000 0.783795 0.000000
vt 0.100001 0.940555 0.000000
vt 0.100000 1.254073 0.000000
vt 0.050000 1.097314 0.000000
vt 0.050000 1.018934 0.000000
vt 0.050000 0.979744 0.000000
vt 0.000001 0.940555 0.000000
vt 0.050000 0.960149 0.000000
vt 0.050000 0.950352 0.000000
vt 0.050000 0.945453 0.000000
vt 0.050000 0.940555 0.000000
vt 0.050000 0.888301 0.000000
vt -0.000000 1.254073 0.000000
vt 0.000000 0.103192 0.000000
vt 0.000000 0.000000 0.000000
vt 0.050500 0.103192 0.000000
vt 0.100000 0.000000 0.000000
vt 0.100000 0.103192 0.000000
vt 0.100008 0.206390 0.000000
vt 0.050500 0.154787 0.000000
vt 0.050500 0.128989 0.000000
vt 0.050500 0.116090 0.000000
vt 0.050500 0.109641 0.000000
vt 0.050500 0.106416 0.000000
vt 0.050500 0.189184 0.000000
vt 0.000004 0.206133 0.000000
vt 0.000008 0.410607 0.000000
vt 0.050500 0.393492 0.000000
vt 0.100012 0.410204 0.000000
vt 0.050500 0.359276 0.000000
vt 0.100000 0.307950 0.000000
vt 0.050500 0.333613 0.000000
vt 0.050500 0.320782 0.000000
vt 0.000000 0.307950 0.000000
vt 0.050500 0.314366 0.000000
vt 0.050500 0.311158 0.000000
vt 0.050500 0.307950 0.000000
vt 0.050500 0.290842 0.000000
vt 0.050500 0.256625 0.000000
vt -0.000000 0.205300 0.000000
vt 0.050500 0.230963 0.000000
vt 0.050500 0.218132 0.000000
vt 0.100000 0.205300 0.000000
vt 0.050500 0.211716 0.000000
vt 0.050500 0.208508 0.000000
vt 0.050500 0.205300 0.000000
vt 0.050500 0.188192 0.000000
vt 0.099999 0.153975 0.000000
vt 0.050500 0.153975 0.000000
vt 0.050500 0.128313 0.000000
vt 0.000000 0.109066 0.000000
vt 0.050500 0.115481 0.000000
vt 0.050500 0.109066 0.000000
vt 0.100000 0.102650 0.000000
vt 0.050500 0.102650 0.000000
vt 0.100002 0.051811 0.000000
vt 0.050500 0.051324 0.000000
vt 0.100000 -0.000002 0.000000
vt 0.000000 -0.000002 0.000000
vt 0.000001 0.051724 0.000000
vt 0.000000 0.102650 0.000000
vt 0.100000 1.569789 0.000000
vt 0.100000 1.794058 0.000000
vt 0.049999 1.681917 0.000000
vt 0.000000 1.794058 0.000000
vt 0.000008 1.569789 0.000000
vt 0.000003 1.345534 0.000000
vt 0.049999 1.457661 0.000000
vt 0.049999 1.569789 0.000000
vt 0.049999 1.576797 0.000000
vt 0.049999 1.583805 0.000000
vt 0.049999 1.597821 0.000000
vt 0.049999 1.625853 0.000000
vt -0.000000 1.121278 0.000000
vt 0.049999 1.233406 0.000000
vt 0.049999 1.345534 0.000000
vt 0.049999 1.359550 0.000000
vt 0.100000 1.345534 0.000000
vt 0.049999 1.373566 0.000000
vt 0.049999 1.401598 0.000000
vt 0.000000 0.897022 0.000000
vt 0.049999 1.009150 0.000000
vt 0.049999 1.121278 0.000000
vt 0.049999 1.177342 0.000000
vt 0.100000 1.121278 0.000000
vt 0.000000 0.672767 0.000000
vt 0.049999 0.784895 0.000000
vt 0.049999 0.897022 0.000000
vt 0.100000 0.897022 0.000000
vt -0.000000 0.448511 0.000000
vt 0.049999 0.560639 0.000000
vt 0.049999 0.672767 0.000000
vt 0.049999 0.686783 0.000000
vt 0.100000 0.672767 0.000000
vt 0.049999 0.700799 0.000000
vt 0.049999 0.728831 0.000000
vt -0.000000 0.224256 0.000000
vt 0.049999 0.336383 0.000000
vt 0.049999 0.448511 0.000000
vt 0.100000 0.448511 0.000000
vt -0.000000 -0.000000 0.000000
vt 0.049999 0.224256 0.000000
vt 0.049999 0.280320 0.000000
vt 0.100000 0.224256 0.000000
vt 0.100000 -0.000000 0.000000
vt 0.100000 2.317890 0.000000
vt 0.100000 2.649017 0.000000
vt 0.049999 2.317890 0.000000
vt -0.000000 2.649017 0.000000
vt -0.000000 2.317890 0.000000
vt 0.049999 2.152326 0.000000
vt -0.000001 1.986762 0.000000
vt 0.049999 2.069544 0.000000
vt 0.049999 2.028153 0.000000
vt 0.100000 1.986762 0.000000
vt 0.049999 2.007458 0.000000
vt 0.049999 1.997110 0.000000
vt 0.049999 1.986762 0.000000
vt 0.049999 1.876387 0.000000
vt 0.100000 1.655635 0.000000
vt 0.049999 1.655635 0.000000
vt 0.049999 1.490072 0.000000
vt -0.000000 1.655635 0.000000
vt 0.000000 1.324508 0.000000
vt -0.000001 0.993381 0.000000
vt 0.049999 1.214133 0.000000
vt 0.049999 1.324508 0.000000
vt 0.049999 1.334856 0.000000
vt 0.100000 1.324508 0.000000
vt 0.049999 1.345204 0.000000
vt 0.049999 1.365899 0.000000
vt 0.049999 1.407290 0.000000
vt -0.000000 0.662254 0.000000
vt 0.049999 0.827818 0.000000
vt 0.049999 0.993381 0.000000
vt 0.100000 0.993381 0.000000
vt 0.000000 0.331127 0.000000
vt 0.049999 0.496691 0.000000
vt 0.049999 0.662254 0.000000
vt 0.049999 0.672602 0.000000
vt 0.100000 0.662254 0.000000
vt 0.049999 0.682950 0.000000
vt 0.049999 0.703645 0.000000
vt 0.049999 0.745036 0.000000
vt -0.000000 -0.000000 0.000000
vt 0.100000 -0.000000 0.000000
vt 0.049999 0.331127 0.000000
vt 0.049999 0.351823 0.000000
vt 0.100000 0.331127 0.000000
vt 0.049999 0.372518 0.000000
vt 0.049999 0.413909 0.000000
vt 0.100000 1.244232 0.000000
vt 0.100000 1.421979 0.000000
vt 0.050000 1.333105 0.000000
vt 0.000000 1.421979 0.000000
vt 0.000002 1.244232 0.000000
vt 0.000005 1.066484 0.000000
vt 0.050000 1.155358 0.000000
vt 0.050000 1.244232 0.000000
vt 0.000001 0.888737 0.000000
vt 0.050000 0.977610 0.000000
vt 0.050000 1.066484 0.000000
vt 0.050000 1.088703 0.000000
vt 0.100000 1.066484 0.000000
vt 0.050000 1.110921 0.000000
vt 0.000000 0.710989 0.000000
vt 0.050000 0.799863 0.000000
vt 0.050000 0.888737 0.000000
vt 0.050000 0.910955 0.000000
vt 0.100000 0.888737 0.000000
vt 0.050000 0.933174 0.000000
vt 0.000001 0.533242 0.000000
vt 0.050000 0.622116 0.000000
vt 0.050000 0.710989 0.000000
vt 0.100000 0.710989 0.000000
vt 0.000005 0.355495 0.000000
vt 0.050000 0.444368 0.000000
vt 0.050000 0.533242 0.000000
vt 0.050000 0.555461 0.000000
vt 0.100000 0.533242 0.000000
vt 0.050000 0.577679 0.000000
vt 0.000002 0.177747 0.000000
vt 0.050000 0.266621 0.000000
vt 0.050000 0.355495 0.000000
vt 0.050000 0.377713 0.000000
vt 0.100000 0.355495 0.000000
vt 0.050000 0.399932 0.000000
vt -0.000000 0.000000 0.000000
vt 0.050000 0.177747 0.000000
vt 0.050000 0.199966 0.000000
vt 0.050000 0.222184 0.000000
vt 0.100000 0.177747 0.000000
vt 0.100000 0.000000 0.000000
vt 0.100000 2.387876 0.000000
vt 0.100000 2.729002 0.000000
vt 0.049999 2.558439 0.000000
vt -0.000000 2.729002 0.000000
vt 0.000001 2.387876 0.000000
vt 0.000003 2.046751 0.000000
vt 0.049999 2.217314 0.000000
vt 0.049999 2.387876 0.000000
vt 0.049999 2.409197 0.000000
vt 0.049999 2.430517 0.000000
vt 0.049999 2.473158 0.000000
vt -0.000000 1.705626 0.000000
vt 0.049999 1.933043 0.000000
vt 0.049999 2.046751 0.000000
vt 0.049999 2.057411 0.000000
vt 0.100000 2.046751 0.000000
vt 0.049999 2.068072 0.000000
vt 0.049999 2.089392 0.000000
vt 0.049999 2.132032 0.000000
vt -0.000000 1.364501 0.000000
vt 0.049999 1.535063 0.000000
vt 0.049999 1.705626 0.000000
vt 0.100000 1.705626 0.000000
vt -0.000000 1.023376 0.000000
vt 0.049999 1.250792 0.000000
vt 0.049999 1.364501 0.000000
vt 0.049999 1.369831 0.000000
vt 0.100000 1.364501 0.000000
vt 0.049999 1.385821 0.000000
vt 0.049999 1.407141 0.000000
vt 0.049999 1.449782 0.000000
vt -0.000001 0.682250 0.000000
vt 0.049999 0.852813 0.000000
vt 0.049999 1.023376 0.000000
vt 0.100000 1.023376 0.000000
vt 0.000035 0.340960 0.000000
vt 0.049999 0.341042 0.000000
vt 0.049999 0.682250 0.000000
vt 0.049999 0.703571 0.000000
vt 0.100000 0.682250 0.000000
vt 0.049999 0.724891 0.000000
vt 0.049999 0.767532 0.000000
vt 0.000000 0.000000 0.000000
vt 0.100000 0.000000 0.000000
vt 0.100000 0.341125 0.000000
vt 0.100000 1.562728 0.000000
vt 0.100000 1.785975 0.000000
vt 0.049999 1.674352 0.000000
vt -0.000000 1.785975 0.000000
vt -0.000000 1.562728 0.000000
vt 0.000001 1.339481 0.000000
vt 0.049999 1.451105 0.000000
vt 0.049999 1.562728 0.000000
vt 0.049999 1.618540 0.000000
vt 0.000006 1.116235 0.000000
vt 0.049999 1.227858 0.000000
vt 0.049999 1.339481 0.000000
vt 0.049999 1.353434 0.000000
vt 0.100000 1.339481 0.000000
vt 0.049999 1.367387 0.000000
vt 0.049999 1.395293 0.000000
vt 0.000000 0.892988 0.000000
vt 0.049999 1.004611 0.000000
vt 0.049999 1.116235 0.000000
vt 0.100000 1.116235 0.000000
vt 0.000027 0.669741 0.000000
vt 0.049999 0.781364 0.000000
vt 0.049999 0.892988 0.000000
vt 0.049999 0.906941 0.000000
vt 0.100000 0.892988 0.000000
vt 0.049999 0.920894 0.000000
vt 0.049999 0.948799 0.000000
vt 0.000005 0.446494 0.000000
vt 0.049999 0.558117 0.000000
vt 0.049999 0.669741 0.000000
vt 0.049999 0.697647 0.000000
vt 0.100000 0.669741 0.000000
vt 0.049999 0.725552 0.000000
vt -0.000000 0.223247 0.000000
vt 0.049999 0.334870 0.000000
vt 0.049999 0.446494 0.000000
vt 0.049999 0.474400 0.000000
vt 0.100000 0.446494 0.000000
vt 0.049999 0.502306 0.000000
vt -0.000000 0.000000 0.000000
vt 0.049999 0.223247 0.000000
vt 0.049999 0.237200 0.000000
vt 0.049999 0.251153 0.000000
vt 0.100000 0.223247 0.000000
vt 0.049999 0.279059 0.000000
vt 0.100000 0.000000 0.000000
vt 0.100000 0.384795 0.000000
vt 0.000000 0.384795 0.000000
vt 0.100000 0.336695 0.000000
vt 0.050500 0.336695 0.000000
vt 0.050500 0.312646 0.000000
vt -0.000000 0.336695 0.000000
vt 0.000000 0.288596 0.000000
vt 0.000000 0.240497 0.000000
vt 0.050500 0.272563 0.000000
vt 0.050500 0.288596 0.000000
vt 0.050500 0.294608 0.000000
vt 0.100000 0.300621 0.000000
vt 0.050500 0.300621 0.000000
vt -0.000000 0.195404 0.000000
vt 0.050500 0.216447 0.000000
vt 0.050500 0.240497 0.000000
vt 0.100001 0.216447 0.000000
vt 0.000000 0.096199 0.000000
vt 0.050500 0.128265 0.000000
vt 0.050500 0.192397 0.000000
vt 0.050500 0.195404 0.000000
vt 0.100000 0.192397 0.000000
vt 0.050500 0.198410 0.000000
vt 0.050500 0.204422 0.000000
vt 0.000008 -0.000006 0.000000
vt 0.050500 0.048099 0.000000
vt 0.050500 0.072149 0.000000
vt 0.050500 0.084174 0.000000
vt 0.099986 0.096199 0.000000
vt 0.050500 0.090186 0.000000
vt 0.050500 0.093192 0.000000
vt 0.050500 0.096199 0.000000
vt 0.050500 0.016033 0.000000
vt 0.100009 0.000373 0.000000
vt 0.000000 0.103308 0.000000
vt 0.000007 0.000250 0.000000
vt 0.050500 0.051654 0.000000
vt 0.100008 -0.000007 0.000000
vt 0.100000 0.103308 0.000000
vt 0.100000 0.206616 0.000000
vt 0.050500 0.137744 0.000000
vt 0.050500 0.103308 0.000000
vt 0.050500 0.100080 0.000000
vt 0.050500 0.096851 0.000000
vt 0.050500 0.090395 0.000000
vt 0.050500 0.077481 0.000000
vt 0.050500 0.060263 0.000000
vt 0.000000 0.206616 0.000000
vt 0.100000 0.000000 0.000000
vt 0.050000 0.156443 0.000000
vt -0.000000 0.000000 0.000000
vt 0.050000 0.234664 0.000000
vt 0.050000 0.273775 0.000000
vt 0.100001 0.312886 0.000000
vt 0.050000 0.293330 0.000000
vt 0.050000 0.303108 0.000000
vt 0.000001 0.312886 0.000000
vt 0.050000 0.307997 0.000000
vt 0.050000 0.311663 0.000000
vt 0.050000 0.365033 0.000000
vt 0.100000 0.625771 0.000000
vt 0.050000 0.469328 0.000000
vt 0.050000 0.547550 0.000000
vt 0.050000 0.586661 0.000000
vt 0.050000 0.606216 0.000000
vt 0.050000 0.615994 0.000000
vt 0.050000 0.620882 0.000000
vt 0.000000 0.625771 0.000000
vt 0.050000 0.624549 0.000000
vt 0.050000 0.703993 0.000000
vt 0.050000 0.743103 0.000000
vt 0.100000 1.251543 0.000000
vt 0.050000 0.762659 0.000000
vt 0.050000 0.772436 0.000000
vt 0.050000 0.777325 0.000000
vt 0.050000 0.780992 0.000000
vt 0.050000 0.860436 0.000000
vt 0.050000 0.899546 0.000000
vt 0.050000 0.919102 0.000000
vt 0.050000 0.928879 0.000000
vt 0.050000 0.933768 0.000000
vt 0.050000 0.937435 0.000000
vt 0.050000 1.016878 0.000000
vt 0.050000 1.055989 0.000000
vt 0.050000 1.075544 0.000000
vt 0.050000 1.085322 0.000000
vt 0.050000 1.090211 0.000000
vt 0.050000 1.093878 0.000000
vt 0.050000 1.134211 0.000000
vt 0.050000 1.153766 0.000000
vt 0.000000 1.254838 0.000000
vt 0.050000 1.163544 0.000000
vt 0.050000 1.168432 0.000000
vt 0.050000 1.173321 0.000000
vt 0.050000 1.251543 0.000000
vt -0.002568 0.100681 0.000000
vt -0.001279 0.000600 0.000000
vt 0.000000 0.100682 0.000000
vt 0.100000 0.000000 0.000000
vt 0.049502 0.531612 0.000000
vt -0.000000 -0.006798 0.000000
vt 0.049502 0.797419 0.000000
vt 0.049502 0.930322 0.000000
vt 0.049502 0.996773 0.000000
vt 0.049502 1.029999 0.000000
vt 0.049502 1.054918 0.000000
vt -0.000000 2.125411 0.000000
vt 0.049502 1.594837 0.000000
vt 0.049502 1.860643 0.000000
vt 0.100000 2.126449 0.000000
vt 0.049502 1.993546 0.000000
vt 0.049502 2.059998 0.000000
vt 0.049502 2.093224 0.000000
vt 0.049502 2.125925 0.000000
vt 0.049502 2.480858 0.000000
vt 0.049502 3.189674 0.000000
vt -0.000000 4.251860 0.000000
vt 0.049502 3.721286 0.000000
vt 0.049502 3.987093 0.000000
vt 0.100000 4.252899 0.000000
vt 0.049502 4.119996 0.000000
vt 0.049502 4.186447 0.000000
vt 0.049502 4.219673 0.000000
vt 0.049502 4.252374 0.000000
vt 0.049502 4.961715 0.000000
vt 0.049502 5.670532 0.000000
vt -0.000000 6.379348 0.000000
vt 0.049502 6.379348 0.000000
vt 0.049502 7.088164 0.000000
vt 0.100000 6.379348 0.000000
vt 0.049502 7.796984 0.000000
vt 0.100000 8.505804 0.000000
vt 0.000000 8.505595 0.000000
vt 0.100000 0.000006 0.000000
vt 0.100000 0.003616 0.000000
vt 0.000000 0.000098 0.000000
vt 0.000000 0.003685 0.000000
vt 0.050000 0.007253 0.000000
vt 0.000000 0.007276 0.000000
vt 0.000000 0.010866 0.000000
vt 0.000000 0.014457 0.000000
vt 0.100000 0.014457 0.000000
vt 0.100000 0.010843 0.000000
vt 0.100000 0.007230 0.000000
vt 0.000004 0.097993 0.000000
vt 0.000000 0.000000 0.000000
vt 0.050000 0.048996 0.000000
vt 0.100000 -0.000000 0.000000
vt 0.100001 0.097993 0.000000
vt 0.100000 0.195986 0.000000
vt 0.050000 0.146989 0.000000
vt 0.050000 0.097993 0.000000
vt 0.050000 0.073495 0.000000
vt 0.100001 0.269480 0.000000
vt 0.050000 0.244982 0.000000
vt 0.050000 0.195986 0.000000
vt 0.000000 0.195986 0.000000
vt 0.100001 0.342975 0.000000
vt 0.050000 0.293978 0.000000
vt 0.050000 0.281729 0.000000
vt 0.050000 0.269480 0.000000
vt 0.000004 0.293978 0.000000
vt 0.100000 0.391971 0.000000
vt 0.050000 0.391971 0.000000
vt 0.050000 0.342975 0.000000
vt 0.050000 0.440968 0.000000
vt 0.099998 0.489964 0.000000
vt 0.050000 0.465466 0.000000
vt 0.050000 0.477715 0.000000
vt -0.000000 0.489964 0.000000
vt 0.050000 0.489964 0.000000
vt -0.000000 0.587957 0.000000
vt 0.050000 0.587957 0.000000
vt 0.050000 0.636953 0.000000
vt 0.100000 0.587957 0.000000
vt 0.099994 0.685950 0.000000
vt 0.100000 0.783942 0.000000
vt 0.050000 0.783942 0.000000
vt 0.050000 0.685950 0.000000
vt 0.050000 0.661451 0.000000
vt -0.000000 0.685950 0.000000
vt 0.050000 0.832939 0.000000
vt 0.099994 0.881935 0.000000
vt 0.050000 0.881935 0.000000
vt 0.050000 0.979928 0.000000
vt -0.000000 0.979928 0.000000
vt 0.050000 1.028925 0.000000
vt -0.000000 1.053423 0.000000
vt 0.050000 1.053423 0.000000
vt 0.050000 1.077921 0.000000
vt 0.099998 1.053423 0.000000
vt 0.099999 1.126917 0.000000
vt 0.100000 0.979928 0.000000
vt 0.099969 1.249408 0.000000
vt 0.050000 1.175914 0.000000
vt 0.050000 1.126917 0.000000
vt -0.000000 1.126917 0.000000
vt 0.099993 1.322903 0.000000
vt 0.050000 1.273907 0.000000
vt 0.050000 1.249408 0.000000
vt 0.050000 1.224910 0.000000
vt 0.000015 1.224910 0.000000
vt 0.100001 1.420896 0.000000
vt 0.050000 1.371899 0.000000
vt 0.050000 1.347401 0.000000
vt 0.050000 1.322903 0.000000
vt 0.000005 1.322903 0.000000
vt 0.050000 1.420896 0.000000
vt 0.100000 1.469892 0.000000
vt 0.050000 1.469892 0.000000
vt 0.100000 1.567885 0.000000
vt -0.000000 1.567885 0.000000
vt 0.000000 1.469892 0.000000
vt -0.000000 1.420896 0.000000
vt -0.000000 0.881935 0.000000
vt -0.000000 0.783942 0.000000
vt 0.000001 0.391971 0.000000
vt 0.000000 0.000000 0.000000
vt 0.100000 0.000000 0.000000
vt 0.050000 0.007209 0.000000
vt 0.100000 0.003614 0.000000
vt 0.100000 0.007227 0.000000
vt 0.100000 0.010841 0.000000
vt 0.100000 0.014450 0.000000
vt 0.000000 0.014381 0.000000
vt 0.000000 0.010786 0.000000
vt 0.000000 0.007190 0.000000
vt 0.000000 0.003595 0.000000
vt 2.459436 0.010864 0.000000
vt 2.459346 0.014453 0.000000
vt 1.969986 0.000000 0.000000
vt 2.448360 0.112637 0.000000
vt 2.420265 0.208062 0.000000
vt 1.969983 0.221225 0.000000
vt 2.375830 0.296745 0.000000
vt 2.315734 0.375949 0.000000
vt 2.242583 0.441433 0.000000
vt 1.969983 0.441944 0.000000
vt 1.660004 0.411186 0.000000
vt 1.718498 0.456045 0.000000
vt 1.782810 0.491357 0.000000
vt 1.874582 0.521789 0.000000
vt 1.970503 0.532045 0.000000
vt 2.066453 0.521558 0.000000
vt 2.158062 0.490949 0.000000
vt 1.592887 0.338506 0.000000
vt 1.540212 0.253990 0.000000
vt 1.503683 0.161427 0.000000
vt 1.491729 0.113127 0.000000
vt 1.480626 0.014453 0.000000
vt 1.480535 0.010859 0.000000
vt 1.480445 0.007265 0.000000
vt 1.480355 0.003670 0.000000
vt 1.480264 0.000076 0.000000
vt 2.459703 0.000098 0.000000
vt 2.459617 0.003685 0.000000
vt 2.459527 0.007274 0.000000
vt 1.277291 7.458459 0.000000
vt 1.277291 6.205713 0.000000
vt 1.594827 7.458252 0.000000
vt 1.596614 6.205713 0.000000
vt 1.689892 5.438918 0.000000
vt 1.596614 5.579340 0.000000
vt 1.596614 4.952967 0.000000
vt 1.277291 5.579340 0.000000
vt 1.277291 4.952967 0.000000
vt 0.957969 5.579340 0.000000
vt 0.957969 4.952967 0.000000
vt 0.864684 5.438782 0.000000
vt 0.776906 3.725949 0.000000
vt 0.959752 7.458230 0.000000
vt 0.957969 6.205713 0.000000
vt 0.666973 1.861291 0.000000
vt 0.957969 3.073848 0.000000
vt 0.957969 3.700221 0.000000
vt 1.277291 3.700221 0.000000
vt 1.596614 3.700221 0.000000
vt 1.756276 3.700221 0.000000
vt 1.777721 3.725139 0.000000
vt 1.756276 3.073848 0.000000
vt 1.756276 2.447475 0.000000
vt 1.596614 3.073848 0.000000
vt 1.596614 2.447475 0.000000
vt 1.277291 3.073848 0.000000
vt 1.277291 2.447475 0.000000
vt 0.957969 2.447475 0.000000
vt 0.957969 1.834307 0.000000
vt 0.957969 1.221139 0.000000
vt 1.277291 1.221139 0.000000
vt 1.277291 -0.000000 0.000000
vt 1.596614 1.221139 0.000000
vt 1.656212 -0.001319 0.000000
vt 1.756276 1.221139 0.000000
vt 1.915937 1.221139 0.000000
vt 1.887638 1.860770 0.000000
vt 2.035130 -0.005197 0.000000
vt 0.638646 1.221139 0.000000
vt 0.519453 -0.005198 0.000000
vt 0.898371 -0.001319 0.000000
vt 1.756276 1.834307 0.000000
vt 1.596614 1.834307 0.000000
vt 1.277291 1.834307 0.000000
vt 2.082285 1.365193 0.000000
vt 2.106581 1.365124 0.000000
vt 2.565927 1.369049 0.000000
vt 2.206894 1.364840 0.000000
vt 2.307207 1.364556 0.000000
vt 2.206894 1.139311 0.000000
vt 2.407521 1.364272 0.000000
vt 2.563821 1.366738 0.000000
vt 1.605014 1.363842 0.000000
vt 1.905954 1.139311 0.000000
vt 2.006267 1.139311 0.000000
vt 2.106581 1.139311 0.000000
vt 2.006267 1.027046 0.000000
vt 2.006267 0.914781 0.000000
vt 1.905954 1.027046 0.000000
vt 1.905954 0.914781 0.000000
vt 1.805641 1.027046 0.000000
vt 1.805641 0.914781 0.000000
vt 1.705327 1.027046 0.000000
vt 1.705327 0.914781 0.000000
vt 1.605014 1.027046 0.000000
vt 1.605014 0.914781 0.000000
vt 1.504701 1.027046 0.000000
vt 1.504701 0.914781 0.000000
vt 1.404387 1.027046 0.000000
vt 1.404387 0.914781 0.000000
vt 1.304074 1.027046 0.000000
vt 1.304074 0.914781 0.000000
vt 1.203760 1.027046 0.000000
vt 1.203760 0.914781 0.000000
vt 1.103447 1.139311 0.000000
vt 1.003134 1.139311 0.000000
vt 1.003134 1.364840 0.000000
vt 0.902820 1.364556 0.000000
vt 0.644102 1.369049 0.000000
vt 0.802507 1.364272 0.000000
vt 0.646207 1.366737 0.000000
vt 1.249944 0.784448 0.000000
vt 1.127743 1.365193 0.000000
vt 1.504701 1.139311 0.000000
vt 1.605014 1.139311 0.000000
vt 1.705327 1.139311 0.000000
vt 1.103447 1.365124 0.000000
vt 1.203760 1.139311 0.000000
vt 1.304074 0.690250 0.000000
vt 1.345434 0.492549 0.000000
vt 1.404387 0.690250 0.000000
vt 1.404387 0.460167 0.000000
vt 1.504701 0.460167 0.000000
vt 1.504701 0.345125 0.000000
vt 1.605014 0.345125 0.000000
vt 1.605014 0.230083 0.000000
vt 1.705327 0.230083 0.000000
vt 1.793794 0.099665 0.000000
vt 1.804790 0.199815 0.000000
vt 1.405238 0.199815 0.000000
vt 1.404387 0.230083 0.000000
vt 1.404387 0.345125 0.000000
vt 1.504701 0.230083 0.000000
vt 1.416233 0.099665 0.000000
vt 1.511300 0.000089 0.000000
vt 1.417631 0.000248 0.000000
vt 1.605000 0.000000 0.000000
vt 1.698699 0.000083 0.000000
vt 1.792456 0.000263 0.000000
vt 1.805641 0.230083 0.000000
vt 1.864569 0.492453 0.000000
vt 1.805641 0.345125 0.000000
vt 1.805641 0.460167 0.000000
vt 1.705327 0.460167 0.000000
vt 1.705327 0.690250 0.000000
vt 1.605014 0.690250 0.000000
vt 1.960313 0.784986 0.000000
vt 1.905954 0.690250 0.000000
vt 1.805641 0.690250 0.000000
vt 1.304074 1.139311 0.000000
vt 1.404387 1.139311 0.000000
vt 1.805641 1.139311 0.000000
vt 1.504701 0.690250 0.000000
vt 1.605014 0.460167 0.000000
vt 1.705327 0.345125 0.000000
vt -0.292554 2.146467 0.000000
vt -0.370733 2.146443 0.000000
vt -0.318011 2.102821 0.000000
vt -0.556100 2.146387 0.000000
vt -0.556100 1.980192 0.000000
vt -0.741467 2.146331 0.000000
vt -0.741467 1.980192 0.000000
vt -1.064676 2.146233 0.000000
vt -1.064676 1.980192 0.000000
vt -1.387885 2.146135 0.000000
vt -1.387885 1.980192 0.000000
vt -2.034304 2.145939 0.000000
vt -2.034304 1.980192 0.000000
vt -2.680722 2.145743 0.000000
vt -2.680722 1.980192 0.000000
vt -3.003932 2.145645 0.000000
vt -3.003932 1.980192 0.000000
vt -3.327141 2.145547 0.000000
vt -3.327141 1.980192 0.000000
vt -3.650350 2.145449 0.000000
vt -3.650350 1.980192 0.000000
vt -3.973559 2.145351 0.000000
vt -3.973559 1.980192 0.000000
vt -4.320684 2.031455 0.000000
vt -4.035646 1.830982 0.000000
vt -0.269175 2.177177 0.000000
vt -0.370733 2.310224 0.000000
vt -0.556100 2.310224 0.000000
vt -0.556100 2.475240 0.000000
vt -0.741467 2.475240 0.000000
vt -0.741467 2.640161 0.000000
vt -1.064676 2.640109 0.000000
vt -1.064676 2.805272 0.000000
vt -1.387885 2.805272 0.000000
vt -1.387885 2.970288 0.000000
vt -2.034304 2.970288 0.000000
vt -1.387885 3.134141 0.000000
vt -2.034304 3.134387 0.000000
vt -2.034304 3.300320 0.000000
vt -2.680722 3.300320 0.000000
vt -2.680722 3.465336 0.000000
vt -3.003932 3.465336 0.000000
vt -3.003932 3.630352 0.000000
vt -3.327141 3.630352 0.000000
vt -3.131978 3.916687 0.000000
vt -3.439627 3.785500 0.000000
vt -0.204704 2.238381 0.000000
vt -0.185367 2.310224 0.000000
vt -0.370733 2.475240 0.000000
vt -0.185367 2.475240 0.000000
vt -0.370733 2.640220 0.000000
vt -0.185367 2.640250 0.000000
vt -0.370733 2.805272 0.000000
vt -0.185367 2.805272 0.000000
vt -0.370733 2.970288 0.000000
vt -0.185367 2.970288 0.000000
vt -0.183563 3.026862 0.000000
vt -0.094714 2.978965 0.000000
vt -0.000401 2.948506 0.000000
vt -0.000070 2.794406 0.000000
vt 0.000000 2.640280 0.000000
vt -0.000076 2.486153 0.000000
vt -0.000386 2.331912 0.000000
vt -0.094725 2.301577 0.000000
vt -0.183550 2.253659 0.000000
vt -0.224672 3.058394 0.000000
vt -0.260690 3.093624 0.000000
vt -0.370733 3.133753 0.000000
vt -0.292334 3.133723 0.000000
vt -0.318014 3.177697 0.000000
vt -0.437832 3.380058 0.000000
vt -0.556100 3.300320 0.000000
vt -0.556100 3.133824 0.000000
vt -0.741467 3.300320 0.000000
vt -0.741467 3.133894 0.000000
vt -1.064676 3.300320 0.000000
vt -1.064676 3.134018 0.000000
vt -1.387885 3.300320 0.000000
vt -0.556100 3.465336 0.000000
vt -0.588217 3.566893 0.000000
vt -0.741467 3.465336 0.000000
vt -0.741467 3.630352 0.000000
vt -1.064676 3.630352 0.000000
vt -0.763353 3.734557 0.000000
vt -0.959807 3.880707 0.000000
vt -1.169122 3.998902 0.000000
vt -1.387885 3.630352 0.000000
vt -1.064676 3.465336 0.000000
vt -1.387885 3.465336 0.000000
vt -1.387885 3.960384 0.000000
vt -1.389278 4.087071 0.000000
vt -1.612208 4.140842 0.000000
vt -2.034304 3.960384 0.000000
vt -1.835451 4.159136 0.000000
vt -2.167584 4.144004 0.000000
vt -2.495402 4.097867 0.000000
vt -2.680722 3.960384 0.000000
vt -2.034304 3.630352 0.000000
vt -2.680722 3.630352 0.000000
vt -2.034304 3.465336 0.000000
vt -2.813915 4.022408 0.000000
vt -3.650350 3.630352 0.000000
vt -3.746306 3.626260 0.000000
vt -3.650350 3.465336 0.000000
vt -3.973559 3.465336 0.000000
vt -3.650350 3.300320 0.000000
vt -3.973559 3.300320 0.000000
vt -3.973559 3.135125 0.000000
vt -4.320684 3.249057 0.000000
vt -4.296768 3.135249 0.000000
vt -4.454308 3.124619 0.000000
vt -4.296768 2.970288 0.000000
vt -4.556104 2.977133 0.000000
vt -4.296768 2.805272 0.000000
vt -4.620380 2.812817 0.000000
vt -4.619978 2.639540 0.000000
vt -4.642310 2.639537 0.000000
vt -4.620161 2.466844 0.000000
vt -4.038302 3.447785 0.000000
vt -4.296768 2.475240 0.000000
vt -4.555786 2.302784 0.000000
vt -4.296768 2.310224 0.000000
vt -4.453463 2.154919 0.000000
vt -4.296768 2.145252 0.000000
vt -3.973559 1.815176 0.000000
vt -3.741892 1.651758 0.000000
vt -3.650350 1.815176 0.000000
vt -3.650350 1.651710 0.000000
vt -3.327141 1.651543 0.000000
vt -3.436963 1.493754 0.000000
vt -3.131090 1.363488 0.000000
vt -3.003932 1.651376 0.000000
vt -2.811618 1.257452 0.000000
vt -2.680722 1.651208 0.000000
vt -2.680722 1.320128 0.000000
vt -2.034304 1.650874 0.000000
vt -2.034304 1.320128 0.000000
vt -1.387885 1.650540 0.000000
vt -1.387885 1.320128 0.000000
vt -1.064676 1.650372 0.000000
vt -1.168231 1.282041 0.000000
vt -0.957307 1.401436 0.000000
vt -2.491685 1.181944 0.000000
vt -2.165708 1.136329 0.000000
vt -1.835451 1.121376 0.000000
vt -1.610939 1.139876 0.000000
vt -1.386738 1.194258 0.000000
vt -0.762447 1.546721 0.000000
vt -0.741467 1.650205 0.000000
vt -0.741467 1.815176 0.000000
vt -0.586370 1.715629 0.000000
vt -0.556100 1.815176 0.000000
vt -0.436859 1.901853 0.000000
vt -0.741467 2.310224 0.000000
vt -1.064676 2.310224 0.000000
vt -1.387885 2.310224 0.000000
vt -2.034304 2.310224 0.000000
vt -2.680722 2.310224 0.000000
vt -3.003932 2.310224 0.000000
vt -3.327141 2.310224 0.000000
vt -3.650350 2.310224 0.000000
vt -3.973559 2.310224 0.000000
vt -3.327141 1.815176 0.000000
vt -3.003932 1.815176 0.000000
vt -2.680722 1.815176 0.000000
vt -2.034304 1.815176 0.000000
vt -1.387885 1.815176 0.000000
vt -1.064676 1.815176 0.000000
vt -1.064676 2.475240 0.000000
vt -1.387885 2.475240 0.000000
vt -2.034304 2.475240 0.000000
vt -2.680722 2.475240 0.000000
vt -3.003932 2.475240 0.000000
vt -3.327141 2.475240 0.000000
vt -3.650350 2.475240 0.000000
vt -3.973559 2.475240 0.000000
vt -0.556100 2.640191 0.000000
vt -0.556100 2.805272 0.000000
vt -0.556100 2.970288 0.000000
vt -1.387885 2.640058 0.000000
vt -2.034304 2.639954 0.000000
vt -2.680722 2.639851 0.000000
vt -3.003932 2.639799 0.000000
vt -3.327141 2.639747 0.000000
vt -3.650350 2.639695 0.000000
vt -3.973559 2.639644 0.000000
vt -4.296768 2.639592 0.000000
vt -0.741467 2.805272 0.000000
vt -1.064676 2.970288 0.000000
vt -2.034304 2.805272 0.000000
vt -2.680722 2.805272 0.000000
vt -3.003932 2.805272 0.000000
vt -3.327141 2.805272 0.000000
vt -3.650350 2.805272 0.000000
vt -3.973559 2.805272 0.000000
vt -0.741467 2.970288 0.000000
vt -2.680722 2.970288 0.000000
vt -3.003932 2.970288 0.000000
vt -3.327141 2.970288 0.000000
vt -3.650350 2.970288 0.000000
vt -3.973559 2.970288 0.000000
vt -2.680722 3.134633 0.000000
vt -3.003932 3.134756 0.000000
vt -3.327141 3.134879 0.000000
vt -3.650350 3.135002 0.000000
vt -3.003932 3.300320 0.000000
vt -3.327141 3.300320 0.000000
vt -3.327141 3.465336 0.000000
vt -1.516127 0.010862 0.000000
vt -1.516220 0.014482 0.000000
vt -1.766595 0.000000 0.000000
vt -1.527590 0.113354 0.000000
vt -2.017344 0.000000 0.000000
vt -1.539844 0.161748 0.000000
vt -2.017344 0.194430 0.000000
vt -1.577218 0.254508 0.000000
vt -1.616153 0.319012 0.000000
vt -2.017344 0.388860 0.000000
vt -1.699911 0.412009 0.000000
vt -1.759810 0.456958 0.000000
vt -1.825668 0.492342 0.000000
vt -1.919646 0.522837 0.000000
vt -2.017873 0.533112 0.000000
vt -2.116130 0.522606 0.000000
vt -2.209941 0.491932 0.000000
vt -2.296496 0.442321 0.000000
vt -2.371403 0.376702 0.000000
vt -2.403972 0.338591 0.000000
vt -2.445817 0.275975 0.000000
vt -2.478447 0.208479 0.000000
vt -2.507216 0.112862 0.000000
vt -2.268092 0.000000 0.000000
vt -2.518468 0.014482 0.000000
vt -2.518561 0.010862 0.000000
vt -2.518654 0.007242 0.000000
vt -2.518747 0.003622 0.000000
vt -2.518840 0.000006 0.000000
vt -1.515847 0.000006 0.000000
vt -1.515940 0.003622 0.000000
vt -1.516033 0.007242 0.000000
vt -0.899913 5.449667 0.000000
vt -0.999065 7.473408 0.000000
vt -1.028078 6.537939 0.000000
vt -1.164329 7.473408 0.000000
vt -1.391360 6.537939 0.000000
vt -1.329592 7.473408 0.000000
vt -1.494855 7.473408 0.000000
vt -1.660119 7.473408 0.000000
vt -1.759264 5.449804 0.000000
vt -1.391360 5.602470 0.000000
vt -1.391360 4.667001 0.000000
vt -1.028078 4.667001 0.000000
vt -1.028078 3.734020 0.000000
vt -0.808228 3.734132 0.000000
vt -1.028078 3.265091 0.000000
vt -1.028078 2.798649 0.000000
vt -1.391360 3.265091 0.000000
vt -1.391360 2.798649 0.000000
vt -1.754643 3.265091 0.000000
vt -1.754643 2.798649 0.000000
vt -1.850986 3.733598 0.000000
vt -1.965541 1.865440 0.000000
vt -1.754643 4.667001 0.000000
vt -1.754643 3.733648 0.000000
vt -1.936284 1.865447 0.000000
vt -2.117925 0.000000 0.000000
vt -1.661990 0.000000 0.000000
vt -1.329592 0.000000 0.000000
vt -1.391360 1.865579 0.000000
vt -1.754643 1.865491 0.000000
vt -1.028078 1.865666 0.000000
vt -0.997194 0.000000 0.000000
vt -0.693661 1.865747 0.000000
vt -0.541259 0.000000 0.000000
vt -1.028078 5.602470 0.000000
vt -1.391360 3.733834 0.000000
vt -1.313204 0.754268 0.000000
vt -0.686417 1.311393 0.000000
vt -1.188618 0.977369 0.000000
vt -1.264628 1.311393 0.000000
vt -1.686171 1.311393 0.000000
vt -2.107714 1.311393 0.000000
vt -1.649327 0.977369 0.000000
vt -1.534150 0.977369 0.000000
vt -1.418972 0.977369 0.000000
vt -1.418972 0.643344 0.000000
vt -1.413470 0.473605 0.000000
vt -1.534150 0.643344 0.000000
vt -1.534150 0.321672 0.000000
vt -1.649327 0.643344 0.000000
vt -1.649327 0.321672 0.000000
vt -1.764505 0.643344 0.000000
vt -1.764505 0.321672 0.000000
vt -1.958845 0.473512 0.000000
vt -1.896046 0.192129 0.000000
vt -2.685924 1.311393 0.000000
vt -1.994859 0.977369 0.000000
vt -1.764505 0.977369 0.000000
vt -2.059377 0.754785 0.000000
vt -1.994859 0.643344 0.000000
vt -1.751792 0.000000 0.000000
vt -1.884496 0.095831 0.000000
vt -1.883034 0.000000 0.000000
vt -1.620549 0.000000 0.000000
vt -1.489305 0.000000 0.000000
vt -1.487845 0.095831 0.000000
vt -1.476295 0.192129 0.000000
vt -1.303795 0.977369 0.000000
vt 0.000000 2.411708 0.000000
vt 0.097139 2.380215 0.000000
vt 0.000000 2.624235 0.000000
vt 0.355854 2.730445 0.000000
vt 0.000000 2.836765 0.000000
vt 0.097138 3.080786 0.000000
vt 0.000000 3.049297 0.000000
vt 0.355854 2.337801 0.000000
vt 0.191032 2.328768 0.000000
vt 0.230343 2.298140 0.000000
vt 0.267237 2.261782 0.000000
vt 0.300043 2.219833 0.000000
vt 0.326152 2.174696 0.000000
vt 0.448041 1.966858 0.000000
vt 0.711708 2.337801 0.000000
vt 0.711708 2.730389 0.000000
vt 1.067561 2.730333 0.000000
vt 1.067561 3.123199 0.000000
vt 1.423415 3.123199 0.000000
vt 1.067561 3.515898 0.000000
vt 1.423415 3.515898 0.000000
vt 1.067561 3.908597 0.000000
vt 1.423415 3.908597 0.000000
vt 1.199051 4.135584 0.000000
vt 1.424844 4.226767 0.000000
vt 1.840632 3.908597 0.000000
vt 1.653480 4.282377 0.000000
vt 1.882439 4.301295 0.000000
vt 2.223073 4.285646 0.000000
vt 2.257849 3.908597 0.000000
vt 2.559281 4.237921 0.000000
vt 2.675067 3.908597 0.000000
vt 2.885951 4.159893 0.000000
vt 3.092284 3.908597 0.000000
vt 3.212157 4.050560 0.000000
vt 3.509501 3.908597 0.000000
vt 3.527676 3.914876 0.000000
vt 3.842211 3.750205 0.000000
vt 3.509501 3.515898 0.000000
vt 3.926718 3.515898 0.000000
vt 3.926718 3.123199 0.000000
vt 4.141682 3.565631 0.000000
vt 4.343935 3.123199 0.000000
vt 4.431293 3.360110 0.000000
vt 4.568338 3.231419 0.000000
vt 4.672738 3.078891 0.000000
vt 4.343935 2.729821 0.000000
vt 4.738658 2.908958 0.000000
vt 4.761153 2.729756 0.000000
vt 4.738433 2.551162 0.000000
vt 4.343935 2.337801 0.000000
vt 4.672411 2.381495 0.000000
vt 4.567471 2.228575 0.000000
vt 4.431293 2.100890 0.000000
vt 3.926718 2.337801 0.000000
vt 3.926718 1.945103 0.000000
vt 3.509501 2.337801 0.000000
vt 3.509501 1.945103 0.000000
vt 3.092284 2.337801 0.000000
vt 3.092284 1.945103 0.000000
vt 2.675067 2.337801 0.000000
vt 2.675067 1.945103 0.000000
vt 2.257849 2.337801 0.000000
vt 2.257849 1.945103 0.000000
vt 1.840632 2.337801 0.000000
vt 1.840632 1.945103 0.000000
vt 1.423415 2.337801 0.000000
vt 1.423415 1.945103 0.000000
vt 1.067561 2.337801 0.000000
vt 1.067561 1.945103 0.000000
vt 0.711708 1.945103 0.000000
vt 0.601378 1.774267 0.000000
vt 0.711708 1.748753 0.000000
vt 0.781949 1.599567 0.000000
vt 1.067561 1.748753 0.000000
vt 1.067561 1.552404 0.000000
vt 1.423415 1.552404 0.000000
vt 1.198136 1.325857 0.000000
vt 1.423415 1.356055 0.000000
vt 1.422239 1.235079 0.000000
vt 1.652179 1.178837 0.000000
vt 0.981814 1.449337 0.000000
vt 1.840632 1.356055 0.000000
vt 1.882439 1.159705 0.000000
vt 2.220985 1.175156 0.000000
vt 2.257849 1.356055 0.000000
vt 2.555471 1.222346 0.000000
vt 2.675067 1.356055 0.000000
vt 2.883595 1.300432 0.000000
vt 2.675067 1.552404 0.000000
vt 3.092284 1.552404 0.000000
vt 2.675067 1.748753 0.000000
vt 3.092284 1.748753 0.000000
vt 3.211246 1.410092 0.000000
vt 3.509501 1.552404 0.000000
vt 3.509501 1.748753 0.000000
vt 3.524949 1.544811 0.000000
vt 3.837686 1.708210 0.000000
vt 4.138960 1.893563 0.000000
vt 0.984377 4.013350 0.000000
vt 0.782895 3.862204 0.000000
vt 0.711708 3.515898 0.000000
vt 0.711708 3.123199 0.000000
vt 0.603258 3.688825 0.000000
vt 0.449038 3.495590 0.000000
vt 0.326155 3.286311 0.000000
vt 0.355854 3.123199 0.000000
vt 0.299868 3.240908 0.000000
vt 0.267365 3.199362 0.000000
vt 0.263033 3.194599 0.000000
vt 0.188262 3.130320 0.000000
vt 3.926718 2.729887 0.000000
vt 3.509501 2.729952 0.000000
vt 3.509501 3.123199 0.000000
vt 3.092284 2.730017 0.000000
vt 3.092284 3.123199 0.000000
vt 3.092284 3.515898 0.000000
vt 2.675067 2.730082 0.000000
vt 2.675067 3.123199 0.000000
vt 2.675067 3.515898 0.000000
vt 2.257849 2.730147 0.000000
vt 1.840632 2.730213 0.000000
vt 2.257849 3.123199 0.000000
vt 2.257849 3.515898 0.000000
vt 1.423415 2.730278 0.000000
vt 1.840632 3.123199 0.000000
vt 1.840632 3.515898 0.000000
vt 1.423415 1.748753 0.000000
vt 1.840632 1.748753 0.000000
vt 1.840632 1.552404 0.000000
vt 2.257849 1.748753 0.000000
vt 2.257849 1.552404 0.000000
vn -0.046904 0.152459 -0.987196
vn -0.017537 0.118805 -0.992763
vn -0.031746 0.135463 -0.990274
vn -0.015774 0.119430 -0.992717
vn -0.044721 0.153140 -0.987192
vn -0.069585 0.190602 -0.979198
vn -0.058901 0.171062 -0.983498
vn -0.045822 0.152796 -0.987195
vn -0.097413 0.248239 -0.963788
vn -0.086031 0.218005 -0.972148
vn -0.076177 0.199274 -0.976979
vn -0.070992 0.190224 -0.979171
vn -0.072375 0.189855 -0.979141
vn -0.070635 0.189622 -0.979313
vn -0.070271 0.189010 -0.979458
vn -0.069539 0.187789 -0.979745
vn -0.068066 0.185357 -0.980311
vn -0.065072 0.180536 -0.981414
vn -0.127515 0.349374 -0.928266
vn -0.107399 0.267962 -0.957425
vn -0.099505 0.247759 -0.963698
vn -0.099115 0.246814 -0.963981
vn -0.101560 0.247288 -0.963605
vn -0.098717 0.245855 -0.964267
vn -0.097916 0.243943 -0.964834
vn -0.096294 0.240143 -0.965950
vn -0.092972 0.232637 -0.968110
vn -0.136085 0.348095 -0.927529
vn -0.120701 0.307960 -0.943712
vn -0.114719 0.288938 -0.950449
vn -0.114382 0.287915 -0.950801
vn -0.113930 0.286553 -0.951266
vn -0.113020 0.283844 -0.952186
vn -0.111177 0.278479 -0.953986
vn 0.399553 0.424257 -0.812627
vn 0.398502 0.424217 -0.813164
vn 0.397445 0.424176 -0.813702
vn -0.161233 0.325996 -0.931520
vn -0.135740 0.333885 -0.932789
vn -0.111439 0.342581 -0.932856
vn -0.134644 0.297737 -0.945105
vn -0.134472 0.295731 -0.945759
vn -0.134319 0.293711 -0.946410
vn -0.134060 0.289639 -0.947701
vn -0.133629 0.281405 -0.950239
vn -0.132459 0.264888 -0.955138
vn -0.132208 0.263207 -0.955637
vn -0.131982 0.261515 -0.956133
vn -0.131598 0.258101 -0.957113
vn -0.131037 0.251174 -0.959031
vn -0.130350 0.237101 -0.962700
vn -0.128114 0.209325 -0.969417
vn -0.110094 0.133376 -0.984932
vn -0.127946 0.207939 -0.969738
vn -0.127788 0.206550 -0.970055
vn -0.129607 0.123788 -0.983808
vn -0.127498 0.203761 -0.970683
vn -0.127001 0.198153 -0.971908
vn -0.126169 0.186896 -0.974244
vn -0.124019 0.164803 -0.978498
vn -0.123874 0.163663 -0.978708
vn -0.123733 0.162522 -0.978916
vn -0.123461 0.160237 -0.979327
vn -0.122950 0.155660 -0.980129
vn -0.121986 0.146519 -0.981658
vn -0.119703 0.128666 -0.984437
vn -0.119535 0.127802 -0.984570
vn -0.119371 0.126938 -0.984702
vn -0.119054 0.125205 -0.984962
vn -0.118454 0.121730 -0.985470
vn -0.117351 0.114760 -0.986437
vn -0.115229 0.100902 -0.988201
vn -0.116051 0.070667 -0.990726
vn -0.101483 0.033671 -0.994267
vn -0.103783 0.055272 -0.993063
vn -0.106681 0.064918 -0.992172
vn -0.108078 0.069821 -0.991687
vn -0.103132 0.078687 -0.991550
vn -0.108777 0.072284 -0.991435
vn -0.109128 0.073516 -0.991305
vn -0.109304 0.074133 -0.991240
vn -0.109481 0.074749 -0.991174
vn -0.111743 0.083131 -0.990254
vn -0.092523 0.040637 -0.994881
vn 0.017333 0.120490 -0.992563
vn -0.092523 0.040637 -0.994881
vn 0.016859 0.120101 -0.992618
vn -0.101483 0.033671 -0.994267
vn 0.016375 0.119705 -0.992674
vn 0.120069 0.211370 -0.970003
vn 0.067724 0.163009 -0.984297
vn 0.042403 0.141142 -0.989081
vn 0.029652 0.130514 -0.991003
vn 0.023259 0.125280 -0.991849
vn 0.020060 0.122684 -0.992243
vn 0.100940 0.193323 -0.975929
vn 0.114223 0.206282 -0.971803
vn 0.122160 0.211751 -0.969659
vn 0.142251 0.229152 -0.962940
vn 0.121380 0.211094 -0.969900
vn 0.184998 0.265345 -0.946239
vn 0.251150 0.319248 -0.913786
vn 0.218046 0.292589 -0.931047
vn 0.234832 0.306182 -0.922554
vn 0.252367 0.320197 -0.913118
vn 0.243280 0.312961 -0.918080
vn 0.247516 0.316345 -0.915785
vn 0.251761 0.319724 -0.913451
vn 0.276228 0.338997 -0.899321
vn 0.326443 0.377418 -0.866597
vn 0.404079 0.433707 -0.805369
vn 0.364882 0.405777 -0.837977
vn 0.384231 0.419695 -0.822328
vn 0.403127 0.433051 -0.806198
vn 0.393918 0.426569 -0.814167
vn 0.398762 0.429983 -0.810002
vn 0.403605 0.433380 -0.805782
vn 0.431334 0.452514 -0.780501
vn 0.486789 0.489063 -0.723777
vn 0.487127 0.489276 -0.723406
vn 0.528538 0.514898 -0.674927
vn 0.559075 0.532750 -0.635305
vn 0.548867 0.526889 -0.648947
vn 0.558899 0.532651 -0.635543
vn 0.568675 0.538161 -0.622087
vn 0.568828 0.538246 -0.621873
vn 0.647762 0.578197 -0.496077
vn 0.648421 0.578491 -0.494873
vn 0.716798 0.603545 -0.349190
vn 0.716361 0.603424 -0.350294
vn 0.647783 0.578207 -0.496038
vn 0.568980 0.538330 -0.621661
vn 0.657987 0.586253 -0.472611
vn 0.716785 0.603541 -0.349223
vn 0.689667 0.595080 -0.412600
vn 0.716349 0.603420 -0.350327
vn 0.657920 0.586236 -0.472725
vn 0.582960 0.569244 -0.579757
vn 0.622441 0.577566 -0.528189
vn 0.657953 0.586245 -0.472669
vn 0.660065 0.586800 -0.469021
vn 0.662160 0.587355 -0.465357
vn 0.666302 0.588466 -0.457984
vn 0.674378 0.590685 -0.443064
vn 0.492726 0.554315 -0.670788
vn 0.538880 0.561288 -0.628143
vn 0.582431 0.569118 -0.580413
vn 0.587645 0.570144 -0.574115
vn 0.581883 0.568987 -0.581090
vn 0.592804 0.571181 -0.567746
vn 0.602940 0.573283 -0.554806
vn 0.387322 0.541437 -0.746209
vn 0.439832 0.547246 -0.712089
vn 0.491326 0.554004 -0.672070
vn 0.515522 0.557559 -0.650665
vn 0.489879 0.553680 -0.673392
vn 0.270359 0.529438 -0.804116
vn 0.327363 0.534892 -0.778925
vn 0.384984 0.540938 -0.747779
vn 0.382568 0.540417 -0.749393
vn 0.143102 0.515545 -0.844829
vn 0.204412 0.522209 -0.827957
vn 0.267382 0.528802 -0.805528
vn 0.274956 0.529568 -0.802470
vn 0.264316 0.528142 -0.806972
vn 0.282513 0.530332 -0.799334
vn 0.297569 0.531856 -0.792831
vn 0.011252 0.497225 -0.867549
vn 0.074657 0.506443 -0.859036
vn 0.140069 0.514871 -0.845747
vn 0.136954 0.514174 -0.846681
vn -0.121856 0.472267 -0.872992
vn 0.008803 0.496641 -0.867911
vn 0.041721 0.501720 -0.864023
vn 0.006294 0.496040 -0.868277
vn -0.124608 0.471550 -0.872991
vn -0.173978 0.465249 -0.867914
vn -0.124608 0.471550 -0.872991
vn -0.173609 0.465330 -0.867945
vn -0.121856 0.472267 -0.872992
vn -0.173247 0.465409 -0.867975
vn -0.199089 0.460368 -0.865116
vn -0.225632 0.454209 -0.861849
vn -0.211990 0.457474 -0.863584
vn -0.218489 0.455927 -0.862782
vn -0.224402 0.454428 -0.862055
vn -0.221752 0.455130 -0.862370
vn -0.223387 0.454726 -0.862162
vn -0.225024 0.454317 -0.861951
vn -0.241987 0.449876 -0.859683
vn -0.274597 0.440163 -0.854899
vn -0.276044 0.439968 -0.854533
vn -0.301888 0.431768 -0.849965
vn -0.277457 0.439777 -0.854174
vn -0.330023 0.422965 -0.843911
vn -0.381259 0.406186 -0.830454
vn -0.344941 0.417471 -0.840675
vn -0.328039 0.423135 -0.844599
vn -0.326396 0.423682 -0.844961
vn -0.326003 0.423307 -0.845300
vn -0.324754 0.424228 -0.845319
vn -0.321474 0.425319 -0.846025
vn -0.314926 0.427489 -0.847393
vn -0.432347 0.390875 -0.812584
vn -0.404686 0.398201 -0.823204
vn -0.379025 0.406247 -0.831446
vn -0.376729 0.406308 -0.832460
vn -0.480090 0.379783 -0.790745
vn -0.454433 0.384567 -0.803491
vn -0.430150 0.390777 -0.813796
vn -0.428569 0.391218 -0.814418
vn -0.427888 0.390675 -0.815037
vn -0.426988 0.391662 -0.815035
vn -0.423819 0.392560 -0.816256
vn -0.417461 0.394394 -0.818645
vn -0.524453 0.373891 -0.764954
vn -0.521471 0.373198 -0.767327
vn -0.478210 0.379539 -0.792001
vn -0.475280 0.380100 -0.793494
vn -0.476272 0.379286 -0.793289
vn -0.472337 0.380681 -0.794972
vn -0.466415 0.381899 -0.797879
vn -0.676205 0.403181 -0.616597
vn -0.521471 0.373198 -0.767327
vn -0.604115 0.389165 -0.695410
vn -0.524453 0.373891 -0.764954
vn -0.677862 0.403564 -0.614523
vn -0.794743 0.427078 -0.431264
vn -0.740902 0.416090 -0.527194
vn -0.677047 0.403376 -0.615545
vn -0.868653 0.442714 -0.222366
vn -0.837463 0.436022 -0.329454
vn -0.794439 0.427008 -0.431892
vn -0.782150 0.424480 -0.456134
vn -0.794127 0.426935 -0.432539
vn -0.769112 0.421813 -0.480146
vn -0.893913 0.448240 0.000929
vn -0.887618 0.446858 -0.111588
vn -0.868599 0.442701 -0.222603
vn -0.861994 0.441273 -0.249490
vn -0.868543 0.442688 -0.222847
vn -0.854596 0.439681 -0.276308
vn -0.868401 0.442659 0.223457
vn -0.887449 0.446821 0.113070
vn -0.893913 0.448240 0.000930
vn -0.893913 0.448240 0.000931
vn -0.794376 0.427002 0.432013
vn -0.837136 0.435952 0.330377
vn -0.868346 0.442646 0.223696
vn -0.874269 0.443934 0.196411
vn -0.868289 0.442633 0.223942
vn -0.879439 0.445063 0.168835
vn -0.676893 0.403374 0.615716
vn -0.740260 0.415961 0.528196
vn -0.794072 0.426932 0.432642
vn -0.805855 0.429373 0.407721
vn -0.793758 0.426858 0.433291
vn -0.816984 0.431698 0.382327
vn -0.524453 0.373891 0.764954
vn -0.676073 0.403184 0.616740
vn -0.692934 0.406506 0.595479
vn -0.709287 0.409752 0.573598
vn -0.675226 0.402988 0.617795
vn -0.521471 0.373198 0.767327
vn -0.475838 0.379368 0.793510
vn -0.521471 0.373198 0.767327
vn -0.500828 0.375876 0.779672
vn -0.524453 0.373891 0.764954
vn -0.479663 0.379862 0.790966
vn -0.431616 0.391075 0.812876
vn -0.453851 0.384704 0.803755
vn -0.477780 0.379620 0.792222
vn -0.480693 0.379077 0.790718
vn -0.483600 0.378555 0.789194
vn -0.489386 0.377575 0.786091
vn -0.380814 0.406328 0.830589
vn -0.412561 0.395832 0.820433
vn -0.429416 0.390980 0.814087
vn -0.430949 0.390557 0.813479
vn -0.427150 0.390880 0.815326
vn -0.432483 0.390137 0.812866
vn -0.435548 0.389310 0.811626
vn -0.441668 0.387705 0.809082
vn -0.329875 0.423014 0.843944
vn -0.353136 0.414735 0.838624
vn -0.378582 0.406391 0.831578
vn -0.376287 0.406452 0.832589
vn -0.277080 0.439892 0.854238
vn -0.310345 0.428998 0.848320
vn -0.327892 0.423184 0.844631
vn -0.328677 0.422921 0.844458
vn -0.325858 0.423356 0.845332
vn -0.331032 0.422130 0.843933
vn -0.334177 0.421075 0.843221
vn -0.340480 0.418961 0.841751
vn -0.225031 0.454359 0.861927
vn -0.250000 0.447655 0.858548
vn -0.275672 0.440083 0.854595
vn -0.274231 0.440277 0.854958
vn -0.172933 0.465446 0.868017
vn -0.173313 0.465363 0.867986
vn -0.224434 0.454466 0.862027
vn -0.227629 0.453659 0.861614
vn -0.223822 0.454574 0.862129
vn -0.230824 0.452839 0.861195
vn -0.237214 0.451161 0.860339
vn -0.121856 0.472267 0.872992
vn -0.124608 0.471550 0.872991
vn -0.173700 0.465279 0.867954
vn 0.007040 0.496159 0.868203
vn -0.124608 0.471550 0.872991
vn -0.057047 0.485236 0.872520
vn -0.121856 0.472267 0.872992
vn 0.012007 0.497346 0.867469
vn 0.144590 0.515724 0.844466
vn 0.075781 0.506598 0.858846
vn 0.009553 0.496761 0.867835
vn -0.023749 0.491223 0.870710
vn 0.270866 0.529489 0.803911
vn 0.205403 0.522317 0.827644
vn 0.141554 0.515050 0.845391
vn 0.133394 0.514064 0.847316
vn 0.138435 0.514353 0.846331
vn 0.125213 0.513059 0.849171
vn 0.108792 0.510988 0.852675
vn 0.388690 0.541586 0.745389
vn 0.328331 0.534991 0.778450
vn 0.267891 0.528854 0.805325
vn 0.264826 0.528194 0.806770
vn 0.493200 0.554382 0.670384
vn 0.440740 0.547357 0.711441
vn 0.386363 0.541088 0.746959
vn 0.379295 0.540326 0.751121
vn 0.383958 0.540570 0.748572
vn 0.372168 0.539565 0.755222
vn 0.357748 0.538041 0.763235
vn 0.583894 0.569426 0.578638
vn 0.539620 0.561411 0.627398
vn 0.491807 0.554072 0.671663
vn 0.479433 0.552359 0.681941
vn 0.490364 0.553749 0.672982
vn 0.466783 0.550667 0.692011
vn 0.658399 0.586362 0.471902
vn 0.623136 0.577725 0.527195
vn 0.583373 0.569302 0.579285
vn 0.572884 0.567293 0.591593
vn 0.582834 0.569174 0.579954
vn 0.562084 0.565305 0.603732
vn 0.716359 0.603424 0.350299
vn 0.658434 0.586371 0.471841
vn 0.654293 0.585294 0.478886
vn 0.650073 0.584214 0.485901
vn 0.658471 0.586380 0.471778
vn 0.641395 0.582049 0.499830
vn 0.716796 0.603545 0.349195
vn 0.716796 0.603545 0.349195
vn 0.716359 0.603424 0.350299
vn 0.648340 0.578455 0.495021
vn 0.648286 0.578430 0.495120
vn 0.609377 0.559868 0.561433
vn 0.648232 0.578406 0.495218
vn 0.568681 0.538163 0.622079
vn 0.487292 0.489379 0.723225
vn 0.541868 0.522807 0.658066
vn 0.568529 0.538079 0.622292
vn 0.578870 0.543790 0.607620
vn 0.589033 0.549279 0.592733
vn 0.589135 0.549333 0.592582
vn 0.409217 0.437291 0.800823
vn 0.445176 0.461857 0.767142
vn 0.486957 0.489168 0.723593
vn 0.444761 0.461583 0.767547
vn 0.252367 0.320197 0.913118
vn 0.301140 0.358249 0.883726
vn 0.403580 0.433362 0.805804
vn 0.408750 0.436971 0.801236
vn 0.403102 0.433033 0.806221
vn 0.413930 0.440569 0.796593
vn 0.424319 0.447725 0.787081
vn 0.122160 0.211751 0.969659
vn 0.184998 0.265345 0.946239
vn 0.218046 0.292589 0.931046
vn 0.234832 0.306182 0.922554
vn 0.251151 0.319249 0.913785
vn 0.243280 0.312961 0.918079
vn 0.247517 0.316345 0.915784
vn 0.251761 0.319725 0.913451
vn 0.142251 0.229152 0.962940
vn 0.121381 0.211096 0.969900
vn 0.017333 0.120490 0.992563
vn 0.114223 0.206283 0.971803
vn 0.067724 0.163009 0.984297
vn 0.120069 0.211370 0.970003
vn 0.016375 0.119705 0.992674
vn -0.101483 0.033671 0.994267
vn -0.020371 0.091147 0.995629
vn 0.016859 0.120101 0.992618
vn 0.020060 0.122684 0.992243
vn 0.023259 0.125280 0.991849
vn 0.029652 0.130514 0.991003
vn 0.042403 0.141142 0.989081
vn 0.059316 0.155633 0.986032
vn -0.092523 0.040637 0.994881
vn -0.103781 0.055266 0.993064
vn -0.106678 0.064907 0.992173
vn -0.108075 0.069809 0.991689
vn -0.116046 0.070652 0.990728
vn -0.108773 0.072270 0.991436
vn -0.109124 0.073502 0.991307
vn -0.103129 0.078672 0.991552
vn -0.109301 0.074118 0.991242
vn -0.109433 0.074581 0.991192
vn -0.111745 0.083136 0.990253
vn -0.129631 0.123906 0.983790
vn -0.115238 0.100951 0.988195
vn -0.117363 0.114845 0.986426
vn -0.118467 0.121833 0.985455
vn -0.119069 0.125317 0.984946
vn -0.119387 0.127053 0.984685
vn -0.119551 0.127920 0.984553
vn -0.110103 0.133498 0.984914
vn -0.119677 0.128569 0.984453
vn -0.121997 0.146618 0.981641
vn -0.122960 0.155747 0.980114
vn -0.161233 0.325996 0.931520
vn -0.123470 0.160318 0.979313
vn -0.123741 0.162600 0.978902
vn -0.123882 0.163740 0.978694
vn -0.123990 0.164594 0.978537
vn -0.126176 0.186969 0.974229
vn -0.127007 0.198225 0.971893
vn -0.127504 0.203832 0.970667
vn -0.127793 0.206621 0.970040
vn -0.127952 0.208010 0.969722
vn -0.128077 0.209049 0.969482
vn -0.130356 0.237168 0.962683
vn -0.131042 0.251239 0.959013
vn -0.131602 0.258165 0.957095
vn -0.131987 0.261579 0.956115
vn -0.132213 0.263270 0.955619
vn -0.132398 0.264532 0.955245
vn -0.133633 0.281457 0.950223
vn -0.134063 0.289686 0.947686
vn -0.111439 0.342581 0.932856
vn -0.134322 0.293755 0.946396
vn -0.134474 0.295773 0.945746
vn -0.134647 0.297778 0.945092
vn -0.135740 0.333885 0.932789
vn 0.397446 0.424176 0.813702
vn 0.398503 0.424217 0.813164
vn 0.399554 0.424256 0.812627
vn -0.127515 0.349374 0.928266
vn -0.123557 0.317688 0.940111
vn -0.136085 0.348095 0.927529
vn -0.119239 0.303184 0.945442
vn -0.117045 0.296156 0.947941
vn -0.115939 0.292697 0.949150
vn -0.115385 0.290981 0.949745
vn -0.114968 0.289700 0.950187
vn -0.101569 0.247308 0.963599
vn -0.107395 0.267949 0.957429
vn -0.103502 0.257712 0.960662
vn -0.097418 0.248251 0.963785
vn -0.101515 0.252699 0.962205
vn -0.100513 0.250219 0.962958
vn -0.100009 0.248986 0.963330
vn -0.099511 0.247775 0.963693
vn -0.095191 0.237611 0.966685
vn -0.086025 0.217993 0.972152
vn -0.072387 0.189875 0.979136
vn -0.078700 0.203865 0.975831
vn -0.074894 0.196986 0.977541
vn -0.069593 0.190615 0.979195
vn -0.072956 0.193592 0.978366
vn -0.071978 0.191907 0.978770
vn -0.071487 0.191067 0.978970
vn -0.071002 0.190241 0.979167
vn -0.063042 0.177347 0.982127
vn -0.054646 0.164869 0.984801
vn -0.046902 0.152456 0.987197
vn -0.045820 0.152794 0.987195
vn -0.036551 0.141132 0.989316
vn -0.044719 0.153137 0.987193
vn -0.026827 0.129901 0.991164
vn -0.015774 0.119430 0.992717
vn -0.017536 0.118805 0.992763
vn -0.016047 0.119278 0.992731
vn -0.016047 0.119253 0.992734
vn -0.016650 0.119060 0.992747
vn -0.016651 0.119035 0.992750
vn -0.016349 0.119120 0.992745
vn -0.016651 0.119011 0.992753
vn -0.016651 0.118986 0.992756
vn -0.016651 0.118962 0.992759
vn -0.016048 0.119180 0.992743
vn -0.016048 0.119204 0.992740
vn -0.016048 0.119229 0.992737
vn 0.147472 0.173866 0.973665
vn -0.016578 0.118988 0.992757
vn 0.066362 0.147651 0.986811
vn -0.015973 0.119207 0.992741
vn 0.151526 0.175245 0.972794
vn 0.319965 0.224496 0.920448
vn 0.233471 0.199958 0.951582
vn 0.149502 0.174557 0.973231
vn 0.107994 0.161350 0.980971
vn 0.442646 0.256212 0.859314
vn 0.398570 0.244990 0.883811
vn 0.316601 0.223421 0.921871
vn 0.313216 0.222338 0.923288
vn 0.558950 0.283217 0.779335
vn 0.477960 0.264456 0.837626
vn 0.458483 0.259814 0.849876
vn 0.438736 0.255018 0.861671
vn 0.473929 0.263240 0.840295
vn 0.631088 0.298544 0.715960
vn 0.627336 0.297478 0.719692
vn 0.554974 0.282055 0.782591
vn 0.694271 0.310817 0.649138
vn 0.757357 0.322844 0.567611
vn 0.725376 0.316728 0.611157
vn 0.740224 0.319479 0.591610
vn 0.751705 0.321312 0.575932
vn 0.754565 0.322089 0.571744
vn 0.851443 0.338615 0.400481
vn 0.852988 0.339019 0.396834
vn 0.888711 0.344722 0.302258
vn 0.854489 0.339409 0.393255
vn 0.915113 0.348831 0.202200
vn 0.936030 0.351918 0.001085
vn 0.936030 0.351918 0.001097
vn 0.914690 0.348723 0.204291
vn 0.902977 0.346939 0.253506
vn 0.914252 0.348612 0.206429
vn 0.930850 0.351150 -0.101050
vn 0.915576 0.348900 -0.199976
vn 0.915161 0.348795 -0.202045
vn 0.853807 0.339152 -0.394955
vn 0.852275 0.338752 -0.398590
vn 0.809023 0.331679 -0.485254
vn 0.780777 0.326531 -0.532695
vn 0.783308 0.327211 -0.528547
vn 0.755676 0.322290 -0.570160
vn 0.785775 0.327871 -0.524460
vn 0.698712 0.311953 -0.643806
vn 0.855295 0.339539 -0.391386
vn 0.522048 0.274948 -0.807384
vn 0.628395 0.297696 -0.718677
vn 0.695379 0.311030 -0.647849
vn 0.691977 0.310085 -0.651932
vn 0.403186 0.246374 -0.881329
vn 0.479127 0.264732 -0.836872
vn 0.518042 0.273761 -0.810363
vn 0.556095 0.282302 -0.781705
vn 0.552065 0.281122 -0.784980
vn 0.236902 0.201064 -0.950500
vn 0.317068 0.223549 -0.921680
vn 0.358411 0.234606 -0.903605
vn 0.399404 0.245202 -0.883376
vn 0.395589 0.244017 -0.885418
vn 0.234130 0.200151 -0.951379
vn 0.152382 0.175513 -0.972612
vn 0.150350 0.174822 -0.973053
vn -0.015973 0.119207 -0.992741
vn -0.016578 0.118988 -0.992757
vn 0.148311 0.174129 -0.973490
vn 0.231345 0.199232 -0.952253
vn 0.914733 0.348685 -0.204162
vn 0.936030 0.351918 0.001109
vn 0.623519 0.296390 0.723448
vn -0.016651 0.118962 -0.992759
vn -0.016048 0.119180 -0.992743
vn -0.016349 0.119120 -0.992745
vn -0.016048 0.119204 -0.992740
vn -0.016048 0.119229 -0.992737
vn -0.016047 0.119253 -0.992734
vn -0.016047 0.119278 -0.992731
vn -0.016650 0.119060 -0.992747
vn -0.016651 0.119035 -0.992750
vn -0.016651 0.119011 -0.992753
vn -0.016651 0.118987 -0.992756
vn -0.339751 0.933142 -0.117540
vn -0.339819 0.933120 -0.117515
vn -0.341918 0.939730 0.000000
vn -0.341763 0.932748 -0.114800
vn -0.343810 0.932808 -0.107995
vn -0.346081 0.938205 0.000001
vn -0.345851 0.933231 -0.097294
vn -0.347788 0.933904 -0.082862
vn -0.349469 0.934668 -0.065325
vn -0.350227 0.936665 0.000001
vn -0.348684 0.934292 0.074285
vn -0.349855 0.934863 0.060268
vn -0.350801 0.935375 0.044862
vn -0.351633 0.935858 0.022876
vn -0.351918 0.936031 -0.000124
vn -0.351627 0.935854 -0.023131
vn -0.350790 0.935369 -0.045078
vn -0.346859 0.933552 0.090387
vn -0.344851 0.932984 0.103052
vn -0.342791 0.932727 0.111869
vn -0.341774 0.932748 0.114772
vn -0.339819 0.933120 0.117515
vn -0.339751 0.933142 0.117540
vn -0.339682 0.933164 0.117564
vn -0.339614 0.933185 0.117589
vn -0.339546 0.933207 0.117614
vn -0.339546 0.933207 -0.117613
vn -0.339615 0.933185 -0.117589
vn -0.339683 0.933164 -0.117564
vn -0.341921 0.939729 0.000000
vn -0.318215 0.948019 -0.000000
vn -0.336682 0.934228 -0.117747
vn -0.312824 0.942016 -0.121436
vn -0.294477 0.942241 -0.159579
vn -0.300839 0.945689 -0.123162
vn -0.288797 0.949187 -0.125064
vn -0.306287 0.951939 -0.000000
vn -0.294311 0.955710 -0.000000
vn -0.300839 0.945689 0.123162
vn -0.288797 0.949187 0.125064
vn -0.294474 0.942241 0.159582
vn -0.256756 0.945040 0.202426
vn -0.336681 0.934228 0.117748
vn -0.312824 0.942016 0.121436
vn -0.212249 0.940863 0.264060
vn -0.252319 0.958562 0.132264
vn -0.264540 0.955633 0.129554
vn -0.270223 0.962798 -0.000000
vn -0.264540 0.955633 -0.129554
vn -0.257420 0.946628 -0.193987
vn -0.256737 0.945040 -0.202449
vn -0.245062 0.949072 -0.198006
vn -0.232600 0.951220 -0.202676
vn -0.252319 0.958562 -0.132264
vn -0.240030 0.961275 -0.135414
vn -0.258114 0.966114 -0.000000
vn -0.245964 0.969279 -0.000000
vn -0.240030 0.961275 0.135414
vn -0.227923 0.963695 0.139077
vn -0.215726 0.965844 0.143555
vn -0.222064 0.975032 -0.000000
vn -0.198128 0.980176 0.000000
vn -0.215726 0.965844 -0.143555
vn -0.188115 0.964383 -0.185950
vn -0.207796 0.954309 -0.214742
vn -0.196689 0.938078 -0.285172
vn -0.212236 0.940860 -0.264078
vn -0.158107 0.916610 -0.367189
vn -0.196689 0.938078 0.285172
vn -0.158107 0.916610 0.367189
vn -0.188115 0.964383 0.185950
vn -0.220278 0.952979 -0.208106
vn -0.227923 0.963695 -0.139077
vn -0.234032 0.972229 -0.000000
vn -0.213921 0.959167 -0.185033
vn -0.215555 0.956971 -0.194272
vn -0.258695 0.896458 -0.359777
vn -0.223120 0.946763 -0.232070
vn -0.232006 0.934698 -0.269283
vn -0.325408 0.906880 -0.267728
vn -0.242220 0.920742 -0.305881
vn -0.259362 0.896171 -0.360013
vn -0.198128 0.980176 0.000000
vn -0.293385 0.946184 -0.136609
vn -0.301847 0.935960 -0.181293
vn -0.312571 0.922834 -0.225115
vn -0.344641 0.920054 -0.186343
vn -0.385761 0.903087 -0.188738
vn -0.335527 0.931487 -0.140549
vn -0.376434 0.915422 -0.142478
vn -0.328980 0.939630 -0.094165
vn -0.369723 0.924220 -0.095516
vn -0.325029 0.944521 -0.047287
vn -0.365667 0.929508 -0.047983
vn -0.323704 0.946158 0.000000
vn -0.364306 0.931279 0.000000
vn -0.325029 0.944521 0.047287
vn -0.365667 0.929508 0.047983
vn -0.328980 0.939630 0.094165
vn -0.369723 0.924220 0.095516
vn -0.335527 0.931487 0.140549
vn -0.376434 0.915422 0.142478
vn -0.344641 0.920054 0.186343
vn -0.385761 0.903087 0.188738
vn -0.312571 0.922834 0.225115
vn -0.325408 0.906880 0.267728
vn -0.223120 0.946763 0.232070
vn -0.232006 0.934698 0.269284
vn -0.258695 0.896458 0.359777
vn -0.242220 0.920742 0.305881
vn -0.259362 0.896171 0.360013
vn -0.427101 0.888444 0.168083
vn -0.213921 0.959167 0.185033
vn -0.283660 0.957825 0.045909
vn -0.282435 0.959286 0.000000
vn -0.283660 0.957825 -0.045909
vn -0.215555 0.956971 0.194272
vn -0.301847 0.935960 0.181293
vn -0.454801 0.879107 0.142570
vn -0.517981 0.846780 0.121077
vn -0.448439 0.888679 0.095664
vn -0.525429 0.845680 0.093541
vn -0.521958 0.851674 0.047035
vn -0.559182 0.827758 0.046176
vn -0.558095 0.829777 0.000000
vn -0.594356 0.804202 0.000000
vn -0.595359 0.802191 -0.045130
vn -0.637308 0.766246 -0.081889
vn -0.607580 0.789285 -0.088746
vn -0.607580 0.789285 0.088746
vn -0.598344 0.796200 0.089726
vn -0.562419 0.821739 0.091817
vn -0.595359 0.802191 0.045130
vn -0.637308 0.766246 0.081889
vn -0.664199 0.746497 0.039767
vn -0.666299 0.741480 0.079078
vn -0.663504 0.748173 0.000006
vn -0.664201 0.746497 -0.039755
vn -0.666297 0.741479 -0.079103
vn -0.598344 0.796200 -0.089726
vn -0.518011 0.846763 -0.121064
vn -0.562419 0.821739 -0.091817
vn -0.525429 0.845680 -0.093541
vn -0.521958 0.851674 -0.047035
vn -0.444586 0.894445 -0.048083
vn -0.443291 0.896378 0.000000
vn -0.426936 0.888503 -0.168190
vn -0.454801 0.879107 -0.142570
vn -0.448439 0.888679 -0.095664
vn -0.293385 0.946184 0.136609
vn -0.287317 0.953459 0.091461
vn -0.287317 0.953459 -0.091461
vn -0.444586 0.894445 0.048083
vn -0.520791 0.853684 0.000000
vn -0.559182 0.827758 -0.046176
vn -0.599970 0.788455 -0.135551
vn -0.583882 0.800100 -0.137560
vn -0.593718 0.790899 -0.148248
vn -0.544854 0.826403 -0.142099
vn -0.540433 0.819697 -0.189813
vn -0.504658 0.850830 -0.146316
vn -0.500322 0.843519 -0.195330
vn -0.432147 0.888752 -0.152868
vn -0.428102 0.880433 -0.203878
vn -0.356691 0.920697 -0.158395
vn -0.353113 0.911462 -0.211063
vn -0.199613 0.965677 -0.166200
vn -0.197416 0.955048 -0.221156
vn -0.037584 0.984803 -0.169560
vn -0.037154 0.973548 -0.225440
vn 0.044118 0.984534 -0.169549
vn 0.043614 0.973294 -0.225381
vn 0.125452 0.977702 -0.168406
vn 0.124040 0.966697 -0.223853
vn 0.205998 0.964346 -0.166139
vn 0.203742 0.953786 -0.220864
vn 0.285331 0.944509 -0.162754
vn 0.282333 0.934586 -0.216418
vn 0.366077 0.910163 -0.193882
vn 0.293697 0.918944 -0.263220
vn -0.605413 0.785787 -0.126547
vn -0.586990 0.804360 -0.091910
vn -0.547952 0.831102 -0.094965
vn -0.549819 0.833934 -0.047464
vn -0.509538 0.859058 -0.048894
vn -0.510148 0.860086 -0.000028
vn -0.437286 0.899322 -0.000046
vn -0.436715 0.898146 0.051119
vn -0.360743 0.931158 0.052998
vn -0.359218 0.927220 0.105948
vn -0.201173 0.973223 0.111205
vn -0.356695 0.920708 0.158319
vn -0.199615 0.965687 0.166138
vn -0.197416 0.955048 0.221156
vn -0.037154 0.973548 0.225440
vn -0.036606 0.959183 0.280405
vn 0.042971 0.958940 0.280335
vn 0.042188 0.941479 0.334422
vn 0.120038 0.935504 0.332299
vn 0.070152 0.902517 0.424902
vn 0.144107 0.913435 0.380616
vn -0.619659 0.777348 -0.108414
vn -0.624735 0.775789 -0.088645
vn -0.588863 0.806927 -0.045927
vn -0.626589 0.778091 -0.044286
vn -0.589486 0.807779 -0.000010
vn -0.627204 0.778855 -0.000002
vn -0.588863 0.806927 0.045927
vn -0.626589 0.778091 0.044286
vn -0.586990 0.804360 0.091910
vn -0.624735 0.775789 0.088645
vn -0.624172 0.774356 0.103841
vn -0.642565 0.761014 0.089268
vn -0.661325 0.745870 0.079546
vn -0.662966 0.747594 0.039743
vn -0.663504 0.748173 0.000006
vn -0.662965 0.747595 -0.039731
vn -0.661326 0.745866 -0.079570
vn -0.642563 0.761016 -0.089261
vn -0.624174 0.774354 -0.103838
vn -0.615335 0.780087 0.113260
vn -0.607342 0.784753 0.123687
vn -0.583889 0.800110 0.137472
vn -0.600023 0.788432 0.135457
vn -0.593717 0.790899 0.148250
vn -0.562850 0.799823 0.208526
vn -0.540433 0.819697 0.189813
vn -0.544861 0.826414 0.142012
vn -0.500322 0.843519 0.195330
vn -0.504664 0.850841 0.146231
vn -0.428102 0.880433 0.203878
vn -0.432152 0.888763 0.152788
vn -0.353113 0.911462 0.211063
vn -0.534743 0.811068 0.237106
vn -0.523736 0.808793 0.267496
vn -0.494749 0.834124 0.243846
vn -0.487887 0.822555 0.292179
vn -0.416549 0.856674 0.304298
vn -0.478136 0.816524 0.323533
vn -0.427636 0.822558 0.374867
vn -0.375162 0.827132 0.418458
vn -0.342930 0.885177 0.314423
vn -0.422915 0.869766 0.254265
vn -0.348534 0.899642 0.262999
vn -0.328654 0.848328 0.415121
vn -0.321781 0.831473 0.452890
vn -0.269907 0.836910 0.476164
vn -0.182550 0.883131 0.432151
vn -0.220034 0.844809 0.487732
vn -0.147196 0.859167 0.490067
vn -0.075111 0.873919 0.480234
vn -0.034259 0.897697 0.439279
vn -0.191191 0.924935 0.328545
vn -0.035939 0.941709 0.334503
vn -0.194610 0.941475 0.275229
vn -0.003483 0.888614 0.458643
vn 0.197334 0.923788 0.328138
vn 0.220217 0.919645 0.325204
vn 0.200854 0.940266 0.274876
vn 0.278487 0.921856 0.269493
vn 0.203742 0.953786 0.220864
vn 0.282333 0.934586 0.216418
vn 0.285331 0.944511 0.162742
vn 0.366077 0.910163 0.193882
vn 0.362839 0.918313 0.158269
vn 0.399943 0.903788 0.152359
vn 0.365413 0.924828 0.105675
vn 0.426012 0.898623 0.104834
vn 0.366957 0.928735 0.052860
vn 0.442576 0.895146 0.053283
vn 0.443113 0.896466 -0.000221
vn 0.448241 0.893913 -0.000222
vn 0.442520 0.895159 -0.053547
vn 0.294375 0.918901 0.262610
vn 0.366957 0.928735 -0.052860
vn 0.425930 0.898640 -0.105023
vn 0.365413 0.924828 -0.105675
vn 0.399728 0.903829 -0.152678
vn 0.362838 0.918313 -0.158272
vn 0.278487 0.921856 -0.269493
vn 0.219106 0.919600 -0.326079
vn 0.200854 0.940266 -0.274876
vn 0.197370 0.923957 -0.327641
vn 0.120058 0.935660 -0.331852
vn 0.143456 0.913358 -0.381049
vn 0.069943 0.902481 -0.425014
vn 0.042195 0.941619 -0.334026
vn -0.004007 0.888509 -0.458842
vn -0.035944 0.941830 -0.334162
vn -0.034259 0.897697 -0.439279
vn -0.191207 0.925013 -0.328316
vn -0.182550 0.883131 -0.432151
vn -0.342944 0.885213 -0.314305
vn -0.328654 0.848328 -0.415121
vn -0.416558 0.856692 -0.304234
vn -0.375382 0.827114 -0.418295
vn -0.428271 0.822495 -0.374280
vn -0.075935 0.873748 -0.480415
vn -0.147606 0.859084 -0.490089
vn -0.220034 0.844809 -0.487732
vn -0.270196 0.836873 -0.476064
vn -0.322386 0.831420 -0.452558
vn -0.478371 0.816491 -0.323270
vn -0.487889 0.822559 -0.292166
vn -0.494749 0.834124 -0.243846
vn -0.524217 0.808697 -0.266843
vn -0.534743 0.811068 -0.237106
vn -0.563103 0.799757 -0.208097
vn -0.507702 0.855963 -0.097806
vn -0.434996 0.894611 -0.102222
vn -0.359218 0.927220 -0.105948
vn -0.201173 0.973223 -0.111205
vn -0.037890 0.992822 -0.113444
vn 0.044477 0.992552 -0.113413
vn 0.126460 0.985559 -0.112614
vn 0.207609 0.971888 -0.111052
vn 0.287472 0.951597 -0.108733
vn 0.122235 0.952629 -0.278489
vn 0.042971 0.958940 -0.280335
vn -0.036606 0.959183 -0.280405
vn -0.194610 0.941475 -0.275229
vn -0.348534 0.899642 -0.262999
vn -0.422915 0.869766 -0.254265
vn -0.436715 0.898146 -0.051119
vn -0.360743 0.931158 -0.052998
vn -0.202115 0.977779 -0.055651
vn -0.038074 0.997660 -0.056783
vn 0.044694 0.997387 -0.056767
vn 0.127068 0.990291 -0.056364
vn 0.208578 0.976425 -0.055574
vn 0.288758 0.955855 -0.054404
vn -0.550439 0.834875 -0.000019
vn -0.549819 0.833934 0.047464
vn -0.547952 0.831102 0.094965
vn -0.361251 0.932469 -0.000064
vn -0.202428 0.979297 -0.000102
vn -0.038136 0.999273 -0.000140
vn 0.044766 0.998997 -0.000157
vn 0.127270 0.991868 -0.000174
vn 0.208901 0.977937 -0.000189
vn 0.289187 0.957273 -0.000202
vn 0.367470 0.930035 -0.000213
vn -0.509538 0.859058 0.048894
vn -0.434996 0.894611 0.102222
vn -0.202115 0.977779 0.055651
vn -0.038074 0.997660 0.056783
vn 0.044694 0.997387 0.056767
vn 0.127068 0.990291 0.056364
vn 0.208578 0.976425 0.055574
vn 0.288758 0.955855 0.054404
vn -0.507702 0.855963 0.097806
vn -0.037890 0.992822 0.113444
vn 0.044477 0.992552 0.113413
vn 0.126460 0.985559 0.112614
vn 0.207609 0.971888 0.111052
vn 0.287472 0.951597 0.108733
vn -0.037584 0.984811 0.169514
vn 0.044118 0.984540 0.169511
vn 0.125453 0.977707 0.168377
vn 0.205999 0.964349 0.166119
vn 0.043614 0.973294 0.225381
vn 0.124040 0.966697 0.223853
vn 0.122235 0.952629 0.278489
vn 0.339750 -0.933142 -0.117540
vn 0.339819 -0.933120 -0.117515
vn 0.341325 -0.938100 -0.058880
vn 0.341774 -0.932748 -0.114772
vn 0.341918 -0.939730 0.000000
vn 0.342791 -0.932727 -0.111867
vn 0.345569 -0.938393 0.000000
vn 0.344851 -0.932983 -0.103058
vn 0.346369 -0.933386 -0.093913
vn 0.349216 -0.937042 0.000000
vn 0.348683 -0.934292 -0.074286
vn 0.349855 -0.934863 -0.060268
vn 0.350801 -0.935375 -0.044861
vn 0.351633 -0.935858 -0.022875
vn 0.351918 -0.936031 0.000124
vn 0.351627 -0.935854 0.023130
vn 0.350790 -0.935369 0.045077
vn 0.349469 -0.934668 0.065326
vn 0.347788 -0.933904 0.082864
vn 0.346844 -0.933547 0.090497
vn 0.345348 -0.933097 0.100319
vn 0.343810 -0.932808 0.107996
vn 0.341763 -0.932748 0.114800
vn 0.341325 -0.938100 0.058880
vn 0.339819 -0.933120 0.117515
vn 0.339750 -0.933142 0.117540
vn 0.339682 -0.933164 0.117565
vn 0.339613 -0.933186 0.117590
vn 0.339545 -0.933207 0.117614
vn 0.339545 -0.933207 -0.117614
vn 0.339613 -0.933186 -0.117590
vn 0.339682 -0.933164 -0.117565
vn 0.294494 -0.942248 -0.159509
vn 0.336686 -0.934227 -0.117743
vn 0.319868 -0.941126 -0.109388
vn 0.340614 -0.938357 -0.058896
vn 0.324089 -0.945761 0.022439
vn 0.341921 -0.939729 0.000000
vn 0.340614 -0.938357 0.058896
vn 0.336686 -0.934227 0.117743
vn 0.294497 -0.942247 0.159506
vn 0.306327 -0.951651 0.022899
vn 0.288458 -0.957206 0.023429
vn 0.284102 -0.951972 -0.114170
vn 0.266080 -0.956800 -0.117201
vn 0.256802 -0.945074 -0.202209
vn 0.256971 -0.959068 -0.118971
vn 0.247876 -0.961212 -0.120947
vn 0.261491 -0.964897 0.024422
vn 0.252471 -0.967286 0.024831
vn 0.252302 -0.953032 0.167553
vn 0.243130 -0.954924 0.170320
vn 0.256790 -0.945074 0.202223
vn 0.212266 -0.940927 0.263819
vn 0.279601 -0.946550 0.160831
vn 0.261469 -0.950991 0.165076
vn 0.214274 -0.943748 0.251845
vn 0.158194 -0.916761 0.366775
vn 0.191022 -0.968977 0.156827
vn 0.198128 -0.980176 -0.000000
vn 0.234359 -0.971807 0.025830
vn 0.224611 -0.958223 0.177084
vn 0.229565 -0.965132 -0.125777
vn 0.191022 -0.968977 -0.156827
vn 0.212273 -0.940928 -0.263807
vn 0.158194 -0.916761 -0.366775
vn 0.302047 -0.946737 -0.111610
vn 0.270532 -0.962410 0.024056
vn 0.426920 -0.888539 -0.168043
vn 0.259607 -0.896620 -0.358717
vn 0.356432 -0.908340 -0.218803
vn 0.209412 -0.965267 -0.156227
vn 0.198128 -0.980176 -0.000000
vn 0.209412 -0.965267 0.156227
vn 0.327725 -0.944628 -0.016570
vn 0.330302 -0.941414 -0.068115
vn 0.335990 -0.934300 -0.119143
vn 0.458762 -0.880318 -0.120738
vn 0.517984 -0.846778 -0.121077
vn 0.453242 -0.888703 -0.069126
vn 0.563716 -0.823302 -0.066318
vn 0.450733 -0.892500 -0.016830
vn 0.561609 -0.827245 -0.016154
vn 0.451286 -0.891664 0.035731
vn 0.562073 -0.826376 0.034291
vn 0.518014 -0.846762 0.121064
vn 0.607576 -0.789288 0.088744
vn 0.259607 -0.896620 0.358717
vn 0.338791 -0.930780 0.137365
vn 0.328292 -0.943921 0.035187
vn 0.426754 -0.888598 0.168149
vn 0.461475 -0.876178 0.139113
vn 0.663824 -0.747417 0.026542
vn 0.637305 -0.766248 0.081888
vn 0.666369 -0.741417 0.079074
vn 0.663824 -0.747417 -0.026542
vn 0.666369 -0.741417 -0.079075
vn 0.637305 -0.766248 -0.081888
vn 0.607576 -0.789288 -0.088744
vn 0.344737 -0.923273 -0.169480
vn 0.661402 -0.745802 0.079541
vn 0.642565 -0.761014 0.089268
vn 0.663271 -0.747910 0.026491
vn 0.594397 -0.804172 0.000015
vn 0.663271 -0.747910 -0.026491
vn 0.642565 -0.761014 -0.089268
vn 0.661402 -0.745802 -0.079542
vn 0.591092 -0.799701 0.105304
vn 0.623598 -0.774743 0.104394
vn 0.615352 -0.780076 0.113238
vn 0.607370 -0.784738 0.123644
vn 0.599970 -0.788455 0.135551
vn 0.593718 -0.790899 0.148249
vn 0.563103 -0.799757 0.208096
vn 0.517331 -0.848461 0.111725
vn 0.520590 -0.853807 0.000032
vn 0.442751 -0.896645 0.000050
vn 0.439697 -0.890459 -0.117255
vn 0.358558 -0.925518 -0.121872
vn 0.430500 -0.871835 -0.233609
vn 0.350477 -0.904658 -0.242404
vn 0.415048 -0.840541 -0.348176
vn 0.336987 -0.869837 -0.360311
vn 0.375159 -0.827133 -0.418457
vn 0.321781 -0.831473 -0.452890
vn 0.243402 -0.896090 -0.371186
vn 0.269910 -0.836909 -0.476164
vn 0.220030 -0.844809 -0.487733
vn 0.147199 -0.859167 -0.490067
vn 0.148379 -0.913648 -0.378459
vn 0.075108 -0.873921 -0.480230
vn 0.052428 -0.922604 -0.382169
vn 0.003487 -0.888614 -0.458642
vn -0.044005 -0.922980 -0.382324
vn -0.070155 -0.902516 -0.424903
vn -0.140057 -0.914769 -0.378923
vn -0.144103 -0.913438 -0.380613
vn -0.220219 -0.919645 -0.325203
vn -0.146298 -0.955533 -0.256036
vn -0.245266 -0.936422 -0.250915
vn -0.251340 -0.959615 -0.126362
vn -0.294372 -0.918902 -0.262610
vn -0.350187 -0.928663 -0.122286
vn -0.366077 -0.910163 -0.193884
vn -0.399946 -0.903787 -0.152358
vn -0.426013 -0.898623 -0.104833
vn -0.352835 -0.935685 0.000212
vn -0.442576 -0.895147 -0.053283
vn -0.448240 -0.893913 0.000222
vn -0.442519 -0.895159 0.053547
vn -0.350187 -0.928663 0.122286
vn -0.425931 -0.898640 0.105022
vn -0.399730 -0.903828 0.152677
vn -0.366077 -0.910163 0.193884
vn -0.251340 -0.959615 0.126362
vn -0.245266 -0.936422 0.250915
vn -0.150077 -0.980213 0.129074
vn -0.146298 -0.955533 0.256036
vn -0.047216 -0.990336 0.130407
vn -0.046004 -0.964903 0.258547
vn 0.056250 -0.989872 0.130346
vn 0.054807 -0.964474 0.258432
vn 0.158966 -0.978834 0.128892
vn 0.154974 -0.954256 0.255694
vn 0.260038 -0.957334 0.126061
vn 0.253782 -0.934302 0.250347
vn 0.358558 -0.925518 0.121872
vn 0.350477 -0.904658 0.242404
vn 0.439697 -0.890459 0.117255
vn 0.430500 -0.871835 0.233609
vn 0.507479 -0.832303 0.223017
vn 0.524218 -0.808696 0.266845
vn 0.500016 -0.820063 0.278355
vn 0.478375 -0.816487 0.323274
vn 0.423568 -0.857796 0.291163
vn 0.415048 -0.840541 0.348176
vn 0.336987 -0.869837 0.360311
vn 0.375380 -0.827115 0.418295
vn 0.328213 -0.847189 0.417789
vn 0.322386 -0.831420 0.452557
vn 0.270199 -0.836873 0.476064
vn 0.428273 -0.822494 0.374281
vn 0.236692 -0.871387 0.429722
vn 0.220030 -0.844809 0.487733
vn 0.147645 -0.859076 0.490091
vn 0.144134 -0.887507 0.437672
vn 0.075932 -0.873749 0.480414
vn 0.050899 -0.895710 0.441717
vn 0.004010 -0.888509 0.458841
vn 0.052428 -0.922604 0.382169
vn -0.044005 -0.922980 0.382324
vn 0.053733 -0.945569 0.320955
vn -0.045101 -0.945973 0.321093
vn -0.069946 -0.902480 0.425014
vn -0.140057 -0.914769 0.378923
vn -0.143482 -0.937139 0.318094
vn -0.143452 -0.913358 0.381049
vn -0.219109 -0.919599 0.326080
vn -0.293695 -0.918944 0.263220
vn 0.427638 -0.822557 -0.374868
vn 0.478137 -0.816524 -0.323531
vn 0.507479 -0.832303 -0.223017
vn 0.517331 -0.848461 -0.111725
vn 0.523739 -0.808790 -0.267501
vn 0.562851 -0.799823 -0.208525
vn 0.593717 -0.790899 -0.148251
vn 0.591092 -0.799701 -0.105304
vn 0.600011 -0.788437 -0.135478
vn 0.607341 -0.784754 -0.123685
vn 0.608294 -0.784228 -0.122327
vn 0.624172 -0.774356 -0.103839
vn -0.253371 -0.967369 0.000198
vn -0.151343 -0.988481 0.000181
vn -0.150077 -0.980213 -0.129074
vn -0.047623 -0.998865 0.000161
vn -0.047216 -0.990336 -0.130407
vn -0.046004 -0.964903 -0.258547
vn 0.056734 -0.998389 0.000139
vn 0.056250 -0.989872 -0.130346
vn 0.054807 -0.964474 -0.258432
vn 0.160303 -0.987068 0.000116
vn 0.262129 -0.965033 0.000093
vn 0.158966 -0.978834 -0.128892
vn 0.154974 -0.954256 -0.255694
vn 0.361251 -0.932469 0.000069
vn 0.260038 -0.957334 -0.126061
vn 0.253782 -0.934302 -0.250347
vn 0.344412 -0.889002 0.301755
vn 0.249105 -0.917086 0.311287
vn 0.243402 -0.896090 0.371186
vn 0.151999 -0.935934 0.317685
vn 0.148379 -0.913648 0.378459
usemtl Nylon_6-6_(White)
f 10/1/1 1/2/2 11/3/3
f 11/3/3 1/2/2 2/4/4
f 11/3/3 2/4/4 3/5/5
f 4/6/6 12/7/7 3/5/5
f 3/5/5 12/7/7 19/8/8
f 3/5/5 19/8/8 11/3/3
f 11/3/3 19/8/8 10/1/1
f 5/9/9 14/10/10 4/6/6
f 4/6/6 14/10/10 21/11/11
f 4/6/6 21/11/11 20/12/12
f 20/12/12 21/11/11 9/13/13
f 20/12/12 9/13/13 25/14/14
f 25/14/14 9/13/13 13/15/15
f 25/14/14 13/15/15 4/6/6
f 4/6/6 13/15/15 29/16/16
f 4/6/6 29/16/16 27/17/17
f 27/17/17 29/16/16 9/13/13
f 27/17/17 9/13/13 28/18/18
f 28/18/18 9/13/13 12/7/7
f 28/18/18 12/7/7 4/6/6
f 6/19/19 23/20/20 5/9/9
f 5/9/9 23/20/20 22/21/21
f 5/9/9 22/21/21 24/22/22
f 24/22/22 22/21/21 8/23/23
f 24/22/22 8/23/23 16/24/24
f 16/24/24 8/23/23 15/25/25
f 16/24/24 15/25/25 5/9/9
f 5/9/9 15/25/25 30/26/26
f 5/9/9 30/26/26 26/27/27
f 26/27/27 30/26/26 8/23/23
f 26/27/27 8/23/23 14/10/10
f 14/10/10 8/23/23 9/13/13
f 14/10/10 9/13/13 21/11/11
f 7/28/28 33/29/29 6/19/19
f 6/19/19 33/29/29 18/30/30
f 6/19/19 18/30/30 34/31/31
f 34/31/31 18/30/30 8/23/23
f 34/31/31 8/23/23 31/32/32
f 31/32/32 8/23/23 32/33/33
f 31/32/32 32/33/33 6/19/19
f 6/19/19 32/33/33 17/34/34
f 6/19/19 17/34/34 23/20/20
f 23/20/20 17/34/34 8/23/23
f 23/20/20 8/23/23 22/21/21
f 7/28/28 8/23/23 33/29/29
f 33/29/29 8/23/23 18/30/30
f 9/13/13 10/1/1 12/7/7
f 12/7/7 10/1/1 19/8/8
f 13/15/15 9/13/13 29/16/16
f 27/17/17 28/18/18 4/6/6
f 20/12/12 25/14/14 4/6/6
f 15/25/25 8/23/23 30/26/26
f 14/10/10 5/9/9 26/27/27
f 16/24/24 5/9/9 24/22/22
f 32/33/33 8/23/23 17/34/34
f 6/19/19 34/31/31 31/32/32
f 7/35/35 6/36/36 35/37/37
f 6/38/38 59/39/39 35/40/40
f 35/40/40 59/39/39 42/41/41
f 35/40/40 42/41/41 80/42/42
f 80/42/42 42/41/41 6/38/38
f 80/42/42 6/38/38 48/43/43
f 48/43/43 6/38/38 79/44/44
f 48/43/43 79/44/44 35/40/40
f 35/40/40 79/44/44 43/45/45
f 35/40/40 43/45/45 78/46/46
f 78/46/46 43/45/45 6/38/38
f 78/46/46 6/38/38 49/47/47
f 49/47/47 6/38/38 77/48/48
f 49/47/47 77/48/48 35/40/40
f 35/40/40 77/48/48 44/49/49
f 35/40/40 44/49/49 76/50/50
f 76/50/50 44/49/49 6/38/38
f 76/50/50 6/38/38 50/51/51
f 50/51/51 6/38/38 45/52/52
f 50/51/51 45/52/52 35/40/40
f 35/40/40 45/52/52 41/53/53
f 41/53/53 45/52/52 75/54/54
f 41/53/53 75/54/54 51/55/55
f 51/55/55 75/54/54 36/56/56
f 51/55/55 36/56/56 74/57/57
f 74/57/57 36/56/56 46/58/58
f 74/57/57 46/58/58 41/53/53
f 41/53/53 46/58/58 73/59/59
f 41/53/53 73/59/59 52/60/60
f 52/60/60 73/59/59 36/56/56
f 52/60/60 36/56/56 72/61/61
f 72/61/61 36/56/56 47/62/62
f 72/61/61 47/62/62 41/53/53
f 41/53/53 47/62/62 71/63/63
f 41/53/53 71/63/63 53/64/64
f 53/64/64 71/63/63 36/56/56
f 53/64/64 36/56/56 65/65/65
f 65/65/65 36/56/56 60/66/66
f 65/65/65 60/66/66 41/53/53
f 41/53/53 60/66/66 61/67/67
f 41/53/53 61/67/67 54/68/68
f 54/68/68 61/67/67 36/56/56
f 54/68/68 36/56/56 56/69/69
f 56/69/69 36/56/56 70/70/70
f 56/69/69 70/70/70 41/53/53
f 41/53/53 70/70/70 69/71/71
f 41/53/53 69/71/71 55/72/72
f 55/72/72 69/71/71 36/56/56
f 55/72/72 36/56/56 37/73/73
f 6/38/38 36/56/56 45/52/52
f 45/52/52 36/56/56 75/54/54
f 38/74/74 58/75/75 37/73/73
f 37/73/73 58/75/75 67/76/76
f 37/73/73 67/76/76 66/77/77
f 66/77/77 67/76/76 40/78/78
f 66/77/77 40/78/78 68/79/79
f 68/79/79 40/78/78 57/80/80
f 68/79/79 57/80/80 37/73/73
f 37/73/73 57/80/80 63/81/81
f 37/73/73 63/81/81 62/82/82
f 62/82/82 63/81/81 40/78/78
f 62/82/82 40/78/78 64/83/83
f 64/83/83 40/78/78 55/72/72
f 64/83/83 55/72/72 37/73/73
f 38/74/74 39/84/84 58/75/75
f 58/75/75 39/84/84 40/78/78
f 58/75/75 40/78/78 67/76/76
f 40/78/78 41/53/53 55/72/72
f 6/38/38 42/41/41 59/39/39
f 80/42/42 48/43/43 35/40/40
f 6/38/38 43/45/45 79/44/44
f 78/46/46 49/47/47 35/40/40
f 6/38/38 44/49/49 77/48/48
f 76/50/50 50/51/51 35/40/40
f 41/53/53 51/55/55 74/57/57
f 41/53/53 52/60/60 72/61/61
f 41/53/53 53/64/64 65/65/65
f 73/59/59 46/58/58 36/56/56
f 71/63/63 47/62/62 36/56/56
f 36/56/56 61/67/67 60/66/66
f 56/69/69 41/53/53 54/68/68
f 36/56/56 69/71/71 70/70/70
f 37/73/73 62/82/82 64/83/83
f 57/80/80 40/78/78 63/81/81
f 66/77/77 68/79/79 37/73/73
f 84/85/85 39/86/86 87/87/87
f 87/87/87 39/86/86 38/88/88
f 87/87/87 38/88/88 81/89/89
f 82/90/90 86/91/91 81/89/89
f 81/89/89 86/91/91 89/92/92
f 81/89/89 89/92/92 90/93/93
f 90/93/93 89/92/92 84/85/85
f 90/93/93 84/85/85 85/94/94
f 85/94/94 84/85/85 88/95/95
f 85/94/94 88/95/95 81/89/89
f 81/89/89 88/95/95 87/87/87
f 86/91/91 82/90/90 91/96/96
f 91/96/96 82/90/90 83/97/97
f 91/96/96 83/97/97 86/91/91
f 86/91/91 83/97/97 84/85/85
f 86/91/91 84/85/85 89/92/92
f 88/95/95 84/85/85 87/87/87
f 85/94/94 81/89/89 90/93/93
f 82/98/98 120/99/99 83/100/100
f 83/100/100 120/99/99 108/101/101
f 83/100/100 108/101/101 103/102/102
f 103/102/102 108/101/101 119/103/103
f 103/102/102 119/103/103 121/104/104
f 121/104/104 119/103/103 92/105/105
f 121/104/104 92/105/105 107/106/106
f 107/106/106 92/105/105 118/107/107
f 107/106/106 118/107/107 103/102/102
f 103/102/102 118/107/107 109/108/108
f 103/102/102 109/108/108 110/109/109
f 110/109/109 109/108/108 92/105/105
f 110/109/109 92/105/105 106/110/110
f 106/110/110 92/105/105 93/111/111
f 106/110/110 93/111/111 122/112/112
f 122/112/112 93/111/111 123/113/113
f 122/112/112 123/113/113 102/114/114
f 102/114/114 123/113/113 105/115/115
f 102/114/114 105/115/115 117/116/116
f 117/116/116 105/115/115 93/111/111
f 117/116/116 93/111/111 111/117/117
f 111/117/117 93/111/111 112/118/118
f 111/117/117 112/118/118 102/114/114
f 102/114/114 112/118/118 101/119/119
f 101/119/119 112/118/118 116/120/120
f 101/119/119 116/120/120 104/121/121
f 104/121/121 116/120/120 94/122/122
f 104/121/121 94/122/122 124/123/123
f 124/123/123 94/122/122 114/124/124
f 124/123/123 114/124/124 100/125/125
f 100/125/125 114/124/124 113/126/126
f 100/125/125 113/126/126 99/127/127
f 99/127/127 113/126/126 115/128/128
f 99/127/127 115/128/128 98/129/129
f 98/129/129 115/128/128 97/130/130
f 97/130/130 115/128/128 96/131/131
f 96/131/131 115/128/128 113/126/126
f 96/131/131 113/126/126 95/132/132
f 95/132/132 113/126/126 94/122/122
f 94/122/122 113/126/126 114/124/124
f 120/99/99 82/98/98 108/101/101
f 108/101/101 82/98/98 92/105/105
f 108/101/101 92/105/105 119/103/103
f 112/118/118 93/111/111 116/120/120
f 116/120/120 93/111/111 94/122/122
f 124/123/123 100/125/125 104/121/121
f 104/121/121 100/125/125 101/119/119
f 122/112/112 102/114/114 106/110/110
f 106/110/110 102/114/114 103/102/102
f 106/110/110 103/102/102 110/109/109
f 102/114/114 117/116/116 111/117/117
f 123/113/113 93/111/111 105/115/115
f 92/105/105 109/108/108 118/107/107
f 107/106/106 103/102/102 121/104/104
f 140/133/133 98/134/134 148/135/135
f 148/135/135 98/134/134 97/136/136
f 148/135/135 97/136/136 125/137/137
f 126/138/138 146/139/139 125/137/137
f 125/137/137 146/139/139 149/140/140
f 125/137/137 149/140/140 162/141/141
f 162/141/141 149/140/140 140/133/133
f 162/141/141 140/133/133 147/142/142
f 147/142/142 140/133/133 163/143/143
f 147/142/142 163/143/143 125/137/137
f 125/137/137 163/143/143 164/144/144
f 125/137/137 164/144/144 148/135/135
f 148/135/135 164/144/144 140/133/133
f 127/145/145 144/146/146 126/138/138
f 126/138/138 144/146/146 150/147/147
f 126/138/138 150/147/147 161/148/148
f 161/148/148 150/147/147 139/149/149
f 161/148/148 139/149/149 145/150/150
f 145/150/150 139/149/149 165/151/151
f 145/150/150 165/151/151 126/138/138
f 126/138/138 165/151/151 146/139/139
f 128/152/152 152/153/153 127/145/145
f 127/145/145 152/153/153 151/154/154
f 127/145/145 151/154/154 160/155/155
f 160/155/155 151/154/154 138/156/156
f 160/155/155 138/156/156 144/146/146
f 144/146/146 138/156/156 139/149/149
f 144/146/146 139/149/149 150/147/147
f 129/157/157 143/158/158 128/152/152
f 128/152/152 143/158/158 153/159/159
f 128/152/152 153/159/159 152/153/153
f 152/153/153 153/159/159 137/160/160
f 152/153/153 137/160/160 138/156/156
f 130/161/161 155/162/162 129/157/157
f 129/157/157 155/162/162 154/163/163
f 129/157/157 154/163/163 159/164/164
f 159/164/164 154/163/163 136/165/165
f 159/164/164 136/165/165 142/166/166
f 142/166/166 136/165/165 166/167/167
f 142/166/166 166/167/167 129/157/157
f 129/157/157 166/167/167 143/158/158
f 131/168/168 141/169/169 130/161/161
f 130/161/161 141/169/169 156/170/170
f 130/161/161 156/170/170 155/162/162
f 155/162/162 156/170/170 135/171/171
f 155/162/162 135/171/171 136/165/165
f 132/172/172 157/173/173 131/168/168
f 131/168/168 157/173/173 158/174/174
f 131/168/168 158/174/174 141/169/169
f 141/169/169 158/174/174 134/175/175
f 141/169/169 134/175/175 135/171/171
f 132/172/172 133/176/176 157/173/173
f 157/173/173 133/176/176 134/175/175
f 157/173/173 134/175/175 158/174/174
f 166/167/167 136/165/165 143/158/158
f 143/158/158 136/165/165 137/160/160
f 143/158/158 137/160/160 153/159/159
f 165/151/151 139/149/149 146/139/139
f 146/139/139 139/149/149 140/133/133
f 146/139/139 140/133/133 149/140/140
f 135/171/171 156/170/170 141/169/169
f 142/166/166 129/157/157 159/164/164
f 136/165/165 154/163/163 155/162/162
f 144/146/146 127/145/145 160/155/155
f 138/156/156 151/154/154 152/153/153
f 145/150/150 126/138/138 161/148/148
f 147/142/142 125/137/137 162/141/141
f 164/144/144 163/143/143 140/133/133
f 182/177/177 133/178/178 191/179/179
f 191/179/179 133/178/178 132/180/180
f 191/179/179 132/180/180 167/181/181
f 191/179/179 167/181/181 190/182/182
f 190/182/182 167/181/181 168/183/183
f 190/182/182 168/183/183 205/184/184
f 205/184/184 168/183/183 204/185/185
f 205/184/184 204/185/185 181/186/186
f 181/186/186 204/185/185 189/187/187
f 181/186/186 189/187/187 203/188/188
f 203/188/188 189/187/187 168/183/183
f 203/188/188 168/183/183 192/189/189
f 192/189/189 168/183/183 193/190/190
f 192/189/189 193/190/190 181/186/186
f 181/186/186 193/190/190 180/191/191
f 180/191/191 193/190/190 194/192/192
f 180/191/191 194/192/192 188/193/193
f 188/193/193 194/192/192 169/194/194
f 188/193/193 169/194/194 170/195/195
f 168/183/183 169/194/194 193/190/190
f 193/190/190 169/194/194 194/192/192
f 171/196/196 196/197/197 170/195/195
f 170/195/195 196/197/197 195/198/198
f 170/195/195 195/198/198 202/199/199
f 202/199/199 195/198/198 179/200/200
f 202/199/199 179/200/200 187/201/201
f 187/201/201 179/200/200 206/202/202
f 187/201/201 206/202/202 170/195/195
f 170/195/195 206/202/202 207/203/203
f 170/195/195 207/203/203 188/193/193
f 188/193/193 207/203/203 179/200/200
f 188/193/193 179/200/200 180/191/191
f 172/204/204 186/205/205 171/196/196
f 171/196/196 186/205/205 197/206/206
f 171/196/196 197/206/206 196/197/197
f 196/197/197 197/206/206 178/207/207
f 196/197/197 178/207/207 179/200/200
f 173/208/208 184/209/209 172/204/204
f 172/204/204 184/209/209 198/210/210
f 172/204/204 198/210/210 201/211/211
f 201/211/211 198/210/210 177/212/212
f 201/211/211 177/212/212 185/213/213
f 185/213/213 177/212/212 208/214/214
f 185/213/213 208/214/214 172/204/204
f 172/204/204 208/214/214 209/215/215
f 172/204/204 209/215/215 186/205/205
f 186/205/205 209/215/215 177/212/212
f 186/205/205 177/212/212 178/207/207
f 174/216/216 175/217/217 173/208/208
f 173/208/208 175/217/217 199/218/218
f 173/208/208 199/218/218 200/219/219
f 200/219/219 199/218/218 176/220/220
f 200/219/219 176/220/220 183/221/221
f 183/221/221 176/220/220 210/222/222
f 183/221/221 210/222/222 173/208/208
f 173/208/208 210/222/222 184/209/209
f 175/217/217 176/220/220 199/218/218
f 210/222/222 176/220/220 184/209/209
f 184/209/209 176/220/220 177/212/212
f 184/209/209 177/212/212 198/210/210
f 205/184/184 181/186/186 190/182/182
f 190/182/182 181/186/186 182/177/177
f 190/182/182 182/177/177 191/179/179
f 183/221/221 173/208/208 200/219/219
f 185/213/213 172/204/204 201/211/211
f 209/215/215 208/214/214 177/212/212
f 178/207/207 197/206/206 186/205/205
f 187/201/201 170/195/195 202/199/199
f 179/200/200 195/198/198 196/197/197
f 207/203/203 206/202/202 179/200/200
f 181/186/186 203/188/188 192/189/189
f 204/185/185 168/183/183 189/187/187
f 226/223/223 175/224/224 250/225/225
f 250/225/225 175/224/224 174/226/226
f 250/225/225 174/226/226 211/227/227
f 212/228/228 236/229/229 211/227/227
f 211/227/227 236/229/229 237/230/230
f 211/227/227 237/230/230 250/225/225
f 250/225/225 237/230/230 226/223/223
f 213/231/231 234/232/232 212/228/228
f 212/228/228 234/232/232 238/233/233
f 212/228/228 238/233/233 249/234/234
f 249/234/234 238/233/233 225/235/235
f 249/234/234 225/235/235 235/236/236
f 235/236/236 225/235/235 236/229/229
f 235/236/236 236/229/229 212/228/228
f 214/237/237 240/238/238 213/231/231
f 213/231/231 240/238/238 239/239/239
f 213/231/231 239/239/239 248/240/240
f 248/240/240 239/239/239 224/241/241
f 248/240/240 224/241/241 233/242/242
f 233/242/242 224/241/241 234/232/232
f 233/242/242 234/232/232 213/231/231
f 215/243/243 232/244/244 214/237/237
f 214/237/237 232/244/244 241/245/245
f 214/237/237 241/245/245 240/238/238
f 240/238/238 241/245/245 223/246/246
f 240/238/238 223/246/246 224/241/241
f 216/247/247 230/248/248 215/243/243
f 215/243/243 230/248/248 242/249/249
f 215/243/243 242/249/249 247/250/250
f 247/250/250 242/249/249 222/251/251
f 247/250/250 222/251/251 231/252/252
f 231/252/252 222/251/251 232/244/244
f 231/252/252 232/244/244 215/243/243
f 217/253/253 228/254/254 216/247/247
f 216/247/247 228/254/254 243/255/255
f 216/247/247 243/255/255 246/256/256
f 246/256/256 243/255/255 221/257/257
f 246/256/256 221/257/257 229/258/258
f 229/258/258 221/257/257 230/248/248
f 229/258/258 230/248/248 216/247/247
f 218/259/259 244/260/260 217/253/253
f 217/253/253 244/260/260 245/261/261
f 217/253/253 245/261/261 227/262/262
f 227/262/262 245/261/261 220/263/263
f 227/262/262 220/263/263 228/254/254
f 228/254/254 220/263/263 221/257/257
f 228/254/254 221/257/257 243/255/255
f 218/259/259 219/264/264 244/260/260
f 244/260/260 219/264/264 220/263/263
f 244/260/260 220/263/263 245/261/261
f 221/257/257 222/251/251 230/248/248
f 230/248/248 222/251/251 242/249/249
f 222/251/251 223/246/246 232/244/244
f 232/244/244 223/246/246 241/245/245
f 224/241/241 225/235/235 234/232/232
f 234/232/232 225/235/235 238/233/233
f 225/235/235 226/223/223 236/229/229
f 236/229/229 226/223/223 237/230/230
f 228/254/254 217/253/253 227/262/262
f 229/258/258 216/247/247 246/256/256
f 231/252/252 215/243/243 247/250/250
f 233/242/242 213/231/231 248/240/240
f 224/241/241 239/239/239 240/238/238
f 235/236/236 212/228/228 249/234/234
f 266/265/265 219/266/266 274/267/267
f 274/267/267 219/266/266 218/268/268
f 274/267/267 218/268/268 251/269/269
f 252/270/270 272/271/271 251/269/269
f 251/269/269 272/271/271 275/272/272
f 251/269/269 275/272/272 287/273/273
f 287/273/273 275/272/272 266/265/265
f 287/273/273 266/265/265 273/274/274
f 273/274/274 266/265/265 288/275/275
f 273/274/274 288/275/275 251/269/269
f 251/269/269 288/275/275 274/267/267
f 253/276/276 277/277/277 252/270/270
f 252/270/270 277/277/277 276/278/278
f 252/270/270 276/278/278 286/279/279
f 286/279/279 276/278/278 265/280/280
f 286/279/279 265/280/280 271/281/281
f 271/281/281 265/280/280 289/282/282
f 271/281/281 289/282/282 252/270/270
f 252/270/270 289/282/282 290/283/283
f 252/270/270 290/283/283 272/271/271
f 272/271/271 290/283/283 265/280/280
f 272/271/271 265/280/280 266/265/265
f 254/284/284 270/285/285 253/276/276
f 253/276/276 270/285/285 278/286/286
f 253/276/276 278/286/286 277/277/277
f 277/277/277 278/286/286 264/287/287
f 277/277/277 264/287/287 265/280/280
f 255/288/288 280/289/289 254/284/284
f 254/284/284 280/289/289 279/290/290
f 254/284/284 279/290/290 285/291/291
f 285/291/291 279/290/290 263/292/292
f 285/291/291 263/292/292 269/293/293
f 269/293/293 263/292/292 291/294/294
f 269/293/293 291/294/294 254/284/284
f 254/284/284 291/294/294 292/295/295
f 254/284/284 292/295/295 270/285/285
f 270/285/285 292/295/295 263/292/292
f 270/285/285 263/292/292 264/287/287
f 256/296/296 268/297/297 255/288/288
f 255/288/288 268/297/297 281/298/298
f 255/288/288 281/298/298 280/289/289
f 280/289/289 281/298/298 262/299/299
f 280/289/289 262/299/299 263/292/292
f 257/300/300 283/301/301 256/296/296
f 256/296/296 283/301/301 282/302/302
f 256/296/296 282/302/302 284/303/303
f 284/303/303 282/302/302 261/304/304
f 284/303/303 261/304/304 267/305/305
f 267/305/305 261/304/304 293/306/306
f 267/305/305 293/306/306 256/296/296
f 256/296/296 293/306/306 268/297/297
f 258/307/307 259/308/308 257/300/300
f 257/300/300 259/308/308 283/301/301
f 259/308/308 260/309/309 283/301/301
f 283/301/301 260/309/309 282/302/302
f 260/309/309 261/304/304 282/302/302
f 293/306/306 261/304/304 268/297/297
f 268/297/297 261/304/304 262/299/299
f 268/297/297 262/299/299 281/298/298
f 288/275/275 266/265/265 274/267/267
f 267/305/305 256/296/296 284/303/303
f 269/293/293 254/284/284 285/291/291
f 263/292/292 279/290/290 280/289/289
f 292/295/295 291/294/294 263/292/292
f 264/287/287 278/286/286 270/285/285
f 271/281/281 252/270/270 286/279/279
f 265/280/280 276/278/278 277/277/277
f 290/283/283 289/282/282 265/280/280
f 273/274/274 251/269/269 287/273/273
f 266/265/265 275/272/272 272/271/271
f 309/310/310 259/311/311 320/312/312
f 320/312/312 259/311/311 258/313/313
f 320/312/312 258/313/313 294/314/314
f 295/315/315 319/316/316 294/314/314
f 294/314/314 319/316/316 321/317/317
f 294/314/314 321/317/317 334/318/318
f 334/318/318 321/317/317 309/310/310
f 334/318/318 309/310/310 320/312/312
f 296/319/319 323/320/320 295/315/315
f 295/315/315 323/320/320 322/321/321
f 295/315/315 322/321/321 333/322/322
f 333/322/322 322/321/321 308/323/323
f 333/322/322 308/323/323 318/324/324
f 318/324/324 308/323/323 335/325/325
f 318/324/324 335/325/325 295/315/315
f 295/315/315 335/325/325 319/316/316
f 297/326/326 317/327/327 296/319/319
f 296/319/319 317/327/327 324/328/328
f 296/319/319 324/328/328 323/320/320
f 323/320/320 324/328/328 307/329/329
f 323/320/320 307/329/329 308/323/323
f 298/330/330 315/331/331 297/326/326
f 297/326/326 315/331/331 325/332/332
f 297/326/326 325/332/332 332/333/333
f 332/333/333 325/332/332 306/334/334
f 332/333/333 306/334/334 316/335/335
f 316/335/335 306/334/334 336/336/336
f 316/335/335 336/336/336 297/326/326
f 297/326/326 336/336/336 317/327/327
f 299/337/337 313/338/338 298/330/330
f 298/330/330 313/338/338 326/339/339
f 298/330/330 326/339/339 331/340/340
f 331/340/340 326/339/339 305/341/341
f 331/340/340 305/341/341 314/342/342
f 314/342/342 305/341/341 315/331/331
f 314/342/342 315/331/331 298/330/330
f 300/343/343 311/344/344 299/337/337
f 299/337/337 311/344/344 327/345/345
f 299/337/337 327/345/345 330/346/346
f 330/346/346 327/345/345 304/347/347
f 330/346/346 304/347/347 312/348/348
f 312/348/348 304/347/347 313/338/338
f 312/348/348 313/338/338 299/337/337
f 301/349/349 328/350/350 300/343/343
f 300/343/343 328/350/350 329/351/351
f 300/343/343 329/351/351 310/352/352
f 310/352/352 329/351/351 303/353/353
f 310/352/352 303/353/353 337/354/354
f 337/354/354 303/353/353 311/344/344
f 337/354/354 311/344/344 300/343/343
f 301/349/349 302/355/355 328/350/350
f 328/350/350 302/355/355 303/353/353
f 328/350/350 303/353/353 329/351/351
f 303/353/353 304/347/347 311/344/344
f 311/344/344 304/347/347 327/345/345
f 304/347/347 305/341/341 313/338/338
f 313/338/338 305/341/341 326/339/339
f 305/341/341 306/334/334 315/331/331
f 315/331/331 306/334/334 325/332/332
f 336/336/336 306/334/334 317/327/327
f 317/327/327 306/334/334 307/329/329
f 317/327/327 307/329/329 324/328/328
f 335/325/325 308/323/323 319/316/316
f 319/316/316 308/323/323 309/310/310
f 319/316/316 309/310/310 321/317/317
f 337/354/354 300/343/343 310/352/352
f 312/348/348 299/337/337 330/346/346
f 314/342/342 298/330/330 331/340/340
f 316/335/335 297/326/326 332/333/333
f 318/324/324 295/315/315 333/322/322
f 308/323/323 322/321/321 323/320/320
f 320/312/312 294/314/314 334/318/318
f 302/356/356 301/357/357 349/358/358
f 349/358/358 301/357/357 356/359/359
f 349/358/358 356/359/359 357/360/360
f 357/360/360 356/359/359 338/361/361
f 357/360/360 338/361/361 339/362/362
f 301/357/357 338/361/361 356/359/359
f 340/363/363 358/364/364 339/362/362
f 339/362/362 358/364/364 355/365/365
f 339/362/362 355/365/365 365/366/366
f 365/366/366 355/365/365 348/367/367
f 365/366/366 348/367/367 354/368/368
f 354/368/368 348/367/367 357/360/360
f 354/368/368 357/360/360 339/362/362
f 341/369/369 359/370/370 340/363/363
f 340/363/363 359/370/370 360/371/371
f 340/363/363 360/371/371 358/364/364
f 358/364/364 360/371/371 347/372/372
f 358/364/364 347/372/372 348/367/367
f 342/373/373 352/374/374 341/369/369
f 341/369/369 352/374/374 361/375/375
f 341/369/369 361/375/375 362/376/376
f 362/376/376 361/375/375 346/377/377
f 362/376/376 346/377/377 366/378/378
f 366/378/378 346/377/377 353/379/379
f 366/378/378 353/379/379 341/369/369
f 341/369/369 353/379/379 359/370/370
f 343/380/380 350/381/381 342/373/373
f 342/373/373 350/381/381 367/382/382
f 342/373/373 367/382/382 368/383/383
f 368/383/383 367/382/382 345/384/384
f 368/383/383 345/384/384 351/385/385
f 351/385/385 345/384/384 364/386/386
f 351/385/385 364/386/386 342/373/373
f 342/373/373 364/386/386 363/387/387
f 342/373/373 363/387/387 352/374/374
f 352/374/374 363/387/387 345/384/384
f 352/374/374 345/384/384 346/377/377
f 350/381/381 343/380/380 369/388/388
f 369/388/388 343/380/380 344/389/389
f 369/388/388 344/389/389 350/381/381
f 350/381/381 344/389/389 345/384/384
f 350/381/381 345/384/384 367/382/382
f 346/377/377 347/372/372 353/379/379
f 353/379/379 347/372/372 359/370/370
f 348/367/367 349/358/358 357/360/360
f 351/385/385 342/373/373 368/383/383
f 363/387/387 364/386/386 345/384/384
f 346/377/377 361/375/375 352/374/374
f 341/369/369 362/376/376 366/378/378
f 360/371/371 359/370/370 347/372/372
f 354/368/368 339/362/362 365/366/366
f 358/364/364 348/367/367 355/365/365
f 373/390/390 344/391/391 374/392/392
f 374/392/392 344/391/391 343/393/393
f 374/392/392 343/393/393 370/394/394
f 371/395/395 377/396/396 370/394/394
f 370/394/394 377/396/396 376/397/397
f 370/394/394 376/397/397 378/398/398
f 378/398/398 376/397/397 373/390/390
f 378/398/398 373/390/390 375/399/399
f 375/399/399 373/390/390 381/400/400
f 375/399/399 381/400/400 370/394/394
f 370/394/394 381/400/400 379/401/401
f 370/394/394 379/401/401 380/402/402
f 380/402/402 379/401/401 373/390/390
f 380/402/402 373/390/390 374/392/392
f 371/395/395 372/403/403 377/396/396
f 377/396/396 372/403/403 373/390/390
f 377/396/396 373/390/390 376/397/397
f 373/390/390 379/401/401 381/400/400
f 374/392/392 370/394/394 380/402/402
f 375/399/399 370/394/394 378/398/398
f 371/404/395 408/405/404 372/406/403
f 372/406/403 408/405/404 388/407/405
f 372/406/403 388/407/405 407/408/406
f 407/408/406 388/407/405 382/409/407
f 407/408/406 382/409/407 409/410/408
f 409/410/408 382/409/407 389/411/409
f 409/410/408 389/411/409 387/412/410
f 387/412/410 389/411/409 390/413/411
f 387/412/410 390/413/411 403/414/412
f 403/414/412 390/413/411 382/409/407
f 403/414/412 382/409/407 402/415/413
f 402/415/413 382/409/407 383/416/414
f 402/415/413 383/416/414 391/417/415
f 391/417/415 383/416/414 393/418/416
f 391/417/415 393/418/416 387/412/410
f 387/412/410 393/418/416 410/419/417
f 387/412/410 410/419/417 392/420/418
f 392/420/418 410/419/417 383/416/414
f 392/420/418 383/416/414 411/421/419
f 411/421/419 383/416/414 394/422/420
f 411/421/419 394/422/420 386/423/421
f 386/423/421 394/422/420 405/424/422
f 386/423/421 405/424/422 404/425/423
f 404/425/423 405/424/422 383/416/414
f 404/425/423 383/416/414 395/426/424
f 395/426/424 383/416/414 384/427/425
f 395/426/424 384/427/425 413/428/426
f 413/428/426 384/427/425 412/429/427
f 413/428/426 412/429/427 386/423/421
f 386/423/421 412/429/427 415/430/428
f 386/423/421 415/430/428 396/431/429
f 396/431/429 415/430/428 384/427/425
f 396/431/429 384/427/425 417/432/430
f 417/432/430 384/427/425 414/433/431
f 417/432/430 414/433/431 386/423/421
f 386/423/421 414/433/431 419/434/432
f 386/423/421 419/434/432 397/435/433
f 397/435/433 419/434/432 384/427/425
f 397/435/433 384/427/425 421/436/434
f 421/436/434 384/427/425 416/437/435
f 421/436/434 416/437/435 386/423/421
f 386/423/421 416/437/435 423/438/436
f 386/423/421 423/438/436 398/439/437
f 398/439/437 423/438/436 384/427/425
f 398/439/437 384/427/425 424/440/438
f 424/440/438 384/427/425 418/441/439
f 424/440/438 418/441/439 386/423/421
f 386/423/421 418/441/439 425/442/440
f 386/423/421 425/442/440 399/443/441
f 399/443/441 425/442/440 384/427/425
f 399/443/441 384/427/425 420/444/442
f 420/444/442 384/427/425 426/445/443
f 420/444/442 426/445/443 385/446/444
f 385/446/444 426/445/443 400/447/445
f 385/446/444 400/447/445 401/448/446
f 401/448/446 400/447/445 384/427/425
f 401/448/446 384/427/425 422/449/447
f 422/449/447 384/427/425 406/450/448
f 422/449/447 406/450/448 385/446/444
f 385/446/444 406/450/448 384/427/425
f 371/404/395 382/409/407 408/405/404
f 408/405/404 382/409/407 388/407/405
f 385/446/444 386/423/421 420/444/442
f 420/444/442 386/423/421 399/443/441
f 411/421/419 386/423/421 392/420/418
f 392/420/418 386/423/421 387/412/410
f 409/410/408 387/412/410 407/408/406
f 407/408/406 387/412/410 372/406/403
f 389/411/409 382/409/407 390/413/411
f 403/414/412 402/415/413 387/412/410
f 387/412/410 402/415/413 391/417/415
f 383/416/414 405/424/422 394/422/420
f 393/418/416 383/416/414 410/419/417
f 413/428/426 386/423/421 395/426/424
f 395/426/424 386/423/421 404/425/423
f 384/427/425 415/430/428 412/429/427
f 417/432/430 386/423/421 396/431/429
f 384/427/425 419/434/432 414/433/431
f 421/436/434 386/423/421 397/435/433
f 384/427/425 423/438/436 416/437/435
f 424/440/438 386/423/421 398/439/437
f 384/427/425 425/442/440 418/441/439
f 384/427/425 400/447/445 426/445/443
f 401/448/446 422/449/447 385/446/444
f 385/451/449 384/452/450 427/453/451
f 384/454/452 460/455/453 427/456/454
f 427/456/454 460/455/453 436/457/455
f 427/456/454 436/457/455 439/458/456
f 439/458/456 436/457/455 384/454/452
f 439/458/456 384/454/452 459/459/457
f 459/459/457 384/454/452 457/460/458
f 459/459/457 457/460/458 427/456/454
f 427/456/454 457/460/458 437/461/459
f 427/456/454 437/461/459 435/462/460
f 435/462/460 437/461/459 458/463/461
f 435/462/460 458/463/461 456/464/462
f 456/464/462 458/463/461 428/465/463
f 456/464/462 428/465/463 438/466/464
f 438/466/464 428/465/463 440/467/465
f 438/466/464 440/467/465 435/462/460
f 435/462/460 440/467/465 453/468/466
f 435/462/460 453/468/466 448/469/467
f 448/469/467 453/468/466 428/465/463
f 448/469/467 428/465/463 449/470/468
f 449/470/468 428/465/463 441/471/469
f 449/470/468 441/471/469 435/462/460
f 435/462/460 441/471/469 434/472/470
f 434/472/470 441/471/469 454/473/471
f 434/472/470 454/473/471 455/474/472
f 455/474/472 454/473/471 429/475/473
f 455/474/472 429/475/473 442/476/474
f 442/476/474 429/475/473 443/477/475
f 442/476/474 443/477/475 434/472/470
f 434/472/470 443/477/475 452/478/476
f 434/472/470 452/478/476 450/479/477
f 450/479/477 452/478/476 429/475/473
f 450/479/477 429/475/473 444/480/478
f 444/480/478 429/475/473 445/481/479
f 444/480/478 445/481/479 433/482/480
f 433/482/480 445/481/479 451/483/481
f 433/482/480 451/483/481 446/484/482
f 446/484/482 451/483/481 430/485/483
f 446/484/482 430/485/483 447/486/484
f 447/486/484 430/485/483 431/487/485
f 447/486/484 431/487/485 432/488/486
f 457/460/458 384/454/452 437/461/459
f 437/461/459 384/454/452 428/465/463
f 437/461/459 428/465/463 458/463/461
f 428/465/463 429/475/473 441/471/469
f 441/471/469 429/475/473 454/473/471
f 429/475/473 430/485/483 445/481/479
f 445/481/479 430/485/483 451/483/481
f 447/486/484 432/488/486 446/484/482
f 446/484/482 432/488/486 433/482/480
f 433/482/480 434/472/470 444/480/478
f 444/480/478 434/472/470 450/479/477
f 384/454/452 436/457/455 460/455/453
f 439/458/456 459/459/457 427/456/454
f 438/466/464 435/462/460 456/464/462
f 440/467/465 428/465/463 453/468/466
f 435/462/460 448/469/467 449/470/468
f 442/476/474 434/472/470 455/474/472
f 443/477/475 429/475/473 452/478/476
f 431/489/487 461/490/488 432/491/489
f 432/491/489 461/490/488 468/492/490
f 468/492/490 461/490/488 469/493/491
f 468/492/490 469/493/491 467/494/492
f 467/494/492 469/493/491 466/495/493
f 466/495/493 469/493/491 465/496/494
f 465/496/494 469/493/491 464/497/495
f 464/497/495 469/493/491 463/498/496
f 463/498/496 469/493/491 462/499/497
f 462/499/497 469/493/491 461/490/488
f 504/500/498 465/501/499 505/502/500
f 505/502/500 465/501/499 464/503/501
f 505/502/500 464/503/501 470/504/502
f 471/505/503 516/506/504 470/504/502
f 470/504/502 516/506/504 515/507/505
f 470/504/502 515/507/505 540/508/506
f 540/508/506 515/507/505 504/500/498
f 540/508/506 504/500/498 505/502/500
f 472/509/507 506/510/508 471/505/503
f 471/505/503 506/510/508 517/511/509
f 471/505/503 517/511/509 516/506/504
f 516/506/504 517/511/509 503/512/510
f 516/506/504 503/512/510 504/500/498
f 473/513/511 507/514/512 472/509/507
f 472/509/507 507/514/512 519/515/513
f 472/509/507 519/515/513 518/516/514
f 518/516/514 519/515/513 502/517/515
f 518/516/514 502/517/515 506/510/508
f 506/510/508 502/517/515 503/512/510
f 506/510/508 503/512/510 517/511/509
f 474/518/516 521/519/517 473/513/511
f 473/513/511 521/519/517 520/520/518
f 473/513/511 520/520/518 507/514/512
f 507/514/512 520/520/518 502/517/515
f 507/514/512 502/517/515 519/515/513
f 521/519/517 474/518/516 508/521/519
f 508/521/519 474/518/516 475/522/520
f 508/521/519 475/522/520 509/523/521
f 509/523/521 475/522/520 539/524/522
f 509/523/521 539/524/522 500/525/523
f 500/525/523 539/524/522 523/526/524
f 500/525/523 523/526/524 499/527/525
f 499/527/525 523/526/524 522/528/526
f 499/527/525 522/528/526 510/529/527
f 510/529/527 522/528/526 476/530/528
f 510/529/527 476/530/528 477/531/529
f 476/530/528 522/528/526 475/522/520
f 475/522/520 522/528/526 523/526/524
f 475/522/520 523/526/524 539/524/522
f 478/532/530 524/533/531 477/531/529
f 477/531/529 524/533/531 525/534/532
f 477/531/529 525/534/532 538/535/533
f 538/535/533 525/534/532 498/536/534
f 538/535/533 498/536/534 510/529/527
f 510/529/527 498/536/534 499/527/525
f 524/533/531 478/532/530 526/537/535
f 526/537/535 478/532/530 479/538/536
f 526/537/535 479/538/536 528/539/537
f 528/539/537 479/538/536 527/540/538
f 528/539/537 527/540/538 495/541/539
f 495/541/539 527/540/538 529/542/540
f 495/541/539 529/542/540 494/543/541
f 494/543/541 529/542/540 530/544/542
f 494/543/541 530/544/542 511/545/543
f 511/545/543 530/544/542 481/546/544
f 511/545/543 481/546/544 482/547/545
f 479/538/536 480/548/546 527/540/538
f 527/540/538 480/548/546 529/542/540
f 480/548/546 481/546/544 529/542/540
f 529/542/540 481/546/544 530/544/542
f 483/549/547 512/550/548 482/547/545
f 482/547/545 512/550/548 531/551/549
f 482/547/545 531/551/549 511/545/543
f 511/545/543 531/551/549 493/552/550
f 511/545/543 493/552/550 494/543/541
f 484/553/551 513/554/552 483/549/547
f 483/549/547 513/554/552 532/555/553
f 483/549/547 532/555/553 537/556/554
f 537/556/554 532/555/553 492/557/555
f 537/556/554 492/557/555 512/550/548
f 512/550/548 492/557/555 493/552/550
f 512/550/548 493/552/550 531/551/549
f 485/558/556 514/559/557 484/553/551
f 484/553/551 514/559/557 534/560/558
f 484/553/551 534/560/558 533/561/559
f 533/561/559 534/560/558 491/562/560
f 533/561/559 491/562/560 513/554/552
f 513/554/552 491/562/560 492/557/555
f 513/554/552 492/557/555 532/555/553
f 514/559/557 485/558/556 535/563/561
f 535/563/561 485/558/556 486/564/562
f 535/563/561 486/564/562 536/565/563
f 536/565/563 486/564/562 487/566/564
f 536/565/563 487/566/564 488/567/565
f 488/567/565 489/568/566 536/565/563
f 536/565/563 489/568/566 535/563/561
f 489/568/566 490/569/567 535/563/561
f 535/563/561 490/569/567 514/559/557
f 490/569/567 491/562/560 514/559/557
f 514/559/557 491/562/560 534/560/558
f 495/541/539 496/570/568 528/539/537
f 528/539/537 496/570/568 526/537/535
f 496/570/568 497/571/569 526/537/535
f 526/537/535 497/571/569 524/533/531
f 524/533/531 497/571/569 525/534/532
f 525/534/532 497/571/569 498/536/534
f 509/523/521 500/525/523 508/521/519
f 508/521/519 500/525/523 501/572/570
f 508/521/519 501/572/570 521/519/517
f 521/519/517 501/572/570 520/520/518
f 501/572/570 502/517/515 520/520/518
f 505/502/500 470/504/502 540/508/506
f 504/500/498 515/507/505 516/506/504
f 472/509/507 518/516/514 506/510/508
f 510/529/527 477/531/529 538/535/533
f 512/550/548 483/549/547 537/556/554
f 484/553/551 533/561/559 513/554/552
f 488/573/571 487/574/572 547/575/573
f 547/575/573 487/574/572 541/576/574
f 547/575/573 541/576/574 542/577/575
f 542/577/575 543/578/576 547/575/573
f 547/575/573 543/578/576 2/579/577
f 547/575/573 2/579/577 1/580/578
f 1/580/578 544/581/579 547/575/573
f 547/575/573 544/581/579 545/582/580
f 547/575/573 545/582/580 546/583/581
f 546/583/581 488/573/571 547/575/573
f 466/584/582 465/585/583 548/586/584
f 548/586/584 465/585/583 504/587/585
f 548/586/584 504/587/585 503/588/586
f 548/586/584 503/588/586 549/589/587
f 549/589/587 503/588/586 502/590/588
f 549/589/587 502/590/588 501/591/589
f 501/591/589 500/592/590 549/589/587
f 549/589/587 500/592/590 550/593/591
f 549/589/587 550/593/591 493/594/592
f 493/594/592 550/593/591 494/595/593
f 494/595/593 550/593/591 495/596/594
f 495/596/594 550/593/591 496/597/595
f 496/597/595 550/593/591 497/598/596
f 497/598/596 550/593/591 498/599/597
f 498/599/597 550/593/591 499/600/598
f 499/600/598 550/593/591 500/592/590
f 493/594/592 492/601/599 549/589/587
f 549/589/587 492/601/599 491/602/600
f 549/589/587 491/602/600 490/603/601
f 549/589/587 490/603/601 548/586/584
f 548/586/584 490/603/601 489/604/602
f 548/586/584 489/604/602 488/605/603
f 488/605/603 546/606/604 548/586/584
f 548/586/584 546/606/604 545/607/605
f 548/586/584 545/607/605 544/608/606
f 544/608/606 1/609/607 548/586/584
f 432/610/608 468/611/609 548/586/584
f 548/586/584 468/611/609 467/612/610
f 548/586/584 467/612/610 466/584/582
f 548/613/611 557/614/612 432/615/613
f 432/615/613 557/614/612 558/616/614
f 432/615/613 558/616/614 433/617/615
f 433/617/615 558/616/614 562/618/616
f 433/617/615 562/618/616 561/619/617
f 561/619/617 562/618/616 563/620/618
f 561/619/617 563/620/618 560/621/619
f 560/621/619 563/620/618 564/622/620
f 560/621/619 564/622/620 559/623/621
f 559/623/621 564/622/620 10/624/622
f 559/623/621 10/624/622 9/625/623
f 548/613/611 1/626/624 557/614/612
f 557/614/612 1/626/624 556/627/625
f 557/614/612 556/627/625 563/620/618
f 563/620/618 556/627/625 564/622/620
f 1/626/624 10/624/622 556/627/625
f 556/627/625 10/624/622 564/622/620
f 8/628/626 554/629/627 9/625/623
f 9/625/623 554/629/627 565/630/628
f 9/625/623 565/630/628 559/623/621
f 559/623/621 565/630/628 566/631/629
f 559/623/621 566/631/629 560/621/619
f 560/621/619 566/631/629 567/632/630
f 560/621/619 567/632/630 561/619/617
f 561/619/617 567/632/630 568/633/631
f 561/619/617 568/633/631 434/634/632
f 434/634/632 568/633/631 555/635/633
f 434/634/632 555/635/633 573/636/634
f 573/636/634 555/635/633 584/637/635
f 573/636/634 584/637/635 574/638/636
f 574/638/636 584/637/635 583/639/637
f 574/638/636 583/639/637 575/640/638
f 575/640/638 583/639/637 554/629/627
f 575/640/638 554/629/627 576/641/639
f 576/641/639 554/629/627 8/628/626
f 576/641/639 8/628/626 569/642/640
f 569/642/640 8/628/626 581/643/641
f 569/642/640 581/643/641 580/644/642
f 580/644/642 581/643/641 552/645/643
f 580/644/642 552/645/643 579/646/644
f 579/646/644 552/645/643 553/647/645
f 579/646/644 553/647/645 578/648/646
f 578/648/646 553/647/645 577/649/647
f 578/648/646 577/649/647 435/650/648
f 435/650/648 577/649/647 427/651/649
f 427/651/649 577/649/647 553/647/645
f 581/643/641 8/628/626 582/652/650
f 582/652/650 8/628/626 7/653/651
f 582/652/650 7/653/651 551/654/652
f 582/652/650 551/654/652 581/643/641
f 581/643/641 551/654/652 552/645/643
f 434/634/632 573/636/634 435/650/648
f 435/650/648 573/636/634 572/655/653
f 435/650/648 572/655/653 578/648/646
f 578/648/646 572/655/653 571/656/654
f 578/648/646 571/656/654 579/646/644
f 579/646/644 571/656/654 570/657/655
f 579/646/644 570/657/655 580/644/642
f 580/644/642 570/657/655 569/642/640
f 434/634/632 433/617/615 561/619/617
f 562/618/616 558/616/614 557/614/612
f 562/618/616 557/614/612 563/620/618
f 554/629/627 583/639/637 565/630/628
f 565/630/628 583/639/637 566/631/629
f 555/635/633 568/633/631 567/632/630
f 583/639/637 584/637/635 566/631/629
f 566/631/629 584/637/635 567/632/630
f 584/637/635 555/635/633 567/632/630
f 575/640/638 576/641/639 570/657/655
f 570/657/655 576/641/639 569/642/640
f 574/638/636 575/640/638 571/656/654
f 571/656/654 575/640/638 570/657/655
f 573/636/634 574/638/636 572/655/653
f 572/655/653 574/638/636 571/656/654
f 553/658/656 590/659/657 427/660/658
f 427/660/658 590/659/657 591/661/659
f 427/660/658 591/661/659 592/662/660
f 592/662/660 591/661/659 606/663/661
f 592/662/660 606/663/661 593/664/662
f 593/664/662 606/663/661 385/665/663
f 593/664/662 385/665/663 427/660/658
f 552/666/664 603/667/665 553/658/656
f 553/658/656 603/667/665 604/668/666
f 553/658/656 604/668/666 605/669/667
f 605/669/667 604/668/666 645/670/668
f 605/669/667 645/670/668 611/671/669
f 611/671/669 645/670/668 644/672/670
f 611/671/669 644/672/670 612/673/671
f 612/673/671 644/672/670 643/674/672
f 612/673/671 643/674/672 613/675/673
f 613/675/673 643/674/672 642/676/674
f 613/675/673 642/676/674 614/677/675
f 614/677/675 642/676/674 641/678/676
f 614/677/675 641/678/676 615/679/677
f 615/679/677 641/678/676 640/680/678
f 615/679/677 640/680/678 616/681/679
f 616/681/679 640/680/678 639/682/680
f 616/681/679 639/682/680 617/683/681
f 617/683/681 639/682/680 638/684/682
f 617/683/681 638/684/682 618/685/683
f 618/685/683 638/684/682 637/686/684
f 618/685/683 637/686/684 619/687/685
f 619/687/685 637/686/684 595/688/686
f 619/687/685 595/688/686 594/689/687
f 594/689/687 595/688/686 608/690/688
f 594/689/687 608/690/688 609/691/689
f 609/691/689 608/690/688 7/692/690
f 609/691/689 7/692/690 610/693/691
f 610/693/691 7/692/690 35/694/692
f 610/693/691 35/694/692 594/689/687
f 594/689/687 35/694/692 41/695/693
f 594/689/687 41/695/693 619/687/685
f 619/687/685 41/695/693 618/685/683
f 551/696/694 599/697/695 552/666/664
f 552/666/664 599/697/695 600/698/696
f 552/666/664 600/698/696 601/699/697
f 601/699/697 600/698/696 642/676/674
f 601/699/697 642/676/674 643/674/672
f 7/692/690 607/700/698 551/696/694
f 551/696/694 607/700/698 595/688/686
f 551/696/694 595/688/686 596/701/699
f 596/701/699 595/688/686 637/686/684
f 596/701/699 637/686/684 638/684/682
f 618/685/683 41/695/693 620/702/700
f 620/702/700 41/695/693 40/703/701
f 620/702/700 40/703/701 621/704/702
f 621/704/702 40/703/701 627/705/703
f 621/704/702 627/705/703 628/706/704
f 628/706/704 627/705/703 646/707/705
f 628/706/704 646/707/705 647/708/706
f 647/708/706 646/707/705 634/709/707
f 647/708/706 634/709/707 633/710/708
f 633/710/708 634/709/707 373/711/709
f 633/710/708 373/711/709 372/712/710
f 39/713/711 636/714/712 40/703/701
f 40/703/701 636/714/712 588/715/713
f 40/703/701 588/715/713 627/705/703
f 627/705/703 588/715/713 646/707/705
f 636/714/712 39/713/711 635/716/714
f 635/716/714 39/713/711 84/717/715
f 635/716/714 84/717/715 585/718/716
f 585/718/716 84/717/715 83/719/717
f 585/718/716 586/720/718 635/716/714
f 635/716/714 586/720/718 634/709/707
f 635/716/714 634/709/707 646/707/705
f 586/720/718 587/721/719 634/709/707
f 634/709/707 587/721/719 373/711/709
f 587/721/719 344/722/720 373/711/709
f 633/710/708 372/712/710 632/723/721
f 632/723/721 372/712/710 387/724/722
f 632/723/721 387/724/722 589/725/723
f 589/725/723 387/724/722 631/726/724
f 589/725/723 631/726/724 630/727/725
f 630/727/725 631/726/724 624/728/726
f 630/727/725 624/728/726 623/729/727
f 623/729/727 624/728/726 615/679/677
f 623/729/727 615/679/677 616/681/679
f 386/730/728 626/731/729 387/724/722
f 387/724/722 626/731/729 625/732/730
f 387/724/722 625/732/730 631/726/724
f 631/726/724 625/732/730 624/728/726
f 385/665/663 606/663/661 386/730/728
f 386/730/728 606/663/661 611/671/669
f 386/730/728 611/671/669 612/673/671
f 608/690/688 595/688/686 607/700/698
f 591/661/659 590/659/657 605/669/667
f 605/669/667 590/659/657 553/658/656
f 593/664/662 427/660/658 592/662/660
f 606/663/661 591/661/659 605/669/667
f 596/701/699 597/733/731 551/696/694
f 551/696/694 597/733/731 598/734/732
f 551/696/694 598/734/732 599/697/695
f 599/697/695 598/734/732 640/680/678
f 599/697/695 640/680/678 641/678/676
f 596/701/699 638/684/682 597/733/731
f 597/733/731 638/684/682 639/682/680
f 597/733/731 639/682/680 598/734/732
f 598/734/732 639/682/680 640/680/678
f 642/676/674 600/698/696 641/678/676
f 641/678/676 600/698/696 599/697/695
f 603/667/665 552/666/664 602/735/733
f 602/735/733 552/666/664 601/699/697
f 602/735/733 601/699/697 643/674/672
f 645/670/668 604/668/666 603/667/665
f 643/674/672 644/672/670 602/735/733
f 602/735/733 644/672/670 603/667/665
f 644/672/670 645/670/668 603/667/665
f 611/671/669 606/663/661 605/669/667
f 7/692/690 608/690/688 607/700/698
f 610/693/691 594/689/687 609/691/689
f 626/731/729 386/730/728 612/673/671
f 625/732/730 626/731/729 613/675/673
f 613/675/673 626/731/729 612/673/671
f 624/728/726 625/732/730 614/677/675
f 614/677/675 625/732/730 613/675/673
f 614/677/675 615/679/677 624/728/726
f 616/681/679 617/683/681 622/736/734
f 622/736/734 617/683/681 621/704/702
f 622/736/734 621/704/702 628/706/704
f 620/702/700 621/704/702 618/685/683
f 618/685/683 621/704/702 617/683/681
f 616/681/679 622/736/734 623/729/727
f 623/729/727 622/736/734 629/737/735
f 623/729/727 629/737/735 630/727/725
f 630/727/725 629/737/735 648/738/736
f 630/727/725 648/738/736 589/725/723
f 589/725/723 648/738/736 632/723/721
f 629/737/735 622/736/734 628/706/704
f 648/738/736 629/737/735 647/708/706
f 647/708/706 629/737/735 628/706/704
f 647/708/706 633/710/708 648/738/736
f 648/738/736 633/710/708 632/723/721
f 588/715/713 636/714/712 635/716/714
f 588/715/713 635/716/714 646/707/705
f 349/739/737 650/740/738 302/741/739
f 302/741/739 650/740/738 651/742/740
f 302/741/739 651/742/740 671/743/741
f 671/743/741 651/742/740 652/744/742
f 671/743/741 652/744/742 670/745/743
f 670/745/743 652/744/742 653/746/744
f 670/745/743 653/746/744 669/747/745
f 669/747/745 653/746/744 654/748/746
f 669/747/745 654/748/746 668/749/747
f 668/749/747 654/748/746 655/750/748
f 668/749/747 655/750/748 667/751/749
f 667/751/749 655/750/748 656/752/750
f 667/751/749 656/752/750 666/753/751
f 666/753/751 656/752/750 657/754/752
f 666/753/751 657/754/752 665/755/753
f 665/755/753 657/754/752 658/756/754
f 665/755/753 658/756/754 664/757/755
f 664/757/755 658/756/754 659/758/756
f 664/757/755 659/758/756 663/759/757
f 663/759/757 659/758/756 660/760/758
f 663/759/757 660/760/758 662/761/759
f 662/761/759 660/760/758 219/762/760
f 662/761/759 219/762/760 266/763/761
f 349/739/737 348/764/762 650/740/738
f 650/740/738 348/764/762 673/765/763
f 650/740/738 673/765/763 674/766/764
f 674/766/764 673/765/763 687/767/765
f 674/766/764 687/767/765 688/768/766
f 688/768/766 687/767/765 701/769/767
f 688/768/766 701/769/767 702/770/768
f 702/770/768 701/769/767 715/771/769
f 702/770/768 715/771/769 716/772/770
f 716/772/770 715/771/769 729/773/771
f 716/772/770 729/773/771 730/774/772
f 730/774/772 729/773/771 741/775/773
f 730/774/772 741/775/773 742/776/774
f 742/776/774 741/775/773 753/777/775
f 742/776/774 753/777/775 754/778/776
f 754/778/776 753/777/775 764/779/777
f 754/778/776 764/779/777 765/780/778
f 765/780/778 764/779/777 774/781/779
f 765/780/778 774/781/779 775/782/780
f 775/782/780 774/781/779 179/783/781
f 775/782/780 179/783/781 178/784/782
f 348/764/762 347/785/783 673/765/763
f 673/765/763 347/785/783 672/786/784
f 673/765/763 672/786/784 686/787/785
f 686/787/785 672/786/784 685/788/786
f 686/787/785 685/788/786 699/789/787
f 699/789/787 685/788/786 698/790/788
f 699/789/787 698/790/788 712/791/789
f 712/791/789 698/790/788 711/792/790
f 712/791/789 711/792/790 725/793/791
f 725/793/791 711/792/790 724/794/792
f 725/793/791 724/794/792 102/795/793
f 102/795/793 724/794/792 103/796/794
f 103/796/794 724/794/792 83/797/795
f 83/797/795 724/794/792 711/792/790
f 83/797/795 711/792/790 585/798/796
f 585/798/796 711/792/790 698/790/788
f 585/798/796 698/790/788 586/799/797
f 586/799/797 698/790/788 587/800/798
f 587/800/798 698/790/788 685/788/786
f 587/800/798 685/788/786 344/801/799
f 344/801/799 685/788/786 672/786/784
f 344/801/799 672/786/784 345/802/800
f 345/802/800 672/786/784 346/803/801
f 346/803/801 672/786/784 347/785/783
f 102/795/793 101/804/802 725/793/791
f 725/793/791 101/804/802 100/805/803
f 725/793/791 100/805/803 737/806/804
f 737/806/804 100/805/803 99/807/805
f 737/806/804 99/807/805 98/808/806
f 98/808/806 140/809/807 737/806/804
f 737/806/804 140/809/807 749/810/808
f 737/806/804 749/810/808 738/811/809
f 738/811/809 749/810/808 750/812/810
f 738/811/809 750/812/810 739/813/811
f 739/813/811 750/812/810 751/814/812
f 739/813/811 751/814/812 740/815/813
f 740/815/813 751/814/812 752/816/814
f 740/815/813 752/816/814 741/775/773
f 741/775/773 752/816/814 753/777/775
f 749/810/808 140/809/807 759/817/815
f 759/817/815 140/809/807 139/818/816
f 759/817/815 139/818/816 760/819/817
f 760/819/817 139/818/816 769/820/818
f 760/819/817 769/820/818 770/821/819
f 770/821/819 769/820/818 138/822/820
f 770/821/819 138/822/820 137/823/821
f 139/818/816 138/822/820 769/820/818
f 137/823/821 136/824/822 770/821/819
f 770/821/819 136/824/822 771/825/823
f 770/821/819 771/825/823 761/826/824
f 761/826/824 771/825/823 762/827/825
f 761/826/824 762/827/825 751/814/812
f 751/814/812 762/827/825 752/816/814
f 771/825/823 136/824/822 777/828/826
f 777/828/826 136/824/822 135/829/827
f 777/828/826 135/829/827 134/830/828
f 777/828/826 134/830/828 778/831/829
f 778/831/829 134/830/828 133/832/830
f 778/831/829 133/832/830 182/833/831
f 182/833/831 181/834/832 778/831/829
f 778/831/829 181/834/832 779/835/833
f 778/831/829 779/835/833 772/836/834
f 772/836/834 779/835/833 773/837/835
f 772/836/834 773/837/835 763/838/836
f 763/838/836 773/837/835 764/779/777
f 763/838/836 764/779/777 753/777/775
f 181/834/832 180/839/837 779/835/833
f 779/835/833 180/839/837 179/783/781
f 779/835/833 179/783/781 774/781/779
f 775/782/780 178/784/782 776/840/838
f 776/840/838 178/784/782 177/841/839
f 776/840/838 177/841/839 767/842/840
f 767/842/840 177/841/839 768/843/841
f 767/842/840 768/843/841 757/844/842
f 757/844/842 768/843/841 758/845/843
f 757/844/842 758/845/843 747/846/844
f 747/846/844 758/845/843 175/847/845
f 747/846/844 175/847/845 748/848/846
f 748/848/846 175/847/845 226/849/847
f 748/848/846 226/849/847 736/850/848
f 736/850/848 226/849/847 225/851/849
f 736/850/848 225/851/849 723/852/850
f 723/852/850 225/851/849 224/853/851
f 723/852/850 224/853/851 649/854/852
f 649/854/852 224/853/851 223/855/853
f 649/854/852 223/855/853 222/856/854
f 177/841/839 176/857/855 768/843/841
f 768/843/841 176/857/855 758/845/843
f 176/857/855 175/847/845 758/845/843
f 649/854/852 222/856/854 697/858/856
f 697/858/856 222/856/854 221/859/857
f 697/858/856 221/859/857 684/860/858
f 684/860/858 221/859/857 220/861/859
f 684/860/858 220/861/859 661/862/860
f 661/862/860 220/861/859 219/762/760
f 661/862/860 219/762/760 660/760/758
f 662/761/759 266/763/761 780/863/861
f 780/863/861 266/763/761 265/864/862
f 780/863/861 265/864/862 781/865/863
f 781/865/863 265/864/862 797/866/864
f 781/865/863 797/866/864 796/867/865
f 796/867/865 797/866/864 264/868/866
f 796/867/865 264/868/866 263/869/867
f 265/864/862 264/868/866 797/866/864
f 796/867/865 263/869/867 795/870/868
f 795/870/868 263/869/867 262/871/869
f 795/870/868 262/871/869 794/872/870
f 794/872/870 262/871/869 798/873/871
f 794/872/870 798/873/871 793/874/872
f 793/874/872 798/873/871 799/875/873
f 793/874/872 799/875/873 792/876/874
f 792/876/874 799/875/873 800/877/875
f 792/876/874 800/877/875 791/878/876
f 791/878/876 800/877/875 307/879/877
f 791/878/876 307/879/877 306/880/878
f 262/871/869 261/881/879 798/873/871
f 798/873/871 261/881/879 799/875/873
f 261/881/879 260/882/880 799/875/873
f 799/875/873 260/882/880 259/883/881
f 799/875/873 259/883/881 309/884/882
f 799/875/873 309/884/882 800/877/875
f 800/877/875 309/884/882 308/885/883
f 800/877/875 308/885/883 307/879/877
f 306/880/878 305/886/884 791/878/876
f 791/878/876 305/886/884 790/887/885
f 791/878/876 790/887/885 788/888/886
f 788/888/886 790/887/885 304/889/887
f 788/888/886 304/889/887 789/890/888
f 789/890/888 304/889/887 303/891/889
f 789/890/888 303/891/889 671/743/741
f 671/743/741 303/891/889 302/741/739
f 305/886/884 304/889/887 790/887/885
f 650/740/738 674/766/764 651/742/740
f 651/742/740 674/766/764 675/892/890
f 651/742/740 675/892/890 652/744/742
f 652/744/742 675/892/890 676/893/891
f 652/744/742 676/893/891 653/746/744
f 653/746/744 676/893/891 677/894/892
f 653/746/744 677/894/892 654/748/746
f 654/748/746 677/894/892 678/895/893
f 654/748/746 678/895/893 655/750/748
f 655/750/748 678/895/893 679/896/894
f 655/750/748 679/896/894 656/752/750
f 656/752/750 679/896/894 680/897/895
f 656/752/750 680/897/895 657/754/752
f 657/754/752 680/897/895 681/898/896
f 657/754/752 681/898/896 658/756/754
f 658/756/754 681/898/896 682/899/897
f 658/756/754 682/899/897 659/758/756
f 659/758/756 682/899/897 683/900/898
f 659/758/756 683/900/898 660/760/758
f 660/760/758 683/900/898 684/860/858
f 660/760/758 684/860/858 661/862/860
f 780/863/861 781/865/863 662/761/759
f 662/761/759 781/865/863 663/759/757
f 664/757/755 663/759/757 782/901/899
f 782/901/899 663/759/757 781/865/863
f 782/901/899 781/865/863 796/867/865
f 665/755/753 664/757/755 783/902/900
f 783/902/900 664/757/755 782/901/899
f 783/902/900 782/901/899 795/870/868
f 795/870/868 782/901/899 796/867/865
f 666/753/751 665/755/753 784/903/901
f 784/903/901 665/755/753 783/902/900
f 784/903/901 783/902/900 794/872/870
f 794/872/870 783/902/900 795/870/868
f 667/751/749 666/753/751 785/904/902
f 785/904/902 666/753/751 784/903/901
f 785/904/902 784/903/901 794/872/870
f 668/749/747 667/751/749 786/905/903
f 786/905/903 667/751/749 785/904/902
f 786/905/903 785/904/902 793/874/872
f 793/874/872 785/904/902 794/872/870
f 669/747/745 668/749/747 787/906/904
f 787/906/904 668/749/747 786/905/903
f 787/906/904 786/905/903 792/876/874
f 792/876/874 786/905/903 793/874/872
f 789/890/888 671/743/741 670/745/743
f 670/745/743 669/747/745 788/888/886
f 788/888/886 669/747/745 787/906/904
f 788/888/886 787/906/904 791/878/876
f 791/878/876 787/906/904 792/876/874
f 788/888/886 789/890/888 670/745/743
f 687/767/765 673/765/763 686/787/785
f 674/766/764 688/768/766 675/892/890
f 675/892/890 688/768/766 689/907/905
f 675/892/890 689/907/905 676/893/891
f 676/893/891 689/907/905 690/908/906
f 676/893/891 690/908/906 677/894/892
f 677/894/892 690/908/906 691/909/907
f 677/894/892 691/909/907 678/895/893
f 678/895/893 691/909/907 692/910/908
f 678/895/893 692/910/908 679/896/894
f 679/896/894 692/910/908 693/911/909
f 679/896/894 693/911/909 680/897/895
f 680/897/895 693/911/909 694/912/910
f 680/897/895 694/912/910 681/898/896
f 681/898/896 694/912/910 695/913/911
f 681/898/896 695/913/911 682/899/897
f 682/899/897 695/913/911 696/914/912
f 682/899/897 696/914/912 683/900/898
f 683/900/898 696/914/912 697/858/856
f 683/900/898 697/858/856 684/860/858
f 687/767/765 686/787/785 700/915/913
f 700/915/913 686/787/785 699/789/787
f 700/915/913 699/789/787 713/916/914
f 713/916/914 699/789/787 712/791/789
f 713/916/914 712/791/789 726/917/915
f 726/917/915 712/791/789 725/793/791
f 726/917/915 725/793/791 737/806/804
f 688/768/766 702/770/768 689/907/905
f 689/907/905 702/770/768 703/918/916
f 689/907/905 703/918/916 690/908/906
f 690/908/906 703/918/916 704/919/917
f 690/908/906 704/919/917 691/909/907
f 691/909/907 704/919/917 705/920/918
f 691/909/907 705/920/918 692/910/908
f 692/910/908 705/920/918 706/921/919
f 692/910/908 706/921/919 693/911/909
f 693/911/909 706/921/919 707/922/920
f 693/911/909 707/922/920 694/912/910
f 694/912/910 707/922/920 708/923/921
f 694/912/910 708/923/921 695/913/911
f 695/913/911 708/923/921 709/924/922
f 695/913/911 709/924/922 696/914/912
f 696/914/912 709/924/922 710/925/923
f 696/914/912 710/925/923 697/858/856
f 697/858/856 710/925/923 649/854/852
f 687/767/765 700/915/913 701/769/767
f 701/769/767 700/915/913 714/926/924
f 701/769/767 714/926/924 715/771/769
f 715/771/769 714/926/924 728/927/925
f 715/771/769 728/927/925 729/773/771
f 729/773/771 728/927/925 740/815/813
f 729/773/771 740/815/813 741/775/773
f 714/926/924 700/915/913 713/916/914
f 702/770/768 716/772/770 703/918/916
f 703/918/916 716/772/770 717/928/926
f 703/918/916 717/928/926 704/919/917
f 704/919/917 717/928/926 718/929/927
f 704/919/917 718/929/927 705/920/918
f 705/920/918 718/929/927 719/930/928
f 705/920/918 719/930/928 706/921/919
f 706/921/919 719/930/928 720/931/929
f 706/921/919 720/931/929 707/922/920
f 707/922/920 720/931/929 721/932/930
f 707/922/920 721/932/930 708/923/921
f 708/923/921 721/932/930 722/933/931
f 708/923/921 722/933/931 709/924/922
f 709/924/922 722/933/931 723/852/850
f 709/924/922 723/852/850 710/925/923
f 710/925/923 723/852/850 649/854/852
f 714/926/924 713/916/914 727/934/932
f 727/934/932 713/916/914 726/917/915
f 727/934/932 726/917/915 738/811/809
f 738/811/809 726/917/915 737/806/804
f 716/772/770 730/774/772 717/928/926
f 717/928/926 730/774/772 731/935/933
f 717/928/926 731/935/933 718/929/927
f 718/929/927 731/935/933 732/936/934
f 718/929/927 732/936/934 719/930/928
f 719/930/928 732/936/934 733/937/935
f 719/930/928 733/937/935 720/931/929
f 720/931/929 733/937/935 734/938/936
f 720/931/929 734/938/936 721/932/930
f 721/932/930 734/938/936 735/939/937
f 721/932/930 735/939/937 722/933/931
f 722/933/931 735/939/937 736/850/848
f 722/933/931 736/850/848 723/852/850
f 714/926/924 727/934/932 728/927/925
f 728/927/925 727/934/932 739/813/811
f 728/927/925 739/813/811 740/815/813
f 739/813/811 727/934/932 738/811/809
f 730/774/772 742/776/774 731/935/933
f 731/935/933 742/776/774 743/940/938
f 731/935/933 743/940/938 732/936/934
f 732/936/934 743/940/938 744/941/939
f 732/936/934 744/941/939 733/937/935
f 733/937/935 744/941/939 745/942/940
f 733/937/935 745/942/940 734/938/936
f 734/938/936 745/942/940 746/943/941
f 734/938/936 746/943/941 735/939/937
f 735/939/937 746/943/941 747/846/844
f 735/939/937 747/846/844 736/850/848
f 736/850/848 747/846/844 748/848/846
f 744/941/939 743/940/938 754/778/776
f 754/778/776 743/940/938 742/776/774
f 745/942/940 744/941/939 755/944/942
f 755/944/942 744/941/939 754/778/776
f 755/944/942 754/778/776 765/780/778
f 757/844/842 747/846/844 746/943/941
f 746/943/941 745/942/940 756/945/943
f 756/945/943 745/942/940 755/944/942
f 756/945/943 755/944/942 766/946/944
f 766/946/944 755/944/942 765/780/778
f 766/946/944 765/780/778 775/782/780
f 761/826/824 751/814/812 750/812/810
f 759/817/815 760/819/817 749/810/808
f 749/810/808 760/819/817 750/812/810
f 763/838/836 753/777/775 752/816/814
f 763/838/836 752/816/814 762/827/825
f 767/842/840 757/844/842 756/945/943
f 756/945/943 757/844/842 746/943/941
f 767/842/840 756/945/943 766/946/944
f 770/821/819 761/826/824 760/819/817
f 760/819/817 761/826/824 750/812/810
f 772/836/834 763/838/836 762/827/825
f 772/836/834 762/827/825 771/825/823
f 774/781/779 764/779/777 773/837/835
f 776/840/838 767/842/840 766/946/944
f 776/840/838 766/946/944 775/782/780
f 778/831/829 772/836/834 771/825/823
f 777/828/826 778/831/829 771/825/823
f 779/835/833 774/781/779 773/837/835
f 541/947/945 487/948/946 803/949/947
f 803/949/947 487/948/946 486/950/948
f 803/949/947 486/950/948 802/951/949
f 802/951/949 486/950/948 485/952/950
f 802/951/949 485/952/950 804/953/951
f 804/953/951 485/952/950 484/954/952
f 804/953/951 484/954/952 483/955/953
f 804/953/951 483/955/953 805/956/954
f 805/956/954 483/955/953 482/957/955
f 805/956/954 482/957/955 481/958/956
f 481/958/956 480/959/957 805/956/954
f 805/956/954 480/959/957 479/960/958
f 805/956/954 479/960/958 478/961/959
f 478/961/959 477/962/960 805/956/954
f 805/956/954 477/962/960 476/963/961
f 805/956/954 476/963/961 475/964/962
f 475/964/962 474/965/963 805/956/954
f 805/956/954 474/965/963 804/953/951
f 474/965/963 473/966/964 804/953/951
f 804/953/951 473/966/964 472/967/965
f 804/953/951 472/967/965 471/968/966
f 471/968/966 470/969/967 804/953/951
f 804/953/951 470/969/967 801/970/968
f 804/953/951 801/970/968 802/951/949
f 470/969/967 464/971/969 801/970/968
f 801/970/968 464/971/969 463/972/970
f 801/970/968 463/972/970 462/973/971
f 462/973/971 461/974/972 801/970/968
f 801/970/968 461/974/972 431/975/973
f 2/976/974 543/977/975 803/949/947
f 803/949/947 543/977/975 542/978/976
f 803/949/947 542/978/976 541/947/945
f 3/979/977 2/980/978 810/981/979
f 810/981/979 2/980/978 803/982/980
f 810/981/979 803/982/980 811/983/981
f 811/983/981 803/982/980 802/984/982
f 811/983/981 802/984/982 801/985/983
f 801/985/983 431/986/984 811/983/981
f 811/983/981 431/986/984 430/987/985
f 811/983/981 430/987/985 816/988/986
f 816/988/986 430/987/985 813/989/987
f 816/988/986 813/989/987 814/990/988
f 814/990/988 813/989/987 820/991/989
f 814/990/988 820/991/989 4/992/990
f 4/992/990 820/991/989 819/993/991
f 4/992/990 819/993/991 809/994/992
f 809/994/992 819/993/991 818/995/993
f 809/994/992 818/995/993 827/996/994
f 827/996/994 818/995/993 817/997/995
f 827/996/994 817/997/995 828/998/996
f 828/998/996 817/997/995 429/999/997
f 828/998/996 429/999/997 428/1000/998
f 813/989/987 430/987/985 812/1001/999
f 812/1001/999 430/987/985 429/999/997
f 812/1001/999 429/999/997 822/1002/1000
f 822/1002/1000 429/999/997 817/997/995
f 822/1002/1000 817/997/995 818/995/993
f 828/998/996 428/1000/998 826/1003/1001
f 826/1003/1001 428/1000/998 384/1004/1002
f 826/1003/1001 384/1004/1002 806/1005/1003
f 807/1006/1004 824/1007/1005 806/1005/1003
f 806/1005/1003 824/1007/1005 825/1008/1006
f 806/1005/1003 825/1008/1006 826/1003/1001
f 826/1003/1001 825/1008/1006 828/998/996
f 824/1007/1005 807/1006/1004 823/1009/1007
f 823/1009/1007 807/1006/1004 808/1010/1008
f 823/1009/1007 808/1010/1008 5/1011/1009
f 5/1011/1009 808/1010/1008 6/1012/1010
f 823/1009/1007 5/1011/1009 809/994/992
f 809/994/992 5/1011/1009 4/992/990
f 4/992/990 3/979/977 814/990/988
f 814/990/988 3/979/977 815/1013/1011
f 814/990/988 815/1013/1011 816/988/986
f 816/988/986 815/1013/1011 811/983/981
f 815/1013/1011 3/979/977 810/981/979
f 815/1013/1011 810/981/979 811/983/981
f 813/989/987 812/1001/999 821/1014/1012
f 821/1014/1012 812/1001/999 822/1002/1000
f 821/1014/1012 822/1002/1000 818/995/993
f 818/995/993 819/993/991 821/1014/1012
f 821/1014/1012 819/993/991 820/991/989
f 821/1014/1012 820/991/989 813/989/987
f 828/998/996 825/1008/1006 824/1007/1005
f 809/994/992 827/996/994 823/1009/1007
f 823/1009/1007 827/996/994 824/1007/1005
f 827/996/994 828/998/996 824/1007/1005
f 36/1015/1013 6/1016/1014 837/1017/1015
f 837/1017/1015 6/1016/1014 808/1018/1016
f 837/1017/1015 808/1018/1016 807/1019/1017
f 806/1020/1018 833/1021/1019 807/1019/1017
f 807/1019/1017 833/1021/1019 834/1022/1020
f 807/1019/1017 834/1022/1020 835/1023/1021
f 835/1023/1021 834/1022/1020 842/1024/1022
f 835/1023/1021 842/1024/1022 36/1015/1013
f 36/1015/1013 842/1024/1022 37/1025/1023
f 37/1025/1023 842/1024/1022 841/1026/1024
f 37/1025/1023 841/1026/1024 845/1027/1025
f 845/1027/1025 841/1026/1024 840/1028/1026
f 845/1027/1025 840/1028/1026 844/1029/1027
f 844/1029/1027 840/1028/1026 839/1030/1028
f 844/1029/1027 839/1030/1028 843/1031/1029
f 843/1031/1029 839/1030/1028 382/1032/1030
f 843/1031/1029 382/1032/1030 371/1033/1031
f 384/1034/1032 831/1035/1033 806/1020/1018
f 806/1020/1018 831/1035/1033 832/1036/1034
f 806/1020/1018 832/1036/1034 833/1021/1019
f 833/1021/1019 832/1036/1034 840/1028/1026
f 833/1021/1019 840/1028/1026 841/1026/1024
f 384/1034/1032 383/1037/1035 831/1035/1033
f 831/1035/1033 383/1037/1035 838/1038/1036
f 831/1035/1033 838/1038/1036 839/1030/1028
f 839/1030/1028 838/1038/1036 382/1032/1030
f 383/1037/1035 382/1032/1030 838/1038/1036
f 843/1031/1029 371/1033/1031 829/1039/1037
f 829/1039/1037 371/1033/1031 370/1040/1038
f 829/1039/1037 370/1040/1038 343/1041/1039
f 829/1039/1037 830/1042/1040 843/1031/1029
f 843/1031/1029 830/1042/1040 844/1029/1027
f 82/1043/1041 81/1044/1042 830/1042/1040
f 830/1042/1040 81/1044/1042 844/1029/1027
f 844/1029/1027 81/1044/1042 845/1027/1025
f 845/1027/1025 81/1044/1042 38/1045/1043
f 845/1027/1025 38/1045/1043 37/1025/1023
f 840/1028/1026 832/1036/1034 839/1030/1028
f 839/1030/1028 832/1036/1034 831/1035/1033
f 842/1024/1022 834/1022/1020 841/1026/1024
f 841/1026/1024 834/1022/1020 833/1021/1019
f 837/1017/1015 807/1019/1017 836/1046/1044
f 836/1046/1044 807/1019/1017 835/1023/1021
f 836/1046/1044 835/1023/1021 36/1015/1013
f 36/1015/1013 837/1017/1015 836/1046/1044
f 343/1047/1045 342/1048/1046 829/1049/1047
f 829/1049/1047 342/1048/1046 856/1050/1048
f 829/1049/1047 856/1050/1048 830/1051/1049
f 830/1051/1049 856/1050/1048 92/1052/1050
f 830/1051/1049 92/1052/1050 82/1053/1051
f 856/1050/1048 342/1048/1046 857/1054/1052
f 857/1054/1052 342/1048/1046 341/1055/1053
f 857/1054/1052 341/1055/1053 340/1056/1054
f 340/1056/1054 339/1057/1055 857/1054/1052
f 857/1054/1052 339/1057/1055 338/1058/1056
f 857/1054/1052 338/1058/1056 301/1059/1057
f 301/1059/1057 300/1060/1058 857/1054/1052
f 857/1054/1052 300/1060/1058 858/1061/1059
f 857/1054/1052 858/1061/1059 855/1062/1060
f 855/1062/1060 858/1061/1059 854/1063/1061
f 855/1062/1060 854/1063/1061 904/1064/1062
f 904/1064/1062 854/1063/1061 903/1065/1063
f 904/1064/1062 903/1065/1063 914/1066/1064
f 914/1066/1064 903/1065/1063 913/1067/1065
f 914/1066/1064 913/1067/1065 922/1068/1066
f 922/1068/1066 913/1067/1065 921/1069/1067
f 922/1068/1066 921/1069/1067 129/1070/1068
f 129/1070/1068 921/1069/1067 130/1071/1069
f 130/1071/1069 921/1069/1067 920/1072/1070
f 130/1071/1069 920/1072/1070 131/1073/1071
f 131/1073/1071 920/1072/1070 132/1074/1072
f 132/1074/1072 920/1072/1070 167/1075/1073
f 167/1075/1073 920/1072/1070 919/1076/1074
f 167/1075/1073 919/1076/1074 168/1077/1075
f 168/1077/1075 919/1076/1074 918/1078/1076
f 168/1077/1075 918/1078/1076 169/1079/1077
f 169/1079/1077 918/1078/1076 917/1080/1078
f 169/1079/1077 917/1080/1078 170/1081/1079
f 170/1081/1079 917/1080/1078 916/1082/1080
f 170/1081/1079 916/1082/1080 171/1083/1081
f 171/1083/1081 916/1082/1080 172/1084/1082
f 172/1084/1082 916/1082/1080 908/1085/1083
f 172/1084/1082 908/1085/1083 907/1086/1084
f 907/1086/1084 908/1085/1083 897/1087/1085
f 907/1086/1084 897/1087/1085 173/1088/1086
f 173/1088/1086 897/1087/1085 896/1089/1087
f 173/1088/1086 896/1089/1087 174/1090/1088
f 174/1090/1088 896/1089/1087 211/1091/1089
f 211/1091/1089 896/1089/1087 212/1092/1090
f 212/1092/1090 896/1089/1087 846/1093/1091
f 212/1092/1090 846/1093/1091 213/1094/1092
f 213/1094/1092 846/1093/1091 214/1095/1093
f 214/1095/1093 846/1093/1091 215/1096/1094
f 215/1096/1094 846/1093/1091 867/1097/1095
f 215/1096/1094 867/1097/1095 216/1098/1096
f 216/1098/1096 867/1097/1095 217/1099/1097
f 217/1099/1097 867/1097/1095 218/1100/1098
f 218/1100/1098 867/1097/1095 866/1101/1099
f 218/1100/1098 866/1101/1099 876/1102/1100
f 876/1102/1100 866/1101/1099 865/1103/1101
f 876/1102/1100 865/1103/1101 875/1104/1102
f 875/1104/1102 865/1103/1101 864/1105/1103
f 875/1104/1102 864/1105/1103 874/1106/1104
f 874/1106/1104 864/1105/1103 863/1107/1105
f 874/1106/1104 863/1107/1105 873/1108/1106
f 873/1108/1106 863/1107/1105 862/1109/1107
f 873/1108/1106 862/1109/1107 872/1110/1108
f 872/1110/1108 862/1109/1107 861/1111/1109
f 872/1110/1108 861/1111/1109 871/1112/1110
f 871/1112/1110 861/1111/1109 860/1113/1111
f 871/1112/1110 860/1113/1111 870/1114/1112
f 870/1114/1112 860/1113/1111 859/1115/1113
f 870/1114/1112 859/1115/1113 869/1116/1114
f 869/1116/1114 859/1115/1113 858/1061/1059
f 869/1116/1114 858/1061/1059 868/1117/1115
f 868/1117/1115 858/1061/1059 300/1060/1058
f 868/1117/1115 300/1060/1058 299/1118/1116
f 868/1117/1115 299/1118/1116 877/1119/1117
f 877/1119/1117 299/1118/1116 298/1120/1118
f 877/1119/1117 298/1120/1118 878/1121/1119
f 878/1121/1119 298/1120/1118 885/1122/1120
f 878/1121/1119 885/1122/1120 886/1123/1121
f 886/1123/1121 885/1122/1120 296/1124/1122
f 886/1123/1121 296/1124/1122 892/1125/1123
f 892/1125/1123 296/1124/1122 295/1126/1124
f 892/1125/1123 295/1126/1124 294/1127/1125
f 298/1120/1118 297/1128/1126 885/1122/1120
f 885/1122/1120 297/1128/1126 296/1124/1122
f 892/1125/1123 294/1127/1125 893/1129/1127
f 893/1129/1127 294/1127/1125 258/1130/1128
f 893/1129/1127 258/1130/1128 257/1131/1129
f 893/1129/1127 257/1131/1129 894/1132/1130
f 894/1132/1130 257/1131/1129 256/1133/1131
f 894/1132/1130 256/1133/1131 895/1134/1132
f 895/1134/1132 256/1133/1131 255/1135/1133
f 895/1134/1132 255/1135/1133 889/1136/1134
f 889/1136/1134 255/1135/1133 890/1137/1135
f 889/1136/1134 890/1137/1135 882/1138/1136
f 882/1138/1136 890/1137/1135 883/1139/1137
f 882/1138/1136 883/1139/1137 873/1108/1106
f 873/1108/1106 883/1139/1137 874/1106/1104
f 255/1135/1133 254/1140/1138 890/1137/1135
f 890/1137/1135 254/1140/1138 891/1141/1139
f 890/1137/1135 891/1141/1139 883/1139/1137
f 883/1139/1137 891/1141/1139 884/1142/1140
f 883/1139/1137 884/1142/1140 874/1106/1104
f 874/1106/1104 884/1142/1140 875/1104/1102
f 254/1140/1138 253/1143/1141 891/1141/1139
f 891/1141/1139 253/1143/1141 884/1142/1140
f 253/1143/1141 252/1144/1142 884/1142/1140
f 884/1142/1140 252/1144/1142 875/1104/1102
f 875/1104/1102 252/1144/1142 876/1102/1100
f 876/1102/1100 252/1144/1142 251/1145/1143
f 876/1102/1100 251/1145/1143 218/1100/1098
f 173/1088/1086 172/1084/1082 907/1086/1084
f 129/1070/1068 128/1146/1144 922/1068/1066
f 922/1068/1066 128/1146/1144 127/1147/1145
f 922/1068/1066 127/1147/1145 914/1066/1064
f 914/1066/1064 127/1147/1145 915/1148/1146
f 914/1066/1064 915/1148/1146 904/1064/1062
f 904/1064/1062 915/1148/1146 905/1149/1147
f 904/1064/1062 905/1149/1147 855/1062/1060
f 855/1062/1060 905/1149/1147 856/1050/1048
f 855/1062/1060 856/1050/1048 857/1054/1052
f 127/1147/1145 126/1150/1148 915/1148/1146
f 915/1148/1146 126/1150/1148 125/1151/1149
f 915/1148/1146 125/1151/1149 905/1149/1147
f 905/1149/1147 125/1151/1149 97/1152/1150
f 905/1149/1147 97/1152/1150 906/1153/1151
f 906/1153/1151 97/1152/1150 96/1154/1152
f 906/1153/1151 96/1154/1152 95/1155/1153
f 95/1155/1153 94/1156/1154 906/1153/1151
f 906/1153/1151 94/1156/1154 93/1157/1155
f 906/1153/1151 93/1157/1155 92/1052/1050
f 865/1103/1101 866/1101/1099 847/1158/1156
f 847/1158/1156 866/1101/1099 846/1093/1091
f 847/1158/1156 846/1093/1091 897/1087/1085
f 897/1087/1085 846/1093/1091 896/1089/1087
f 864/1105/1103 865/1103/1101 848/1159/1157
f 848/1159/1157 865/1103/1101 847/1158/1156
f 848/1159/1157 847/1158/1156 898/1160/1158
f 898/1160/1158 847/1158/1156 897/1087/1085
f 898/1160/1158 897/1087/1085 908/1085/1083
f 863/1107/1105 864/1105/1103 849/1161/1159
f 849/1161/1159 864/1105/1103 848/1159/1157
f 849/1161/1159 848/1159/1157 899/1162/1160
f 899/1162/1160 848/1159/1157 898/1160/1158
f 899/1162/1160 898/1160/1158 909/1163/1161
f 909/1163/1161 898/1160/1158 908/1085/1083
f 909/1163/1161 908/1085/1083 917/1080/1078
f 917/1080/1078 908/1085/1083 916/1082/1080
f 862/1109/1107 863/1107/1105 850/1164/1162
f 850/1164/1162 863/1107/1105 849/1161/1159
f 850/1164/1162 849/1161/1159 900/1165/1163
f 900/1165/1163 849/1161/1159 899/1162/1160
f 900/1165/1163 899/1162/1160 910/1166/1164
f 910/1166/1164 899/1162/1160 909/1163/1161
f 910/1166/1164 909/1163/1161 918/1078/1076
f 918/1078/1076 909/1163/1161 917/1080/1078
f 861/1111/1109 862/1109/1107 851/1167/1165
f 851/1167/1165 862/1109/1107 850/1164/1162
f 851/1167/1165 850/1164/1162 900/1165/1163
f 860/1113/1111 861/1111/1109 852/1168/1166
f 852/1168/1166 861/1111/1109 851/1167/1165
f 852/1168/1166 851/1167/1165 901/1169/1167
f 901/1169/1167 851/1167/1165 900/1165/1163
f 901/1169/1167 900/1165/1163 911/1170/1168
f 911/1170/1168 900/1165/1163 910/1166/1164
f 911/1170/1168 910/1166/1164 919/1076/1074
f 919/1076/1074 910/1166/1164 918/1078/1076
f 859/1115/1113 860/1113/1111 853/1171/1169
f 853/1171/1169 860/1113/1111 852/1168/1166
f 853/1171/1169 852/1168/1166 902/1172/1170
f 902/1172/1170 852/1168/1166 901/1169/1167
f 902/1172/1170 901/1169/1167 912/1173/1171
f 912/1173/1171 901/1169/1167 911/1170/1168
f 912/1173/1171 911/1170/1168 920/1072/1070
f 920/1072/1070 911/1170/1168 919/1076/1074
f 858/1061/1059 859/1115/1113 854/1063/1061
f 854/1063/1061 859/1115/1113 853/1171/1169
f 854/1063/1061 853/1171/1169 903/1065/1063
f 903/1065/1063 853/1171/1169 902/1172/1170
f 903/1065/1063 902/1172/1170 913/1067/1065
f 913/1067/1065 902/1172/1170 912/1173/1171
f 913/1067/1065 912/1173/1171 921/1069/1067
f 921/1069/1067 912/1173/1171 920/1072/1070
f 866/1101/1099 867/1097/1095 846/1093/1091
f 877/1119/1117 878/1121/1119 868/1117/1115
f 868/1117/1115 878/1121/1119 869/1116/1114
f 870/1114/1112 869/1116/1114 879/1174/1172
f 879/1174/1172 869/1116/1114 878/1121/1119
f 879/1174/1172 878/1121/1119 886/1123/1121
f 871/1112/1110 870/1114/1112 880/1175/1173
f 880/1175/1173 870/1114/1112 879/1174/1172
f 880/1175/1173 879/1174/1172 887/1176/1174
f 887/1176/1174 879/1174/1172 886/1123/1121
f 887/1176/1174 886/1123/1121 893/1129/1127
f 893/1129/1127 886/1123/1121 892/1125/1123
f 882/1138/1136 873/1108/1106 872/1110/1108
f 872/1110/1108 871/1112/1110 881/1177/1175
f 881/1177/1175 871/1112/1110 880/1175/1173
f 881/1177/1175 880/1175/1173 888/1178/1176
f 888/1178/1176 880/1175/1173 887/1176/1174
f 888/1178/1176 887/1176/1174 894/1132/1130
f 894/1132/1130 887/1176/1174 893/1129/1127
f 889/1136/1134 882/1138/1136 881/1177/1175
f 881/1177/1175 882/1138/1136 872/1110/1108
f 889/1136/1134 881/1177/1175 888/1178/1176
f 895/1134/1132 889/1136/1134 888/1178/1176
f 895/1134/1132 888/1178/1176 894/1132/1130
f 92/1052/1050 856/1050/1048 906/1153/1151
f 906/1153/1151 856/1050/1048 905/1149/1147
# 922 vertices
# 1178 texture params
# 1176 normals
# 1840 facets

# 1 groups
