# WaveFront *.obj file (generated by Autodesk ATF)

mtllib table_tennis_paddle.mtl

g Body1

v -3.705147 0.300000 7.479603
v 3.705147 0.300000 7.479603
v 3.705147 0.460000 7.479603
v -3.705147 0.460000 7.479603
v 4.460711 0.300000 6.948608
v 5.171474 0.300000 6.396012
v 5.815171 0.300000 5.794097
v 6.363650 0.300000 5.122592
v 6.786450 0.300000 4.369572
v 6.957672 0.300000 3.913328
v 7.037490 0.300000 3.628495
v 7.109554 0.300000 3.297622
v 7.170903 0.300000 2.914626
v 7.218353 0.300000 2.476061
v 7.260722 0.300000 1.576717
v 7.258877 0.300000 0.732650
v 7.250000 0.300000 0.000000
v 7.250000 0.460000 0.000000
v 7.258877 0.460000 0.732650
v 7.260722 0.460000 1.576717
v 7.218353 0.460000 2.476061
v 7.170903 0.460000 2.914626
v 7.109554 0.460000 3.297622
v 7.037490 0.460000 3.628495
v 6.957672 0.460000 3.913328
v 6.786450 0.460000 4.369572
v 6.363650 0.460000 5.122592
v 5.815171 0.460000 5.794097
v 5.171474 0.460000 6.396012
v 4.460711 0.460000 6.948608
v 7.169023 0.300000 -1.080556
v 6.927903 0.300000 -2.136975
v 6.532024 0.300000 -3.145657
v 5.990231 0.300000 -4.084070
v 5.314626 0.300000 -4.931252
v 4.520301 0.300000 -5.668278
v 3.625000 0.300000 -6.278684
v 2.648722 0.300000 -6.748835
v 1.613277 0.300000 -7.068227
v 0.541793 0.300000 -7.229728
v -0.541793 0.300000 -7.229728
v -1.613277 0.300000 -7.068227
v -2.648722 0.300000 -6.748835
v -3.625000 0.300000 -6.278684
v -4.520301 0.300000 -5.668278
v -5.314626 0.300000 -4.931252
v -5.990231 0.300000 -4.084070
v -6.532024 0.300000 -3.145657
v -6.927903 0.300000 -2.136975
v -7.169023 0.300000 -1.080556
v -7.250000 0.300000 0.000000
v -7.250000 0.460000 0.000000
v -7.169023 0.460000 -1.080556
v -6.927903 0.460000 -2.136975
v -6.532024 0.460000 -3.145657
v -5.990231 0.460000 -4.084070
v -5.314626 0.460000 -4.931252
v -4.520301 0.460000 -5.668278
v -3.625000 0.460000 -6.278684
v -2.648722 0.460000 -6.748835
v -1.613277 0.460000 -7.068227
v -0.541793 0.460000 -7.229728
v 0.541793 0.460000 -7.229728
v 1.613277 0.460000 -7.068227
v 2.648722 0.460000 -6.748835
v 3.625000 0.460000 -6.278684
v 4.520301 0.460000 -5.668278
v 5.314626 0.460000 -4.931252
v 5.990231 0.460000 -4.084070
v 6.532024 0.460000 -3.145657
v 6.927903 0.460000 -2.136975
v 7.169023 0.460000 -1.080556
v -7.258877 0.300000 0.732650
v -7.260722 0.300000 1.576717
v -7.218353 0.300000 2.476061
v -7.170903 0.300000 2.914626
v -7.109554 0.300000 3.297622
v -7.037490 0.300000 3.628495
v -6.957672 0.300000 3.913328
v -6.786450 0.300000 4.369572
v -6.363650 0.300000 5.122592
v -5.815171 0.300000 5.794097
v -5.171474 0.300000 6.396012
v -4.460711 0.300000 6.948608
v -4.460711 0.460000 6.948608
v -5.171474 0.460000 6.396012
v -5.815171 0.460000 5.794097
v -6.363650 0.460000 5.122592
v -6.786450 0.460000 4.369572
v -6.957672 0.460000 3.913328
v -7.037490 0.460000 3.628495
v -7.109554 0.460000 3.297622
v -7.170903 0.460000 2.914626
v -7.218353 0.460000 2.476061
v -7.260722 0.460000 1.576717
v -7.258877 0.460000 0.732650
v 0.000000 0.460000 0.124938
v -0.000000 0.300000 0.124938
vt -3.705147 -0.160000 0.000000
vt 3.705147 -0.160000 0.000000
vt -3.705147 0.000000 0.000000
vt 3.705147 0.000000 0.000000
vt -1.051583 0.160000 0.000000
vt -1.901462 0.160000 0.000000
vt -1.051583 0.000000 0.000000
vt -1.901462 0.000000 0.000000
vt -2.751242 0.160000 0.000000
vt -2.751242 0.000000 0.000000
vt -3.614860 0.160000 0.000000
vt -3.614860 0.000000 0.000000
vt -4.490403 0.160000 0.000000
vt -4.490403 0.000000 0.000000
vt -5.366401 0.160000 0.000000
vt -5.366401 0.000000 0.000000
vt -5.848544 0.160000 0.000000
vt -5.848544 0.000000 0.000000
vt -6.134081 0.160000 0.000000
vt -6.134081 0.000000 0.000000
vt -6.455330 0.160000 0.000000
vt -6.455330 0.000000 0.000000
vt -6.818087 0.160000 0.000000
vt -6.818087 0.000000 0.000000
vt -7.227381 0.160000 0.000000
vt -7.227381 0.000000 0.000000
vt -8.071878 0.160000 0.000000
vt -8.071878 0.000000 0.000000
vt -8.916001 0.160000 0.000000
vt -8.916001 0.000000 0.000000
vt -9.761018 0.160000 0.000000
vt -9.761018 0.000000 0.000000
vt 0.000000 11.388273 0.000000
vt -0.160000 11.388273 0.000000
vt -0.000000 10.303676 0.000000
vt -0.160000 10.303676 0.000000
vt -0.000000 9.219078 0.000000
vt -0.160000 9.219078 0.000000
vt -0.000000 8.134481 0.000000
vt -0.160000 8.134481 0.000000
vt -0.000000 7.049884 0.000000
vt -0.160000 7.049884 0.000000
vt -0.000000 5.965286 0.000000
vt -0.160000 5.965286 0.000000
vt -0.000000 4.880689 0.000000
vt -0.160000 4.880689 0.000000
vt -0.000000 3.796091 0.000000
vt -0.160000 3.796091 0.000000
vt -0.000000 2.711494 0.000000
vt -0.160000 2.711494 0.000000
vt -0.000000 1.626896 0.000000
vt -0.160000 1.626896 0.000000
vt -0.000000 0.542299 0.000000
vt -0.160000 0.542299 0.000000
vt -0.000000 -0.542299 0.000000
vt -0.160000 -0.542299 0.000000
vt -0.000000 -1.626896 0.000000
vt -0.160000 -1.626896 0.000000
vt -0.000000 -2.711494 0.000000
vt -0.160000 -2.711494 0.000000
vt -0.000000 -3.796091 0.000000
vt -0.160000 -3.796091 0.000000
vt -0.000000 -4.880689 0.000000
vt -0.160000 -4.880689 0.000000
vt -0.000000 -5.965286 0.000000
vt -0.160000 -5.965286 0.000000
vt -0.000000 -7.049884 0.000000
vt -0.160000 -7.049884 0.000000
vt -0.000000 -8.134481 0.000000
vt -0.160000 -8.134481 0.000000
vt -0.000000 -9.219078 0.000000
vt -0.160000 -9.219078 0.000000
vt -0.000000 -10.303676 0.000000
vt -0.160000 -10.303676 0.000000
vt -0.000000 -11.388273 0.000000
vt -0.160000 -11.388273 0.000000
vt -0.000000 0.160000 0.000000
vt -0.844955 0.160000 0.000000
vt -0.000000 0.000000 0.000000
vt -0.844955 0.000000 0.000000
vt -1.689016 0.160000 0.000000
vt -1.689016 0.000000 0.000000
vt -2.533452 0.160000 0.000000
vt -2.533452 0.000000 0.000000
vt -2.942717 0.160000 0.000000
vt -2.942717 0.000000 0.000000
vt -3.305447 0.160000 0.000000
vt -3.305447 0.000000 0.000000
vt -3.626672 0.160000 0.000000
vt -3.626672 0.000000 0.000000
vt -3.912189 0.160000 0.000000
vt -3.912189 0.000000 0.000000
vt -4.394297 0.160000 0.000000
vt -4.394297 0.000000 0.000000
vt -5.270231 0.160000 0.000000
vt -5.270231 0.000000 0.000000
vt -6.145711 0.160000 0.000000
vt -6.145711 0.000000 0.000000
vt -7.009266 0.160000 0.000000
vt -7.009266 0.000000 0.000000
vt -7.858984 0.160000 0.000000
vt -7.858984 0.000000 0.000000
vt -8.708801 0.160000 0.000000
vt -8.708801 0.000000 0.000000
vt 6.948608 -4.460711 0.000000
vt 7.479603 -3.705147 0.000000
vt 0.124938 0.000000 0.000000
vt 7.479603 3.705147 0.000000
vt 6.948608 4.460711 0.000000
vt 6.396012 5.171474 0.000000
vt 5.794097 5.815171 0.000000
vt 5.122592 6.363650 0.000000
vt 4.369572 6.786450 0.000000
vt 3.913328 6.957672 0.000000
vt 3.628495 7.037490 0.000000
vt 3.297622 7.109554 0.000000
vt 2.914626 7.170903 0.000000
vt 2.476061 7.218353 0.000000
vt 1.576717 7.260722 0.000000
vt 0.732650 7.258877 0.000000
vt 0.000000 7.250000 0.000000
vt -1.080556 7.169023 0.000000
vt -2.136975 6.927903 0.000000
vt -3.145657 6.532024 0.000000
vt -4.084070 5.990231 0.000000
vt -4.931252 5.314626 0.000000
vt -5.668278 4.520301 0.000000
vt -6.278684 3.625000 0.000000
vt -6.748835 2.648722 0.000000
vt -7.068227 1.613277 0.000000
vt -7.229728 0.541793 0.000000
vt -7.229728 -0.541793 0.000000
vt -7.068227 -1.613277 0.000000
vt -6.748835 -2.648722 0.000000
vt -6.278684 -3.625000 0.000000
vt -5.668278 -4.520301 0.000000
vt -4.931252 -5.314626 0.000000
vt -4.084070 -5.990231 0.000000
vt -3.145657 -6.532024 0.000000
vt -2.136975 -6.927903 0.000000
vt -1.080556 -7.169023 0.000000
vt 0.000000 -7.250000 0.000000
vt 0.732650 -7.258877 0.000000
vt 1.576717 -7.260722 0.000000
vt 2.476061 -7.218353 0.000000
vt 2.914626 -7.170903 0.000000
vt 3.297622 -7.109554 0.000000
vt 3.628495 -7.037490 0.000000
vt 3.913328 -6.957672 0.000000
vt 4.369572 -6.786450 0.000000
vt 5.122592 -6.363650 0.000000
vt 5.794097 -5.815171 0.000000
vt 6.396012 -5.171474 0.000000
vt -6.948608 4.460711 0.000000
vt -7.479603 3.705147 0.000000
vt -0.124938 -0.000000 0.000000
vt -7.479603 -3.705147 0.000000
vt -6.948608 -4.460711 0.000000
vt -6.396012 -5.171474 0.000000
vt -5.794097 -5.815171 0.000000
vt -5.122592 -6.363650 0.000000
vt -4.369572 -6.786450 0.000000
vt -3.913328 -6.957672 0.000000
vt -3.628495 -7.037490 0.000000
vt -3.297622 -7.109554 0.000000
vt -2.914626 -7.170903 0.000000
vt -2.476061 -7.218353 0.000000
vt -1.576717 -7.260722 0.000000
vt -0.732650 -7.258877 0.000000
vt -0.000000 -7.250000 0.000000
vt 1.080556 -7.169023 0.000000
vt 2.136975 -6.927903 0.000000
vt 3.145657 -6.532024 0.000000
vt 4.084070 -5.990231 0.000000
vt 4.931252 -5.314626 0.000000
vt 5.668278 -4.520301 0.000000
vt 6.278684 -3.625000 0.000000
vt 6.748835 -2.648722 0.000000
vt 7.068227 -1.613277 0.000000
vt 7.229728 -0.541793 0.000000
vt 7.229728 0.541793 0.000000
vt 7.068227 1.613277 0.000000
vt 6.748835 2.648722 0.000000
vt 6.278684 3.625000 0.000000
vt 5.668278 4.520301 0.000000
vt 4.931252 5.314626 0.000000
vt 4.084070 5.990231 0.000000
vt 3.145657 6.532024 0.000000
vt 2.136975 6.927903 0.000000
vt 1.080556 7.169023 0.000000
vt -0.000000 7.250000 0.000000
vt -0.732650 7.258877 0.000000
vt -1.576717 7.260722 0.000000
vt -2.476061 7.218353 0.000000
vt -2.914626 7.170903 0.000000
vt -3.297622 7.109554 0.000000
vt -3.628495 7.037490 0.000000
vt -3.913328 6.957672 0.000000
vt -4.369572 6.786450 0.000000
vt -5.122592 6.363650 0.000000
vt -5.794097 5.815171 0.000000
vt -6.396012 5.171474 0.000000
vn 0.000000 -0.000000 1.000000
vn 0.000000 -0.000000 1.000000
vn 0.000000 -0.000000 1.000000
vn 0.000000 -0.000000 1.000000
vn 0.566300 0.000000 0.824199
vn 0.588911 0.000000 0.808198
vn 0.566300 0.000000 0.824199
vn 0.588911 0.000000 0.808198
vn 0.643769 0.000000 0.765220
vn 0.643769 0.000000 0.765220
vn 0.725743 0.000000 0.687966
vn 0.725743 0.000000 0.687966
vn 0.823051 0.000000 0.567968
vn 0.823051 0.000000 0.567968
vn 0.915036 0.000000 0.403372
vn 0.915036 0.000000 0.403372
vn 0.954290 0.000000 0.298882
vn 0.954290 0.000000 0.298882
vn 0.970416 0.000000 0.241441
vn 0.970416 0.000000 0.241441
vn 0.982598 0.000000 0.185744
vn 0.982598 0.000000 0.185744
vn 0.991144 0.000000 0.132793
vn 0.991144 0.000000 0.132793
vn 0.996440 0.000000 0.084306
vn 0.996440 0.000000 0.084306
vn 0.999873 0.000000 0.015958
vn 0.999873 0.000000 0.015958
vn 0.999896 -0.000000 -0.014449
vn 0.999896 -0.000000 -0.014449
vn 1.000000 -0.000000 -0.000000
vn 1.000000 -0.000000 -0.000000
vn 0.988831 0.000000 -0.149042
vn 0.988831 0.000000 -0.149042
vn 0.955573 0.000000 -0.294755
vn 0.955573 0.000000 -0.294755
vn 0.900969 0.000000 -0.433884
vn 0.900969 0.000000 -0.433884
vn 0.826239 0.000000 -0.563320
vn 0.826239 0.000000 -0.563320
vn 0.733052 0.000000 -0.680173
vn 0.733052 0.000000 -0.680173
vn 0.623490 0.000000 -0.781831
vn 0.623490 0.000000 -0.781831
vn 0.500000 0.000000 -0.866025
vn 0.500000 0.000000 -0.866025
vn 0.365341 0.000000 -0.930874
vn 0.365341 0.000000 -0.930874
vn 0.222521 0.000000 -0.974928
vn 0.222521 0.000000 -0.974928
vn 0.074730 0.000000 -0.997204
vn 0.074730 0.000000 -0.997204
vn -0.074730 0.000000 -0.997204
vn -0.074730 0.000000 -0.997204
vn -0.222521 0.000000 -0.974928
vn -0.222521 0.000000 -0.974928
vn -0.365341 0.000000 -0.930874
vn -0.365341 0.000000 -0.930874
vn -0.500000 0.000000 -0.866025
vn -0.500000 0.000000 -0.866025
vn -0.623490 0.000000 -0.781831
vn -0.623490 0.000000 -0.781831
vn -0.733052 0.000000 -0.680173
vn -0.733052 0.000000 -0.680173
vn -0.826239 0.000000 -0.563320
vn -0.826239 0.000000 -0.563320
vn -0.900969 0.000000 -0.433884
vn -0.900969 0.000000 -0.433884
vn -0.955573 0.000000 -0.294755
vn -0.955573 0.000000 -0.294755
vn -0.988831 0.000000 -0.149042
vn -0.988831 0.000000 -0.149042
vn -1.000000 0.000000 -0.000000
vn -1.000000 0.000000 -0.000000
vn -0.999896 -0.000000 -0.014449
vn -0.999896 -0.000000 -0.014449
vn -0.999873 -0.000000 0.015958
vn -0.999873 -0.000000 0.015958
vn -0.996440 -0.000000 0.084306
vn -0.996440 -0.000000 0.084306
vn -0.991144 -0.000000 0.132793
vn -0.991144 -0.000000 0.132793
vn -0.982598 -0.000000 0.185744
vn -0.982598 -0.000000 0.185744
vn -0.970416 -0.000000 0.241441
vn -0.970416 -0.000000 0.241441
vn -0.954290 -0.000000 0.298882
vn -0.954290 -0.000000 0.298882
vn -0.915036 -0.000000 0.403372
vn -0.915036 -0.000000 0.403372
vn -0.823051 -0.000000 0.567968
vn -0.823051 -0.000000 0.567968
vn -0.725743 -0.000000 0.687966
vn -0.725743 -0.000000 0.687966
vn -0.643769 -0.000000 0.765220
vn -0.643769 -0.000000 0.765220
vn -0.588911 -0.000000 0.808198
vn -0.588911 -0.000000 0.808198
vn -0.566300 -0.000000 0.824199
vn -0.566300 -0.000000 0.824199
vn 0.000000 1.000000 -0.000000
vn 0.000000 1.000000 -0.000000
vn 0.000000 1.000000 -0.000000
vn 0.000000 1.000000 -0.000000
vn 0.000000 1.000000 -0.000000
vn 0.000000 1.000000 -0.000000
vn 0.000000 1.000000 -0.000000
vn 0.000000 1.000000 -0.000000
vn 0.000000 1.000000 -0.000000
vn 0.000000 1.000000 -0.000000
vn 0.000000 1.000000 -0.000000
vn 0.000000 1.000000 -0.000000
vn 0.000000 1.000000 -0.000000
vn 0.000000 1.000000 -0.000000
vn 0.000000 1.000000 -0.000000
vn 0.000000 1.000000 -0.000000
vn 0.000000 1.000000 -0.000000
vn 0.000000 1.000000 -0.000000
vn 0.000000 1.000000 -0.000000
vn 0.000000 1.000000 -0.000000
vn 0.000000 1.000000 -0.000000
vn 0.000000 1.000000 -0.000000
vn 0.000000 1.000000 -0.000000
vn 0.000000 1.000000 -0.000000
vn 0.000000 1.000000 -0.000000
vn 0.000000 1.000000 -0.000000
vn 0.000000 1.000000 -0.000000
vn 0.000000 1.000000 -0.000000
vn 0.000000 1.000000 -0.000000
vn 0.000000 1.000000 -0.000000
vn 0.000000 1.000000 -0.000000
vn 0.000000 1.000000 -0.000000
vn 0.000000 1.000000 -0.000000
vn 0.000000 1.000000 -0.000000
vn 0.000000 1.000000 -0.000000
vn 0.000000 1.000000 -0.000000
vn 0.000000 1.000000 -0.000000
vn 0.000000 1.000000 -0.000000
vn 0.000000 1.000000 -0.000000
vn 0.000000 1.000000 -0.000000
vn 0.000000 1.000000 -0.000000
vn 0.000000 1.000000 -0.000000
vn 0.000000 1.000000 -0.000000
vn 0.000000 1.000000 -0.000000
vn 0.000000 1.000000 -0.000000
vn 0.000000 1.000000 -0.000000
vn 0.000000 1.000000 -0.000000
vn 0.000000 1.000000 -0.000000
vn 0.000000 1.000000 -0.000000
vn -0.000000 -1.000000 0.000000
vn -0.000000 -1.000000 0.000000
vn -0.000000 -1.000000 0.000000
vn -0.000000 -1.000000 0.000000
vn -0.000000 -1.000000 0.000000
vn -0.000000 -1.000000 0.000000
vn -0.000000 -1.000000 0.000000
vn -0.000000 -1.000000 0.000000
vn -0.000000 -1.000000 0.000000
vn -0.000000 -1.000000 0.000000
vn -0.000000 -1.000000 0.000000
vn -0.000000 -1.000000 0.000000
vn -0.000000 -1.000000 0.000000
vn -0.000000 -1.000000 0.000000
vn -0.000000 -1.000000 0.000000
vn -0.000000 -1.000000 0.000000
vn -0.000000 -1.000000 0.000000
vn -0.000000 -1.000000 0.000000
vn -0.000000 -1.000000 0.000000
vn -0.000000 -1.000000 0.000000
vn -0.000000 -1.000000 0.000000
vn -0.000000 -1.000000 0.000000
vn -0.000000 -1.000000 0.000000
vn -0.000000 -1.000000 0.000000
vn -0.000000 -1.000000 0.000000
vn -0.000000 -1.000000 0.000000
vn -0.000000 -1.000000 0.000000
vn -0.000000 -1.000000 0.000000
vn -0.000000 -1.000000 0.000000
vn -0.000000 -1.000000 0.000000
vn -0.000000 -1.000000 0.000000
vn -0.000000 -1.000000 0.000000
vn -0.000000 -1.000000 0.000000
vn -0.000000 -1.000000 0.000000
vn -0.000000 -1.000000 0.000000
vn -0.000000 -1.000000 0.000000
vn -0.000000 -1.000000 0.000000
vn -0.000000 -1.000000 0.000000
vn -0.000000 -1.000000 0.000000
vn -0.000000 -1.000000 0.000000
vn -0.000000 -1.000000 0.000000
vn -0.000000 -1.000000 0.000000
vn -0.000000 -1.000000 0.000000
vn -0.000000 -1.000000 0.000000
vn -0.000000 -1.000000 0.000000
vn -0.000000 -1.000000 0.000000
vn -0.000000 -1.000000 0.000000
vn -0.000000 -1.000000 0.000000
vn -0.000000 -1.000000 0.000000
usemtl Opaque(128,128,128)
f 1/1/1 2/2/2 4/3/3
f 4/3/3 2/2/2 3/4/4
f 2/5/5 5/6/6 3/7/7
f 3/7/7 5/6/6 30/8/8
f 30/8/8 5/6/6 6/9/9
f 30/8/8 6/9/9 29/10/10
f 29/10/10 6/9/9 7/11/11
f 29/10/10 7/11/11 28/12/12
f 28/12/12 7/11/11 8/13/13
f 28/12/12 8/13/13 27/14/14
f 27/14/14 8/13/13 9/15/15
f 27/14/14 9/15/15 26/16/16
f 26/16/16 9/15/15 10/17/17
f 26/16/16 10/17/17 25/18/18
f 25/18/18 10/17/17 11/19/19
f 25/18/18 11/19/19 24/20/20
f 24/20/20 11/19/19 12/21/21
f 24/20/20 12/21/21 23/22/22
f 23/22/22 12/21/21 13/23/23
f 23/22/22 13/23/23 22/24/24
f 22/24/24 13/23/23 14/25/25
f 22/24/24 14/25/25 21/26/26
f 21/26/26 14/25/25 15/27/27
f 21/26/26 15/27/27 20/28/28
f 20/28/28 15/27/27 16/29/29
f 20/28/28 16/29/29 19/30/30
f 19/30/30 16/29/29 17/31/31
f 19/30/30 17/31/31 18/32/32
f 18/33/32 17/34/31 72/35/33
f 72/35/33 17/34/31 31/36/34
f 72/35/33 31/36/34 71/37/35
f 71/37/35 31/36/34 32/38/36
f 71/37/35 32/38/36 70/39/37
f 70/39/37 32/38/36 33/40/38
f 70/39/37 33/40/38 69/41/39
f 69/41/39 33/40/38 34/42/40
f 69/41/39 34/42/40 68/43/41
f 68/43/41 34/42/40 35/44/42
f 68/43/41 35/44/42 67/45/43
f 67/45/43 35/44/42 36/46/44
f 67/45/43 36/46/44 66/47/45
f 66/47/45 36/46/44 37/48/46
f 66/47/45 37/48/46 65/49/47
f 65/49/47 37/48/46 38/50/48
f 65/49/47 38/50/48 64/51/49
f 64/51/49 38/50/48 39/52/50
f 64/51/49 39/52/50 63/53/51
f 63/53/51 39/52/50 40/54/52
f 63/53/51 40/54/52 62/55/53
f 62/55/53 40/54/52 41/56/54
f 62/55/53 41/56/54 61/57/55
f 61/57/55 41/56/54 42/58/56
f 61/57/55 42/58/56 60/59/57
f 60/59/57 42/58/56 43/60/58
f 60/59/57 43/60/58 59/61/59
f 59/61/59 43/60/58 44/62/60
f 59/61/59 44/62/60 58/63/61
f 58/63/61 44/62/60 45/64/62
f 58/63/61 45/64/62 57/65/63
f 57/65/63 45/64/62 46/66/64
f 57/65/63 46/66/64 56/67/65
f 56/67/65 46/66/64 47/68/66
f 56/67/65 47/68/66 55/69/67
f 55/69/67 47/68/66 48/70/68
f 55/69/67 48/70/68 54/71/69
f 54/71/69 48/70/68 49/72/70
f 54/71/69 49/72/70 53/73/71
f 53/73/71 49/72/70 50/74/72
f 53/73/71 50/74/72 52/75/73
f 52/75/73 50/74/72 51/76/74
f 51/77/74 73/78/75 52/79/73
f 52/79/73 73/78/75 96/80/76
f 96/80/76 73/78/75 74/81/77
f 96/80/76 74/81/77 95/82/78
f 95/82/78 74/81/77 75/83/79
f 95/82/78 75/83/79 94/84/80
f 94/84/80 75/83/79 76/85/81
f 94/84/80 76/85/81 93/86/82
f 93/86/82 76/85/81 77/87/83
f 93/86/82 77/87/83 92/88/84
f 92/88/84 77/87/83 78/89/85
f 92/88/84 78/89/85 91/90/86
f 91/90/86 78/89/85 79/91/87
f 91/90/86 79/91/87 90/92/88
f 90/92/88 79/91/87 80/93/89
f 90/92/88 80/93/89 89/94/90
f 89/94/90 80/93/89 81/95/91
f 89/94/90 81/95/91 88/96/92
f 88/96/92 81/95/91 82/97/93
f 88/96/92 82/97/93 87/98/94
f 87/98/94 82/97/93 83/99/95
f 87/98/94 83/99/95 86/100/96
f 86/100/96 83/99/95 84/101/97
f 86/100/96 84/101/97 85/102/98
f 85/102/98 84/101/97 1/103/99
f 85/102/98 1/103/99 4/104/100
f 85/105/101 4/106/102 97/107/103
f 97/107/103 4/106/102 3/108/104
f 97/107/103 3/108/104 30/109/105
f 30/109/105 29/110/106 97/107/103
f 97/107/103 29/110/106 28/111/107
f 97/107/103 28/111/107 27/112/108
f 27/112/108 26/113/109 97/107/103
f 97/107/103 26/113/109 25/114/110
f 97/107/103 25/114/110 24/115/111
f 24/115/111 23/116/112 97/107/103
f 97/107/103 23/116/112 22/117/113
f 97/107/103 22/117/113 21/118/114
f 21/118/114 20/119/115 97/107/103
f 97/107/103 20/119/115 19/120/116
f 97/107/103 19/120/116 18/121/117
f 18/121/117 72/122/118 97/107/103
f 97/107/103 72/122/118 71/123/119
f 97/107/103 71/123/119 70/124/120
f 70/124/120 69/125/121 97/107/103
f 97/107/103 69/125/121 68/126/122
f 97/107/103 68/126/122 67/127/123
f 67/127/123 66/128/124 97/107/103
f 97/107/103 66/128/124 65/129/125
f 97/107/103 65/129/125 64/130/126
f 64/130/126 63/131/127 97/107/103
f 97/107/103 63/131/127 62/132/128
f 97/107/103 62/132/128 61/133/129
f 61/133/129 60/134/130 97/107/103
f 97/107/103 60/134/130 59/135/131
f 97/107/103 59/135/131 58/136/132
f 58/136/132 57/137/133 97/107/103
f 97/107/103 57/137/133 56/138/134
f 97/107/103 56/138/134 55/139/135
f 55/139/135 54/140/136 97/107/103
f 97/107/103 54/140/136 53/141/137
f 97/107/103 53/141/137 52/142/138
f 52/142/138 96/143/139 97/107/103
f 97/107/103 96/143/139 95/144/140
f 97/107/103 95/144/140 94/145/141
f 94/145/141 93/146/142 97/107/103
f 97/107/103 93/146/142 92/147/143
f 97/107/103 92/147/143 91/148/144
f 91/148/144 90/149/145 97/107/103
f 97/107/103 90/149/145 89/150/146
f 97/107/103 89/150/146 88/151/147
f 88/151/147 87/152/148 97/107/103
f 97/107/103 87/152/148 86/153/149
f 97/107/103 86/153/149 85/105/101
f 5/154/150 2/155/151 98/156/152
f 98/156/152 2/155/151 1/157/153
f 98/156/152 1/157/153 84/158/154
f 84/158/154 83/159/155 98/156/152
f 98/156/152 83/159/155 82/160/156
f 98/156/152 82/160/156 81/161/157
f 81/161/157 80/162/158 98/156/152
f 98/156/152 80/162/158 79/163/159
f 98/156/152 79/163/159 78/164/160
f 78/164/160 77/165/161 98/156/152
f 98/156/152 77/165/161 76/166/162
f 98/156/152 76/166/162 75/167/163
f 75/167/163 74/168/164 98/156/152
f 98/156/152 74/168/164 73/169/165
f 98/156/152 73/169/165 51/170/166
f 51/170/166 50/171/167 98/156/152
f 98/156/152 50/171/167 49/172/168
f 98/156/152 49/172/168 48/173/169
f 48/173/169 47/174/170 98/156/152
f 98/156/152 47/174/170 46/175/171
f 98/156/152 46/175/171 45/176/172
f 45/176/172 44/177/173 98/156/152
f 98/156/152 44/177/173 43/178/174
f 98/156/152 43/178/174 42/179/175
f 42/179/175 41/180/176 98/156/152
f 98/156/152 41/180/176 40/181/177
f 98/156/152 40/181/177 39/182/178
f 39/182/178 38/183/179 98/156/152
f 98/156/152 38/183/179 37/184/180
f 98/156/152 37/184/180 36/185/181
f 36/185/181 35/186/182 98/156/152
f 98/156/152 35/186/182 34/187/183
f 98/156/152 34/187/183 33/188/184
f 33/188/184 32/189/185 98/156/152
f 98/156/152 32/189/185 31/190/186
f 98/156/152 31/190/186 17/191/187
f 17/191/187 16/192/188 98/156/152
f 98/156/152 16/192/188 15/193/189
f 98/156/152 15/193/189 14/194/190
f 14/194/190 13/195/191 98/156/152
f 98/156/152 13/195/191 12/196/192
f 98/156/152 12/196/192 11/197/193
f 11/197/193 10/198/194 98/156/152
f 98/156/152 10/198/194 9/199/195
f 98/156/152 9/199/195 8/200/196
f 8/200/196 7/201/197 98/156/152
f 98/156/152 7/201/197 6/202/198
f 98/156/152 6/202/198 5/154/150
g Body2

v -7.250000 0.460000 -0.000000
v -7.254595 0.460000 0.456106
v -7.261753 0.460000 0.967311
v -7.243981 0.460000 2.093623
v -7.117138 0.460000 3.256151
v -6.987956 0.460000 3.812625
v -6.802363 0.460000 4.333024
v -6.559611 0.460000 4.814258
v -6.264713 0.460000 5.260913
v -5.922786 0.460000 5.677721
v -5.538949 0.460000 6.069411
v -4.666584 0.460000 6.796359
v -3.705147 0.460000 7.479603
v -3.705147 0.620000 7.479603
v -4.666584 0.620000 6.796359
v -5.538949 0.620000 6.069411
v -5.922786 0.620000 5.677721
v -6.264713 0.620000 5.260913
v -6.559611 0.620000 4.814258
v -6.802363 0.620000 4.333024
v -6.987956 0.620000 3.812625
v -7.117138 0.620000 3.256151
v -7.243981 0.620000 2.093623
v -7.261753 0.620000 0.967311
v -7.254595 0.620000 0.456106
v -7.250000 0.620000 -0.000000
v 3.705147 0.460000 7.479603
v 3.705147 0.620000 7.479603
v 4.666584 0.460000 6.796359
v 5.538949 0.460000 6.069411
v 5.922786 0.460000 5.677721
v 6.264713 0.460000 5.260913
v 6.559611 0.460000 4.814258
v 6.802363 0.460000 4.333024
v 6.987956 0.460000 3.812625
v 7.117138 0.460000 3.256151
v 7.243981 0.460000 2.093623
v 7.261753 0.460000 0.967311
v 7.254595 0.460000 0.456106
v 7.250000 0.460000 -0.000000
v 7.250000 0.620000 -0.000000
v 7.254595 0.620000 0.456106
v 7.261753 0.620000 0.967311
v 7.243981 0.620000 2.093623
v 7.117138 0.620000 3.256151
v 6.987956 0.620000 3.812625
v 6.802363 0.620000 4.333024
v 6.559611 0.620000 4.814258
v 6.264713 0.620000 5.260913
v 5.922786 0.620000 5.677721
v 5.538949 0.620000 6.069411
v 4.666584 0.620000 6.796359
v 7.169023 0.460000 -1.080556
v 6.927903 0.460000 -2.136975
v 6.532024 0.460000 -3.145657
v 5.990231 0.460000 -4.084070
v 5.314626 0.460000 -4.931252
v 4.520301 0.460000 -5.668278
v 3.625000 0.460000 -6.278684
v 2.648722 0.460000 -6.748835
v 1.613277 0.460000 -7.068227
v 0.541793 0.460000 -7.229728
v -0.541793 0.460000 -7.229728
v -1.613277 0.460000 -7.068227
v -2.648722 0.460000 -6.748835
v -3.625000 0.460000 -6.278684
v -4.520301 0.460000 -5.668278
v -5.314626 0.460000 -4.931252
v -5.990231 0.460000 -4.084070
v -6.532024 0.460000 -3.145657
v -6.927903 0.460000 -2.136975
v -7.169023 0.460000 -1.080556
v -7.169023 0.620000 -1.080556
v -6.927903 0.620000 -2.136975
v -6.532024 0.620000 -3.145657
v -5.990231 0.620000 -4.084070
v -5.314626 0.620000 -4.931252
v -4.520301 0.620000 -5.668278
v -3.625000 0.620000 -6.278684
v -2.648722 0.620000 -6.748835
v -1.613277 0.620000 -7.068227
v -0.541793 0.620000 -7.229728
v 0.541793 0.620000 -7.229728
v 1.613277 0.620000 -7.068227
v 2.648722 0.620000 -6.748835
v 3.625000 0.620000 -6.278684
v 4.520301 0.620000 -5.668278
v 5.314626 0.620000 -4.931252
v 5.990231 0.620000 -4.084070
v 6.532024 0.620000 -3.145657
v 6.927903 0.620000 -2.136975
v 7.169023 0.620000 -1.080556
v 0.000000 0.620000 0.124938
v 0.000000 0.460000 0.124938
vt -0.000000 0.160000 0.000000
vt -0.544300 0.160000 0.000000
vt -0.000000 0.000000 0.000000
vt -0.544300 0.000000 0.000000
vt -1.088600 0.160000 0.000000
vt -1.088600 0.000000 0.000000
vt -2.177200 0.160000 0.000000
vt -2.177200 0.000000 0.000000
vt -3.265800 0.160000 0.000000
vt -3.265800 0.000000 0.000000
vt -3.810101 0.160000 0.000000
vt -3.810101 0.000000 0.000000
vt -4.354401 0.160000 0.000000
vt -4.354401 0.000000 0.000000
vt -4.898701 0.160000 0.000000
vt -4.898701 0.000000 0.000000
vt -5.443001 0.160000 0.000000
vt -5.443001 0.000000 0.000000
vt -5.987301 0.160000 0.000000
vt -5.987301 0.000000 0.000000
vt -6.531601 0.160000 0.000000
vt -6.531601 0.000000 0.000000
vt -7.620201 0.160000 0.000000
vt -7.620201 0.000000 0.000000
vt -8.708801 0.160000 0.000000
vt -8.708801 0.000000 0.000000
vt -0.000000 -0.160000 0.000000
vt 7.410294 -0.160000 0.000000
vt -0.000000 0.000000 0.000000
vt 7.410294 0.000000 0.000000
vt -1.051583 0.160000 0.000000
vt -2.140262 0.160000 0.000000
vt -1.051583 0.000000 0.000000
vt -2.140262 0.000000 0.000000
vt -3.228941 0.160000 0.000000
vt -3.228941 0.000000 0.000000
vt -3.773281 0.160000 0.000000
vt -3.773281 0.000000 0.000000
vt -4.317621 0.160000 0.000000
vt -4.317621 0.000000 0.000000
vt -4.861960 0.160000 0.000000
vt -4.861960 0.000000 0.000000
vt -5.406300 0.160000 0.000000
vt -5.406300 0.000000 0.000000
vt -5.950640 0.160000 0.000000
vt -5.950640 0.000000 0.000000
vt -6.494979 0.160000 0.000000
vt -6.494979 0.000000 0.000000
vt -7.583659 0.160000 0.000000
vt -7.583659 0.000000 0.000000
vt -8.672338 0.160000 0.000000
vt -8.672338 0.000000 0.000000
vt -9.216678 0.160000 0.000000
vt -9.216678 0.000000 0.000000
vt -9.761018 0.160000 0.000000
vt -9.761018 0.000000 0.000000
vt -0.000000 11.388273 0.000000
vt -0.160000 11.388273 0.000000
vt -0.000000 10.303676 0.000000
vt -0.160000 10.303676 0.000000
vt -0.000000 9.219078 0.000000
vt -0.160000 9.219078 0.000000
vt -0.000000 8.134481 0.000000
vt -0.160000 8.134481 0.000000
vt -0.000000 7.049884 0.000000
vt -0.160000 7.049884 0.000000
vt -0.000000 5.965286 0.000000
vt -0.160000 5.965286 0.000000
vt -0.000000 4.880689 0.000000
vt -0.160000 4.880689 0.000000
vt -0.000000 3.796091 0.000000
vt -0.160000 3.796091 0.000000
vt -0.000000 2.711494 0.000000
vt -0.160000 2.711494 0.000000
vt -0.000000 1.626896 0.000000
vt -0.160000 1.626896 0.000000
vt -0.000000 0.542299 0.000000
vt -0.160000 0.542299 0.000000
vt -0.000000 -0.542299 0.000000
vt -0.160000 -0.542299 0.000000
vt -0.000000 -1.626896 0.000000
vt -0.160000 -1.626896 0.000000
vt -0.000000 -2.711494 0.000000
vt -0.160000 -2.711494 0.000000
vt -0.000000 -3.796091 0.000000
vt -0.160000 -3.796091 0.000000
vt -0.000000 -4.880689 0.000000
vt -0.160000 -4.880689 0.000000
vt -0.000000 -5.965286 0.000000
vt -0.160000 -5.965286 0.000000
vt -0.000000 -7.049884 0.000000
vt -0.160000 -7.049884 0.000000
vt -0.000000 -8.134481 0.000000
vt -0.160000 -8.134481 0.000000
vt -0.000000 -9.219078 0.000000
vt -0.160000 -9.219078 0.000000
vt -0.000000 -10.303676 0.000000
vt -0.160000 -10.303676 0.000000
vt -0.000000 -11.388273 0.000000
vt -0.160000 -11.388273 0.000000
vt -5.413580 -0.366661 0.000000
vt -4.333024 -0.447637 0.000000
vt -4.208086 6.802363 0.000000
vt -3.876917 -0.452233 0.000000
vt -3.365713 -0.459390 0.000000
vt -2.239400 -0.441618 0.000000
vt -1.076873 -0.314775 0.000000
vt -0.520398 -0.185593 0.000000
vt 0.000000 0.000000 0.000000
vt 0.481234 0.242751 0.000000
vt 0.927890 0.537650 0.000000
vt 1.344697 0.879577 0.000000
vt 1.736387 1.263413 0.000000
vt 2.463336 2.135779 0.000000
vt 3.146579 3.097215 0.000000
vt 3.146579 10.507510 0.000000
vt 2.463336 11.468947 0.000000
vt 1.736387 12.341312 0.000000
vt 1.344697 12.725148 0.000000
vt 0.927890 13.067075 0.000000
vt 0.481234 13.361974 0.000000
vt -0.000000 13.604725 0.000000
vt -0.520398 13.790319 0.000000
vt -1.076873 13.919500 0.000000
vt -2.239400 14.046343 0.000000
vt -3.365713 14.064115 0.000000
vt -3.876917 14.056958 0.000000
vt -4.333024 14.052363 0.000000
vt -5.413580 13.971386 0.000000
vt -6.469999 13.730265 0.000000
vt -7.478681 13.334387 0.000000
vt -8.417094 12.792594 0.000000
vt -9.264276 12.116989 0.000000
vt -10.001302 11.322664 0.000000
vt -10.611708 10.427363 0.000000
vt -11.081858 9.451085 0.000000
vt -11.401251 8.415639 0.000000
vt -11.562751 7.344156 0.000000
vt -11.562751 6.260569 0.000000
vt -11.401251 5.189086 0.000000
vt -11.081858 4.153640 0.000000
vt -10.611708 3.177363 0.000000
vt -10.001302 2.282062 0.000000
vt -9.264276 1.487737 0.000000
vt -8.417094 0.812132 0.000000
vt -7.478681 0.270338 0.000000
vt -6.469999 -0.125540 0.000000
vt -3.146579 10.507510 0.000000
vt -3.146579 3.097215 0.000000
vt 4.208086 6.802363 0.000000
vt -2.463336 2.135779 0.000000
vt -1.736387 1.263413 0.000000
vt -1.344697 0.879577 0.000000
vt -0.927890 0.537650 0.000000
vt -0.481234 0.242751 0.000000
vt -0.000000 0.000000 0.000000
vt 0.520398 -0.185593 0.000000
vt 1.076873 -0.314775 0.000000
vt 2.239400 -0.441618 0.000000
vt 3.365713 -0.459390 0.000000
vt 3.876917 -0.452233 0.000000
vt 4.333024 -0.447637 0.000000
vt 5.413580 -0.366661 0.000000
vt 6.469999 -0.125540 0.000000
vt 7.478681 0.270338 0.000000
vt 8.417094 0.812132 0.000000
vt 9.264276 1.487737 0.000000
vt 10.001302 2.282062 0.000000
vt 10.611708 3.177363 0.000000
vt 11.081858 4.153640 0.000000
vt 11.401251 5.189086 0.000000
vt 11.562751 6.260569 0.000000
vt 11.562751 7.344156 0.000000
vt 11.401251 8.415639 0.000000
vt 11.081858 9.451085 0.000000
vt 10.611708 10.427363 0.000000
vt 10.001302 11.322664 0.000000
vt 9.264276 12.116989 0.000000
vt 8.417094 12.792594 0.000000
vt 7.478681 13.334387 0.000000
vt 6.469999 13.730265 0.000000
vt 5.413580 13.971386 0.000000
vt 4.333024 14.052363 0.000000
vt 3.876917 14.056958 0.000000
vt 3.365713 14.064115 0.000000
vt 2.239400 14.046343 0.000000
vt 1.076873 13.919500 0.000000
vt 0.520398 13.790319 0.000000
vt 0.000000 13.604725 0.000000
vt -0.481234 13.361974 0.000000
vt -0.927890 13.067075 0.000000
vt -1.344697 12.725148 0.000000
vt -1.736387 12.341312 0.000000
vt -2.463336 11.468947 0.000000
vn -1.000000 -0.000000 0.000000
vn -0.999880 -0.000000 -0.015493
vn -1.000000 -0.000000 0.000000
vn -0.999880 -0.000000 -0.015493
vn -0.999954 -0.000000 -0.009602
vn -0.999954 -0.000000 -0.009602
vn -0.998718 -0.000000 0.050627
vn -0.998718 -0.000000 0.050627
vn -0.983765 -0.000000 0.179460
vn -0.983765 -0.000000 0.179460
vn -0.960716 -0.000000 0.277532
vn -0.960716 -0.000000 0.277532
vn -0.918684 -0.000000 0.394994
vn -0.918684 -0.000000 0.394994
vn -0.864194 -0.000000 0.503159
vn -0.864194 -0.000000 0.503159
vn -0.803510 -0.000000 0.595291
vn -0.803510 -0.000000 0.595291
vn -0.742724 -0.000000 0.669598
vn -0.742724 -0.000000 0.669598
vn -0.686651 -0.000000 0.726987
vn -0.686651 -0.000000 0.726987
vn -0.601066 -0.000000 0.799200
vn -0.601066 -0.000000 0.799200
vn -0.566300 -0.000000 0.824199
vn -0.566300 -0.000000 0.824199
vn 0.000000 -0.000000 1.000000
vn 0.000000 -0.000000 1.000000
vn 0.000000 -0.000000 1.000000
vn 0.000000 -0.000000 1.000000
vn 0.566300 0.000000 0.824199
vn 0.601066 0.000000 0.799200
vn 0.566300 0.000000 0.824199
vn 0.601066 0.000000 0.799200
vn 0.686651 0.000000 0.726987
vn 0.686651 0.000000 0.726987
vn 0.742724 0.000000 0.669598
vn 0.742724 0.000000 0.669598
vn 0.803510 0.000000 0.595291
vn 0.803510 0.000000 0.595291
vn 0.864194 0.000000 0.503159
vn 0.864194 0.000000 0.503159
vn 0.918684 0.000000 0.394994
vn 0.918684 0.000000 0.394994
vn 0.960716 0.000000 0.277532
vn 0.960716 0.000000 0.277532
vn 0.983765 0.000000 0.179460
vn 0.983765 0.000000 0.179460
vn 0.998718 0.000000 0.050627
vn 0.998718 0.000000 0.050627
vn 0.999954 -0.000000 -0.009602
vn 0.999954 -0.000000 -0.009602
vn 0.999880 -0.000000 -0.015493
vn 0.999880 -0.000000 -0.015493
vn 1.000000 -0.000000 -0.000000
vn 1.000000 -0.000000 -0.000000
vn 0.988831 0.000000 -0.149042
vn 0.988831 0.000000 -0.149042
vn 0.955573 0.000000 -0.294755
vn 0.955573 0.000000 -0.294755
vn 0.900969 0.000000 -0.433884
vn 0.900969 0.000000 -0.433884
vn 0.826239 0.000000 -0.563320
vn 0.826239 0.000000 -0.563320
vn 0.733052 0.000000 -0.680173
vn 0.733052 0.000000 -0.680173
vn 0.623490 0.000000 -0.781831
vn 0.623490 0.000000 -0.781831
vn 0.500000 0.000000 -0.866025
vn 0.500000 0.000000 -0.866025
vn 0.365341 0.000000 -0.930874
vn 0.365341 0.000000 -0.930874
vn 0.222521 0.000000 -0.974928
vn 0.222521 0.000000 -0.974928
vn 0.074730 0.000000 -0.997204
vn 0.074730 0.000000 -0.997204
vn -0.074730 0.000000 -0.997204
vn -0.074730 0.000000 -0.997204
vn -0.222521 0.000000 -0.974928
vn -0.222521 0.000000 -0.974928
vn -0.365341 0.000000 -0.930874
vn -0.365341 0.000000 -0.930874
vn -0.500000 0.000000 -0.866025
vn -0.500000 0.000000 -0.866025
vn -0.623490 0.000000 -0.781831
vn -0.623490 0.000000 -0.781831
vn -0.733052 0.000000 -0.680173
vn -0.733052 0.000000 -0.680173
vn -0.826239 0.000000 -0.563320
vn -0.826239 0.000000 -0.563320
vn -0.900969 0.000000 -0.433884
vn -0.900969 0.000000 -0.433884
vn -0.955573 0.000000 -0.294755
vn -0.955573 0.000000 -0.294755
vn -0.988831 0.000000 -0.149042
vn -0.988831 0.000000 -0.149042
vn 0.000000 1.000000 -0.000000
vn 0.000000 1.000000 -0.000000
vn 0.000000 1.000000 -0.000000
vn 0.000000 1.000000 -0.000000
vn 0.000000 1.000000 -0.000000
vn 0.000000 1.000000 -0.000000
vn 0.000000 1.000000 -0.000000
vn 0.000000 1.000000 -0.000000
vn 0.000000 1.000000 -0.000000
vn 0.000000 1.000000 -0.000000
vn 0.000000 1.000000 -0.000000
vn 0.000000 1.000000 -0.000000
vn 0.000000 1.000000 -0.000000
vn 0.000000 1.000000 -0.000000
vn 0.000000 1.000000 -0.000000
vn 0.000000 1.000000 -0.000000
vn 0.000000 1.000000 -0.000000
vn 0.000000 1.000000 -0.000000
vn 0.000000 1.000000 -0.000000
vn 0.000000 1.000000 -0.000000
vn 0.000000 1.000000 -0.000000
vn 0.000000 1.000000 -0.000000
vn 0.000000 1.000000 -0.000000
vn 0.000000 1.000000 -0.000000
vn 0.000000 1.000000 -0.000000
vn 0.000000 1.000000 -0.000000
vn 0.000000 1.000000 -0.000000
vn 0.000000 1.000000 -0.000000
vn 0.000000 1.000000 -0.000000
vn 0.000000 1.000000 -0.000000
vn 0.000000 1.000000 -0.000000
vn 0.000000 1.000000 -0.000000
vn 0.000000 1.000000 -0.000000
vn 0.000000 1.000000 -0.000000
vn 0.000000 1.000000 -0.000000
vn 0.000000 1.000000 -0.000000
vn 0.000000 1.000000 -0.000000
vn 0.000000 1.000000 -0.000000
vn 0.000000 1.000000 -0.000000
vn 0.000000 1.000000 -0.000000
vn 0.000000 1.000000 -0.000000
vn 0.000000 1.000000 -0.000000
vn 0.000000 1.000000 -0.000000
vn 0.000000 1.000000 -0.000000
vn 0.000000 1.000000 -0.000000
vn 0.000000 1.000000 -0.000000
vn 0.000000 1.000000 -0.000000
vn -0.000000 -1.000000 0.000000
vn -0.000000 -1.000000 0.000000
vn -0.000000 -1.000000 0.000000
vn -0.000000 -1.000000 0.000000
vn -0.000000 -1.000000 0.000000
vn -0.000000 -1.000000 0.000000
vn -0.000000 -1.000000 0.000000
vn -0.000000 -1.000000 0.000000
vn -0.000000 -1.000000 0.000000
vn -0.000000 -1.000000 0.000000
vn -0.000000 -1.000000 0.000000
vn -0.000000 -1.000000 0.000000
vn -0.000000 -1.000000 0.000000
vn -0.000000 -1.000000 0.000000
vn -0.000000 -1.000000 0.000000
vn -0.000000 -1.000000 0.000000
vn -0.000000 -1.000000 0.000000
vn -0.000000 -1.000000 0.000000
vn -0.000000 -1.000000 0.000000
vn -0.000000 -1.000000 0.000000
vn -0.000000 -1.000000 0.000000
vn -0.000000 -1.000000 0.000000
vn -0.000000 -1.000000 0.000000
vn -0.000000 -1.000000 0.000000
vn -0.000000 -1.000000 0.000000
vn -0.000000 -1.000000 0.000000
vn -0.000000 -1.000000 0.000000
vn -0.000000 -1.000000 0.000000
vn -0.000000 -1.000000 0.000000
vn -0.000000 -1.000000 0.000000
vn -0.000000 -1.000000 0.000000
vn -0.000000 -1.000000 0.000000
vn -0.000000 -1.000000 0.000000
vn -0.000000 -1.000000 0.000000
vn -0.000000 -1.000000 0.000000
vn -0.000000 -1.000000 0.000000
vn -0.000000 -1.000000 0.000000
vn -0.000000 -1.000000 0.000000
vn -0.000000 -1.000000 0.000000
vn -0.000000 -1.000000 0.000000
vn -0.000000 -1.000000 0.000000
vn -0.000000 -1.000000 0.000000
vn -0.000000 -1.000000 0.000000
vn -0.000000 -1.000000 0.000000
vn -0.000000 -1.000000 0.000000
vn -0.000000 -1.000000 0.000000
vn -0.000000 -1.000000 0.000000
usemtl Opaque(64,64,64)
f 99/203/199 100/204/200 124/205/201
f 124/205/201 100/204/200 123/206/202
f 123/206/202 100/204/200 101/207/203
f 123/206/202 101/207/203 122/208/204
f 122/208/204 101/207/203 102/209/205
f 122/208/204 102/209/205 121/210/206
f 121/210/206 102/209/205 103/211/207
f 121/210/206 103/211/207 120/212/208
f 120/212/208 103/211/207 104/213/209
f 120/212/208 104/213/209 119/214/210
f 119/214/210 104/213/209 105/215/211
f 119/214/210 105/215/211 118/216/212
f 118/216/212 105/215/211 106/217/213
f 118/216/212 106/217/213 117/218/214
f 117/218/214 106/217/213 107/219/215
f 117/218/214 107/219/215 116/220/216
f 116/220/216 107/219/215 108/221/217
f 116/220/216 108/221/217 115/222/218
f 115/222/218 108/221/217 109/223/219
f 115/222/218 109/223/219 114/224/220
f 114/224/220 109/223/219 110/225/221
f 114/224/220 110/225/221 113/226/222
f 113/226/222 110/225/221 111/227/223
f 113/226/222 111/227/223 112/228/224
f 111/229/225 125/230/226 112/231/227
f 112/231/227 125/230/226 126/232/228
f 125/233/229 127/234/230 126/235/231
f 126/235/231 127/234/230 150/236/232
f 150/236/232 127/234/230 128/237/233
f 150/236/232 128/237/233 149/238/234
f 149/238/234 128/237/233 129/239/235
f 149/238/234 129/239/235 148/240/236
f 148/240/236 129/239/235 130/241/237
f 148/240/236 130/241/237 147/242/238
f 147/242/238 130/241/237 131/243/239
f 147/242/238 131/243/239 146/244/240
f 146/244/240 131/243/239 132/245/241
f 146/244/240 132/245/241 145/246/242
f 145/246/242 132/245/241 133/247/243
f 145/246/242 133/247/243 144/248/244
f 144/248/244 133/247/243 134/249/245
f 144/248/244 134/249/245 143/250/246
f 143/250/246 134/249/245 135/251/247
f 143/250/246 135/251/247 142/252/248
f 142/252/248 135/251/247 136/253/249
f 142/252/248 136/253/249 141/254/250
f 141/254/250 136/253/249 137/255/251
f 141/254/250 137/255/251 140/256/252
f 140/256/252 137/255/251 138/257/253
f 140/256/252 138/257/253 139/258/254
f 139/259/254 138/260/253 190/261/255
f 190/261/255 138/260/253 151/262/256
f 190/261/255 151/262/256 189/263/257
f 189/263/257 151/262/256 152/264/258
f 189/263/257 152/264/258 188/265/259
f 188/265/259 152/264/258 153/266/260
f 188/265/259 153/266/260 187/267/261
f 187/267/261 153/266/260 154/268/262
f 187/267/261 154/268/262 186/269/263
f 186/269/263 154/268/262 155/270/264
f 186/269/263 155/270/264 185/271/265
f 185/271/265 155/270/264 156/272/266
f 185/271/265 156/272/266 184/273/267
f 184/273/267 156/272/266 157/274/268
f 184/273/267 157/274/268 183/275/269
f 183/275/269 157/274/268 158/276/270
f 183/275/269 158/276/270 182/277/271
f 182/277/271 158/276/270 159/278/272
f 182/277/271 159/278/272 181/279/273
f 181/279/273 159/278/272 160/280/274
f 181/279/273 160/280/274 180/281/275
f 180/281/275 160/280/274 161/282/276
f 180/281/275 161/282/276 179/283/277
f 179/283/277 161/282/276 162/284/278
f 179/283/277 162/284/278 178/285/279
f 178/285/279 162/284/278 163/286/280
f 178/285/279 163/286/280 177/287/281
f 177/287/281 163/286/280 164/288/282
f 177/287/281 164/288/282 176/289/283
f 176/289/283 164/288/282 165/290/284
f 176/289/283 165/290/284 175/291/285
f 175/291/285 165/290/284 166/292/286
f 175/291/285 166/292/286 174/293/287
f 174/293/287 166/292/286 167/294/288
f 174/293/287 167/294/288 173/295/289
f 173/295/289 167/294/288 168/296/290
f 173/295/289 168/296/290 172/297/291
f 172/297/291 168/296/290 169/298/292
f 172/297/291 169/298/292 171/299/293
f 171/299/293 169/298/292 170/300/294
f 171/299/293 170/300/294 124/301/201
f 124/301/201 170/300/294 99/302/199
f 171/303/295 124/304/296 191/305/297
f 191/305/297 124/304/296 123/306/298
f 191/305/297 123/306/298 122/307/299
f 122/307/299 121/308/300 191/305/297
f 191/305/297 121/308/300 120/309/301
f 191/305/297 120/309/301 119/310/302
f 119/310/302 118/311/303 191/305/297
f 191/305/297 118/311/303 117/312/304
f 191/305/297 117/312/304 116/313/305
f 116/313/305 115/314/306 191/305/297
f 191/305/297 115/314/306 114/315/307
f 191/305/297 114/315/307 113/316/308
f 113/316/308 112/317/309 191/305/297
f 191/305/297 112/317/309 126/318/310
f 191/305/297 126/318/310 150/319/311
f 150/319/311 149/320/312 191/305/297
f 191/305/297 149/320/312 148/321/313
f 191/305/297 148/321/313 147/322/314
f 147/322/314 146/323/315 191/305/297
f 191/305/297 146/323/315 145/324/316
f 191/305/297 145/324/316 144/325/317
f 144/325/317 143/326/318 191/305/297
f 191/305/297 143/326/318 142/327/319
f 191/305/297 142/327/319 141/328/320
f 141/328/320 140/329/321 191/305/297
f 191/305/297 140/329/321 139/330/322
f 191/305/297 139/330/322 190/331/323
f 190/331/323 189/332/324 191/305/297
f 191/305/297 189/332/324 188/333/325
f 191/305/297 188/333/325 187/334/326
f 187/334/326 186/335/327 191/305/297
f 191/305/297 186/335/327 185/336/328
f 191/305/297 185/336/328 184/337/329
f 184/337/329 183/338/330 191/305/297
f 191/305/297 183/338/330 182/339/331
f 191/305/297 182/339/331 181/340/332
f 181/340/332 180/341/333 191/305/297
f 191/305/297 180/341/333 179/342/334
f 191/305/297 179/342/334 178/343/335
f 178/343/335 177/344/336 191/305/297
f 191/305/297 177/344/336 176/345/337
f 191/305/297 176/345/337 175/346/338
f 175/346/338 174/347/339 191/305/297
f 191/305/297 174/347/339 173/348/340
f 191/305/297 173/348/340 172/349/341
f 172/349/341 171/303/295 191/305/297
f 125/350/342 111/351/343 192/352/344
f 192/352/344 111/351/343 110/353/345
f 192/352/344 110/353/345 109/354/346
f 109/354/346 108/355/347 192/352/344
f 192/352/344 108/355/347 107/356/348
f 192/352/344 107/356/348 106/357/349
f 106/357/349 105/358/350 192/352/344
f 192/352/344 105/358/350 104/359/351
f 192/352/344 104/359/351 103/360/352
f 103/360/352 102/361/353 192/352/344
f 192/352/344 102/361/353 101/362/354
f 192/352/344 101/362/354 100/363/355
f 100/363/355 99/364/356 192/352/344
f 192/352/344 99/364/356 170/365/357
f 192/352/344 170/365/357 169/366/358
f 169/366/358 168/367/359 192/352/344
f 192/352/344 168/367/359 167/368/360
f 192/352/344 167/368/360 166/369/361
f 166/369/361 165/370/362 192/352/344
f 192/352/344 165/370/362 164/371/363
f 192/352/344 164/371/363 163/372/364
f 163/372/364 162/373/365 192/352/344
f 192/352/344 162/373/365 161/374/366
f 192/352/344 161/374/366 160/375/367
f 160/375/367 159/376/368 192/352/344
f 192/352/344 159/376/368 158/377/369
f 192/352/344 158/377/369 157/378/370
f 157/378/370 156/379/371 192/352/344
f 192/352/344 156/379/371 155/380/372
f 192/352/344 155/380/372 154/381/373
f 154/381/373 153/382/374 192/352/344
f 192/352/344 153/382/374 152/383/375
f 192/352/344 152/383/375 151/384/376
f 151/384/376 138/385/377 192/352/344
f 192/352/344 138/385/377 137/386/378
f 192/352/344 137/386/378 136/387/379
f 136/387/379 135/388/380 192/352/344
f 192/352/344 135/388/380 134/389/381
f 192/352/344 134/389/381 133/390/382
f 133/390/382 132/391/383 192/352/344
f 192/352/344 132/391/383 131/392/384
f 192/352/344 131/392/384 130/393/385
f 130/393/385 129/394/386 192/352/344
f 192/352/344 129/394/386 128/395/387
f 192/352/344 128/395/387 127/396/388
f 127/396/388 125/350/342 192/352/344
g Body3

v 3.705147 -0.460000 7.479603
v -3.705147 -0.460000 7.479603
v -3.705147 -0.620000 7.479603
v 3.705147 -0.620000 7.479603
v -7.250000 -0.460000 -0.000000
v -7.254595 -0.460000 0.456106
v -7.261753 -0.460000 0.967311
v -7.243981 -0.460000 2.093623
v -7.117138 -0.460000 3.256151
v -6.987956 -0.460000 3.812625
v -6.802363 -0.460000 4.333024
v -6.559611 -0.460000 4.814258
v -6.264713 -0.460000 5.260913
v -5.922786 -0.460000 5.677721
v -5.538949 -0.460000 6.069411
v -4.666584 -0.460000 6.796359
v 4.666584 -0.460000 6.796359
v 5.538949 -0.460000 6.069411
v 5.922786 -0.460000 5.677721
v 6.264713 -0.460000 5.260913
v 6.559611 -0.460000 4.814258
v 6.802363 -0.460000 4.333024
v 6.987956 -0.460000 3.812625
v 7.117138 -0.460000 3.256151
v 7.243981 -0.460000 2.093623
v 7.261753 -0.460000 0.967311
v 7.254595 -0.460000 0.456106
v 7.250000 -0.460000 -0.000000
v 7.169023 -0.460000 -1.080556
v 6.927903 -0.460000 -2.136975
v 6.532024 -0.460000 -3.145657
v 5.990231 -0.460000 -4.084070
v 5.314626 -0.460000 -4.931252
v 4.520301 -0.460000 -5.668278
v 3.625000 -0.460000 -6.278684
v 2.648722 -0.460000 -6.748835
v 1.613277 -0.460000 -7.068227
v 0.541793 -0.460000 -7.229728
v -0.541793 -0.460000 -7.229728
v -1.613277 -0.460000 -7.068227
v -2.648722 -0.460000 -6.748835
v -3.625000 -0.460000 -6.278684
v -4.520301 -0.460000 -5.668278
v -5.314626 -0.460000 -4.931252
v -5.990231 -0.460000 -4.084070
v -6.532024 -0.460000 -3.145657
v -6.927903 -0.460000 -2.136975
v -7.169023 -0.460000 -1.080556
v 0.000000 -0.460000 0.124938
v 7.250000 -0.620000 -0.000000
v 7.169023 -0.620000 -1.080556
v 6.927903 -0.620000 -2.136975
v 6.532024 -0.620000 -3.145657
v 5.990231 -0.620000 -4.084070
v 5.314626 -0.620000 -4.931252
v 4.520301 -0.620000 -5.668278
v 3.625000 -0.620000 -6.278684
v 2.648722 -0.620000 -6.748835
v 1.613277 -0.620000 -7.068227
v 0.541793 -0.620000 -7.229728
v -0.541793 -0.620000 -7.229728
v -1.613277 -0.620000 -7.068227
v -2.648722 -0.620000 -6.748835
v -3.625000 -0.620000 -6.278684
v -4.520301 -0.620000 -5.668278
v -5.314626 -0.620000 -4.931252
v -5.990231 -0.620000 -4.084070
v -6.532024 -0.620000 -3.145657
v -6.927903 -0.620000 -2.136975
v -7.169023 -0.620000 -1.080556
v -7.250000 -0.620000 -0.000000
v 4.666584 -0.620000 6.796359
v 5.538949 -0.620000 6.069411
v 5.922786 -0.620000 5.677721
v 6.264713 -0.620000 5.260913
v 6.559611 -0.620000 4.814258
v 6.802363 -0.620000 4.333024
v 6.987956 -0.620000 3.812625
v 7.117138 -0.620000 3.256151
v 7.243981 -0.620000 2.093623
v 7.261753 -0.620000 0.967311
v 7.254595 -0.620000 0.456106
v -4.666584 -0.620000 6.796359
v -5.538949 -0.620000 6.069411
v -5.922786 -0.620000 5.677721
v -6.264713 -0.620000 5.260913
v -6.559611 -0.620000 4.814258
v -6.802363 -0.620000 4.333024
v -6.987956 -0.620000 3.812625
v -7.117138 -0.620000 3.256151
v -7.243981 -0.620000 2.093623
v -7.261753 -0.620000 0.967311
v -7.254595 -0.620000 0.456106
v 0.000000 -0.620000 0.124938
vt 7.410294 0.000000 0.000000
vt 0.000000 0.000000 0.000000
vt 7.410294 -0.160000 0.000000
vt 0.000000 -0.160000 0.000000
vt -1.080556 -7.169023 0.000000
vt -0.000000 -7.250000 0.000000
vt 0.124938 0.000000 0.000000
vt 0.456106 -7.254595 0.000000
vt 0.967311 -7.261753 0.000000
vt 2.093623 -7.243981 0.000000
vt 3.256151 -7.117138 0.000000
vt 3.812625 -6.987956 0.000000
vt 4.333024 -6.802363 0.000000
vt 4.814258 -6.559611 0.000000
vt 5.260913 -6.264713 0.000000
vt 5.677721 -5.922786 0.000000
vt 6.069411 -5.538949 0.000000
vt 6.796359 -4.666584 0.000000
vt 7.479603 -3.705147 0.000000
vt 7.479603 3.705147 0.000000
vt 6.796359 4.666584 0.000000
vt 6.069411 5.538949 0.000000
vt 5.677721 5.922786 0.000000
vt 5.260913 6.264713 0.000000
vt 4.814258 6.559611 0.000000
vt 4.333024 6.802363 0.000000
vt 3.812625 6.987956 0.000000
vt 3.256151 7.117138 0.000000
vt 2.093623 7.243981 0.000000
vt 0.967311 7.261753 0.000000
vt 0.456106 7.254595 0.000000
vt -0.000000 7.250000 0.000000
vt -1.080556 7.169023 0.000000
vt -2.136975 6.927903 0.000000
vt -3.145657 6.532024 0.000000
vt -4.084070 5.990231 0.000000
vt -4.931252 5.314626 0.000000
vt -5.668278 4.520301 0.000000
vt -6.278684 3.625000 0.000000
vt -6.748835 2.648722 0.000000
vt -7.068227 1.613277 0.000000
vt -7.229728 0.541793 0.000000
vt -7.229728 -0.541793 0.000000
vt -7.068227 -1.613277 0.000000
vt -6.748835 -2.648722 0.000000
vt -6.278684 -3.625000 0.000000
vt -5.668278 -4.520301 0.000000
vt -4.931252 -5.314626 0.000000
vt -4.084070 -5.990231 0.000000
vt -3.145657 -6.532024 0.000000
vt -2.136975 -6.927903 0.000000
vt -0.920000 -11.388273 0.000000
vt -0.760000 -11.388273 0.000000
vt -0.920000 -10.303676 0.000000
vt -0.760000 -10.303676 0.000000
vt -0.920000 -9.219078 0.000000
vt -0.760000 -9.219078 0.000000
vt -0.920000 -8.134481 0.000000
vt -0.760000 -8.134481 0.000000
vt -0.920000 -7.049884 0.000000
vt -0.760000 -7.049884 0.000000
vt -0.920000 -5.965286 0.000000
vt -0.760000 -5.965286 0.000000
vt -0.920000 -4.880689 0.000000
vt -0.760000 -4.880689 0.000000
vt -0.920000 -3.796091 0.000000
vt -0.760000 -3.796091 0.000000
vt -0.920000 -2.711494 0.000000
vt -0.760000 -2.711494 0.000000
vt -0.920000 -1.626896 0.000000
vt -0.760000 -1.626896 0.000000
vt -0.920000 -0.542299 0.000000
vt -0.760000 -0.542299 0.000000
vt -0.920000 0.542299 0.000000
vt -0.760000 0.542299 0.000000
vt -0.920000 1.626896 0.000000
vt -0.760000 1.626896 0.000000
vt -0.920000 2.711494 0.000000
vt -0.760000 2.711494 0.000000
vt -0.920000 3.796091 0.000000
vt -0.760000 3.796091 0.000000
vt -0.920000 4.880689 0.000000
vt -0.760000 4.880689 0.000000
vt -0.920000 5.965286 0.000000
vt -0.760000 5.965286 0.000000
vt -0.920000 7.049884 0.000000
vt -0.760000 7.049884 0.000000
vt -0.920000 8.134481 0.000000
vt -0.760000 8.134481 0.000000
vt -0.920000 9.219078 0.000000
vt -0.760000 9.219078 0.000000
vt -0.920000 10.303676 0.000000
vt -0.760000 10.303676 0.000000
vt -0.920000 11.388273 0.000000
vt -0.760000 11.388273 0.000000
vt 9.761018 0.160000 0.000000
vt 9.216678 0.160000 0.000000
vt 9.761018 0.000000 0.000000
vt 9.216678 0.000000 0.000000
vt 8.672338 0.160000 0.000000
vt 8.672338 0.000000 0.000000
vt 7.583659 0.160000 0.000000
vt 7.583659 0.000000 0.000000
vt 6.494979 0.160000 0.000000
vt 6.494979 0.000000 0.000000
vt 5.950640 0.160000 0.000000
vt 5.950640 0.000000 0.000000
vt 5.406300 0.160000 0.000000
vt 5.406300 0.000000 0.000000
vt 4.861960 0.160000 0.000000
vt 4.861960 0.000000 0.000000
vt 4.317621 0.160000 0.000000
vt 4.317621 0.000000 0.000000
vt 3.773281 0.160000 0.000000
vt 3.773281 0.000000 0.000000
vt 3.228941 0.160000 0.000000
vt 3.228941 0.000000 0.000000
vt 2.140262 0.160000 0.000000
vt 2.140262 0.000000 0.000000
vt 1.051583 0.160000 0.000000
vt 1.051583 0.000000 0.000000
vt -3.146579 10.507510 0.000000
vt -3.146579 3.097215 0.000000
vt 4.208086 6.802363 0.000000
vt -2.463336 2.135779 0.000000
vt -1.736387 1.263413 0.000000
vt -1.344697 0.879577 0.000000
vt -0.927890 0.537650 0.000000
vt -0.481234 0.242751 0.000000
vt 0.000000 0.000000 0.000000
vt 0.520398 -0.185593 0.000000
vt 1.076873 -0.314775 0.000000
vt 2.239400 -0.441618 0.000000
vt 3.365713 -0.459390 0.000000
vt 3.876917 -0.452233 0.000000
vt 4.333024 -0.447637 0.000000
vt 5.413580 -0.366661 0.000000
vt 6.469999 -0.125540 0.000000
vt 7.478681 0.270338 0.000000
vt 8.417094 0.812132 0.000000
vt 9.264276 1.487737 0.000000
vt 10.001302 2.282062 0.000000
vt 10.611708 3.177363 0.000000
vt 11.081858 4.153640 0.000000
vt 11.401251 5.189086 0.000000
vt 11.562751 6.260569 0.000000
vt 11.562751 7.344156 0.000000
vt 11.401251 8.415639 0.000000
vt 11.081858 9.451085 0.000000
vt 10.611708 10.427363 0.000000
vt 10.001302 11.322664 0.000000
vt 9.264276 12.116989 0.000000
vt 8.417094 12.792594 0.000000
vt 7.478681 13.334387 0.000000
vt 6.469999 13.730265 0.000000
vt 5.413580 13.971386 0.000000
vt 4.333024 14.052363 0.000000
vt 3.876917 14.056958 0.000000
vt 3.365713 14.064115 0.000000
vt 2.239400 14.046343 0.000000
vt 1.076873 13.919500 0.000000
vt 0.520398 13.790319 0.000000
vt 0.000000 13.604725 0.000000
vt -0.481234 13.361974 0.000000
vt -0.927890 13.067075 0.000000
vt -1.344697 12.725148 0.000000
vt -1.736387 12.341312 0.000000
vt -2.463336 11.468947 0.000000
vt 8.708801 0.160000 0.000000
vt 7.620201 0.160000 0.000000
vt 8.708801 0.000000 0.000000
vt 7.620201 0.000000 0.000000
vt 6.531601 0.160000 0.000000
vt 6.531601 0.000000 0.000000
vt 5.987301 0.160000 0.000000
vt 5.987301 0.000000 0.000000
vt 5.443001 0.160000 0.000000
vt 5.443001 0.000000 0.000000
vt 4.898701 0.160000 0.000000
vt 4.898701 0.000000 0.000000
vt 4.354401 0.160000 0.000000
vt 4.354401 0.000000 0.000000
vt 3.810101 0.160000 0.000000
vt 3.810101 0.000000 0.000000
vt 3.265800 0.160000 0.000000
vt 3.265800 0.000000 0.000000
vt 2.177200 0.160000 0.000000
vt 2.177200 0.000000 0.000000
vt 1.088600 0.160000 0.000000
vt 1.088600 0.000000 0.000000
vt 0.544300 0.160000 0.000000
vt 0.544300 0.000000 0.000000
vt 0.000000 0.160000 0.000000
vt 0.000000 0.000000 0.000000
vn 0.000000 0.000000 1.000000
vn 0.000000 0.000000 1.000000
vn 0.000000 0.000000 1.000000
vn 0.000000 0.000000 1.000000
vn 0.000000 1.000000 0.000000
vn 0.000000 1.000000 0.000000
vn 0.000000 1.000000 0.000000
vn 0.000000 1.000000 0.000000
vn 0.000000 1.000000 0.000000
vn 0.000000 1.000000 0.000000
vn 0.000000 1.000000 0.000000
vn 0.000000 1.000000 0.000000
vn 0.000000 1.000000 0.000000
vn 0.000000 1.000000 0.000000
vn 0.000000 1.000000 0.000000
vn 0.000000 1.000000 0.000000
vn 0.000000 1.000000 0.000000
vn 0.000000 1.000000 0.000000
vn 0.000000 1.000000 0.000000
vn 0.000000 1.000000 0.000000
vn 0.000000 1.000000 0.000000
vn 0.000000 1.000000 0.000000
vn 0.000000 1.000000 0.000000
vn 0.000000 1.000000 0.000000
vn 0.000000 1.000000 0.000000
vn 0.000000 1.000000 0.000000
vn 0.000000 1.000000 0.000000
vn 0.000000 1.000000 0.000000
vn 0.000000 1.000000 0.000000
vn 0.000000 1.000000 0.000000
vn 0.000000 1.000000 0.000000
vn 0.000000 1.000000 0.000000
vn 0.000000 1.000000 0.000000
vn 0.000000 1.000000 0.000000
vn 0.000000 1.000000 0.000000
vn 0.000000 1.000000 0.000000
vn 0.000000 1.000000 0.000000
vn 0.000000 1.000000 0.000000
vn 0.000000 1.000000 0.000000
vn 0.000000 1.000000 0.000000
vn 0.000000 1.000000 0.000000
vn 0.000000 1.000000 0.000000
vn 0.000000 1.000000 0.000000
vn 0.000000 1.000000 0.000000
vn 0.000000 1.000000 0.000000
vn 0.000000 1.000000 0.000000
vn 0.000000 1.000000 0.000000
vn 0.000000 1.000000 0.000000
vn 0.000000 1.000000 0.000000
vn 0.000000 1.000000 0.000000
vn 0.000000 1.000000 0.000000
vn -1.000000 0.000000 -0.000000
vn -1.000000 0.000000 -0.000000
vn -0.988831 0.000000 -0.149042
vn -0.988831 0.000000 -0.149042
vn -0.955573 0.000000 -0.294755
vn -0.955573 0.000000 -0.294755
vn -0.900969 0.000000 -0.433884
vn -0.900969 0.000000 -0.433884
vn -0.826239 0.000000 -0.563320
vn -0.826239 0.000000 -0.563320
vn -0.733052 0.000000 -0.680173
vn -0.733052 0.000000 -0.680173
vn -0.623490 0.000000 -0.781831
vn -0.623490 0.000000 -0.781831
vn -0.500000 0.000000 -0.866025
vn -0.500000 0.000000 -0.866025
vn -0.365341 0.000000 -0.930874
vn -0.365341 0.000000 -0.930874
vn -0.222521 0.000000 -0.974928
vn -0.222521 0.000000 -0.974928
vn -0.074730 0.000000 -0.997204
vn -0.074730 0.000000 -0.997204
vn 0.074730 0.000000 -0.997204
vn 0.074730 0.000000 -0.997204
vn 0.222521 0.000000 -0.974928
vn 0.222521 0.000000 -0.974928
vn 0.365341 0.000000 -0.930874
vn 0.365341 0.000000 -0.930874
vn 0.500000 0.000000 -0.866025
vn 0.500000 0.000000 -0.866025
vn 0.623490 0.000000 -0.781831
vn 0.623490 0.000000 -0.781831
vn 0.733052 0.000000 -0.680173
vn 0.733052 0.000000 -0.680173
vn 0.826239 0.000000 -0.563320
vn 0.826239 0.000000 -0.563320
vn 0.900969 0.000000 -0.433884
vn 0.900969 0.000000 -0.433884
vn 0.955573 0.000000 -0.294755
vn 0.955573 0.000000 -0.294755
vn 0.988831 0.000000 -0.149042
vn 0.988831 0.000000 -0.149042
vn 1.000000 0.000000 -0.000000
vn 1.000000 0.000000 -0.000000
vn 0.999880 0.000000 -0.015493
vn 0.999880 0.000000 -0.015493
vn 0.999954 0.000000 -0.009602
vn 0.999954 0.000000 -0.009602
vn 0.998718 -0.000000 0.050627
vn 0.998718 -0.000000 0.050627
vn 0.983765 -0.000000 0.179460
vn 0.983765 -0.000000 0.179460
vn 0.960716 -0.000000 0.277532
vn 0.960716 -0.000000 0.277532
vn 0.918684 -0.000000 0.394994
vn 0.918684 -0.000000 0.394994
vn 0.864194 -0.000000 0.503159
vn 0.864194 -0.000000 0.503159
vn 0.803510 -0.000000 0.595291
vn 0.803510 -0.000000 0.595291
vn 0.742724 -0.000000 0.669598
vn 0.742724 -0.000000 0.669598
vn 0.686651 -0.000000 0.726987
vn 0.686651 -0.000000 0.726987
vn 0.601066 -0.000000 0.799200
vn 0.601066 -0.000000 0.799200
vn 0.566300 -0.000000 0.824199
vn 0.566300 -0.000000 0.824199
vn 0.000000 -1.000000 0.000000
vn 0.000000 -1.000000 0.000000
vn 0.000000 -1.000000 0.000000
vn 0.000000 -1.000000 0.000000
vn 0.000000 -1.000000 0.000000
vn 0.000000 -1.000000 0.000000
vn 0.000000 -1.000000 0.000000
vn 0.000000 -1.000000 0.000000
vn 0.000000 -1.000000 0.000000
vn 0.000000 -1.000000 0.000000
vn 0.000000 -1.000000 0.000000
vn 0.000000 -1.000000 0.000000
vn 0.000000 -1.000000 0.000000
vn 0.000000 -1.000000 0.000000
vn 0.000000 -1.000000 0.000000
vn 0.000000 -1.000000 0.000000
vn 0.000000 -1.000000 0.000000
vn 0.000000 -1.000000 0.000000
vn 0.000000 -1.000000 0.000000
vn 0.000000 -1.000000 0.000000
vn 0.000000 -1.000000 0.000000
vn 0.000000 -1.000000 0.000000
vn 0.000000 -1.000000 0.000000
vn 0.000000 -1.000000 0.000000
vn 0.000000 -1.000000 0.000000
vn 0.000000 -1.000000 0.000000
vn 0.000000 -1.000000 0.000000
vn 0.000000 -1.000000 0.000000
vn 0.000000 -1.000000 0.000000
vn 0.000000 -1.000000 0.000000
vn 0.000000 -1.000000 0.000000
vn 0.000000 -1.000000 0.000000
vn 0.000000 -1.000000 0.000000
vn 0.000000 -1.000000 0.000000
vn 0.000000 -1.000000 0.000000
vn 0.000000 -1.000000 0.000000
vn 0.000000 -1.000000 0.000000
vn 0.000000 -1.000000 0.000000
vn 0.000000 -1.000000 0.000000
vn 0.000000 -1.000000 0.000000
vn 0.000000 -1.000000 0.000000
vn 0.000000 -1.000000 0.000000
vn 0.000000 -1.000000 0.000000
vn 0.000000 -1.000000 0.000000
vn 0.000000 -1.000000 0.000000
vn 0.000000 -1.000000 0.000000
vn 0.000000 -1.000000 0.000000
vn -0.566300 0.000000 0.824199
vn -0.601066 0.000000 0.799200
vn -0.566300 0.000000 0.824199
vn -0.601066 0.000000 0.799200
vn -0.686651 0.000000 0.726987
vn -0.686651 0.000000 0.726987
vn -0.742724 0.000000 0.669598
vn -0.742724 0.000000 0.669598
vn -0.803510 0.000000 0.595291
vn -0.803510 0.000000 0.595291
vn -0.864194 0.000000 0.503159
vn -0.864194 0.000000 0.503159
vn -0.918684 0.000000 0.394994
vn -0.918684 0.000000 0.394994
vn -0.960716 0.000000 0.277532
vn -0.960716 0.000000 0.277532
vn -0.983765 0.000000 0.179460
vn -0.983765 0.000000 0.179460
vn -0.998718 0.000000 0.050627
vn -0.998718 0.000000 0.050627
vn -0.999954 0.000000 -0.009602
vn -0.999954 0.000000 -0.009602
vn -0.999880 0.000000 -0.015493
vn -0.999880 0.000000 -0.015493
usemtl Opaque(255,0,0)
f 193/397/389 194/398/390 196/399/391
f 196/399/391 194/398/390 195/400/392
f 240/401/393 197/402/394 241/403/395
f 241/403/395 197/402/394 198/404/396
f 241/403/395 198/404/396 199/405/397
f 199/405/397 200/406/398 241/403/395
f 241/403/395 200/406/398 201/407/399
f 241/403/395 201/407/399 202/408/400
f 202/408/400 203/409/401 241/403/395
f 241/403/395 203/409/401 204/410/402
f 241/403/395 204/410/402 205/411/403
f 205/411/403 206/412/404 241/403/395
f 241/403/395 206/412/404 207/413/405
f 241/403/395 207/413/405 208/414/406
f 208/414/406 194/415/407 241/403/395
f 241/403/395 194/415/407 193/416/408
f 241/403/395 193/416/408 209/417/409
f 209/417/409 210/418/410 241/403/395
f 241/403/395 210/418/410 211/419/411
f 241/403/395 211/419/411 212/420/412
f 212/420/412 213/421/413 241/403/395
f 241/403/395 213/421/413 214/422/414
f 241/403/395 214/422/414 215/423/415
f 215/423/415 216/424/416 241/403/395
f 241/403/395 216/424/416 217/425/417
f 241/403/395 217/425/417 218/426/418
f 218/426/418 219/427/419 241/403/395
f 241/403/395 219/427/419 220/428/420
f 241/403/395 220/428/420 221/429/421
f 221/429/421 222/430/422 241/403/395
f 241/403/395 222/430/422 223/431/423
f 241/403/395 223/431/423 224/432/424
f 224/432/424 225/433/425 241/403/395
f 241/403/395 225/433/425 226/434/426
f 241/403/395 226/434/426 227/435/427
f 227/435/427 228/436/428 241/403/395
f 241/403/395 228/436/428 229/437/429
f 241/403/395 229/437/429 230/438/430
f 230/438/430 231/439/431 241/403/395
f 241/403/395 231/439/431 232/440/432
f 241/403/395 232/440/432 233/441/433
f 233/441/433 234/442/434 241/403/395
f 241/403/395 234/442/434 235/443/435
f 241/403/395 235/443/435 236/444/436
f 236/444/436 237/445/437 241/403/395
f 241/403/395 237/445/437 238/446/438
f 241/403/395 238/446/438 239/447/439
f 239/447/439 240/401/393 241/403/395
f 263/448/440 197/449/441 262/450/442
f 262/450/442 197/449/441 240/451/443
f 262/450/442 240/451/443 261/452/444
f 261/452/444 240/451/443 239/453/445
f 261/452/444 239/453/445 260/454/446
f 260/454/446 239/453/445 238/455/447
f 260/454/446 238/455/447 259/456/448
f 259/456/448 238/455/447 237/457/449
f 259/456/448 237/457/449 258/458/450
f 258/458/450 237/457/449 236/459/451
f 258/458/450 236/459/451 257/460/452
f 257/460/452 236/459/451 235/461/453
f 257/460/452 235/461/453 256/462/454
f 256/462/454 235/461/453 234/463/455
f 256/462/454 234/463/455 255/464/456
f 255/464/456 234/463/455 233/465/457
f 255/464/456 233/465/457 254/466/458
f 254/466/458 233/465/457 232/467/459
f 254/466/458 232/467/459 253/468/460
f 253/468/460 232/467/459 231/469/461
f 253/468/460 231/469/461 252/470/462
f 252/470/462 231/469/461 230/471/463
f 252/470/462 230/471/463 251/472/464
f 251/472/464 230/471/463 229/473/465
f 251/472/464 229/473/465 250/474/466
f 250/474/466 229/473/465 228/475/467
f 250/474/466 228/475/467 249/476/468
f 249/476/468 228/475/467 227/477/469
f 249/476/468 227/477/469 248/478/470
f 248/478/470 227/477/469 226/479/471
f 248/478/470 226/479/471 247/480/472
f 247/480/472 226/479/471 225/481/473
f 247/480/472 225/481/473 246/482/474
f 246/482/474 225/481/473 224/483/475
f 246/482/474 224/483/475 245/484/476
f 245/484/476 224/483/475 223/485/477
f 245/484/476 223/485/477 244/486/478
f 244/486/478 223/485/477 222/487/479
f 244/486/478 222/487/479 243/488/480
f 243/488/480 222/487/479 221/489/481
f 243/488/480 221/489/481 242/490/482
f 242/490/482 221/489/481 220/491/483
f 220/492/483 219/493/484 242/494/482
f 242/494/482 219/493/484 274/495/485
f 274/495/485 219/493/484 218/496/486
f 274/495/485 218/496/486 273/497/487
f 273/497/487 218/496/486 217/498/488
f 273/497/487 217/498/488 272/499/489
f 272/499/489 217/498/488 216/500/490
f 272/499/489 216/500/490 271/501/491
f 271/501/491 216/500/490 215/502/492
f 271/501/491 215/502/492 270/503/493
f 270/503/493 215/502/492 214/504/494
f 270/503/493 214/504/494 269/505/495
f 269/505/495 214/504/494 213/506/496
f 269/505/495 213/506/496 268/507/497
f 268/507/497 213/506/496 212/508/498
f 268/507/497 212/508/498 267/509/499
f 267/509/499 212/508/498 211/510/500
f 267/509/499 211/510/500 266/511/501
f 266/511/501 211/510/500 210/512/502
f 266/511/501 210/512/502 265/513/503
f 265/513/503 210/512/502 209/514/504
f 265/513/503 209/514/504 264/515/505
f 264/515/505 209/514/504 193/516/506
f 264/515/505 193/516/506 196/517/507
f 196/518/508 195/519/509 286/520/510
f 286/520/510 195/519/509 275/521/511
f 286/520/510 275/521/511 276/522/512
f 276/522/512 277/523/513 286/520/510
f 286/520/510 277/523/513 278/524/514
f 286/520/510 278/524/514 279/525/515
f 279/525/515 280/526/516 286/520/510
f 286/520/510 280/526/516 281/527/517
f 286/520/510 281/527/517 282/528/518
f 282/528/518 283/529/519 286/520/510
f 286/520/510 283/529/519 284/530/520
f 286/520/510 284/530/520 285/531/521
f 285/531/521 263/532/522 286/520/510
f 286/520/510 263/532/522 262/533/523
f 286/520/510 262/533/523 261/534/524
f 261/534/524 260/535/525 286/520/510
f 286/520/510 260/535/525 259/536/526
f 286/520/510 259/536/526 258/537/527
f 258/537/527 257/538/528 286/520/510
f 286/520/510 257/538/528 256/539/529
f 286/520/510 256/539/529 255/540/530
f 255/540/530 254/541/531 286/520/510
f 286/520/510 254/541/531 253/542/532
f 286/520/510 253/542/532 252/543/533
f 252/543/533 251/544/534 286/520/510
f 286/520/510 251/544/534 250/545/535
f 286/520/510 250/545/535 249/546/536
f 249/546/536 248/547/537 286/520/510
f 286/520/510 248/547/537 247/548/538
f 286/520/510 247/548/538 246/549/539
f 246/549/539 245/550/540 286/520/510
f 286/520/510 245/550/540 244/551/541
f 286/520/510 244/551/541 243/552/542
f 243/552/542 242/553/543 286/520/510
f 286/520/510 242/553/543 274/554/544
f 286/520/510 274/554/544 273/555/545
f 273/555/545 272/556/546 286/520/510
f 286/520/510 272/556/546 271/557/547
f 286/520/510 271/557/547 270/558/548
f 270/558/548 269/559/549 286/520/510
f 286/520/510 269/559/549 268/560/550
f 286/520/510 268/560/550 267/561/551
f 267/561/551 266/562/552 286/520/510
f 286/520/510 266/562/552 265/563/553
f 286/520/510 265/563/553 264/564/554
f 264/564/554 196/518/508 286/520/510
f 194/565/555 208/566/556 195/567/557
f 195/567/557 208/566/556 275/568/558
f 275/568/558 208/566/556 207/569/559
f 275/568/558 207/569/559 276/570/560
f 276/570/560 207/569/559 206/571/561
f 276/570/560 206/571/561 277/572/562
f 277/572/562 206/571/561 205/573/563
f 277/572/562 205/573/563 278/574/564
f 278/574/564 205/573/563 204/575/565
f 278/574/564 204/575/565 279/576/566
f 279/576/566 204/575/565 203/577/567
f 279/576/566 203/577/567 280/578/568
f 280/578/568 203/577/567 202/579/569
f 280/578/568 202/579/569 281/580/570
f 281/580/570 202/579/569 201/581/571
f 281/580/570 201/581/571 282/582/572
f 282/582/572 201/581/571 200/583/573
f 282/582/572 200/583/573 283/584/574
f 283/584/574 200/583/573 199/585/575
f 283/584/574 199/585/575 284/586/576
f 284/586/576 199/585/575 198/587/577
f 284/586/576 198/587/577 285/588/578
f 285/588/578 198/587/577 197/589/441
f 285/588/578 197/589/441 263/590/440
g Body4

v -3.705147 -0.300000 7.479603
v -3.705147 -0.460000 7.479603
v 3.705147 -0.460000 7.479603
v 3.705147 -0.300000 7.479603
v -4.666584 -0.460000 6.796359
v -5.538949 -0.460000 6.069411
v -5.922786 -0.460000 5.677721
v -6.264713 -0.460000 5.260913
v -6.559611 -0.460000 4.814258
v -6.802363 -0.460000 4.333024
v -6.987956 -0.460000 3.812625
v -7.117138 -0.460000 3.256151
v -7.243981 -0.460000 2.093623
v -7.261753 -0.460000 0.967311
v -7.254595 -0.460000 0.456106
v -7.250000 -0.460000 -0.000000
v -7.169023 -0.460000 -1.080556
v -6.927903 -0.460000 -2.136975
v -6.532024 -0.460000 -3.145657
v -5.990231 -0.460000 -4.084070
v -5.314626 -0.460000 -4.931252
v -4.520301 -0.460000 -5.668278
v -3.625000 -0.460000 -6.278684
v -2.648722 -0.460000 -6.748835
v -1.613277 -0.460000 -7.068227
v -0.541793 -0.460000 -7.229728
v 0.541793 -0.460000 -7.229728
v 1.613277 -0.460000 -7.068227
v 2.648722 -0.460000 -6.748835
v 3.625000 -0.460000 -6.278684
v 4.520301 -0.460000 -5.668278
v 5.314626 -0.460000 -4.931252
v 5.990231 -0.460000 -4.084070
v 6.532024 -0.460000 -3.145657
v 6.927903 -0.460000 -2.136975
v 7.169023 -0.460000 -1.080556
v 7.250000 -0.460000 -0.000000
v 7.254595 -0.460000 0.456106
v 7.261753 -0.460000 0.967311
v 7.243981 -0.460000 2.093623
v 7.117138 -0.460000 3.256151
v 6.987956 -0.460000 3.812625
v 6.802363 -0.460000 4.333024
v 6.559611 -0.460000 4.814258
v 6.264713 -0.460000 5.260913
v 5.922786 -0.460000 5.677721
v 5.538949 -0.460000 6.069411
v 4.666584 -0.460000 6.796359
v 0.000000 -0.460000 0.124938
v -4.460711 -0.300000 6.948608
v -5.171474 -0.300000 6.396012
v -5.815171 -0.300000 5.794097
v -6.363650 -0.300000 5.122592
v -6.786450 -0.300000 4.369572
v -6.957672 -0.300000 3.913328
v -7.037490 -0.300000 3.628495
v -7.109554 -0.300000 3.297622
v -7.170903 -0.300000 2.914626
v -7.218353 -0.300000 2.476061
v -7.260722 -0.300000 1.576717
v -7.258877 -0.300000 0.732650
v -7.250000 -0.300000 0.000000
v 7.250000 -0.300000 0.000000
v -7.169023 -0.300000 -1.080556
v -6.927903 -0.300000 -2.136975
v -6.532024 -0.300000 -3.145657
v -5.990231 -0.300000 -4.084070
v -5.314626 -0.300000 -4.931252
v -4.520301 -0.300000 -5.668278
v -3.625000 -0.300000 -6.278684
v -2.648722 -0.300000 -6.748835
v -1.613277 -0.300000 -7.068227
v -0.541793 -0.300000 -7.229728
v 0.541793 -0.300000 -7.229728
v 1.613277 -0.300000 -7.068227
v 2.648722 -0.300000 -6.748835
v 3.625000 -0.300000 -6.278684
v 4.520301 -0.300000 -5.668278
v 5.314626 -0.300000 -4.931252
v 5.990231 -0.300000 -4.084070
v 6.532024 -0.300000 -3.145657
v 6.927903 -0.300000 -2.136975
v 7.169023 -0.300000 -1.080556
v 7.258877 -0.300000 0.732650
v 7.260722 -0.300000 1.576717
v 7.218353 -0.300000 2.476061
v 7.170903 -0.300000 2.914626
v 7.109554 -0.300000 3.297622
v 7.037490 -0.300000 3.628495
v 6.957672 -0.300000 3.913328
v 6.786450 -0.300000 4.369572
v 6.363650 -0.300000 5.122592
v 5.815171 -0.300000 5.794097
v 5.171474 -0.300000 6.396012
v 4.460711 -0.300000 6.948608
v 0.000000 -0.300000 0.124938
vt 0.000000 0.000000 0.000000
vt 7.410294 0.000000 0.000000
vt 0.000000 0.160000 0.000000
vt 7.410294 0.160000 0.000000
vt -6.796359 4.666584 0.000000
vt -7.479603 3.705147 0.000000
vt -0.124938 0.000000 0.000000
vt -7.479603 -3.705147 0.000000
vt -6.796359 -4.666584 0.000000
vt -6.069411 -5.538949 0.000000
vt -5.677721 -5.922786 0.000000
vt -5.260913 -6.264713 0.000000
vt -4.814258 -6.559611 0.000000
vt -4.333024 -6.802363 0.000000
vt -3.812625 -6.987956 0.000000
vt -3.256151 -7.117138 0.000000
vt -2.093623 -7.243981 0.000000
vt -0.967311 -7.261753 0.000000
vt -0.456106 -7.254595 0.000000
vt 0.000000 -7.250000 0.000000
vt 1.080556 -7.169023 0.000000
vt 2.136975 -6.927903 0.000000
vt 3.145657 -6.532024 0.000000
vt 4.084070 -5.990231 0.000000
vt 4.931252 -5.314626 0.000000
vt 5.668278 -4.520301 0.000000
vt 6.278684 -3.625000 0.000000
vt 6.748835 -2.648722 0.000000
vt 7.068227 -1.613277 0.000000
vt 7.229728 -0.541793 0.000000
vt 7.229728 0.541793 0.000000
vt 7.068227 1.613277 0.000000
vt 6.748835 2.648722 0.000000
vt 6.278684 3.625000 0.000000
vt 5.668278 4.520301 0.000000
vt 4.931252 5.314626 0.000000
vt 4.084070 5.990231 0.000000
vt 3.145657 6.532024 0.000000
vt 2.136975 6.927903 0.000000
vt 1.080556 7.169023 0.000000
vt 0.000000 7.250000 0.000000
vt -0.456106 7.254595 0.000000
vt -0.967311 7.261753 0.000000
vt -2.093623 7.243981 0.000000
vt -3.256151 7.117138 0.000000
vt -3.812625 6.987956 0.000000
vt -4.333024 6.802363 0.000000
vt -4.814258 6.559611 0.000000
vt -5.260913 6.264713 0.000000
vt -5.677721 5.922786 0.000000
vt -6.069411 5.538949 0.000000
vt -8.708801 0.000000 0.000000
vt -7.858984 0.000000 0.000000
vt -8.708801 0.160000 0.000000
vt -7.620201 0.160000 0.000000
vt -7.009266 0.000000 0.000000
vt -6.531601 0.160000 0.000000
vt -6.145711 0.000000 0.000000
vt -5.987301 0.160000 0.000000
vt -5.443001 0.160000 0.000000
vt -5.270231 0.000000 0.000000
vt -4.898701 0.160000 0.000000
vt -4.394297 0.000000 0.000000
vt -4.354401 0.160000 0.000000
vt -3.912189 0.000000 0.000000
vt -3.810101 0.160000 0.000000
vt -3.626672 0.000000 0.000000
vt -3.265800 0.160000 0.000000
vt -3.305447 0.000000 0.000000
vt -2.942717 0.000000 0.000000
vt -2.533452 0.000000 0.000000
vt -2.177200 0.160000 0.000000
vt -1.689016 0.000000 0.000000
vt -1.088600 0.160000 0.000000
vt -0.844955 0.000000 0.000000
vt -0.544300 0.160000 0.000000
vt -0.000000 0.000000 0.000000
vt -0.000000 0.160000 0.000000
vt -0.600000 11.388273 0.000000
vt -0.760000 11.388273 0.000000
vt -0.600000 10.303676 0.000000
vt -0.760000 10.303676 0.000000
vt -0.600000 9.219078 0.000000
vt -0.760000 9.219078 0.000000
vt -0.600000 8.134481 0.000000
vt -0.760000 8.134481 0.000000
vt -0.600000 7.049884 0.000000
vt -0.760000 7.049884 0.000000
vt -0.600000 5.965286 0.000000
vt -0.760000 5.965286 0.000000
vt -0.600000 4.880689 0.000000
vt -0.760000 4.880689 0.000000
vt -0.600000 3.796091 0.000000
vt -0.760000 3.796091 0.000000
vt -0.600000 2.711494 0.000000
vt -0.760000 2.711494 0.000000
vt -0.600000 1.626896 0.000000
vt -0.760000 1.626896 0.000000
vt -0.600000 0.542299 0.000000
vt -0.760000 0.542299 0.000000
vt -0.600000 -0.542299 0.000000
vt -0.760000 -0.542299 0.000000
vt -0.600000 -1.626896 0.000000
vt -0.760000 -1.626896 0.000000
vt -0.600000 -2.711494 0.000000
vt -0.760000 -2.711494 0.000000
vt -0.600000 -3.796091 0.000000
vt -0.760000 -3.796091 0.000000
vt -0.600000 -4.880689 0.000000
vt -0.760000 -4.880689 0.000000
vt -0.600000 -5.965286 0.000000
vt -0.760000 -5.965286 0.000000
vt -0.600000 -7.049884 0.000000
vt -0.760000 -7.049884 0.000000
vt -0.600000 -8.134481 0.000000
vt -0.760000 -8.134481 0.000000
vt -0.600000 -9.219078 0.000000
vt -0.760000 -9.219078 0.000000
vt -0.600000 -10.303676 0.000000
vt -0.760000 -10.303676 0.000000
vt -0.600000 -11.388273 0.000000
vt -0.760000 -11.388273 0.000000
vt -9.761018 0.160000 0.000000
vt -9.761018 0.000000 0.000000
vt -9.216678 0.160000 0.000000
vt -8.916001 0.000000 0.000000
vt -8.672338 0.160000 0.000000
vt -8.071878 0.000000 0.000000
vt -7.583659 0.160000 0.000000
vt -7.227381 0.000000 0.000000
vt -6.818087 0.000000 0.000000
vt -6.494979 0.160000 0.000000
vt -6.455330 0.000000 0.000000
vt -6.134081 0.000000 0.000000
vt -5.950640 0.160000 0.000000
vt -5.848544 0.000000 0.000000
vt -5.406300 0.160000 0.000000
vt -5.366401 0.000000 0.000000
vt -4.861960 0.160000 0.000000
vt -4.490403 0.000000 0.000000
vt -4.317621 0.160000 0.000000
vt -3.614860 0.000000 0.000000
vt -3.773281 0.160000 0.000000
vt -3.228941 0.160000 0.000000
vt -2.751242 0.000000 0.000000
vt -2.140262 0.160000 0.000000
vt -1.901462 0.000000 0.000000
vt -1.051583 0.160000 0.000000
vt -1.051583 0.000000 0.000000
vt -1.184983 -7.223502 0.000000
vt -0.653989 -6.467939 0.000000
vt -8.008654 -2.762791 0.000000
vt -0.653989 0.942356 0.000000
vt -1.184983 1.697919 0.000000
vt -1.737579 2.408683 0.000000
vt -2.339494 3.052380 0.000000
vt -3.010999 3.600859 0.000000
vt -3.764019 4.023659 0.000000
vt -4.220263 4.194880 0.000000
vt -4.505096 4.274699 0.000000
vt -4.835970 4.346763 0.000000
vt -5.218965 4.408111 0.000000
vt -5.657530 4.455561 0.000000
vt -6.556874 4.497931 0.000000
vt -7.400941 4.496086 0.000000
vt -8.133591 4.487209 0.000000
vt -9.214148 4.406232 0.000000
vt -10.270566 4.165111 0.000000
vt -11.279248 3.769233 0.000000
vt -12.217662 3.227440 0.000000
vt -13.064844 2.551835 0.000000
vt -13.801869 1.757510 0.000000
vt -14.412275 0.862209 0.000000
vt -14.882426 -0.114069 0.000000
vt -15.201819 -1.149515 0.000000
vt -15.363319 -2.220998 0.000000
vt -15.363319 -3.304585 0.000000
vt -15.201819 -4.376068 0.000000
vt -14.882426 -5.411514 0.000000
vt -14.412275 -6.387791 0.000000
vt -13.801869 -7.283092 0.000000
vt -13.064844 -8.077417 0.000000
vt -12.217662 -8.753023 0.000000
vt -11.279248 -9.294816 0.000000
vt -10.270566 -9.690694 0.000000
vt -9.214148 -9.931815 0.000000
vt -8.133591 -10.012791 0.000000
vt -7.400941 -10.021669 0.000000
vt -6.556874 -10.023513 0.000000
vt -5.657530 -9.981144 0.000000
vt -5.218965 -9.933694 0.000000
vt -4.835970 -9.872345 0.000000
vt -4.505096 -9.800282 0.000000
vt -4.220263 -9.720463 0.000000
vt -3.764019 -9.549241 0.000000
vt -3.010999 -9.126442 0.000000
vt -2.339494 -8.577962 0.000000
vt -1.737579 -7.934266 0.000000
vn 0.000000 0.000000 1.000000
vn 0.000000 0.000000 1.000000
vn 0.000000 0.000000 1.000000
vn 0.000000 0.000000 1.000000
vn -0.000000 -1.000000 -0.000000
vn -0.000000 -1.000000 -0.000000
vn -0.000000 -1.000000 -0.000000
vn -0.000000 -1.000000 -0.000000
vn -0.000000 -1.000000 -0.000000
vn -0.000000 -1.000000 -0.000000
vn -0.000000 -1.000000 -0.000000
vn -0.000000 -1.000000 -0.000000
vn -0.000000 -1.000000 -0.000000
vn -0.000000 -1.000000 -0.000000
vn -0.000000 -1.000000 -0.000000
vn -0.000000 -1.000000 -0.000000
vn -0.000000 -1.000000 -0.000000
vn -0.000000 -1.000000 -0.000000
vn -0.000000 -1.000000 -0.000000
vn -0.000000 -1.000000 -0.000000
vn -0.000000 -1.000000 -0.000000
vn -0.000000 -1.000000 -0.000000
vn -0.000000 -1.000000 -0.000000
vn -0.000000 -1.000000 -0.000000
vn -0.000000 -1.000000 -0.000000
vn -0.000000 -1.000000 -0.000000
vn -0.000000 -1.000000 -0.000000
vn -0.000000 -1.000000 -0.000000
vn -0.000000 -1.000000 -0.000000
vn -0.000000 -1.000000 -0.000000
vn -0.000000 -1.000000 -0.000000
vn -0.000000 -1.000000 -0.000000
vn -0.000000 -1.000000 -0.000000
vn -0.000000 -1.000000 -0.000000
vn -0.000000 -1.000000 -0.000000
vn -0.000000 -1.000000 -0.000000
vn -0.000000 -1.000000 -0.000000
vn -0.000000 -1.000000 -0.000000
vn -0.000000 -1.000000 -0.000000
vn -0.000000 -1.000000 -0.000000
vn -0.000000 -1.000000 -0.000000
vn -0.000000 -1.000000 -0.000000
vn -0.000000 -1.000000 -0.000000
vn -0.000000 -1.000000 -0.000000
vn -0.000000 -1.000000 -0.000000
vn -0.000000 -1.000000 -0.000000
vn -0.000000 -1.000000 -0.000000
vn -0.000000 -1.000000 -0.000000
vn -0.000000 -1.000000 -0.000000
vn -0.000000 -1.000000 -0.000000
vn -0.000000 -1.000000 -0.000000
vn -0.566300 -0.000000 0.824199
vn -0.588911 -0.000000 0.808198
vn -0.566300 -0.000000 0.824199
vn -0.601066 -0.000000 0.799200
vn -0.643769 -0.000000 0.765220
vn -0.686651 -0.000000 0.726987
vn -0.725743 -0.000000 0.687966
vn -0.742724 -0.000000 0.669598
vn -0.803510 -0.000000 0.595291
vn -0.823051 -0.000000 0.567968
vn -0.864194 -0.000000 0.503159
vn -0.915036 -0.000000 0.403372
vn -0.918684 -0.000000 0.394994
vn -0.954290 -0.000000 0.298882
vn -0.960716 -0.000000 0.277532
vn -0.970416 -0.000000 0.241441
vn -0.983765 -0.000000 0.179460
vn -0.982598 -0.000000 0.185744
vn -0.991144 -0.000000 0.132793
vn -0.996440 -0.000000 0.084306
vn -0.998718 -0.000000 0.050627
vn -0.999873 -0.000000 0.015958
vn -0.999954 -0.000000 -0.009602
vn -0.999896 -0.000000 -0.014449
vn -0.999880 -0.000000 -0.015493
vn -1.000000 -0.000000 0.000000
vn -1.000000 -0.000000 0.000000
vn 1.000000 0.000000 0.000000
vn 1.000000 0.000000 -0.000000
vn 0.988831 0.000000 -0.149042
vn 0.988831 0.000000 -0.149042
vn 0.955573 0.000000 -0.294755
vn 0.955573 0.000000 -0.294755
vn 0.900969 0.000000 -0.433884
vn 0.900969 0.000000 -0.433884
vn 0.826239 0.000000 -0.563320
vn 0.826239 0.000000 -0.563320
vn 0.733052 0.000000 -0.680173
vn 0.733052 0.000000 -0.680173
vn 0.623490 0.000000 -0.781831
vn 0.623490 0.000000 -0.781831
vn 0.500000 0.000000 -0.866025
vn 0.500000 0.000000 -0.866025
vn 0.365341 0.000000 -0.930874
vn 0.365341 0.000000 -0.930874
vn 0.222521 0.000000 -0.974928
vn 0.222521 0.000000 -0.974928
vn 0.074730 0.000000 -0.997204
vn 0.074730 0.000000 -0.997204
vn -0.074730 0.000000 -0.997204
vn -0.074730 0.000000 -0.997204
vn -0.222521 0.000000 -0.974928
vn -0.222521 0.000000 -0.974928
vn -0.365341 0.000000 -0.930874
vn -0.365341 0.000000 -0.930874
vn -0.500000 0.000000 -0.866025
vn -0.500000 0.000000 -0.866025
vn -0.623490 0.000000 -0.781831
vn -0.623490 0.000000 -0.781831
vn -0.733052 0.000000 -0.680173
vn -0.733052 0.000000 -0.680173
vn -0.826239 0.000000 -0.563320
vn -0.826239 0.000000 -0.563320
vn -0.900969 0.000000 -0.433884
vn -0.900969 0.000000 -0.433884
vn -0.955573 0.000000 -0.294755
vn -0.955573 0.000000 -0.294755
vn -0.988831 0.000000 -0.149042
vn -0.988831 0.000000 -0.149042
vn 0.999880 -0.000000 -0.015493
vn 0.999896 -0.000000 -0.014449
vn 0.999954 -0.000000 -0.009602
vn 0.999873 0.000000 0.015958
vn 0.998718 0.000000 0.050627
vn 0.996440 0.000000 0.084306
vn 0.991144 0.000000 0.132793
vn 0.983765 0.000000 0.179460
vn 0.982598 0.000000 0.185744
vn 0.970416 0.000000 0.241441
vn 0.960716 0.000000 0.277532
vn 0.954290 0.000000 0.298882
vn 0.918684 0.000000 0.394994
vn 0.915036 0.000000 0.403372
vn 0.864194 0.000000 0.503159
vn 0.823051 0.000000 0.567968
vn 0.803510 0.000000 0.595291
vn 0.725743 0.000000 0.687966
vn 0.742724 0.000000 0.669598
vn 0.686651 0.000000 0.726987
vn 0.643769 0.000000 0.765220
vn 0.601066 0.000000 0.799200
vn 0.588911 0.000000 0.808198
vn 0.566300 0.000000 0.824199
vn 0.566300 0.000000 0.824199
vn 0.000000 1.000000 -0.000000
vn 0.000000 1.000000 -0.000000
vn 0.000000 1.000000 -0.000000
vn 0.000000 1.000000 -0.000000
vn 0.000000 1.000000 -0.000000
vn 0.000000 1.000000 -0.000000
vn 0.000000 1.000000 -0.000000
vn 0.000000 1.000000 -0.000000
vn 0.000000 1.000000 -0.000000
vn 0.000000 1.000000 -0.000000
vn 0.000000 1.000000 -0.000000
vn 0.000000 1.000000 -0.000000
vn 0.000000 1.000000 -0.000000
vn 0.000000 1.000000 -0.000000
vn 0.000000 1.000000 -0.000000
vn 0.000000 1.000000 -0.000000
vn 0.000000 1.000000 -0.000000
vn 0.000000 1.000000 -0.000000
vn 0.000000 1.000000 -0.000000
vn 0.000000 1.000000 -0.000000
vn 0.000000 1.000000 -0.000000
vn 0.000000 1.000000 -0.000000
vn 0.000000 1.000000 -0.000000
vn 0.000000 1.000000 -0.000000
vn 0.000000 1.000000 -0.000000
vn 0.000000 1.000000 -0.000000
vn 0.000000 1.000000 -0.000000
vn 0.000000 1.000000 -0.000000
vn 0.000000 1.000000 -0.000000
vn 0.000000 1.000000 -0.000000
vn 0.000000 1.000000 -0.000000
vn 0.000000 1.000000 -0.000000
vn 0.000000 1.000000 -0.000000
vn 0.000000 1.000000 -0.000000
vn 0.000000 1.000000 -0.000000
vn 0.000000 1.000000 -0.000000
vn 0.000000 1.000000 -0.000000
vn 0.000000 1.000000 -0.000000
vn 0.000000 1.000000 -0.000000
vn 0.000000 1.000000 -0.000000
vn 0.000000 1.000000 -0.000000
vn 0.000000 1.000000 -0.000000
vn 0.000000 1.000000 -0.000000
vn 0.000000 1.000000 -0.000000
vn 0.000000 1.000000 -0.000000
vn 0.000000 1.000000 -0.000000
vn 0.000000 1.000000 -0.000000
vn 0.000000 1.000000 -0.000000
vn 0.000000 1.000000 -0.000000
usemtl Opaque(255,128,128)
f 288/591/579 289/592/580 287/593/581
f 287/593/581 289/592/580 290/594/582
f 334/595/583 289/596/584 335/597/585
f 335/597/585 289/596/584 288/598/586
f 335/597/585 288/598/586 291/599/587
f 291/599/587 292/600/588 335/597/585
f 335/597/585 292/600/588 293/601/589
f 335/597/585 293/601/589 294/602/590
f 294/602/590 295/603/591 335/597/585
f 335/597/585 295/603/591 296/604/592
f 335/597/585 296/604/592 297/605/593
f 297/605/593 298/606/594 335/597/585
f 335/597/585 298/606/594 299/607/595
f 335/597/585 299/607/595 300/608/596
f 300/608/596 301/609/597 335/597/585
f 335/597/585 301/609/597 302/610/598
f 335/597/585 302/610/598 303/611/599
f 303/611/599 304/612/600 335/597/585
f 335/597/585 304/612/600 305/613/601
f 335/597/585 305/613/601 306/614/602
f 306/614/602 307/615/603 335/597/585
f 335/597/585 307/615/603 308/616/604
f 335/597/585 308/616/604 309/617/605
f 309/617/605 310/618/606 335/597/585
f 335/597/585 310/618/606 311/619/607
f 335/597/585 311/619/607 312/620/608
f 312/620/608 313/621/609 335/597/585
f 335/597/585 313/621/609 314/622/610
f 335/597/585 314/622/610 315/623/611
f 315/623/611 316/624/612 335/597/585
f 335/597/585 316/624/612 317/625/613
f 335/597/585 317/625/613 318/626/614
f 318/626/614 319/627/615 335/597/585
f 335/597/585 319/627/615 320/628/616
f 335/597/585 320/628/616 321/629/617
f 321/629/617 322/630/618 335/597/585
f 335/597/585 322/630/618 323/631/619
f 335/597/585 323/631/619 324/632/620
f 324/632/620 325/633/621 335/597/585
f 335/597/585 325/633/621 326/634/622
f 335/597/585 326/634/622 327/635/623
f 327/635/623 328/636/624 335/597/585
f 335/597/585 328/636/624 329/637/625
f 335/597/585 329/637/625 330/638/626
f 330/638/626 331/639/627 335/597/585
f 335/597/585 331/639/627 332/640/628
f 335/597/585 332/640/628 333/641/629
f 333/641/629 334/595/583 335/597/585
f 287/642/630 336/643/631 288/644/632
f 288/644/632 336/643/631 291/645/633
f 291/645/633 336/643/631 337/646/634
f 291/645/633 337/646/634 292/647/635
f 292/647/635 337/646/634 338/648/636
f 292/647/635 338/648/636 293/649/637
f 293/649/637 338/648/636 294/650/638
f 294/650/638 338/648/636 339/651/639
f 294/650/638 339/651/639 295/652/640
f 295/652/640 339/651/639 340/653/641
f 295/652/640 340/653/641 296/654/642
f 296/654/642 340/653/641 341/655/643
f 296/654/642 341/655/643 297/656/644
f 297/656/644 341/655/643 342/657/645
f 297/656/644 342/657/645 298/658/646
f 298/658/646 342/657/645 343/659/647
f 298/658/646 343/659/647 344/660/648
f 344/660/648 345/661/649 298/658/646
f 298/658/646 345/661/649 299/662/650
f 299/662/650 345/661/649 346/663/651
f 299/662/650 346/663/651 300/664/652
f 300/664/652 346/663/651 347/665/653
f 300/664/652 347/665/653 301/666/654
f 301/666/654 347/665/653 348/667/655
f 301/666/654 348/667/655 302/668/656
f 349/669/657 323/670/658 369/671/659
f 369/671/659 323/670/658 322/672/660
f 369/671/659 322/672/660 368/673/661
f 368/673/661 322/672/660 321/674/662
f 368/673/661 321/674/662 367/675/663
f 367/675/663 321/674/662 320/676/664
f 367/675/663 320/676/664 366/677/665
f 366/677/665 320/676/664 319/678/666
f 366/677/665 319/678/666 365/679/667
f 365/679/667 319/678/666 318/680/668
f 365/679/667 318/680/668 364/681/669
f 364/681/669 318/680/668 317/682/670
f 364/681/669 317/682/670 363/683/671
f 363/683/671 317/682/670 316/684/672
f 363/683/671 316/684/672 362/685/673
f 362/685/673 316/684/672 315/686/674
f 362/685/673 315/686/674 361/687/675
f 361/687/675 315/686/674 314/688/676
f 361/687/675 314/688/676 360/689/677
f 360/689/677 314/688/676 313/690/678
f 360/689/677 313/690/678 359/691/679
f 359/691/679 313/690/678 312/692/680
f 359/691/679 312/692/680 358/693/681
f 358/693/681 312/692/680 311/694/682
f 358/693/681 311/694/682 357/695/683
f 357/695/683 311/694/682 310/696/684
f 357/695/683 310/696/684 356/697/685
f 356/697/685 310/696/684 309/698/686
f 356/697/685 309/698/686 355/699/687
f 355/699/687 309/698/686 308/700/688
f 355/699/687 308/700/688 354/701/689
f 354/701/689 308/700/688 307/702/690
f 354/701/689 307/702/690 353/703/691
f 353/703/691 307/702/690 306/704/692
f 353/703/691 306/704/692 352/705/693
f 352/705/693 306/704/692 305/706/694
f 352/705/693 305/706/694 351/707/695
f 351/707/695 305/706/694 304/708/696
f 351/707/695 304/708/696 350/709/697
f 350/709/697 304/708/696 303/710/698
f 350/709/697 303/710/698 348/711/655
f 348/711/655 303/710/698 302/712/656
f 323/713/658 349/714/657 324/715/699
f 324/715/699 349/714/657 370/716/700
f 324/715/699 370/716/700 325/717/701
f 325/717/701 370/716/700 371/718/702
f 325/717/701 371/718/702 326/719/703
f 326/719/703 371/718/702 372/720/704
f 326/719/703 372/720/704 373/721/705
f 326/719/703 373/721/705 327/722/706
f 327/722/706 373/721/705 374/723/707
f 327/722/706 374/723/707 375/724/708
f 327/722/706 375/724/708 328/725/709
f 328/725/709 375/724/708 376/726/710
f 328/725/709 376/726/710 329/727/711
f 329/727/711 376/726/710 377/728/712
f 329/727/711 377/728/712 330/729/713
f 330/729/713 377/728/712 378/730/714
f 330/729/713 378/730/714 331/731/715
f 331/731/715 378/730/714 379/732/716
f 331/731/715 379/732/716 332/733/717
f 332/733/717 379/732/716 333/734/718
f 333/734/718 379/732/716 380/735/719
f 333/734/718 380/735/719 334/736/720
f 334/736/720 380/735/719 381/737/721
f 334/736/720 381/737/721 289/738/722
f 289/738/722 381/737/721 290/739/723
f 336/740/724 287/741/725 382/742/726
f 382/742/726 287/741/725 290/743/727
f 382/742/726 290/743/727 381/744/728
f 381/744/728 380/745/729 382/742/726
f 382/742/726 380/745/729 379/746/730
f 382/742/726 379/746/730 378/747/731
f 378/747/731 377/748/732 382/742/726
f 382/742/726 377/748/732 376/749/733
f 382/742/726 376/749/733 375/750/734
f 375/750/734 374/751/735 382/742/726
f 382/742/726 374/751/735 373/752/736
f 382/742/726 373/752/736 372/753/737
f 372/753/737 371/754/738 382/742/726
f 382/742/726 371/754/738 370/755/739
f 382/742/726 370/755/739 349/756/740
f 349/756/740 369/757/741 382/742/726
f 382/742/726 369/757/741 368/758/742
f 382/742/726 368/758/742 367/759/743
f 367/759/743 366/760/744 382/742/726
f 382/742/726 366/760/744 365/761/745
f 382/742/726 365/761/745 364/762/746
f 364/762/746 363/763/747 382/742/726
f 382/742/726 363/763/747 362/764/748
f 382/742/726 362/764/748 361/765/749
f 361/765/749 360/766/750 382/742/726
f 382/742/726 360/766/750 359/767/751
f 382/742/726 359/767/751 358/768/752
f 358/768/752 357/769/753 382/742/726
f 382/742/726 357/769/753 356/770/754
f 382/742/726 356/770/754 355/771/755
f 355/771/755 354/772/756 382/742/726
f 382/742/726 354/772/756 353/773/757
f 382/742/726 353/773/757 352/774/758
f 352/774/758 351/775/759 382/742/726
f 382/742/726 351/775/759 350/776/760
f 382/742/726 350/776/760 348/777/761
f 348/777/761 347/778/762 382/742/726
f 382/742/726 347/778/762 346/779/763
f 382/742/726 346/779/763 345/780/764
f 345/780/764 344/781/765 382/742/726
f 382/742/726 344/781/765 343/782/766
f 382/742/726 343/782/766 342/783/767
f 342/783/767 341/784/768 382/742/726
f 382/742/726 341/784/768 340/785/769
f 382/742/726 340/785/769 339/786/770
f 339/786/770 338/787/771 382/742/726
f 382/742/726 338/787/771 337/788/772
f 382/742/726 337/788/772 336/740/724
g Body5

v 0.650000 1.150000 15.854412
v 0.638933 1.150000 15.973849
v 0.606107 1.150000 16.089219
v 0.552641 1.150000 16.196593
v 0.480356 1.150000 16.292314
v 0.391713 1.150000 16.373123
v 0.289730 1.150000 16.436268
v 0.177881 1.150000 16.479599
v 0.059974 1.150000 16.501639
v -0.059974 1.150000 16.501639
v -0.177881 1.150000 16.479599
v -0.289730 1.150000 16.436268
v -0.391713 1.150000 16.373123
v -0.480356 1.150000 16.292314
v -0.552641 1.150000 16.196593
v -0.606107 1.150000 16.089219
v -0.638933 1.150000 15.973849
v -0.650000 1.150000 15.854412
v -0.650000 0.800000 15.854412
v -0.638933 0.800000 15.973849
v -0.606107 0.800000 16.089219
v -0.552641 0.800000 16.196593
v -0.480356 0.800000 16.292314
v -0.391713 0.800000 16.373123
v -0.289730 0.800000 16.436268
v -0.177881 0.800000 16.479599
v -0.059974 0.800000 16.501639
v 0.059974 0.800000 16.501639
v 0.177881 0.800000 16.479599
v 0.289730 0.800000 16.436268
v 0.391713 0.800000 16.373123
v 0.480356 0.800000 16.292314
v 0.552641 0.800000 16.196593
v 0.606107 0.800000 16.089219
v 0.638933 0.800000 15.973849
v 0.650000 0.800000 15.854412
v 0.650000 1.150000 14.354412
v 0.650000 0.800000 14.354412
v 0.000000 1.150000 13.704412
v 0.112871 1.150000 13.714287
v 0.222313 1.150000 13.743612
v 0.325000 1.150000 13.791495
v 0.417812 1.150000 13.856483
v 0.497929 1.150000 13.936600
v 0.562917 1.150000 14.029412
v 0.610800 1.150000 14.132099
v 0.640125 1.150000 14.241541
v 0.640125 0.800000 14.241541
v 0.610800 0.800000 14.132099
v 0.562917 0.800000 14.029412
v 0.497929 0.800000 13.936600
v 0.417812 0.800000 13.856483
v 0.325000 0.800000 13.791495
v 0.222313 0.800000 13.743612
v 0.112871 0.800000 13.714287
v 0.000000 0.800000 13.704412
v -0.650000 1.150000 13.704412
v -0.650000 0.800000 13.704412
vt -3.437070 1.021018 0.000000
vt -3.087070 1.021018 0.000000
vt -3.437070 1.141137 0.000000
vt -3.087070 1.141137 0.000000
vt -3.087070 1.261257 0.000000
vt -3.437070 1.261257 0.000000
vt -3.087070 1.381377 0.000000
vt -3.437070 1.381377 0.000000
vt -3.087070 1.501496 0.000000
vt -3.437070 1.501496 0.000000
vt -3.087070 1.621616 0.000000
vt -3.437070 1.621616 0.000000
vt -3.087070 1.741736 0.000000
vt -3.437070 1.741736 0.000000
vt -3.087070 1.861856 0.000000
vt -3.437070 1.861856 0.000000
vt -3.087070 1.981975 0.000000
vt -3.437070 1.981975 0.000000
vt -3.087070 2.102095 0.000000
vt -3.437070 2.102095 0.000000
vt -3.087070 2.222215 0.000000
vt -3.437070 2.222215 0.000000
vt -3.087070 2.342335 0.000000
vt -3.437070 2.342335 0.000000
vt -3.087070 2.462454 0.000000
vt -3.437070 2.462454 0.000000
vt -3.087070 2.582574 0.000000
vt -3.437070 2.582574 0.000000
vt -3.087070 2.702694 0.000000
vt -3.437070 2.702694 0.000000
vt -3.087070 2.822813 0.000000
vt -3.437070 2.822813 0.000000
vt -3.087070 2.942933 0.000000
vt -3.437070 2.942933 0.000000
vt -3.437070 3.063053 0.000000
vt -3.087070 3.063053 0.000000
vt 1.500000 -3.087070 0.000000
vt -0.000000 -3.087070 0.000000
vt 1.500000 -3.437070 0.000000
vt -0.000000 -3.437070 0.000000
vt -3.437070 0.000000 0.000000
vt -3.087070 0.000000 0.000000
vt -3.437070 0.113446 0.000000
vt -3.087070 0.113446 0.000000
vt -3.087070 0.226893 0.000000
vt -3.437070 0.226893 0.000000
vt -3.087070 0.340339 0.000000
vt -3.437070 0.340339 0.000000
vt -3.087070 0.453786 0.000000
vt -3.437070 0.453786 0.000000
vt -3.087070 0.567232 0.000000
vt -3.437070 0.567232 0.000000
vt -3.087070 0.680678 0.000000
vt -3.437070 0.680678 0.000000
vt -3.087070 0.794125 0.000000
vt -3.437070 0.794125 0.000000
vt -3.087070 0.907571 0.000000
vt -3.437070 0.907571 0.000000
vt -3.437070 1.021018 0.000000
vt -3.087070 1.021018 0.000000
vt 0.650000 -3.087070 0.000000
vt -0.000000 -3.087070 0.000000
vt 0.650000 -3.437070 0.000000
vt -0.000000 -3.437070 0.000000
vt 2.150000 -3.087070 0.000000
vt -0.000000 -3.087070 0.000000
vt 2.150000 -3.437070 0.000000
vt -0.000000 -3.437070 0.000000
vt -0.119437 0.638933 0.000000
vt -0.234807 0.606107 0.000000
vt -0.000000 0.650000 0.000000
vt -0.342181 0.552641 0.000000
vt -0.437902 0.480356 0.000000
vt -0.518711 0.391713 0.000000
vt -0.581856 0.289730 0.000000
vt 2.110800 0.222313 0.000000
vt -0.625187 0.177881 0.000000
vt 2.140125 0.112871 0.000000
vt -0.647227 0.059974 0.000000
vt 2.150000 -0.000000 0.000000
vt -0.647227 -0.059974 0.000000
vt -0.625187 -0.177881 0.000000
vt -0.000000 -0.650000 0.000000
vt -0.581856 -0.289730 0.000000
vt -0.518711 -0.391713 0.000000
vt -0.437902 -0.480356 0.000000
vt -0.342181 -0.552641 0.000000
vt -0.234807 -0.606107 0.000000
vt -0.119437 -0.638933 0.000000
vt 2.150000 -0.650000 0.000000
vt 1.500000 0.650000 0.000000
vt 2.062917 0.325000 0.000000
vt 1.997929 0.417812 0.000000
vt 1.917812 0.497929 0.000000
vt 1.825000 0.562917 0.000000
vt 1.722313 0.610800 0.000000
vt 1.612871 0.640125 0.000000
vt 13.704412 -0.650000 0.000000
vt 15.854412 -0.650000 0.000000
vt 13.704412 0.000000 0.000000
vt 16.479599 -0.177881 0.000000
vt 16.501639 -0.059974 0.000000
vt 15.973849 -0.638933 0.000000
vt 16.089219 -0.606107 0.000000
vt 16.196593 -0.552641 0.000000
vt 16.292314 -0.480356 0.000000
vt 16.373123 -0.391713 0.000000
vt 16.436268 -0.289730 0.000000
vt 16.501639 0.059974 0.000000
vt 13.714287 0.112871 0.000000
vt 16.479599 0.177881 0.000000
vt 13.743612 0.222313 0.000000
vt 16.436268 0.289730 0.000000
vt 15.854412 0.650000 0.000000
vt 16.373123 0.391713 0.000000
vt 16.292314 0.480356 0.000000
vt 16.196593 0.552641 0.000000
vt 16.089219 0.606107 0.000000
vt 15.973849 0.638933 0.000000
vt 14.354412 0.650000 0.000000
vt 13.791495 0.325000 0.000000
vt 13.856483 0.417812 0.000000
vt 13.936600 0.497929 0.000000
vt 14.029412 0.562917 0.000000
vt 14.132099 0.610800 0.000000
vt 14.241541 0.640125 0.000000
vn 1.000000 0.000000 -0.000000
vn 1.000000 0.000000 -0.000000
vn 0.982973 0.000000 0.183750
vn 0.982973 0.000000 0.183750
vn 0.932472 0.000000 0.361242
vn 0.932472 0.000000 0.361242
vn 0.850217 0.000000 0.526432
vn 0.850217 0.000000 0.526432
vn 0.739009 0.000000 0.673696
vn 0.739009 0.000000 0.673696
vn 0.602635 0.000000 0.798017
vn 0.602635 0.000000 0.798017
vn 0.445738 0.000000 0.895163
vn 0.445738 0.000000 0.895163
vn 0.273663 0.000000 0.961826
vn 0.273663 0.000000 0.961826
vn 0.092268 0.000000 0.995734
vn 0.092268 0.000000 0.995734
vn -0.092268 0.000000 0.995734
vn -0.092268 0.000000 0.995734
vn -0.273663 0.000000 0.961826
vn -0.273663 0.000000 0.961826
vn -0.445738 0.000000 0.895163
vn -0.445738 0.000000 0.895163
vn -0.602635 0.000000 0.798017
vn -0.602635 0.000000 0.798017
vn -0.739009 0.000000 0.673696
vn -0.739009 0.000000 0.673696
vn -0.850217 0.000000 0.526432
vn -0.850217 0.000000 0.526432
vn -0.932472 0.000000 0.361242
vn -0.932472 0.000000 0.361242
vn -0.982973 0.000000 0.183750
vn -0.982973 0.000000 0.183750
vn -1.000000 0.000000 0.000000
vn -1.000000 0.000000 0.000000
vn 1.000000 -0.000000 -0.000000
vn 1.000000 -0.000000 -0.000000
vn 0.000000 0.000000 -1.000000
vn 0.000000 0.000000 -1.000000
vn 0.173648 0.000000 -0.984808
vn 0.173648 0.000000 -0.984808
vn 0.342020 0.000000 -0.939693
vn 0.342020 0.000000 -0.939693
vn 0.500000 0.000000 -0.866025
vn 0.500000 0.000000 -0.866025
vn 0.642788 0.000000 -0.766044
vn 0.642788 0.000000 -0.766044
vn 0.766044 0.000000 -0.642788
vn 0.766044 0.000000 -0.642788
vn 0.866025 0.000000 -0.500000
vn 0.866025 0.000000 -0.500000
vn 0.939693 0.000000 -0.342020
vn 0.939693 0.000000 -0.342020
vn 0.984808 0.000000 -0.173648
vn 0.984808 0.000000 -0.173648
vn -0.000000 0.000000 -1.000000
vn -0.000000 0.000000 -1.000000
vn -1.000000 0.000000 -0.000000
vn -1.000000 0.000000 -0.000000
vn -0.000000 -1.000000 -0.000000
vn -0.000000 -1.000000 -0.000000
vn -0.000000 -1.000000 -0.000000
vn -0.000000 -1.000000 -0.000000
vn -0.000000 -1.000000 -0.000000
vn -0.000000 -1.000000 -0.000000
vn -0.000000 -1.000000 -0.000000
vn -0.000000 -1.000000 -0.000000
vn -0.000000 -1.000000 -0.000000
vn -0.000000 -1.000000 -0.000000
vn -0.000000 -1.000000 -0.000000
vn -0.000000 -1.000000 -0.000000
vn -0.000000 -1.000000 -0.000000
vn -0.000000 -1.000000 -0.000000
vn -0.000000 -1.000000 -0.000000
vn -0.000000 -1.000000 -0.000000
vn -0.000000 -1.000000 -0.000000
vn -0.000000 -1.000000 -0.000000
vn -0.000000 -1.000000 -0.000000
vn -0.000000 -1.000000 -0.000000
vn -0.000000 -1.000000 -0.000000
vn -0.000000 -1.000000 -0.000000
vn -0.000000 -1.000000 -0.000000
vn -0.000000 -1.000000 -0.000000
vn -0.000000 -1.000000 -0.000000
vn -0.000000 -1.000000 -0.000000
vn -0.000000 -1.000000 -0.000000
vn -0.000000 -1.000000 -0.000000
vn -0.000000 -1.000000 -0.000000
vn 0.000000 1.000000 -0.000000
vn 0.000000 1.000000 -0.000000
vn 0.000000 1.000000 -0.000000
vn 0.000000 1.000000 -0.000000
vn 0.000000 1.000000 -0.000000
vn 0.000000 1.000000 -0.000000
vn 0.000000 1.000000 -0.000000
vn 0.000000 1.000000 -0.000000
vn 0.000000 1.000000 -0.000000
vn 0.000000 1.000000 -0.000000
vn 0.000000 1.000000 -0.000000
vn 0.000000 1.000000 -0.000000
vn 0.000000 1.000000 -0.000000
vn 0.000000 1.000000 -0.000000
vn 0.000000 1.000000 -0.000000
vn 0.000000 1.000000 -0.000000
vn 0.000000 1.000000 -0.000000
vn 0.000000 1.000000 -0.000000
vn 0.000000 1.000000 -0.000000
vn 0.000000 1.000000 -0.000000
vn 0.000000 1.000000 -0.000000
vn 0.000000 1.000000 -0.000000
vn 0.000000 1.000000 -0.000000
vn 0.000000 1.000000 -0.000000
vn 0.000000 1.000000 -0.000000
vn 0.000000 1.000000 -0.000000
vn 0.000000 1.000000 -0.000000
vn 0.000000 1.000000 -0.000000
vn 0.000000 1.000000 -0.000000
usemtl Opaque(255,255,255)
f 418/789/773 383/790/774 417/791/775
f 417/791/775 383/790/774 384/792/776
f 417/791/775 384/792/776 385/793/777
f 417/791/775 385/793/777 416/794/778
f 416/794/778 385/793/777 386/795/779
f 416/794/778 386/795/779 415/796/780
f 415/796/780 386/795/779 387/797/781
f 415/796/780 387/797/781 414/798/782
f 414/798/782 387/797/781 388/799/783
f 414/798/782 388/799/783 413/800/784
f 413/800/784 388/799/783 389/801/785
f 413/800/784 389/801/785 412/802/786
f 412/802/786 389/801/785 390/803/787
f 412/802/786 390/803/787 411/804/788
f 411/804/788 390/803/787 391/805/789
f 411/804/788 391/805/789 410/806/790
f 410/806/790 391/805/789 392/807/791
f 410/806/790 392/807/791 409/808/792
f 409/808/792 392/807/791 393/809/793
f 409/808/792 393/809/793 408/810/794
f 408/810/794 393/809/793 394/811/795
f 408/810/794 394/811/795 407/812/796
f 407/812/796 394/811/795 395/813/797
f 407/812/796 395/813/797 406/814/798
f 406/814/798 395/813/797 396/815/799
f 406/814/798 396/815/799 405/816/800
f 405/816/800 396/815/799 397/817/801
f 405/816/800 397/817/801 404/818/802
f 404/818/802 397/817/801 398/819/803
f 404/818/802 398/819/803 403/820/804
f 403/820/804 398/819/803 399/821/805
f 403/820/804 399/821/805 402/822/806
f 402/822/806 399/821/805 401/823/807
f 401/823/807 399/821/805 400/824/808
f 419/825/809 383/826/774 420/827/810
f 420/827/810 383/826/774 418/828/773
f 438/829/811 421/830/812 437/831/813
f 437/831/813 421/830/812 422/832/814
f 437/831/813 422/832/814 423/833/815
f 437/831/813 423/833/815 436/834/816
f 436/834/816 423/833/815 424/835/817
f 436/834/816 424/835/817 435/836/818
f 435/836/818 424/835/817 425/837/819
f 435/836/818 425/837/819 434/838/820
f 434/838/820 425/837/819 426/839/821
f 434/838/820 426/839/821 433/840/822
f 433/840/822 426/839/821 427/841/823
f 433/840/822 427/841/823 432/842/824
f 432/842/824 427/841/823 428/843/825
f 432/842/824 428/843/825 431/844/826
f 431/844/826 428/843/825 429/845/827
f 431/844/826 429/845/827 430/846/828
f 430/846/828 429/845/827 420/847/810
f 420/847/810 429/845/827 419/848/809
f 439/849/829 421/850/812 440/851/830
f 440/851/830 421/850/812 438/852/811
f 400/853/808 439/854/831 401/855/807
f 401/855/807 439/854/831 440/856/832
f 417/857/833 416/858/834 418/859/835
f 418/859/835 416/858/834 415/860/836
f 418/859/835 415/860/836 414/861/837
f 414/861/837 413/862/838 418/859/835
f 418/859/835 413/862/838 412/863/839
f 418/859/835 412/863/839 436/864/840
f 436/864/840 412/863/839 411/865/841
f 436/864/840 411/865/841 437/866/842
f 437/866/842 411/865/841 410/867/843
f 437/866/842 410/867/843 438/868/844
f 438/868/844 410/867/843 409/869/845
f 438/868/844 409/869/845 408/870/846
f 438/868/844 408/870/846 401/871/847
f 401/871/847 408/870/846 407/872/848
f 401/871/847 407/872/848 406/873/849
f 406/873/849 405/874/850 401/871/847
f 401/871/847 405/874/850 404/875/851
f 401/871/847 404/875/851 403/876/852
f 403/876/852 402/877/853 401/871/847
f 401/871/847 440/878/854 438/868/844
f 418/859/835 436/864/840 420/879/855
f 420/879/855 436/864/840 435/880/856
f 420/879/855 435/880/856 434/881/857
f 434/881/857 433/882/858 420/879/855
f 420/879/855 433/882/858 432/883/859
f 420/879/855 432/883/859 431/884/860
f 431/884/860 430/885/861 420/879/855
f 439/886/862 400/887/863 421/888/864
f 421/888/864 400/887/863 393/889/865
f 421/888/864 393/889/865 392/890/866
f 399/891/867 398/892/868 400/887/863
f 400/887/863 398/892/868 397/893/869
f 400/887/863 397/893/869 396/894/870
f 396/894/870 395/895/871 400/887/863
f 400/887/863 395/895/871 394/896/872
f 400/887/863 394/896/872 393/889/865
f 392/890/866 391/897/873 421/888/864
f 421/888/864 391/897/873 422/898/874
f 422/898/874 391/897/873 390/899/875
f 422/898/874 390/899/875 423/900/876
f 423/900/876 390/899/875 389/901/877
f 423/900/876 389/901/877 383/902/878
f 383/902/878 389/901/877 388/903/879
f 383/902/878 388/903/879 387/904/880
f 387/904/880 386/905/881 383/902/878
f 383/902/878 386/905/881 385/906/882
f 383/902/878 385/906/882 384/907/883
f 383/902/878 419/908/884 423/900/876
f 423/900/876 419/908/884 424/909/885
f 424/909/885 419/908/884 425/910/886
f 425/910/886 419/908/884 426/911/887
f 426/911/887 419/908/884 427/912/888
f 427/912/888 419/908/884 428/913/889
f 428/913/889 419/908/884 429/914/890
g Body6

v -0.650000 -1.150000 15.854412
v -0.638933 -1.150000 15.973849
v -0.606107 -1.150000 16.089219
v -0.552641 -1.150000 16.196593
v -0.480356 -1.150000 16.292314
v -0.391713 -1.150000 16.373123
v -0.289730 -1.150000 16.436268
v -0.177881 -1.150000 16.479599
v -0.059974 -1.150000 16.501639
v 0.059974 -1.150000 16.501639
v 0.177881 -1.150000 16.479599
v 0.289730 -1.150000 16.436268
v 0.391713 -1.150000 16.373123
v 0.480356 -1.150000 16.292314
v 0.552641 -1.150000 16.196593
v 0.606107 -1.150000 16.089219
v 0.638933 -1.150000 15.973849
v 0.650000 -1.150000 15.854412
v 0.650000 -0.810000 15.854412
v 0.638933 -0.810000 15.973849
v 0.606107 -0.810000 16.089219
v 0.552641 -0.810000 16.196593
v 0.480356 -0.810000 16.292314
v 0.391713 -0.810000 16.373123
v 0.289730 -0.810000 16.436268
v 0.177881 -0.810000 16.479599
v 0.059974 -0.810000 16.501639
v -0.059974 -0.810000 16.501639
v -0.177881 -0.810000 16.479599
v -0.289730 -0.810000 16.436268
v -0.391713 -0.810000 16.373123
v -0.480356 -0.810000 16.292314
v -0.552641 -0.810000 16.196593
v -0.606107 -0.810000 16.089219
v -0.638933 -0.810000 15.973849
v -0.650000 -0.810000 15.854412
v -0.650000 -1.150000 13.704412
v -0.650000 -0.810000 13.704412
v 0.000000 -1.150000 13.704412
v 0.000000 -0.810000 13.704412
v 0.650000 -1.150000 14.354412
v 0.640125 -1.150000 14.241541
v 0.610800 -1.150000 14.132099
v 0.562917 -1.150000 14.029412
v 0.497929 -1.150000 13.936600
v 0.417812 -1.150000 13.856483
v 0.325000 -1.150000 13.791495
v 0.222313 -1.150000 13.743612
v 0.112871 -1.150000 13.714287
v 0.112871 -0.810000 13.714287
v 0.222313 -0.810000 13.743612
v 0.325000 -0.810000 13.791495
v 0.417812 -0.810000 13.856483
v 0.497929 -0.810000 13.936600
v 0.562917 -0.810000 14.029412
v 0.610800 -0.810000 14.132099
v 0.640125 -0.810000 14.241541
v 0.650000 -0.810000 14.354412
vt -3.427070 -1.021018 0.000000
vt -3.087070 -1.021018 0.000000
vt -3.427070 -0.900898 0.000000
vt -3.087070 -0.900898 0.000000
vt -3.087070 -0.780778 0.000000
vt -3.427070 -0.780778 0.000000
vt -3.087070 -0.660658 0.000000
vt -3.427070 -0.660658 0.000000
vt -3.087070 -0.540539 0.000000
vt -3.427070 -0.540539 0.000000
vt -3.087070 -0.420419 0.000000
vt -3.427070 -0.420419 0.000000
vt -3.087070 -0.300299 0.000000
vt -3.427070 -0.300299 0.000000
vt -3.087070 -0.180180 0.000000
vt -3.427070 -0.180180 0.000000
vt -3.087070 -0.060060 0.000000
vt -3.427070 -0.060060 0.000000
vt -3.087070 0.060060 0.000000
vt -3.427070 0.060060 0.000000
vt -3.087070 0.180180 0.000000
vt -3.427070 0.180180 0.000000
vt -3.087070 0.300299 0.000000
vt -3.427070 0.300299 0.000000
vt -3.087070 0.420419 0.000000
vt -3.427070 0.420419 0.000000
vt -3.087070 0.540539 0.000000
vt -3.427070 0.540539 0.000000
vt -3.087070 0.660658 0.000000
vt -3.427070 0.660658 0.000000
vt -3.087070 0.780778 0.000000
vt -3.427070 0.780778 0.000000
vt -3.087070 0.900898 0.000000
vt -3.427070 0.900898 0.000000
vt -3.427070 1.021018 0.000000
vt -3.087070 1.021018 0.000000
vt -2.150000 3.087070 0.000000
vt -0.000000 3.087070 0.000000
vt -2.150000 3.427070 0.000000
vt -0.000000 3.427070 0.000000
vt -0.650000 3.087070 0.000000
vt -0.000000 3.087070 0.000000
vt -0.650000 3.427070 0.000000
vt -0.000000 3.427070 0.000000
vt -3.427070 1.021018 0.000000
vt -3.087070 1.021018 0.000000
vt -3.427070 1.134464 0.000000
vt -3.087070 1.134464 0.000000
vt -3.087070 1.247910 0.000000
vt -3.427070 1.247910 0.000000
vt -3.087070 1.361357 0.000000
vt -3.427070 1.361357 0.000000
vt -3.087070 1.474803 0.000000
vt -3.427070 1.474803 0.000000
vt -3.087070 1.588250 0.000000
vt -3.427070 1.588250 0.000000
vt -3.087070 1.701696 0.000000
vt -3.427070 1.701696 0.000000
vt -3.087070 1.815142 0.000000
vt -3.427070 1.815142 0.000000
vt -3.087070 1.928589 0.000000
vt -3.427070 1.928589 0.000000
vt -3.427070 2.042035 0.000000
vt -3.087070 2.042035 0.000000
vt -1.500000 3.087070 0.000000
vt -0.000000 3.087070 0.000000
vt -1.500000 3.427070 0.000000
vt -0.000000 3.427070 0.000000
vt 0.119437 -0.638933 0.000000
vt 0.234807 -0.606107 0.000000
vt -0.000000 -0.650000 0.000000
vt 0.342181 -0.552641 0.000000
vt 0.437902 -0.480356 0.000000
vt 0.518711 -0.391713 0.000000
vt 0.581856 -0.289730 0.000000
vt 0.625187 -0.177881 0.000000
vt -2.150000 -0.000000 0.000000
vt 0.647227 -0.059974 0.000000
vt 0.647227 0.059974 0.000000
vt -2.140125 0.112871 0.000000
vt 0.625187 0.177881 0.000000
vt -2.110800 0.222313 0.000000
vt 0.581856 0.289730 0.000000
vt -0.000000 0.650000 0.000000
vt 0.518711 0.391713 0.000000
vt 0.437902 0.480356 0.000000
vt 0.342181 0.552641 0.000000
vt 0.234807 0.606107 0.000000
vt 0.119437 0.638933 0.000000
vt -1.500000 0.650000 0.000000
vt -2.062917 0.325000 0.000000
vt -1.997929 0.417812 0.000000
vt -1.917812 0.497929 0.000000
vt -1.825000 0.562917 0.000000
vt -1.722313 0.610800 0.000000
vt -1.612871 0.640125 0.000000
vt -2.150000 -0.650000 0.000000
vt -15.854412 0.650000 0.000000
vt -13.743612 0.222313 0.000000
vt -14.354412 0.650000 0.000000
vt -13.791495 0.325000 0.000000
vt -13.856483 0.417812 0.000000
vt -15.973849 0.638933 0.000000
vt -16.089219 0.606107 0.000000
vt -16.196593 0.552641 0.000000
vt -16.292314 0.480356 0.000000
vt -16.373123 0.391713 0.000000
vt -16.436268 0.289730 0.000000
vt -16.479599 0.177881 0.000000
vt -13.714287 0.112871 0.000000
vt -16.501639 0.059974 0.000000
vt -13.704412 0.000000 0.000000
vt -16.501639 -0.059974 0.000000
vt -16.479599 -0.177881 0.000000
vt -15.854412 -0.650000 0.000000
vt -16.436268 -0.289730 0.000000
vt -16.373123 -0.391713 0.000000
vt -16.292314 -0.480356 0.000000
vt -16.196593 -0.552641 0.000000
vt -16.089219 -0.606107 0.000000
vt -15.973849 -0.638933 0.000000
vt -13.704412 -0.650000 0.000000
vt -13.936600 0.497929 0.000000
vt -14.029412 0.562917 0.000000
vt -14.132099 0.610800 0.000000
vt -14.241541 0.640125 0.000000
vn -1.000000 -0.000000 0.000000
vn -1.000000 -0.000000 0.000000
vn -0.982973 -0.000000 0.183750
vn -0.982973 -0.000000 0.183750
vn -0.932472 -0.000000 0.361242
vn -0.932472 -0.000000 0.361242
vn -0.850217 -0.000000 0.526432
vn -0.850217 -0.000000 0.526432
vn -0.739009 -0.000000 0.673696
vn -0.739009 -0.000000 0.673696
vn -0.602635 -0.000000 0.798017
vn -0.602635 -0.000000 0.798017
vn -0.445738 -0.000000 0.895163
vn -0.445738 -0.000000 0.895163
vn -0.273663 -0.000000 0.961826
vn -0.273663 -0.000000 0.961826
vn -0.092268 -0.000000 0.995734
vn -0.092268 -0.000000 0.995734
vn 0.092268 -0.000000 0.995734
vn 0.092268 -0.000000 0.995734
vn 0.273663 -0.000000 0.961826
vn 0.273663 -0.000000 0.961826
vn 0.445738 -0.000000 0.895163
vn 0.445738 -0.000000 0.895163
vn 0.602635 -0.000000 0.798017
vn 0.602635 -0.000000 0.798017
vn 0.739009 -0.000000 0.673696
vn 0.739009 -0.000000 0.673696
vn 0.850217 -0.000000 0.526432
vn 0.850217 -0.000000 0.526432
vn 0.932472 -0.000000 0.361242
vn 0.932472 -0.000000 0.361242
vn 0.982973 -0.000000 0.183750
vn 0.982973 -0.000000 0.183750
vn 1.000000 -0.000000 0.000000
vn 1.000000 -0.000000 0.000000
vn -1.000000 -0.000000 -0.000000
vn -1.000000 -0.000000 -0.000000
vn 0.000000 -0.000000 -1.000000
vn 0.000000 -0.000000 -1.000000
vn 0.000000 -0.000000 -1.000000
vn 0.000000 -0.000000 -1.000000
vn 1.000000 -0.000000 0.000000
vn 1.000000 -0.000000 0.000000
vn 0.984808 -0.000000 -0.173648
vn 0.984808 -0.000000 -0.173648
vn 0.939693 -0.000000 -0.342020
vn 0.939693 -0.000000 -0.342020
vn 0.866025 -0.000000 -0.500000
vn 0.866025 -0.000000 -0.500000
vn 0.766044 -0.000000 -0.642788
vn 0.766044 -0.000000 -0.642788
vn 0.642788 -0.000000 -0.766044
vn 0.642788 -0.000000 -0.766044
vn 0.500000 -0.000000 -0.866025
vn 0.500000 -0.000000 -0.866025
vn 0.342020 -0.000000 -0.939693
vn 0.342020 -0.000000 -0.939693
vn 0.173648 -0.000000 -0.984808
vn 0.173648 -0.000000 -0.984808
vn -0.000000 1.000000 -0.000000
vn -0.000000 1.000000 -0.000000
vn -0.000000 1.000000 -0.000000
vn -0.000000 1.000000 -0.000000
vn -0.000000 1.000000 -0.000000
vn -0.000000 1.000000 -0.000000
vn -0.000000 1.000000 -0.000000
vn -0.000000 1.000000 -0.000000
vn -0.000000 1.000000 -0.000000
vn -0.000000 1.000000 -0.000000
vn -0.000000 1.000000 -0.000000
vn -0.000000 1.000000 -0.000000
vn -0.000000 1.000000 -0.000000
vn -0.000000 1.000000 -0.000000
vn -0.000000 1.000000 -0.000000
vn -0.000000 1.000000 -0.000000
vn -0.000000 1.000000 -0.000000
vn -0.000000 1.000000 -0.000000
vn -0.000000 1.000000 -0.000000
vn -0.000000 1.000000 -0.000000
vn -0.000000 1.000000 -0.000000
vn -0.000000 1.000000 -0.000000
vn -0.000000 1.000000 -0.000000
vn -0.000000 1.000000 -0.000000
vn -0.000000 1.000000 -0.000000
vn -0.000000 1.000000 -0.000000
vn -0.000000 1.000000 -0.000000
vn -0.000000 1.000000 -0.000000
vn -0.000000 1.000000 -0.000000
vn 0.000000 -1.000000 0.000000
vn 0.000000 -1.000000 0.000000
vn 0.000000 -1.000000 0.000000
vn 0.000000 -1.000000 0.000000
vn 0.000000 -1.000000 0.000000
vn 0.000000 -1.000000 0.000000
vn 0.000000 -1.000000 0.000000
vn 0.000000 -1.000000 0.000000
vn 0.000000 -1.000000 0.000000
vn 0.000000 -1.000000 0.000000
vn 0.000000 -1.000000 0.000000
vn 0.000000 -1.000000 0.000000
vn 0.000000 -1.000000 0.000000
vn 0.000000 -1.000000 0.000000
vn 0.000000 -1.000000 0.000000
vn 0.000000 -1.000000 0.000000
vn 0.000000 -1.000000 0.000000
vn 0.000000 -1.000000 0.000000
vn 0.000000 -1.000000 0.000000
vn 0.000000 -1.000000 0.000000
vn 0.000000 -1.000000 0.000000
vn 0.000000 -1.000000 0.000000
vn 0.000000 -1.000000 0.000000
vn 0.000000 -1.000000 0.000000
vn 0.000000 -1.000000 0.000000
vn 0.000000 -1.000000 0.000000
vn 0.000000 -1.000000 0.000000
vn 0.000000 -1.000000 0.000000
vn 0.000000 -1.000000 0.000000
f 476/915/891 441/916/892 475/917/893
f 475/917/893 441/916/892 442/918/894
f 475/917/893 442/918/894 443/919/895
f 475/917/893 443/919/895 474/920/896
f 474/920/896 443/919/895 444/921/897
f 474/920/896 444/921/897 473/922/898
f 473/922/898 444/921/897 445/923/899
f 473/922/898 445/923/899 472/924/900
f 472/924/900 445/923/899 446/925/901
f 472/924/900 446/925/901 471/926/902
f 471/926/902 446/925/901 447/927/903
f 471/926/902 447/927/903 470/928/904
f 470/928/904 447/927/903 448/929/905
f 470/928/904 448/929/905 469/930/906
f 469/930/906 448/929/905 449/931/907
f 469/930/906 449/931/907 468/932/908
f 468/932/908 449/931/907 450/933/909
f 468/932/908 450/933/909 467/934/910
f 467/934/910 450/933/909 451/935/911
f 467/934/910 451/935/911 466/936/912
f 466/936/912 451/935/911 452/937/913
f 466/936/912 452/937/913 465/938/914
f 465/938/914 452/937/913 453/939/915
f 465/938/914 453/939/915 464/940/916
f 464/940/916 453/939/915 454/941/917
f 464/940/916 454/941/917 463/942/918
f 463/942/918 454/941/917 455/943/919
f 463/942/918 455/943/919 462/944/920
f 462/944/920 455/943/919 456/945/921
f 462/944/920 456/945/921 461/946/922
f 461/946/922 456/945/921 457/947/923
f 461/946/922 457/947/923 460/948/924
f 460/948/924 457/947/923 459/949/925
f 459/949/925 457/947/923 458/950/926
f 477/951/927 441/952/892 478/953/928
f 478/953/928 441/952/892 476/954/891
f 479/955/929 477/956/930 480/957/931
f 480/957/931 477/956/930 478/958/932
f 498/959/933 481/960/934 497/961/935
f 497/961/935 481/960/934 482/962/936
f 497/961/935 482/962/936 483/963/937
f 497/961/935 483/963/937 496/964/938
f 496/964/938 483/963/937 484/965/939
f 496/964/938 484/965/939 495/966/940
f 495/966/940 484/965/939 485/967/941
f 495/966/940 485/967/941 494/968/942
f 494/968/942 485/967/941 486/969/943
f 494/968/942 486/969/943 493/970/944
f 493/970/944 486/969/943 487/971/945
f 493/970/944 487/971/945 492/972/946
f 492/972/946 487/971/945 488/973/947
f 492/972/946 488/973/947 491/974/948
f 491/974/948 488/973/947 489/975/949
f 491/974/948 489/975/949 490/976/950
f 490/976/950 489/975/949 480/977/931
f 480/977/931 489/975/949 479/978/929
f 458/979/926 481/980/934 459/981/925
f 459/981/925 481/980/934 498/982/933
f 475/983/951 474/984/952 476/985/953
f 476/985/953 474/984/952 473/986/954
f 476/985/953 473/986/954 472/987/955
f 472/987/955 471/988/956 476/985/953
f 476/985/953 471/988/956 470/989/957
f 476/985/953 470/989/957 469/990/958
f 476/985/953 469/990/958 480/991/959
f 480/991/959 469/990/958 468/992/960
f 480/991/959 468/992/960 467/993/961
f 480/991/959 467/993/961 490/994/962
f 490/994/962 467/993/961 466/995/963
f 490/994/962 466/995/963 491/996/964
f 491/996/964 466/995/963 465/997/965
f 491/996/964 465/997/965 459/998/966
f 459/998/966 465/997/965 464/999/967
f 459/998/966 464/999/967 463/1000/968
f 463/1000/968 462/1001/969 459/998/966
f 459/998/966 462/1001/969 461/1002/970
f 459/998/966 461/1002/970 460/1003/971
f 459/998/966 498/1004/972 491/996/964
f 491/996/964 498/1004/972 492/1005/973
f 492/1005/973 498/1004/972 493/1006/974
f 493/1006/974 498/1004/972 494/1007/975
f 494/1007/975 498/1004/972 495/1008/976
f 495/1008/976 498/1004/972 496/1009/977
f 496/1009/977 498/1004/972 497/1010/978
f 480/991/959 478/1011/979 476/985/953
f 458/1012/980 488/1013/981 481/1014/982
f 481/1014/982 488/1013/981 487/1015/983
f 481/1014/982 487/1015/983 486/1016/984
f 457/1017/985 456/1018/986 458/1012/980
f 458/1012/980 456/1018/986 455/1019/987
f 458/1012/980 455/1019/987 454/1020/988
f 454/1020/988 453/1021/989 458/1012/980
f 458/1012/980 453/1021/989 452/1022/990
f 458/1012/980 452/1022/990 488/1013/981
f 488/1013/981 452/1022/990 451/1023/991
f 488/1013/981 451/1023/991 489/1024/992
f 489/1024/992 451/1023/991 450/1025/993
f 489/1024/992 450/1025/993 479/1026/994
f 479/1026/994 450/1025/993 449/1027/995
f 479/1026/994 449/1027/995 448/1028/996
f 479/1026/994 448/1028/996 441/1029/997
f 441/1029/997 448/1028/996 447/1030/998
f 441/1029/997 447/1030/998 446/1031/999
f 446/1031/999 445/1032/1000 441/1029/997
f 441/1029/997 445/1032/1000 444/1033/1001
f 441/1029/997 444/1033/1001 443/1034/1002
f 443/1034/1002 442/1035/1003 441/1029/997
f 441/1029/997 477/1036/1004 479/1026/994
f 486/1016/984 485/1037/1005 481/1014/982
f 481/1014/982 485/1037/1005 484/1038/1006
f 481/1014/982 484/1038/1006 483/1039/1007
f 483/1039/1007 482/1040/1008 481/1014/982
g Body7

v 0.687386 -0.300000 10.004412
v -0.687386 -0.300000 10.004412
v -0.588269 -0.465231 10.004412
v -0.450326 -0.599756 10.004412
v -0.282661 -0.694696 10.004412
v -0.096340 -0.743787 10.004412
v 0.096340 -0.743787 10.004412
v 0.282661 -0.694696 10.004412
v 0.450326 -0.599756 10.004412
v 0.588269 -0.465231 10.004412
v -0.687386 -0.300000 18.004412
v -0.588269 -0.465231 18.004412
v -0.450326 -0.599756 18.004412
v -0.282661 -0.694696 18.004412
v -0.096340 -0.743787 18.004412
v 0.096340 -0.743787 18.004412
v 0.282661 -0.694696 18.004412
v 0.450326 -0.599756 18.004412
v 0.588269 -0.465231 18.004412
v 0.687386 -0.300000 18.004412
v -0.588269 -0.465231 14.004412
v -0.450326 -0.599756 14.004412
v -0.282661 -0.694696 14.004412
v -0.096340 -0.743787 14.004412
v 0.096340 -0.743787 14.004412
v 0.282661 -0.694696 14.004412
v 0.450326 -0.599756 14.004412
v 0.588269 -0.465231 14.004412
v 1.532700 -0.300000 18.004412
v 1.544190 -0.300000 18.003074
v 1.555065 -0.300000 17.999131
v 1.564743 -0.300000 17.992794
v 1.572706 -0.300000 17.984403
v 1.578528 -0.300000 17.974406
v 1.581896 -0.300000 17.963340
v 1.582631 -0.300000 17.951795
v 1.300000 -0.300000 12.558872
v 1.300000 -0.300000 7.479603
v -1.300000 -0.300000 7.479603
v -1.300000 -0.300000 12.558872
v -1.582631 -0.300000 17.951795
v -1.581896 -0.300000 17.963340
v -1.578528 -0.300000 17.974406
v -1.572706 -0.300000 17.984403
v -1.564743 -0.300000 17.992794
v -1.555065 -0.300000 17.999131
v -1.544190 -0.300000 18.003074
v -1.532700 -0.300000 18.004412
v -0.178584 -0.810000 14.435355
v -0.178584 -0.810000 14.466124
v -0.324738 -0.810000 14.466124
v -0.324738 -0.810000 14.430226
v -0.265563 -0.810000 14.430226
v -0.258432 -0.810000 14.430347
v -0.228416 -0.810000 14.428228
v -0.221135 -0.810000 14.426318
v -0.214439 -0.810000 14.422911
v -0.211475 -0.810000 14.420598
v -0.209001 -0.810000 14.417766
v -0.208067 -0.810000 14.416128
v -0.207345 -0.810000 14.414389
v -0.206926 -0.810000 14.412554
v -0.206789 -0.810000 14.410675
v -0.207087 -0.810000 14.407963
v -0.207839 -0.810000 14.405336
v -0.210034 -0.810000 14.400339
v -0.179626 -0.810000 14.389201
v -0.176997 -0.810000 14.396312
v -0.176020 -0.810000 14.403824
v -0.176638 -0.810000 14.410481
v -0.178600 -0.810000 14.416877
v -0.181761 -0.810000 14.422770
v -0.186004 -0.810000 14.427939
v -0.190993 -0.810000 14.432066
v -0.196573 -0.810000 14.435355
v -0.260635 -0.810000 14.607150
v -0.260635 -0.810000 14.491885
v -0.253864 -0.810000 14.491765
v -0.238543 -0.810000 14.492860
v -0.223642 -0.810000 14.496571
v -0.209801 -0.810000 14.503207
v -0.197766 -0.810000 14.512730
v -0.188010 -0.810000 14.524581
v -0.181088 -0.810000 14.538282
v -0.177186 -0.810000 14.553133
v -0.176020 -0.810000 14.568448
v -0.177286 -0.810000 14.583311
v -0.181398 -0.810000 14.597644
v -0.188450 -0.810000 14.610781
v -0.198137 -0.810000 14.622125
v -0.209834 -0.810000 14.631381
v -0.223175 -0.810000 14.638036
v -0.237586 -0.810000 14.641884
v -0.252462 -0.810000 14.643047
v -0.267366 -0.810000 14.641812
v -0.281773 -0.810000 14.637812
v -0.295001 -0.810000 14.630848
v -0.306485 -0.810000 14.621275
v -0.315803 -0.810000 14.609589
v -0.322445 -0.810000 14.596200
v -0.326183 -0.810000 14.581721
v -0.327302 -0.810000 14.566805
v -0.325684 -0.810000 14.548072
v -0.320037 -0.810000 14.530160
v -0.315422 -0.810000 14.521962
v -0.309714 -0.810000 14.514482
v -0.295651 -0.810000 14.502021
v -0.281348 -0.810000 14.532069
v -0.287766 -0.810000 14.539282
v -0.292636 -0.810000 14.547612
v -0.295581 -0.810000 14.556800
v -0.296533 -0.810000 14.566404
v -0.296011 -0.810000 14.573856
v -0.294269 -0.810000 14.581115
v -0.291199 -0.810000 14.587921
v -0.286789 -0.810000 14.593942
v -0.281280 -0.810000 14.598979
v -0.274893 -0.810000 14.602842
v -0.267931 -0.810000 14.605543
v -0.206789 -0.810000 14.565523
v -0.208347 -0.810000 14.553410
v -0.210439 -0.810000 14.547657
v -0.213396 -0.810000 14.542300
v -0.217147 -0.810000 14.537464
v -0.221612 -0.810000 14.533281
v -0.226771 -0.810000 14.529990
v -0.232430 -0.810000 14.527662
v -0.232430 -0.810000 14.604585
v -0.222812 -0.810000 14.599138
v -0.218473 -0.810000 14.595698
v -0.214802 -0.810000 14.591565
v -0.211219 -0.810000 14.585643
v -0.208709 -0.810000 14.579192
v -0.178584 -0.810000 14.764441
v -0.178584 -0.810000 14.804946
v -0.246412 -0.810000 14.755747
v -0.324738 -0.810000 14.812278
v -0.324738 -0.810000 14.771773
v -0.274417 -0.810000 14.735435
v -0.324738 -0.810000 14.698936
v -0.324738 -0.810000 14.658432
v -0.246412 -0.810000 14.715242
v -0.178584 -0.810000 14.666284
v -0.178584 -0.810000 14.706789
v -0.218408 -0.810000 14.735555
v -0.260635 -0.810000 14.940483
v -0.260635 -0.810000 14.825218
v -0.253864 -0.810000 14.825098
v -0.238543 -0.810000 14.826194
v -0.223642 -0.810000 14.829904
v -0.209801 -0.810000 14.836540
v -0.197766 -0.810000 14.846064
v -0.188010 -0.810000 14.857915
v -0.181088 -0.810000 14.871615
v -0.177186 -0.810000 14.886466
v -0.176020 -0.810000 14.901781
v -0.177286 -0.810000 14.916644
v -0.181398 -0.810000 14.930977
v -0.188450 -0.810000 14.944115
v -0.198137 -0.810000 14.955459
v -0.209834 -0.810000 14.964714
v -0.223175 -0.810000 14.971369
v -0.237586 -0.810000 14.975217
v -0.252462 -0.810000 14.976380
v -0.267366 -0.810000 14.975146
v -0.281773 -0.810000 14.971146
v -0.295001 -0.810000 14.964181
v -0.306485 -0.810000 14.954608
v -0.315803 -0.810000 14.942922
v -0.322445 -0.810000 14.929533
v -0.326183 -0.810000 14.915054
v -0.327302 -0.810000 14.900138
v -0.325684 -0.810000 14.881405
v -0.320037 -0.810000 14.863493
v -0.315422 -0.810000 14.855295
v -0.309714 -0.810000 14.847815
v -0.295651 -0.810000 14.835355
v -0.281348 -0.810000 14.865403
v -0.287766 -0.810000 14.872616
v -0.292636 -0.810000 14.880946
v -0.295581 -0.810000 14.890133
v -0.296533 -0.810000 14.899738
v -0.296011 -0.810000 14.907189
v -0.294269 -0.810000 14.914449
v -0.291199 -0.810000 14.921254
v -0.286789 -0.810000 14.927275
v -0.281280 -0.810000 14.932312
v -0.274893 -0.810000 14.936176
v -0.267931 -0.810000 14.938876
v -0.206789 -0.810000 14.898856
v -0.208347 -0.810000 14.886743
v -0.210439 -0.810000 14.880991
v -0.213396 -0.810000 14.875634
v -0.217147 -0.810000 14.870798
v -0.221612 -0.810000 14.866615
v -0.226771 -0.810000 14.863323
v -0.232430 -0.810000 14.860996
v -0.232430 -0.810000 14.937919
v -0.222812 -0.810000 14.932471
v -0.218473 -0.810000 14.929031
v -0.214802 -0.810000 14.924898
v -0.211219 -0.810000 14.918976
v -0.208709 -0.810000 14.912525
v -0.119610 -0.810000 15.004585
v -0.119610 -0.810000 15.040483
v -0.324738 -0.810000 15.040483
v -0.324738 -0.810000 15.004585
v -0.124738 -0.810000 15.068688
v -0.124738 -0.810000 15.166124
v -0.324738 -0.810000 15.166124
v -0.324738 -0.810000 15.130226
v -0.234994 -0.810000 15.130226
v -0.234994 -0.810000 15.068688
v -0.199097 -0.810000 15.068688
v -0.199097 -0.810000 15.130226
v -0.160635 -0.810000 15.130226
v -0.160635 -0.810000 15.068688
v 0.460024 -0.810000 14.938042
v 0.460024 -0.810000 15.021696
v 0.060024 -0.810000 15.021696
v 0.060024 -0.810000 14.949901
v 0.234383 -0.810000 14.949901
v 0.234383 -0.810000 14.925542
v 0.060024 -0.810000 14.837401
v 0.060024 -0.810000 14.757593
v 0.242556 -0.810000 14.849901
v 0.257793 -0.810000 14.819148
v 0.268467 -0.810000 14.805681
v 0.281387 -0.810000 14.794358
v 0.296211 -0.810000 14.785669
v 0.312363 -0.810000 14.779802
v 0.346402 -0.810000 14.775542
v 0.374651 -0.810000 14.778467
v 0.388314 -0.810000 14.782406
v 0.401321 -0.810000 14.788143
v 0.413403 -0.810000 14.795637
v 0.424403 -0.810000 14.804648
v 0.434030 -0.810000 14.815107
v 0.442026 -0.810000 14.826863
v 0.448222 -0.810000 14.839659
v 0.452525 -0.810000 14.853210
v 0.457375 -0.810000 14.881229
v 0.306178 -0.810000 14.921936
v 0.306178 -0.810000 14.949901
v 0.388229 -0.810000 14.949901
v 0.388229 -0.810000 14.925462
v 0.387588 -0.810000 14.900583
v 0.383837 -0.810000 14.876027
v 0.381600 -0.810000 14.870219
v 0.378590 -0.810000 14.864773
v 0.374813 -0.810000 14.859828
v 0.370367 -0.810000 14.855474
v 0.365255 -0.810000 14.851927
v 0.359600 -0.810000 14.849332
v 0.353570 -0.810000 14.847799
v 0.347364 -0.810000 14.847337
v 0.335330 -0.810000 14.848782
v 0.329595 -0.810000 14.850754
v 0.324335 -0.810000 14.853783
v 0.319809 -0.810000 14.857832
v 0.316137 -0.810000 14.862659
v 0.311322 -0.810000 14.873779
v 0.307120 -0.810000 14.897668
v 0.460024 -0.810000 15.303747
v 0.460024 -0.810000 15.375542
v 0.221402 -0.810000 15.375542
v 0.159569 -0.810000 15.372085
v 0.129281 -0.810000 15.365711
v 0.114944 -0.810000 15.359871
v 0.101677 -0.810000 15.351887
v 0.089713 -0.810000 15.342056
v 0.079191 -0.810000 15.330693
v 0.062497 -0.810000 15.304665
v 0.052736 -0.810000 15.275333
v 0.049768 -0.810000 15.244532
v 0.052555 -0.810000 15.213726
v 0.061999 -0.810000 15.184312
v 0.069703 -0.810000 15.170886
v 0.079194 -0.810000 15.158653
v 0.102227 -0.810000 15.138029
v 0.129369 -0.810000 15.123267
v 0.159549 -0.810000 15.116663
v 0.221402 -0.810000 15.114004
v 0.460024 -0.810000 15.114004
v 0.460024 -0.810000 15.185798
v 0.209303 -0.810000 15.185798
v 0.178520 -0.810000 15.186890
v 0.163259 -0.810000 15.188933
v 0.155805 -0.810000 15.190862
v 0.148775 -0.810000 15.194005
v 0.142423 -0.810000 15.198360
v 0.136796 -0.810000 15.203623
v 0.132023 -0.810000 15.209666
v 0.128081 -0.810000 15.216290
v 0.123056 -0.810000 15.230823
v 0.121563 -0.810000 15.246135
v 0.122828 -0.810000 15.260078
v 0.127116 -0.810000 15.273387
v 0.130482 -0.810000 15.279532
v 0.134658 -0.810000 15.285155
v 0.139631 -0.810000 15.290090
v 0.145205 -0.810000 15.294332
v 0.151411 -0.810000 15.297581
v 0.158024 -0.810000 15.299880
v 0.171797 -0.810000 15.302397
v 0.199768 -0.810000 15.303747
v 0.258822 -0.810000 15.447337
v 0.299753 -0.810000 15.450885
v 0.339279 -0.810000 15.462048
v 0.375619 -0.810000 15.481183
v 0.407498 -0.810000 15.507093
v 0.434222 -0.810000 15.538295
v 0.454375 -0.810000 15.574076
v 0.466444 -0.810000 15.613330
v 0.470281 -0.810000 15.654228
v 0.466365 -0.810000 15.695117
v 0.454274 -0.810000 15.734369
v 0.434707 -0.810000 15.770489
v 0.408695 -0.810000 15.802272
v 0.376807 -0.810000 15.828158
v 0.340477 -0.810000 15.847325
v 0.301092 -0.810000 15.858952
v 0.260184 -0.810000 15.862721
v 0.219078 -0.810000 15.859095
v 0.179495 -0.810000 15.847493
v 0.143070 -0.810000 15.828135
v 0.111024 -0.810000 15.802140
v 0.084293 -0.810000 15.770714
v 0.064718 -0.810000 15.734412
v 0.053323 -0.810000 15.694775
v 0.049768 -0.810000 15.653667
v 0.053409 -0.810000 15.612982
v 0.065051 -0.810000 15.573848
v 0.084715 -0.810000 15.538063
v 0.111080 -0.810000 15.506866
v 0.142696 -0.810000 15.481004
v 0.178845 -0.810000 15.462019
v 0.218121 -0.810000 15.450836
v 0.259223 -0.810000 15.790927
v 0.286286 -0.810000 15.788841
v 0.312519 -0.810000 15.781913
v 0.336809 -0.810000 15.769834
v 0.358020 -0.810000 15.752923
v 0.375606 -0.810000 15.732264
v 0.388522 -0.810000 15.708417
v 0.396100 -0.810000 15.682378
v 0.398486 -0.810000 15.655350
v 0.396092 -0.810000 15.628416
v 0.388287 -0.810000 15.602538
v 0.375234 -0.810000 15.578882
v 0.357690 -0.810000 15.558314
v 0.336716 -0.810000 15.541253
v 0.312741 -0.810000 15.528779
v 0.286728 -0.810000 15.521429
v 0.259784 -0.810000 15.519132
v 0.233015 -0.810000 15.521389
v 0.207126 -0.810000 15.528517
v 0.183242 -0.810000 15.540786
v 0.162290 -0.810000 15.557589
v 0.144845 -0.810000 15.578011
v 0.131755 -0.810000 15.601451
v 0.123998 -0.810000 15.627157
v 0.121563 -0.810000 15.653907
v 0.123420 -0.810000 15.677543
v 0.129222 -0.810000 15.700527
v 0.139015 -0.810000 15.722113
v 0.152332 -0.810000 15.741728
v 0.173792 -0.810000 15.763335
v 0.199800 -0.810000 15.779155
v 0.228871 -0.810000 15.788215
v 0.460024 -0.810000 15.914004
v 0.460024 -0.810000 16.108875
v 0.060024 -0.810000 16.108875
v 0.060024 -0.810000 16.037080
v 0.239511 -0.810000 16.037080
v 0.239511 -0.810000 15.914004
v 0.311306 -0.810000 15.914004
v 0.311306 -0.810000 16.037080
v 0.388229 -0.810000 16.037080
v 0.388229 -0.810000 15.914004
v 0.629943 -1.150000 16.014638
v 0.731602 -1.150000 17.954412
v -0.731602 -1.150000 17.954412
v -0.629943 -1.150000 16.014638
v -0.573705 -1.150000 16.159965
v -0.484495 -1.150000 16.287730
v -0.367439 -1.150000 16.390592
v -0.229265 -1.150000 16.462637
v -0.077914 -1.150000 16.499725
v 0.077914 -1.150000 16.499725
v 0.229265 -1.150000 16.462637
v 0.367439 -1.150000 16.390592
v 0.484495 -1.150000 16.287730
v 0.573705 -1.150000 16.159965
v -1.262404 -0.550000 7.479603
v -1.283221 -0.468054 7.479603
v -1.295795 -0.384445 7.479603
v 1.295795 -0.384445 7.479603
v 1.283221 -0.468054 7.479603
v 1.262404 -0.550000 7.479603
v -1.505403 -0.507055 18.004412
v -1.425373 -0.700000 18.004412
v -1.298064 -0.865685 18.004412
v -1.132151 -0.992820 18.004412
v -0.938941 -1.072741 18.004412
v -0.731602 -1.100000 18.004412
v 0.731602 -1.100000 18.004412
v 0.938941 -1.072741 18.004412
v 1.132151 -0.992820 18.004412
v 1.298064 -0.865685 18.004412
v 1.425373 -0.700000 18.004412
v 1.505403 -0.507055 18.004412
v 1.553633 -0.519996 17.951884
v 1.468615 -0.725000 17.952146
v 1.333370 -0.901041 17.952561
v 1.157116 -1.036122 17.953103
v 0.951864 -1.121037 17.953735
v 0.650000 -1.149525 15.854412
v 0.650000 -1.143249 14.354412
v 0.642146 -1.143629 14.254358
v 0.618095 -1.145748 14.153677
v 0.577829 -1.148500 14.056773
v 0.522684 -1.150000 13.968016
v 0.450000 -1.150000 12.581130
v 0.669996 -1.121037 12.575369
v 0.875000 -1.036122 12.570001
v 1.051041 -0.901041 12.565391
v 1.186122 -0.725000 12.561854
v 1.271037 -0.519996 12.559630
v 1.411810 -0.519996 15.245735
v 1.327011 -0.725000 15.250180
v 1.192115 -0.901041 15.257249
v 1.016316 -1.036122 15.266462
v 0.811593 -1.121037 15.277191
v 0.450000 -1.150000 9.479603
v 0.483786 -1.149328 9.477364
v 0.517518 -1.147314 9.470650
v 0.584609 -1.139274 9.443848
v 0.650849 -1.125929 9.399368
v 0.715821 -1.107366 9.337488
v 0.840323 -1.055081 9.163207
v 0.954975 -0.983740 8.925402
v 1.056882 -0.895142 8.630076
v 1.143473 -0.791524 8.284682
v 1.212561 -0.675500 7.897937
v -0.000000 -1.150000 13.704412
v -0.508869 -1.150000 13.704412
v -0.450000 -1.150000 12.581130
v -0.450000 -1.150000 9.479603
v 0.419068 -1.150000 13.857539
v 0.292697 -1.150000 13.774042
v 0.150432 -1.150000 13.722059
v -0.483786 -1.149328 9.477364
v -0.517518 -1.147314 9.470650
v -0.584609 -1.139274 9.443848
v -0.650849 -1.125929 9.399368
v -0.715821 -1.107366 9.337488
v -0.840323 -1.055081 9.163207
v -0.954975 -0.983740 8.925402
v -1.056882 -0.895142 8.630076
v -1.143473 -0.791524 8.284682
v -1.212561 -0.675500 7.897937
v -0.951864 -1.121037 17.953735
v -1.157116 -1.036122 17.953103
v -1.333370 -0.901041 17.952561
v -1.468615 -0.725000 17.952146
v -1.553633 -0.519996 17.951884
v -1.271037 -0.519996 12.559630
v -1.186122 -0.725000 12.561854
v -1.051041 -0.901041 12.565391
v -0.875000 -1.036122 12.570001
v -0.669996 -1.121037 12.575369
v -0.556106 -1.148690 13.704412
v -0.603199 -1.144764 13.704412
v -0.650000 -1.138234 13.704412
v -0.650000 -1.149525 15.854412
v -0.811593 -1.121037 15.277191
v -1.016316 -1.036122 15.266462
v -1.192115 -0.901041 15.257249
v -1.327011 -0.725000 15.250180
v -1.411810 -0.519996 15.245735
v 0.000000 -0.810000 13.704412
v -0.650000 -0.810000 13.704412
v -0.650000 -0.810000 15.854412
v 0.650000 -0.810000 15.854412
v 0.650000 -0.810000 14.354412
v -0.627852 -0.810000 16.022644
v -0.562917 -0.810000 16.179412
v -0.459619 -0.810000 16.314031
v -0.325000 -0.810000 16.417328
v -0.168232 -0.810000 16.482264
v 0.000000 -0.810000 16.504412
v 0.168232 -0.810000 16.482264
v 0.325000 -0.810000 16.417328
v 0.459619 -0.810000 16.314031
v 0.562917 -0.810000 16.179412
v 0.627852 -0.810000 16.022644
v 0.627852 -0.810000 14.186179
v 0.562917 -0.810000 14.029412
v 0.459619 -0.810000 13.894792
v 0.325000 -0.810000 13.791495
v 0.168232 -0.810000 13.726560
v 0.731602 -1.112941 18.002708
v 0.731602 -1.125000 17.997713
v 0.731602 -1.135355 17.989767
v 0.731602 -1.143301 17.979412
v 0.731602 -1.148296 17.967353
v 0.860092 -1.117310 17.996256
v 1.561600 -0.485715 17.961278
v 1.527183 -0.600582 17.961373
v 1.476844 -0.709421 17.961511
v 1.411668 -0.810118 17.961690
v 1.332995 -0.900665 17.961906
v 1.227751 -0.989818 17.962195
v 1.114599 -1.058312 17.962505
v 0.992196 -1.108401 17.962839
v 0.863479 -1.138898 17.963191
v 1.559290 -0.485197 17.971029
v 1.524955 -0.599738 17.971107
v 1.474739 -0.708263 17.971221
v 1.409726 -0.808659 17.971369
v 1.331255 -0.898923 17.971547
v 1.226289 -0.987783 17.971784
v 1.113451 -1.056034 17.972039
v 0.991399 -1.105926 17.972314
v 0.863067 -1.136281 17.972602
v 1.554900 -0.484212 17.980495
v 1.520739 -0.598141 17.980553
v 1.470780 -0.706083 17.980638
v 1.406102 -0.805934 17.980748
v 1.328038 -0.895701 17.980881
v 1.223621 -0.984066 17.981057
v 1.111381 -1.051926 17.981247
v 0.989983 -1.101521 17.981451
v 0.862345 -1.131684 17.981665
v 1.548520 -0.482781 17.988987
v 1.514623 -0.595824 17.989025
v 1.465051 -0.702927 17.989081
v 1.400874 -0.802002 17.989152
v 1.323414 -0.891071 17.989239
v 1.219806 -0.978748 17.989354
v 1.108436 -1.046079 17.989478
v 0.987978 -1.095288 17.989611
v 0.861331 -1.125215 17.989751
v 1.540598 -0.481004 17.995837
v 1.507036 -0.592950 17.995858
v 1.457951 -0.699017 17.995888
v 1.394405 -0.797137 17.995927
v 1.317704 -0.885352 17.995975
v 1.215106 -0.972196 17.996038
v 1.104816 -1.038894 17.996106
v 0.985522 -1.087649 17.996179
v 1.531660 -0.478999 18.000727
v 1.498478 -0.589709 18.000735
v 1.449949 -0.694608 18.000748
v 1.387117 -0.791656 18.000764
v 1.311276 -0.878916 18.000784
v 1.209822 -0.964829 18.000810
v 1.100752 -1.030826 18.000838
v 0.982768 -1.079082 18.000869
v 0.858704 -1.108456 18.000900
v 1.522355 -0.476911 18.003539
v 1.489572 -0.586335 18.003540
v 1.441621 -0.690020 18.003543
v 1.379535 -0.785953 18.003547
v 1.304590 -0.872221 18.003551
v 1.204328 -0.957168 18.003557
v 1.096527 -1.022439 18.003563
v 0.979907 -1.070180 18.003570
v 0.857263 -1.099259 18.003577
v -0.731602 -1.112941 18.002708
v -0.731602 -1.125000 17.997713
v -0.731602 -1.135355 17.989767
v -0.731602 -1.143301 17.979412
v -0.731602 -1.148296 17.967353
v 0.487735 -1.148296 17.967353
v 0.243867 -1.148296 17.967353
v 0.000000 -1.148296 17.967353
v -0.243867 -1.148296 17.967353
v -0.487735 -1.148296 17.967353
v 0.487735 -1.143301 17.979412
v 0.243867 -1.143301 17.979412
v 0.000000 -1.143301 17.979412
v -0.243867 -1.143301 17.979412
v -0.487735 -1.143301 17.979412
v 0.487735 -1.135355 17.989767
v 0.243867 -1.135355 17.989767
v 0.000000 -1.135355 17.989767
v -0.243867 -1.135355 17.989767
v -0.487735 -1.135355 17.989767
v 0.487735 -1.125000 17.997713
v 0.243867 -1.125000 17.997713
v 0.000000 -1.125000 17.997713
v -0.243867 -1.125000 17.997713
v -0.487735 -1.125000 17.997713
v 0.487735 -1.112941 18.002708
v 0.243867 -1.112941 18.002708
v 0.000000 -1.112941 18.002708
v -0.243867 -1.112941 18.002708
v -0.487735 -1.112941 18.002708
v -0.912694 -1.107359 17.996224
v -0.917462 -1.128662 17.963043
v -1.032453 -1.094375 17.962729
v -1.141430 -1.044187 17.962431
v -1.242282 -0.979172 17.962155
v -1.332995 -0.900665 17.961906
v -1.422422 -0.795494 17.961661
v -1.491058 -0.682528 17.961472
v -1.541281 -0.560299 17.961334
v -1.571891 -0.431741 17.961250
v -0.916886 -1.126098 17.972481
v -1.031539 -1.091958 17.972223
v -1.140207 -1.041961 17.971979
v -1.240781 -0.977174 17.971751
v -1.331255 -0.898923 17.971547
v -1.420453 -0.794079 17.971344
v -1.488918 -0.681448 17.971189
v -1.539019 -0.559570 17.971075
v -1.569557 -0.431374 17.971006
v -0.915872 -1.121567 17.981575
v -1.029907 -1.087637 17.981384
v -1.137995 -1.037935 17.981202
v -1.238037 -0.973516 17.981033
v -1.328038 -0.895701 17.980881
v -1.416774 -0.791434 17.980730
v -1.484886 -0.679412 17.980614
v -1.534732 -0.558188 17.980529
v -1.565115 -0.430676 17.980477
v -0.914442 -1.115177 17.989693
v -1.027593 -1.081512 17.989568
v -1.134843 -1.032197 17.989449
v -1.234110 -0.968281 17.989338
v -1.323414 -0.891071 17.989239
v -1.411463 -0.787615 17.989141
v -1.479048 -0.676464 17.989065
v -1.528508 -0.556182 17.989009
v -1.558656 -0.429661 17.988976
v -0.910735 -1.098599 18.000887
v -1.021572 -1.065570 18.000859
v -1.126615 -1.017217 18.000832
v -1.223830 -0.954571 18.000807
v -1.311276 -0.878916 18.000784
v -1.397485 -0.777562 18.000762
v -1.463652 -0.668689 18.000744
v -1.512070 -0.550884 18.000732
v -1.541582 -0.426977 18.000724
v -1.550634 -0.428400 17.995830
v -1.520784 -0.553692 17.995849
v -1.471811 -0.672809 17.995879
v -1.404890 -0.782888 17.995921
v -1.317704 -0.885352 17.995975
v -1.229271 -0.961827 17.996029
v -1.130968 -1.025142 17.996090
v -1.024755 -1.073999 17.996155
v -0.908700 -1.089497 18.003574
v -1.018263 -1.056810 18.003568
v -1.122091 -1.008978 18.003562
v -1.218171 -0.947024 18.003556
v -1.304590 -0.872221 18.003551
v -1.389780 -0.772021 18.003546
v -1.455161 -0.664400 18.003542
v -1.503001 -0.547961 18.003540
v -1.532158 -0.425496 18.003538
vt -0.687386 0.300000 0.000000
vt 0.687386 0.300000 0.000000
vt -0.588269 0.465231 0.000000
vt 0.588269 0.465231 0.000000
vt -0.450326 0.599756 0.000000
vt 0.450326 0.599756 0.000000
vt -0.282661 0.694696 0.000000
vt 0.282661 0.694696 0.000000
vt -0.096340 0.743787 0.000000
vt 0.096340 0.743787 0.000000
vt 8.000000 -0.501851 0.000000
vt 8.000000 -0.308638 0.000000
vt 4.000000 -0.501851 0.000000
vt -0.000000 -0.308638 0.000000
vt -0.000000 -0.501851 0.000000
vt 4.000000 -0.695064 0.000000
vt -0.000000 -0.695064 0.000000
vt 4.000000 -0.888277 0.000000
vt -0.000000 -0.888277 0.000000
vt 4.000000 -1.081491 0.000000
vt -0.000000 -1.081491 0.000000
vt 4.000000 -1.274704 0.000000
vt 0.000000 -1.274704 0.000000
vt 4.000000 -1.467917 0.000000
vt 0.000000 -1.467917 0.000000
vt 4.000000 -1.661130 0.000000
vt 0.000000 -1.661130 0.000000
vt 4.000000 -1.854344 0.000000
vt 0.000000 -1.854344 0.000000
vt 0.000000 -2.047557 0.000000
vt 8.000000 -2.047557 0.000000
vt 8.000000 -1.854344 0.000000
vt 8.000000 -1.661130 0.000000
vt 8.000000 -1.467917 0.000000
vt 8.000000 -1.274704 0.000000
vt 8.000000 -1.081491 0.000000
vt 8.000000 -0.888277 0.000000
vt 8.000000 -0.695064 0.000000
vt 9.870821 -4.295491 0.000000
vt 9.870821 -3.450178 0.000000
vt 4.425280 -4.062791 0.000000
vt 1.870821 -3.450178 0.000000
vt -0.653989 -4.062791 0.000000
vt 1.870821 -2.075405 0.000000
vt -0.653989 -1.462791 0.000000
vt 4.425280 -1.462791 0.000000
vt 9.870821 -2.075405 0.000000
vt 9.870821 -1.230092 0.000000
vt 9.818204 -1.180160 0.000000
vt 9.869482 -1.218601 0.000000
vt 9.865540 -1.207726 0.000000
vt 9.859203 -1.198048 0.000000
vt 9.850812 -1.190085 0.000000
vt 9.840815 -1.184264 0.000000
vt 9.829748 -1.180895 0.000000
vt 9.818204 -4.345423 0.000000
vt 9.869482 -4.306981 0.000000
vt 9.865540 -4.317857 0.000000
vt 9.859203 -4.327535 0.000000
vt 9.850812 -4.335498 0.000000
vt 9.840815 -4.341319 0.000000
vt 9.829748 -4.344688 0.000000
vt 1.419057 -0.178584 0.000000
vt 1.388288 -0.178584 0.000000
vt 1.419057 -0.196573 0.000000
vt 1.426183 -0.228416 0.000000
vt 1.428094 -0.221135 0.000000
vt 1.424065 -0.258432 0.000000
vt 1.388288 -0.324738 0.000000
vt 1.424185 -0.265563 0.000000
vt 1.424185 -0.324738 0.000000
vt 1.431500 -0.214439 0.000000
vt 1.422346 -0.190993 0.000000
vt 1.426473 -0.186004 0.000000
vt 1.433814 -0.211475 0.000000
vt 1.431642 -0.181761 0.000000
vt 1.436646 -0.209001 0.000000
vt 1.438284 -0.208067 0.000000
vt 1.437534 -0.178600 0.000000
vt 1.440022 -0.207345 0.000000
vt 1.441858 -0.206926 0.000000
vt 1.443930 -0.176638 0.000000
vt 1.443737 -0.206789 0.000000
vt 1.446449 -0.207087 0.000000
vt 1.450588 -0.176020 0.000000
vt 1.449075 -0.207839 0.000000
vt 1.454073 -0.210034 0.000000
vt 1.465211 -0.179626 0.000000
vt 1.458099 -0.176997 0.000000
vt 1.362527 -0.260635 0.000000
vt 1.326749 -0.232430 0.000000
vt 1.247262 -0.260635 0.000000
vt 1.249826 -0.232430 0.000000
vt 1.212528 -0.237586 0.000000
vt 1.216376 -0.223175 0.000000
vt 1.223031 -0.209834 0.000000
vt 1.255274 -0.222812 0.000000
vt 1.232287 -0.198137 0.000000
vt 1.258714 -0.218473 0.000000
vt 1.243630 -0.188450 0.000000
vt 1.262847 -0.214802 0.000000
vt 1.268769 -0.211219 0.000000
vt 1.362647 -0.253864 0.000000
vt 1.361552 -0.238543 0.000000
vt 1.357841 -0.223642 0.000000
vt 1.324422 -0.226771 0.000000
vt 1.351205 -0.209801 0.000000
vt 1.321130 -0.221612 0.000000
vt 1.341682 -0.197766 0.000000
vt 1.316947 -0.217147 0.000000
vt 1.329831 -0.188010 0.000000
vt 1.312112 -0.213396 0.000000
vt 1.306754 -0.210439 0.000000
vt 1.316130 -0.181088 0.000000
vt 1.301002 -0.208347 0.000000
vt 1.301279 -0.177186 0.000000
vt 1.288889 -0.206789 0.000000
vt 1.285964 -0.176020 0.000000
vt 1.271101 -0.177286 0.000000
vt 1.275220 -0.208709 0.000000
vt 1.256768 -0.181398 0.000000
vt 1.211365 -0.252462 0.000000
vt 1.212599 -0.267366 0.000000
vt 1.248869 -0.267931 0.000000
vt 1.216600 -0.281773 0.000000
vt 1.251570 -0.274893 0.000000
vt 1.223564 -0.295001 0.000000
vt 1.255433 -0.281280 0.000000
vt 1.233137 -0.306485 0.000000
vt 1.260470 -0.286789 0.000000
vt 1.244823 -0.315803 0.000000
vt 1.266491 -0.291199 0.000000
vt 1.258212 -0.322445 0.000000
vt 1.273296 -0.294269 0.000000
vt 1.272691 -0.326183 0.000000
vt 1.280556 -0.296011 0.000000
vt 1.287607 -0.327302 0.000000
vt 1.288008 -0.296533 0.000000
vt 1.297612 -0.295581 0.000000
vt 1.306340 -0.325684 0.000000
vt 1.306799 -0.292636 0.000000
vt 1.324252 -0.320037 0.000000
vt 1.315130 -0.287766 0.000000
vt 1.332450 -0.315422 0.000000
vt 1.339930 -0.309714 0.000000
vt 1.352391 -0.295651 0.000000
vt 1.322342 -0.281348 0.000000
vt 1.049466 -0.178584 0.000000
vt 1.098665 -0.246412 0.000000
vt 1.089971 -0.178584 0.000000
vt 1.118857 -0.218408 0.000000
vt 1.139169 -0.246412 0.000000
vt 1.147623 -0.178584 0.000000
vt 1.188128 -0.178584 0.000000
vt 1.042134 -0.324738 0.000000
vt 1.082639 -0.324738 0.000000
vt 1.118977 -0.274417 0.000000
vt 1.155475 -0.324738 0.000000
vt 1.195980 -0.324738 0.000000
vt 1.029193 -0.260635 0.000000
vt 0.993416 -0.232430 0.000000
vt 0.913929 -0.260635 0.000000
vt 0.916493 -0.232430 0.000000
vt 0.879195 -0.237586 0.000000
vt 0.883043 -0.223175 0.000000
vt 0.889698 -0.209834 0.000000
vt 0.921940 -0.222812 0.000000
vt 0.898953 -0.198137 0.000000
vt 0.925380 -0.218473 0.000000
vt 0.910297 -0.188450 0.000000
vt 0.929514 -0.214802 0.000000
vt 0.935436 -0.211219 0.000000
vt 1.029314 -0.253864 0.000000
vt 1.028218 -0.238543 0.000000
vt 1.024507 -0.223642 0.000000
vt 0.991088 -0.226771 0.000000
vt 1.017872 -0.209801 0.000000
vt 0.987797 -0.221612 0.000000
vt 1.008348 -0.197766 0.000000
vt 0.983614 -0.217147 0.000000
vt 0.996497 -0.188010 0.000000
vt 0.978778 -0.213396 0.000000
vt 0.973421 -0.210439 0.000000
vt 0.982797 -0.181088 0.000000
vt 0.967669 -0.208347 0.000000
vt 0.967946 -0.177186 0.000000
vt 0.955556 -0.206789 0.000000
vt 0.952631 -0.176020 0.000000
vt 0.937767 -0.177286 0.000000
vt 0.941887 -0.208709 0.000000
vt 0.923435 -0.181398 0.000000
vt 0.878032 -0.252462 0.000000
vt 0.879266 -0.267366 0.000000
vt 0.915535 -0.267931 0.000000
vt 0.883266 -0.281773 0.000000
vt 0.918236 -0.274893 0.000000
vt 0.890231 -0.295001 0.000000
vt 0.922099 -0.281280 0.000000
vt 0.899804 -0.306485 0.000000
vt 0.927137 -0.286789 0.000000
vt 0.911490 -0.315803 0.000000
vt 0.933158 -0.291199 0.000000
vt 0.924879 -0.322445 0.000000
vt 0.939963 -0.294269 0.000000
vt 0.939358 -0.326183 0.000000
vt 0.947223 -0.296011 0.000000
vt 0.954274 -0.327302 0.000000
vt 0.954674 -0.296533 0.000000
vt 0.964279 -0.295581 0.000000
vt 0.973007 -0.325684 0.000000
vt 0.973466 -0.292636 0.000000
vt 0.990919 -0.320037 0.000000
vt 0.981796 -0.287766 0.000000
vt 0.999116 -0.315422 0.000000
vt 1.006596 -0.309714 0.000000
vt 1.019057 -0.295651 0.000000
vt 0.989009 -0.281348 0.000000
vt 0.849826 -0.119610 0.000000
vt 0.813929 -0.119610 0.000000
vt 0.849826 -0.324738 0.000000
vt 0.813929 -0.324738 0.000000
vt 0.785724 -0.160635 0.000000
vt 0.785724 -0.124738 0.000000
vt 0.724185 -0.160635 0.000000
vt 0.688288 -0.124738 0.000000
vt 0.724185 -0.199097 0.000000
vt 0.724185 -0.234994 0.000000
vt 0.785724 -0.234994 0.000000
vt 0.688288 -0.324738 0.000000
vt 0.724185 -0.324738 0.000000
vt 0.785724 -0.199097 0.000000
vt 0.832716 0.460024 0.000000
vt 0.904511 0.388229 0.000000
vt 0.916370 0.460024 0.000000
vt 0.928950 0.388229 0.000000
vt 0.953829 0.387588 0.000000
vt 0.832716 0.060024 0.000000
vt 0.904511 0.234383 0.000000
vt 0.904511 0.306178 0.000000
vt 0.904511 0.060024 0.000000
vt 0.928870 0.234383 0.000000
vt 0.932476 0.306178 0.000000
vt 0.956744 0.307120 0.000000
vt 1.004511 0.242556 0.000000
vt 0.980633 0.311322 0.000000
vt 0.991753 0.316137 0.000000
vt 0.996580 0.319809 0.000000
vt 1.035264 0.257793 0.000000
vt 1.000629 0.324335 0.000000
vt 1.003658 0.329595 0.000000
vt 1.048731 0.268467 0.000000
vt 1.005630 0.335330 0.000000
vt 1.060053 0.281387 0.000000
vt 1.068743 0.296211 0.000000
vt 1.017011 0.060024 0.000000
vt 1.096819 0.060024 0.000000
vt 1.074609 0.312363 0.000000
vt 1.007075 0.347364 0.000000
vt 1.078870 0.346402 0.000000
vt 1.075945 0.374651 0.000000
vt 1.006613 0.353570 0.000000
vt 1.072006 0.388314 0.000000
vt 1.066269 0.401321 0.000000
vt 1.058775 0.413403 0.000000
vt 1.005080 0.359600 0.000000
vt 1.049764 0.424403 0.000000
vt 1.002485 0.365255 0.000000
vt 1.039305 0.434030 0.000000
vt 1.027549 0.442026 0.000000
vt 0.998938 0.370367 0.000000
vt 1.014753 0.448222 0.000000
vt 0.994584 0.374813 0.000000
vt 0.989639 0.378590 0.000000
vt 1.001202 0.452525 0.000000
vt 0.984192 0.381600 0.000000
vt 0.978385 0.383837 0.000000
vt 0.973183 0.457375 0.000000
vt 0.478870 0.460024 0.000000
vt 0.478870 0.221402 0.000000
vt 0.550665 0.460024 0.000000
vt 0.550665 0.199768 0.000000
vt 0.482327 0.159569 0.000000
vt 0.552015 0.171797 0.000000
vt 0.488700 0.129281 0.000000
vt 0.494541 0.114944 0.000000
vt 0.554532 0.158024 0.000000
vt 0.502525 0.101677 0.000000
vt 0.512356 0.089713 0.000000
vt 0.556831 0.151411 0.000000
vt 0.523719 0.079191 0.000000
vt 0.560080 0.145205 0.000000
vt 0.564322 0.139631 0.000000
vt 0.549747 0.062497 0.000000
vt 0.569256 0.134658 0.000000
vt 0.574880 0.130482 0.000000
vt 0.579079 0.052736 0.000000
vt 0.581025 0.127116 0.000000
vt 0.594334 0.122828 0.000000
vt 0.609879 0.049768 0.000000
vt 0.608277 0.121563 0.000000
vt 0.623589 0.123056 0.000000
vt 0.640685 0.052555 0.000000
vt 0.638121 0.128081 0.000000
vt 0.644746 0.132023 0.000000
vt 0.670100 0.061999 0.000000
vt 0.650789 0.136796 0.000000
vt 0.683526 0.069703 0.000000
vt 0.656052 0.142423 0.000000
vt 0.695759 0.079194 0.000000
vt 0.660407 0.148775 0.000000
vt 0.663549 0.155805 0.000000
vt 0.716383 0.102227 0.000000
vt 0.665478 0.163259 0.000000
vt 0.731145 0.129369 0.000000
vt 0.667522 0.178520 0.000000
vt 0.737749 0.159549 0.000000
vt 0.668613 0.209303 0.000000
vt 0.740408 0.221402 0.000000
vt 0.668613 0.460024 0.000000
vt 0.740408 0.460024 0.000000
vt 0.403527 0.299753 0.000000
vt 0.335280 0.259784 0.000000
vt 0.407075 0.258822 0.000000
vt 0.333023 0.233015 0.000000
vt 0.403576 0.218121 0.000000
vt 0.325895 0.207126 0.000000
vt 0.392392 0.178845 0.000000
vt 0.313626 0.183242 0.000000
vt 0.373408 0.142696 0.000000
vt 0.296823 0.162290 0.000000
vt 0.347546 0.111080 0.000000
vt 0.276401 0.144845 0.000000
vt 0.316349 0.084715 0.000000
vt 0.252961 0.131755 0.000000
vt 0.280564 0.065051 0.000000
vt 0.241429 0.053409 0.000000
vt 0.227254 0.123998 0.000000
vt 0.200745 0.049768 0.000000
vt 0.200504 0.121563 0.000000
vt 0.176868 0.123420 0.000000
vt 0.332983 0.286728 0.000000
vt 0.392364 0.339279 0.000000
vt 0.325633 0.312741 0.000000
vt 0.373229 0.375619 0.000000
vt 0.313158 0.336716 0.000000
vt 0.347319 0.407498 0.000000
vt 0.296097 0.357690 0.000000
vt 0.316116 0.434222 0.000000
vt 0.275530 0.375234 0.000000
vt 0.280335 0.454375 0.000000
vt 0.251874 0.388287 0.000000
vt 0.241082 0.466444 0.000000
vt 0.225995 0.396092 0.000000
vt 0.200184 0.470281 0.000000
vt 0.199062 0.398486 0.000000
vt 0.159294 0.466365 0.000000
vt 0.172033 0.396100 0.000000
vt 0.120042 0.454274 0.000000
vt 0.145995 0.388522 0.000000
vt 0.083923 0.434707 0.000000
vt 0.122148 0.375606 0.000000
vt 0.052140 0.408695 0.000000
vt 0.101488 0.358020 0.000000
vt 0.026254 0.376807 0.000000
vt 0.084577 0.336809 0.000000
vt 0.007087 0.340477 0.000000
vt 0.072499 0.312519 0.000000
vt -0.004540 0.301092 0.000000
vt 0.065570 0.286286 0.000000
vt -0.008310 0.260184 0.000000
vt 0.063485 0.259223 0.000000
vt -0.004683 0.219078 0.000000
vt 0.066197 0.228871 0.000000
vt 0.006919 0.179495 0.000000
vt 0.075256 0.199800 0.000000
vt 0.026277 0.143070 0.000000
vt 0.091077 0.173792 0.000000
vt 0.052272 0.111024 0.000000
vt 0.112684 0.152332 0.000000
vt 0.083698 0.084293 0.000000
vt 0.132299 0.139015 0.000000
vt 0.120000 0.064718 0.000000
vt 0.153885 0.129222 0.000000
vt 0.159637 0.053323 0.000000
vt -0.059592 0.388229 0.000000
vt -0.059592 0.460024 0.000000
vt -0.182669 0.388229 0.000000
vt -0.254463 0.460024 0.000000
vt -0.182669 0.311306 0.000000
vt -0.182669 0.239511 0.000000
vt -0.059592 0.239511 0.000000
vt -0.254463 0.060024 0.000000
vt -0.182669 0.060024 0.000000
vt -0.059592 0.311306 0.000000
vt -16.014638 0.629943 0.000000
vt -17.954412 0.731602 0.000000
vt -16.159965 0.573705 0.000000
vt -16.287730 0.484495 0.000000
vt -16.390592 0.367439 0.000000
vt -16.462637 0.229265 0.000000
vt -16.499725 0.077914 0.000000
vt -17.954412 -0.731602 0.000000
vt -16.499725 -0.077914 0.000000
vt -16.462637 -0.229265 0.000000
vt -16.390592 -0.367439 0.000000
vt -16.287730 -0.484495 0.000000
vt -16.159965 -0.573705 0.000000
vt -16.014638 -0.629943 0.000000
vt -4.967551 -0.090000 0.000000
vt -2.442743 -0.090000 0.000000
vt -4.988369 -0.008054 0.000000
vt -2.421926 -0.008054 0.000000
vt -5.000942 0.075555 0.000000
vt -2.409352 0.075555 0.000000
vt -5.005147 0.160000 0.000000
vt -2.405147 0.160000 0.000000
vt 3.222904 -0.600000 0.000000
vt 2.377591 -0.600000 0.000000
vt 3.195607 -0.807055 0.000000
vt 2.278473 -0.765231 0.000000
vt 2.140530 -0.899756 0.000000
vt 3.115577 -1.000000 0.000000
vt 1.972865 -0.994696 0.000000
vt 2.988268 -1.165685 0.000000
vt 1.786544 -1.043787 0.000000
vt 2.822355 -1.292820 0.000000
vt 2.421806 -1.400000 0.000000
vt 2.629145 -1.372741 0.000000
vt 1.593865 -1.043787 0.000000
vt 0.958602 -1.400000 0.000000
vt 0.558054 -1.292820 0.000000
vt 0.751263 -1.372741 0.000000
vt 0.392141 -1.165685 0.000000
vt 1.407544 -0.994696 0.000000
vt 0.264831 -1.000000 0.000000
vt 1.239878 -0.899756 0.000000
vt 0.184801 -0.807055 0.000000
vt 1.101935 -0.765231 0.000000
vt 1.002818 -0.600000 0.000000
vt 0.157505 -0.600000 0.000000
vt -12.608938 -0.222529 0.000000
vt -12.609697 -0.000000 0.000000
vt -15.298730 -0.222529 0.000000
vt -18.010021 -0.000000 0.000000
vt -18.008593 -0.222529 0.000000
vt -18.004404 -0.445059 0.000000
vt -15.298730 -0.445059 0.000000
vt -12.606715 -0.445059 0.000000
vt -15.298730 -0.667588 0.000000
vt -12.603178 -0.667588 0.000000
vt -15.298730 -0.890118 0.000000
vt -12.598568 -0.890118 0.000000
vt -15.298730 -1.112647 0.000000
vt -12.593200 -1.112647 0.000000
vt -14.368758 -1.227973 0.000000
vt -14.268430 -1.230608 0.000000
vt -17.997741 -0.667588 0.000000
vt -17.989058 -0.890118 0.000000
vt -17.978946 -1.112647 0.000000
vt -17.968095 -1.335177 0.000000
vt -15.866702 -1.306756 0.000000
vt -16.025659 -1.335177 0.000000
vt -12.587439 -1.335177 0.000000
vt -14.166629 -1.249474 0.000000
vt -14.067750 -1.284722 0.000000
vt -13.976228 -1.335177 0.000000
vt -7.897937 -0.388930 0.000000
vt -7.479603 -0.253752 0.000000
vt -12.559630 -0.222529 0.000000
vt -7.479603 -0.169168 0.000000
vt -7.479603 -0.084584 0.000000
vt -7.479603 -0.000000 0.000000
vt -12.558872 -0.000000 0.000000
vt -12.561854 -0.445059 0.000000
vt -8.284682 -0.524108 0.000000
vt -12.565391 -0.667588 0.000000
vt -8.630076 -0.659287 0.000000
vt -8.925402 -0.794465 0.000000
vt -12.570001 -0.890118 0.000000
vt -9.163207 -0.929643 0.000000
vt -9.337488 -1.064821 0.000000
vt -12.575369 -1.112647 0.000000
vt -9.399368 -1.132410 0.000000
vt -9.443848 -1.199999 0.000000
vt -12.581130 -1.335177 0.000000
vt -9.470650 -1.267588 0.000000
vt -9.477364 -1.301382 0.000000
vt -9.479603 -1.335177 0.000000
vt -13.704412 -0.508869 0.000000
vt -12.581130 -0.450000 0.000000
vt -13.704412 -0.000000 0.000000
vt -12.581130 0.450000 0.000000
vt -13.722059 0.150432 0.000000
vt -13.774042 0.292697 0.000000
vt -13.857539 0.419068 0.000000
vt -13.968016 0.522684 0.000000
vt -9.479603 -0.450000 0.000000
vt -9.479603 0.450000 0.000000
vt -2.088061 -0.450000 0.000000
vt -1.757734 0.840323 0.000000
vt -2.088061 0.450000 0.000000
vt -1.939690 0.715821 0.000000
vt -2.004293 0.650849 0.000000
vt -2.085724 -0.483786 0.000000
vt -2.050733 -0.584609 0.000000
vt -2.004293 -0.650849 0.000000
vt -1.939690 -0.715821 0.000000
vt -2.078714 -0.517518 0.000000
vt -1.757734 -0.840323 0.000000
vt -1.509459 0.954975 0.000000
vt -1.509459 -0.954975 0.000000
vt -1.201129 1.056882 0.000000
vt -1.201129 -1.056882 0.000000
vt -0.840527 1.143473 0.000000
vt -0.840527 -1.143473 0.000000
vt -0.436754 1.212561 0.000000
vt -0.436754 -1.212561 0.000000
vt -0.000000 -1.262404 0.000000
vt -0.000000 1.262404 0.000000
vt -2.050733 0.584609 0.000000
vt -2.085724 0.483786 0.000000
vt -2.078714 0.517518 0.000000
vt 16.025659 -1.335177 0.000000
vt 17.968095 -1.335177 0.000000
vt 15.866702 -1.306756 0.000000
vt 17.978946 -1.112647 0.000000
vt 15.298730 -1.112647 0.000000
vt 15.298730 -0.890118 0.000000
vt 12.598568 -0.890118 0.000000
vt 12.603178 -0.667588 0.000000
vt 15.298730 -0.667588 0.000000
vt 12.606715 -0.445059 0.000000
vt 15.298730 -0.445059 0.000000
vt 12.608938 -0.222529 0.000000
vt 15.298730 -0.222529 0.000000
vt 12.609697 -0.000000 0.000000
vt 18.010021 -0.000000 0.000000
vt 18.008593 -0.222529 0.000000
vt 18.004404 -0.445059 0.000000
vt 17.997741 -0.667588 0.000000
vt 17.989058 -0.890118 0.000000
vt 12.593200 -1.112647 0.000000
vt 13.719649 -1.193585 0.000000
vt 13.717199 -1.240782 0.000000
vt 12.587439 -1.335177 0.000000
vt 13.714735 -1.287980 0.000000
vt 13.712263 -1.335177 0.000000
vt 12.575369 -1.112647 0.000000
vt 9.443848 -1.199999 0.000000
vt 12.581130 -1.335177 0.000000
vt 9.470650 -1.267588 0.000000
vt 9.477364 -1.301382 0.000000
vt 12.570001 -0.890118 0.000000
vt 9.337488 -1.064821 0.000000
vt 9.399368 -1.132410 0.000000
vt 12.565391 -0.667588 0.000000
vt 8.925402 -0.794465 0.000000
vt 9.163207 -0.929643 0.000000
vt 12.561854 -0.445059 0.000000
vt 8.284682 -0.524108 0.000000
vt 8.630076 -0.659287 0.000000
vt 7.897937 -0.388930 0.000000
vt 12.559630 -0.222529 0.000000
vt 7.479603 -0.253752 0.000000
vt 7.479603 -0.169168 0.000000
vt 7.479603 -0.084584 0.000000
vt 12.558872 -0.000000 0.000000
vt 7.479603 -0.000000 0.000000
vt 9.479603 -1.335177 0.000000
vt 0.650000 -2.300100 0.000000
vt 0.650000 -1.960100 0.000000
vt 0.141131 -2.300100 0.000000
vt -0.000000 -1.960100 0.000000
vt 0.093894 -2.298790 0.000000
vt 0.046801 -2.294864 0.000000
vt -0.000000 -2.288334 0.000000
vt -2.150000 -1.960100 0.000000
vt -0.000000 -2.288334 0.000000
vt -2.150000 -2.299625 0.000000
vt 2.150000 -2.299625 0.000000
vt 2.150000 -1.960100 0.000000
vt 0.650000 -2.293349 0.000000
vt 0.650000 -1.960100 0.000000
vt -2.299625 1.021018 0.000000
vt -1.960100 1.021018 0.000000
vt -2.300100 1.182912 0.000000
vt -1.960100 1.191187 0.000000
vt -2.300100 1.339117 0.000000
vt -1.960100 1.361357 0.000000
vt -2.300100 1.495321 0.000000
vt -1.960100 1.531526 0.000000
vt -2.300100 1.651525 0.000000
vt -1.960100 1.701696 0.000000
vt -2.300100 1.807729 0.000000
vt -1.960100 1.871866 0.000000
vt -2.300100 1.963933 0.000000
vt -1.960100 2.042035 0.000000
vt -2.300100 2.120137 0.000000
vt -1.960100 2.212205 0.000000
vt -2.300100 2.276341 0.000000
vt -1.960100 2.382374 0.000000
vt -2.300100 2.432546 0.000000
vt -1.960100 2.552544 0.000000
vt -2.300100 2.588750 0.000000
vt -1.960100 2.722714 0.000000
vt -2.300100 2.744954 0.000000
vt -1.960100 2.892883 0.000000
vt -2.300100 2.901158 0.000000
vt -1.960100 3.063053 0.000000
vt -2.299625 3.063053 0.000000
vt -2.293349 -1.021018 0.000000
vt -1.960100 -1.021018 0.000000
vt -2.293729 -0.920548 0.000000
vt -1.960100 -0.850848 0.000000
vt -2.295848 -0.816906 0.000000
vt -1.960100 -0.680678 0.000000
vt -2.298600 -0.711843 0.000000
vt -2.300100 -0.607235 0.000000
vt -1.960100 -0.510509 0.000000
vt -2.300100 -0.455427 0.000000
vt -1.960100 -0.340339 0.000000
vt -2.300100 -0.303618 0.000000
vt -1.960100 -0.170170 0.000000
vt -2.300100 -0.151809 0.000000
vt -1.960100 -0.000000 0.000000
vt -2.300100 0.000000 0.000000
vt -0.168232 0.627852 0.000000
vt -0.059592 0.460024 0.000000
vt 0.000000 0.650000 0.000000
vt 0.159294 0.466365 0.000000
vt 0.200184 0.470281 0.000000
vt -0.325000 0.562917 0.000000
vt -0.254463 0.460024 0.000000
vt -0.459619 0.459619 0.000000
vt -0.562917 0.325000 0.000000
vt -0.254463 0.060024 0.000000
vt -0.627852 0.168232 0.000000
vt -0.650000 0.000000 0.000000
vt -0.627852 -0.168232 0.000000
vt -0.182669 0.060024 0.000000
vt -0.562917 -0.325000 0.000000
vt 0.159637 0.053323 0.000000
vt 0.200745 0.049768 0.000000
vt 0.688288 -0.124738 0.000000
vt 0.241429 0.053409 0.000000
vt 0.579079 0.052736 0.000000
vt 0.280564 0.065051 0.000000
vt 0.549747 0.062497 0.000000
vt 0.523719 0.079191 0.000000
vt 0.688288 -0.324738 0.000000
vt -0.459619 -0.459619 0.000000
vt -0.325000 -0.562917 0.000000
vt -0.168232 -0.627852 0.000000
vt 0.000000 -0.650000 0.000000
vt 2.150000 -0.650000 0.000000
vt 1.082639 -0.324738 0.000000
vt 1.042134 -0.324738 0.000000
vt 0.954274 -0.327302 0.000000
vt 0.973007 -0.325684 0.000000
vt 0.990919 -0.320037 0.000000
vt 0.999116 -0.315422 0.000000
vt 1.006596 -0.309714 0.000000
vt 1.019057 -0.295651 0.000000
vt 1.098665 -0.246412 0.000000
vt 1.029193 -0.260635 0.000000
vt 1.029314 -0.253864 0.000000
vt 1.028218 -0.238543 0.000000
vt 1.024507 -0.223642 0.000000
vt 1.017872 -0.209801 0.000000
vt 1.049466 -0.178584 0.000000
vt 1.008348 -0.197766 0.000000
vt 0.996497 -0.188010 0.000000
vt 0.982797 -0.181088 0.000000
vt 0.967946 -0.177186 0.000000
vt 0.849826 -0.119610 0.000000
vt 0.952631 -0.176020 0.000000
vt 0.937767 -0.177286 0.000000
vt 0.923435 -0.181398 0.000000
vt 0.910297 -0.188450 0.000000
vt 0.898953 -0.198137 0.000000
vt 0.889698 -0.209834 0.000000
vt 0.883043 -0.223175 0.000000
vt 0.879195 -0.237586 0.000000
vt 0.849826 -0.324738 0.000000
vt 0.878032 -0.252462 0.000000
vt 0.879266 -0.267366 0.000000
vt 0.883266 -0.281773 0.000000
vt 0.890231 -0.295001 0.000000
vt 0.899804 -0.306485 0.000000
vt 0.911490 -0.315803 0.000000
vt 0.924879 -0.322445 0.000000
vt 0.939358 -0.326183 0.000000
vt 2.150000 -0.000000 0.000000
vt 1.424185 -0.324738 0.000000
vt 1.388288 -0.324738 0.000000
vt 1.287607 -0.327302 0.000000
vt 1.306340 -0.325684 0.000000
vt 1.324252 -0.320037 0.000000
vt 1.332450 -0.315422 0.000000
vt 1.339930 -0.309714 0.000000
vt 1.352391 -0.295651 0.000000
vt 1.362527 -0.260635 0.000000
vt 1.322342 -0.281348 0.000000
vt 1.247262 -0.260635 0.000000
vt 1.248869 -0.267931 0.000000
vt 2.127852 0.168232 0.000000
vt 1.096819 0.060024 0.000000
vt 1.458099 -0.176997 0.000000
vt 1.465211 -0.179626 0.000000
vt 1.060053 0.281387 0.000000
vt 2.062917 0.325000 0.000000
vt 1.068743 0.296211 0.000000
vt 1.074609 0.312363 0.000000
vt 1.078870 0.346402 0.000000
vt 1.959619 0.459619 0.000000
vt 1.075945 0.374651 0.000000
vt 1.825000 0.562917 0.000000
vt 1.072006 0.388314 0.000000
vt 1.066269 0.401321 0.000000
vt 1.668232 0.627852 0.000000
vt 1.500000 0.650000 0.000000
vt 0.740408 0.460024 0.000000
vt 0.832716 0.460024 0.000000
vt 0.916370 0.460024 0.000000
vt 1.362647 -0.253864 0.000000
vt 1.388288 -0.178584 0.000000
vt 1.361552 -0.238543 0.000000
vt 1.357841 -0.223642 0.000000
vt 1.351205 -0.209801 0.000000
vt 1.341682 -0.197766 0.000000
vt 1.329831 -0.188010 0.000000
vt 1.316130 -0.181088 0.000000
vt 1.301279 -0.177186 0.000000
vt 1.285964 -0.176020 0.000000
vt 1.271101 -0.177286 0.000000
vt 1.188128 -0.178584 0.000000
vt 1.256768 -0.181398 0.000000
vt 1.243630 -0.188450 0.000000
vt 1.232287 -0.198137 0.000000
vt 1.223031 -0.209834 0.000000
vt 1.216376 -0.223175 0.000000
vt 1.139169 -0.246412 0.000000
vt 1.212528 -0.237586 0.000000
vt 1.211365 -0.252462 0.000000
vt 1.212599 -0.267366 0.000000
vt 1.216600 -0.281773 0.000000
vt 1.195980 -0.324738 0.000000
vt 1.223564 -0.295001 0.000000
vt 1.233137 -0.306485 0.000000
vt 1.244823 -0.315803 0.000000
vt 1.258212 -0.322445 0.000000
vt 1.272691 -0.326183 0.000000
vt 1.419057 -0.178584 0.000000
vt 1.443930 -0.176638 0.000000
vt 1.450588 -0.176020 0.000000
vt 1.419057 -0.196573 0.000000
vt 1.422346 -0.190993 0.000000
vt 1.426473 -0.186004 0.000000
vt 1.431642 -0.181761 0.000000
vt 1.437534 -0.178600 0.000000
vt 1.454073 -0.210034 0.000000
vt 1.424185 -0.265563 0.000000
vt 1.449075 -0.207839 0.000000
vt 1.436646 -0.209001 0.000000
vt 1.433814 -0.211475 0.000000
vt 1.431500 -0.214439 0.000000
vt 1.446449 -0.207087 0.000000
vt 1.440022 -0.207345 0.000000
vt 1.438284 -0.208067 0.000000
vt 1.443737 -0.206789 0.000000
vt 1.441858 -0.206926 0.000000
vt 1.428094 -0.221135 0.000000
vt 1.426183 -0.228416 0.000000
vt 1.424065 -0.258432 0.000000
vt 1.251570 -0.274893 0.000000
vt 1.255433 -0.281280 0.000000
vt 1.315130 -0.287766 0.000000
vt 1.260470 -0.286789 0.000000
vt 1.266491 -0.291199 0.000000
vt 1.306799 -0.292636 0.000000
vt 1.273296 -0.294269 0.000000
vt 1.280556 -0.296011 0.000000
vt 1.288008 -0.296533 0.000000
vt 1.297612 -0.295581 0.000000
vt 1.089971 -0.178584 0.000000
vt 1.017011 0.060024 0.000000
vt 1.118857 -0.218408 0.000000
vt 1.147623 -0.178584 0.000000
vt 1.155475 -0.324738 0.000000
vt 1.118977 -0.274417 0.000000
vt 0.989009 -0.281348 0.000000
vt 0.913929 -0.260635 0.000000
vt 0.915535 -0.267931 0.000000
vt 0.918236 -0.274893 0.000000
vt 0.922099 -0.281280 0.000000
vt 0.981796 -0.287766 0.000000
vt 0.927137 -0.286789 0.000000
vt 0.933158 -0.291199 0.000000
vt 0.973466 -0.292636 0.000000
vt 0.939963 -0.294269 0.000000
vt 0.947223 -0.296011 0.000000
vt 0.954674 -0.296533 0.000000
vt 0.964279 -0.295581 0.000000
vt 0.813929 -0.119610 0.000000
vt 0.785724 -0.234994 0.000000
vt 0.813929 -0.324738 0.000000
vt 0.724185 -0.324738 0.000000
vt 0.832716 0.060024 0.000000
vt 0.640685 0.052555 0.000000
vt 0.609879 0.049768 0.000000
vt 0.785724 -0.124738 0.000000
vt 0.785724 -0.160635 0.000000
vt 0.785724 -0.199097 0.000000
vt 0.724185 -0.160635 0.000000
vt 0.724185 -0.199097 0.000000
vt 0.724185 -0.234994 0.000000
vt 0.740408 0.221402 0.000000
vt 0.737749 0.159549 0.000000
vt 0.731145 0.129369 0.000000
vt 0.973183 0.457375 0.000000
vt 1.001202 0.452525 0.000000
vt 1.014753 0.448222 0.000000
vt 1.027549 0.442026 0.000000
vt 1.039305 0.434030 0.000000
vt 1.049764 0.424403 0.000000
vt 1.058775 0.413403 0.000000
vt 1.048731 0.268467 0.000000
vt 1.035264 0.257793 0.000000
vt 1.004511 0.242556 0.000000
vt 0.904511 0.060024 0.000000
vt 0.928870 0.234383 0.000000
vt 0.904511 0.234383 0.000000
vt 0.478870 0.460024 0.000000
vt 0.403527 0.299753 0.000000
vt 0.478870 0.221402 0.000000
vt 0.407075 0.258822 0.000000
vt 0.403576 0.218121 0.000000
vt 0.550665 0.460024 0.000000
vt 0.241082 0.466444 0.000000
vt 0.280335 0.454375 0.000000
vt 0.550665 0.199768 0.000000
vt 0.668613 0.209303 0.000000
vt 0.668613 0.460024 0.000000
vt 0.667522 0.178520 0.000000
vt 0.552015 0.171797 0.000000
vt 0.665478 0.163259 0.000000
vt 0.554532 0.158024 0.000000
vt 0.663549 0.155805 0.000000
vt 0.556831 0.151411 0.000000
vt 0.660407 0.148775 0.000000
vt 0.560080 0.145205 0.000000
vt 0.656052 0.142423 0.000000
vt 0.564322 0.139631 0.000000
vt 0.650789 0.136796 0.000000
vt 0.569256 0.134658 0.000000
vt 0.644746 0.132023 0.000000
vt 0.574880 0.130482 0.000000
vt 0.638121 0.128081 0.000000
vt 0.581025 0.127116 0.000000
vt 0.594334 0.122828 0.000000
vt 0.608277 0.121563 0.000000
vt 0.623589 0.123056 0.000000
vt 0.716383 0.102227 0.000000
vt 0.695759 0.079194 0.000000
vt 0.683526 0.069703 0.000000
vt 0.670100 0.061999 0.000000
vt 0.316349 0.084715 0.000000
vt 0.512356 0.089713 0.000000
vt 0.347546 0.111080 0.000000
vt 0.502525 0.101677 0.000000
vt 0.494541 0.114944 0.000000
vt 0.488700 0.129281 0.000000
vt 0.373408 0.142696 0.000000
vt 0.482327 0.159569 0.000000
vt 0.392392 0.178845 0.000000
vt -0.004540 0.301092 0.000000
vt -0.059592 0.311306 0.000000
vt -0.008310 0.260184 0.000000
vt -0.059592 0.239511 0.000000
vt -0.004683 0.219078 0.000000
vt 0.006919 0.179495 0.000000
vt -0.182669 0.239511 0.000000
vt 0.007087 0.340477 0.000000
vt -0.059592 0.388229 0.000000
vt -0.182669 0.311306 0.000000
vt -0.182669 0.388229 0.000000
vt 0.026254 0.376807 0.000000
vt 0.052140 0.408695 0.000000
vt 0.083923 0.434707 0.000000
vt 0.120042 0.454274 0.000000
vt 0.316116 0.434222 0.000000
vt 0.347319 0.407498 0.000000
vt 0.373229 0.375619 0.000000
vt 0.392364 0.339279 0.000000
vt 0.120000 0.064718 0.000000
vt 0.083698 0.084293 0.000000
vt 0.052272 0.111024 0.000000
vt 0.026277 0.143070 0.000000
vt 0.218976 0.085017 0.000000
vt 0.000000 0.085019 0.000000
vt 0.184337 0.074346 0.000000
vt -0.000000 0.072020 0.000000
vt 0.184337 0.063673 0.000000
vt -0.000000 0.059893 0.000000
vt 0.184337 0.052999 0.000000
vt -0.000000 0.048252 0.000000
vt 0.184337 0.042326 0.000000
vt -0.000000 0.036768 0.000000
vt 0.184337 0.031744 0.000000
vt -0.000000 0.025127 0.000000
vt 0.184337 0.021163 0.000000
vt -0.000000 0.013000 0.000000
vt 0.184337 0.010581 0.000000
vt 0.000000 0.000000 0.000000
vt 0.218976 0.000046 0.000000
vt 0.302492 0.010581 0.000000
vt 0.437979 0.000049 0.000000
vt 0.420647 0.010581 0.000000
vt 0.538802 0.010581 0.000000
vt 0.420647 0.021163 0.000000
vt 0.538802 0.021163 0.000000
vt 0.420647 0.031744 0.000000
vt 0.538802 0.031744 0.000000
vt 0.420647 0.042326 0.000000
vt 0.538802 0.042326 0.000000
vt 0.420647 0.052999 0.000000
vt 0.538802 0.052999 0.000000
vt 0.420647 0.063673 0.000000
vt 0.538802 0.063673 0.000000
vt 0.420647 0.074346 0.000000
vt 0.538802 0.074346 0.000000
vt 0.437979 0.085017 0.000000
vt 0.656958 0.085019 0.000000
vt 0.656958 0.074346 0.000000
vt 0.792838 0.074346 0.000000
vt 0.792838 0.063673 0.000000
vt 0.923107 0.063673 0.000000
vt 0.923107 0.052999 0.000000
vt 1.053377 0.052999 0.000000
vt 1.053377 0.042326 0.000000
vt 1.183646 0.042326 0.000000
vt 1.183646 0.031744 0.000000
vt 1.313915 0.042510 0.000000
vt 1.313915 0.028999 0.000000
vt 1.183646 0.021163 0.000000
vt 1.313915 0.015011 0.000000
vt 1.183646 0.010581 0.000000
vt 1.313915 0.000000 0.000000
vt 1.094940 0.000047 0.000000
vt 1.053377 0.010581 0.000000
vt 0.923107 0.010581 0.000000
vt 0.923107 0.021163 0.000000
vt 0.792838 0.021163 0.000000
vt 0.792838 0.031744 0.000000
vt 0.656958 0.031744 0.000000
vt 0.656958 0.042326 0.000000
vt 0.656958 0.000000 0.000000
vt 0.656958 0.010581 0.000000
vt 0.656958 0.021163 0.000000
vt 0.792838 0.010581 0.000000
vt 0.875936 0.000049 0.000000
vt 1.183646 0.052999 0.000000
vt 1.313915 0.056021 0.000000
vt 1.183646 0.063673 0.000000
vt 1.313915 0.070009 0.000000
vt 1.183646 0.074346 0.000000
vt 1.313915 0.085019 0.000000
vt 1.094940 0.085019 0.000000
vt 0.875936 0.085018 0.000000
vt 0.923107 0.074346 0.000000
vt 1.053377 0.074346 0.000000
vt 0.302492 0.074346 0.000000
vt 0.302492 0.063673 0.000000
vt 0.302492 0.052999 0.000000
vt 0.302492 0.042326 0.000000
vt 0.302492 0.031744 0.000000
vt 0.302492 0.021163 0.000000
vt 0.656958 0.063673 0.000000
vt 0.656958 0.052999 0.000000
vt 1.053377 0.063673 0.000000
vt 0.792838 0.052999 0.000000
vt 0.923107 0.042326 0.000000
vt 1.053377 0.031744 0.000000
vt 0.792838 0.042326 0.000000
vt 0.923107 0.031744 0.000000
vt 1.053377 0.021163 0.000000
vt 2.421806 -0.065450 0.000000
vt 2.177939 -0.065450 0.000000
vt 2.421806 -0.078540 0.000000
vt 1.934071 -0.065450 0.000000
vt 1.690204 -0.065450 0.000000
vt 1.690204 -0.052360 0.000000
vt 1.446337 -0.052360 0.000000
vt 1.446337 -0.039270 0.000000
vt 1.202470 -0.039270 0.000000
vt 1.202470 -0.026180 0.000000
vt 0.958602 -0.026180 0.000000
vt 0.958602 -0.013090 0.000000
vt 1.202470 -0.013090 0.000000
vt 0.958602 0.000000 0.000000
vt 1.446337 -0.013090 0.000000
vt 1.690204 -0.013090 0.000000
vt 1.690204 -0.026180 0.000000
vt 1.934071 -0.026180 0.000000
vt 1.934071 -0.039270 0.000000
vt 2.177939 -0.039270 0.000000
vt 2.177939 -0.052360 0.000000
vt 2.421806 -0.052360 0.000000
vt 2.421806 -0.039270 0.000000
vt 2.177939 -0.026180 0.000000
vt 1.934071 -0.013090 0.000000
vt 2.421806 0.000000 0.000000
vt 2.421806 -0.026180 0.000000
vt 2.177939 -0.013090 0.000000
vt 2.421806 -0.013090 0.000000
vt 0.958602 -0.039270 0.000000
vt 1.202470 -0.052360 0.000000
vt 1.446337 -0.065450 0.000000
vt 0.958602 -0.078540 0.000000
vt 0.958602 -0.052360 0.000000
vt 1.202470 -0.065450 0.000000
vt 0.958602 -0.065450 0.000000
vt 1.934071 -0.052360 0.000000
vt 1.690204 -0.039270 0.000000
vt 1.446337 -0.026180 0.000000
vt 1.532891 0.085019 0.000000
vt 1.313915 0.085019 0.000000
vt 1.498247 0.074346 0.000000
vt 1.313915 0.070009 0.000000
vt 1.498247 0.063673 0.000000
vt 1.313915 0.056021 0.000000
vt 1.498247 0.052999 0.000000
vt 1.313915 0.042510 0.000000
vt 1.498247 0.042326 0.000000
vt 1.498247 0.031744 0.000000
vt 1.616404 0.031744 0.000000
vt 1.616404 0.021163 0.000000
vt 1.734560 0.021163 0.000000
vt 1.734560 0.010581 0.000000
vt 1.852717 0.010581 0.000000
vt 1.751894 0.000049 0.000000
vt 1.970873 0.000000 0.000000
vt 1.313915 0.028999 0.000000
vt 1.498247 0.021163 0.000000
vt 1.616404 0.010581 0.000000
vt 1.313915 0.015011 0.000000
vt 1.498247 0.010581 0.000000
vt 1.532891 0.000047 0.000000
vt 1.313915 0.000000 0.000000
vt 2.189851 0.000049 0.000000
vt 2.106894 0.010581 0.000000
vt 1.970873 0.010581 0.000000
vt 1.852717 0.021163 0.000000
vt 1.734560 0.031744 0.000000
vt 1.616404 0.042326 0.000000
vt 2.237128 0.010581 0.000000
vt 2.408855 0.000046 0.000000
vt 2.367362 0.010581 0.000000
vt 2.497596 0.010581 0.000000
vt 2.367362 0.021163 0.000000
vt 2.497596 0.021163 0.000000
vt 2.367362 0.031744 0.000000
vt 2.497596 0.031744 0.000000
vt 2.367362 0.042326 0.000000
vt 2.497596 0.042326 0.000000
vt 2.367362 0.052999 0.000000
vt 2.497596 0.052999 0.000000
vt 2.367362 0.063673 0.000000
vt 2.497596 0.063673 0.000000
vt 2.367362 0.074346 0.000000
vt 2.497596 0.074346 0.000000
vt 2.408855 0.085017 0.000000
vt 2.627830 0.085019 0.000000
vt 2.627830 0.072020 0.000000
vt 2.627830 0.059893 0.000000
vt 2.627830 0.048252 0.000000
vt 2.627830 0.036768 0.000000
vt 2.627830 0.025127 0.000000
vt 2.627830 0.013000 0.000000
vt 2.627830 -0.000000 0.000000
vt 2.237128 0.074346 0.000000
vt 2.189851 0.085017 0.000000
vt 2.106894 0.074346 0.000000
vt 1.970873 0.085019 0.000000
vt 1.970873 0.074346 0.000000
vt 1.852717 0.074346 0.000000
vt 1.970873 0.063673 0.000000
vt 1.852717 0.063673 0.000000
vt 1.970873 0.052999 0.000000
vt 1.852717 0.052999 0.000000
vt 1.970873 0.042326 0.000000
vt 1.852717 0.042326 0.000000
vt 1.970873 0.031744 0.000000
vt 1.852717 0.031744 0.000000
vt 1.970873 0.021163 0.000000
vt 1.751894 0.085018 0.000000
vt 1.734560 0.074346 0.000000
vt 1.734560 0.063673 0.000000
vt 1.734560 0.052999 0.000000
vt 1.734560 0.042326 0.000000
vt 1.616404 0.074346 0.000000
vt 1.616404 0.063673 0.000000
vt 1.616404 0.052999 0.000000
vt 2.106894 0.063673 0.000000
vt 2.106894 0.052999 0.000000
vt 2.106894 0.042326 0.000000
vt 2.106894 0.031744 0.000000
vt 2.106894 0.021163 0.000000
vt 2.237128 0.063673 0.000000
vt 2.237128 0.052999 0.000000
vt 2.237128 0.042326 0.000000
vt 2.237128 0.031744 0.000000
vt 2.237128 0.021163 0.000000
vn 0.000000 0.000000 1.000000
vn 0.000000 0.000000 1.000000
vn 0.000000 0.000000 1.000000
vn 0.000000 0.000000 1.000000
vn 0.000000 0.000000 1.000000
vn 0.000000 0.000000 1.000000
vn 0.000000 0.000000 1.000000
vn 0.000000 0.000000 1.000000
vn 0.000000 0.000000 1.000000
vn 0.000000 0.000000 1.000000
vn 0.784359 0.620307 0.000000
vn 0.916515 0.400000 0.000000
vn 0.784359 0.620307 0.000000
vn 0.916515 0.400000 0.000000
vn 0.784359 0.620307 0.000000
vn 0.600434 0.799674 0.000000
vn 0.600434 0.799674 0.000000
vn 0.376881 0.926262 0.000000
vn 0.376881 0.926262 0.000000
vn 0.128453 0.991716 0.000000
vn 0.128453 0.991716 0.000000
vn -0.128453 0.991716 0.000000
vn -0.128453 0.991716 0.000000
vn -0.376881 0.926262 0.000000
vn -0.376881 0.926262 0.000000
vn -0.600434 0.799674 0.000000
vn -0.600434 0.799674 0.000000
vn -0.784359 0.620307 0.000000
vn -0.784359 0.620307 0.000000
vn -0.916515 0.400000 0.000000
vn -0.916515 0.400000 0.000000
vn -0.784359 0.620307 0.000000
vn -0.600434 0.799674 0.000000
vn -0.376881 0.926262 0.000000
vn -0.128453 0.991716 0.000000
vn 0.128453 0.991716 0.000000
vn 0.376881 0.926262 0.000000
vn 0.600434 0.799674 0.000000
vn 0.000000 1.000000 -0.000000
vn 0.000000 1.000000 -0.000000
vn 0.000000 1.000000 -0.000000
vn 0.000000 1.000000 -0.000000
vn 0.000000 1.000000 -0.000000
vn 0.000000 1.000000 -0.000000
vn 0.000000 1.000000 -0.000000
vn 0.000000 1.000000 -0.000000
vn 0.000000 1.000000 -0.000000
vn 0.000000 1.000000 -0.000000
vn 0.000000 1.000000 -0.000000
vn 0.000000 1.000000 -0.000000
vn 0.000000 1.000000 -0.000000
vn 0.000000 1.000000 -0.000000
vn 0.000000 1.000000 -0.000000
vn 0.000000 1.000000 -0.000000
vn 0.000000 1.000000 -0.000000
vn 0.000000 1.000000 -0.000000
vn 0.000000 1.000000 -0.000000
vn 0.000000 1.000000 -0.000000
vn 0.000000 1.000000 -0.000000
vn 0.000000 1.000000 -0.000000
vn 0.000000 1.000000 -0.000000
vn 0.000000 1.000000 -0.000000
vn 0.000000 -1.000000 0.000000
vn 0.000000 -1.000000 0.000000
vn 0.000000 -1.000000 0.000000
vn 0.000000 -1.000000 0.000000
vn 0.000000 -1.000000 0.000000
vn 0.000000 -1.000000 0.000000
vn 0.000000 -1.000000 0.000000
vn 0.000000 -1.000000 0.000000
vn 0.000000 -1.000000 0.000000
vn 0.000000 -1.000000 0.000000
vn 0.000000 -1.000000 0.000000
vn 0.000000 -1.000000 0.000000
vn 0.000000 -1.000000 0.000000
vn 0.000000 -1.000000 0.000000
vn 0.000000 -1.000000 0.000000
vn 0.000000 -1.000000 0.000000
vn 0.000000 -1.000000 0.000000
vn 0.000000 -1.000000 0.000000
vn 0.000000 -1.000000 0.000000
vn 0.000000 -1.000000 0.000000
vn 0.000000 -1.000000 0.000000
vn 0.000000 -1.000000 0.000000
vn 0.000000 -1.000000 0.000000
vn 0.000000 -1.000000 0.000000
vn 0.000000 -1.000000 0.000000
vn 0.000000 -1.000000 0.000000
vn 0.000000 -1.000000 0.000000
vn 0.000000 -1.000000 0.000000
vn 0.000000 -1.000000 0.000000
vn 0.000000 -1.000000 0.000000
vn 0.000000 -1.000000 0.000000
vn 0.000000 -1.000000 0.000000
vn 0.000000 -1.000000 0.000000
vn 0.000000 -1.000000 0.000000
vn 0.000000 -1.000000 0.000000
vn 0.000000 -1.000000 0.000000
vn 0.000000 -1.000000 0.000000
vn 0.000000 -1.000000 0.000000
vn 0.000000 -1.000000 0.000000
vn 0.000000 -1.000000 0.000000
vn 0.000000 -1.000000 0.000000
vn 0.000000 -1.000000 0.000000
vn 0.000000 -1.000000 0.000000
vn 0.000000 -1.000000 0.000000
vn 0.000000 -1.000000 0.000000
vn 0.000000 -1.000000 0.000000
vn 0.000000 -1.000000 0.000000
vn 0.000000 -1.000000 0.000000
vn 0.000000 -1.000000 0.000000
vn 0.000000 -1.000000 0.000000
vn 0.000000 -1.000000 0.000000
vn 0.000000 -1.000000 0.000000
vn 0.000000 -1.000000 0.000000
vn 0.000000 -1.000000 0.000000
vn 0.000000 -1.000000 0.000000
vn 0.000000 -1.000000 0.000000
vn 0.000000 -1.000000 0.000000
vn 0.000000 -1.000000 0.000000
vn 0.000000 -1.000000 0.000000
vn 0.000000 -1.000000 0.000000
vn 0.000000 -1.000000 0.000000
vn 0.000000 -1.000000 0.000000
vn 0.000000 -1.000000 0.000000
vn 0.000000 -1.000000 0.000000
vn 0.000000 -1.000000 0.000000
vn 0.000000 -1.000000 0.000000
vn 0.000000 -1.000000 0.000000
vn 0.000000 -1.000000 0.000000
vn 0.000000 -1.000000 0.000000
vn 0.000000 -1.000000 0.000000
vn 0.000000 -1.000000 0.000000
vn 0.000000 -1.000000 0.000000
vn 0.000000 -1.000000 0.000000
vn 0.000000 -1.000000 0.000000
vn 0.000000 -1.000000 0.000000
vn 0.000000 -1.000000 0.000000
vn 0.000000 -1.000000 0.000000
vn 0.000000 -1.000000 0.000000
vn 0.000000 -1.000000 0.000000
vn 0.000000 -1.000000 0.000000
vn 0.000000 -1.000000 0.000000
vn 0.000000 -1.000000 0.000000
vn 0.000000 -1.000000 0.000000
vn 0.000000 -1.000000 0.000000
vn 0.000000 -1.000000 0.000000
vn 0.000000 -1.000000 0.000000
vn 0.000000 -1.000000 0.000000
vn 0.000000 -1.000000 0.000000
vn 0.000000 -1.000000 0.000000
vn 0.000000 -1.000000 0.000000
vn 0.000000 -1.000000 0.000000
vn 0.000000 -1.000000 0.000000
vn 0.000000 -1.000000 0.000000
vn 0.000000 -1.000000 0.000000
vn 0.000000 -1.000000 0.000000
vn 0.000000 -1.000000 0.000000
vn 0.000000 -1.000000 0.000000
vn 0.000000 -1.000000 0.000000
vn 0.000000 -1.000000 0.000000
vn 0.000000 -1.000000 0.000000
vn 0.000000 -1.000000 0.000000
vn 0.000000 -1.000000 0.000000
vn 0.000000 -1.000000 0.000000
vn 0.000000 -1.000000 0.000000
vn 0.000000 -1.000000 0.000000
vn 0.000000 -1.000000 0.000000
vn 0.000000 -1.000000 0.000000
vn 0.000000 -1.000000 0.000000
vn 0.000000 -1.000000 0.000000
vn 0.000000 -1.000000 0.000000
vn 0.000000 -1.000000 0.000000
vn 0.000000 -1.000000 0.000000
vn 0.000000 -1.000000 0.000000
vn 0.000000 -1.000000 0.000000
vn 0.000000 -1.000000 0.000000
vn 0.000000 -1.000000 0.000000
vn 0.000000 -1.000000 0.000000
vn 0.000000 -1.000000 0.000000
vn 0.000000 -1.000000 0.000000
vn 0.000000 -1.000000 0.000000
vn 0.000000 -1.000000 0.000000
vn 0.000000 -1.000000 0.000000
vn 0.000000 -1.000000 0.000000
vn 0.000000 -1.000000 0.000000
vn 0.000000 -1.000000 0.000000
vn 0.000000 -1.000000 0.000000
vn 0.000000 -1.000000 0.000000
vn 0.000000 -1.000000 0.000000
vn 0.000000 -1.000000 0.000000
vn 0.000000 -1.000000 0.000000
vn 0.000000 -1.000000 0.000000
vn 0.000000 -1.000000 0.000000
vn 0.000000 -1.000000 0.000000
vn 0.000000 -1.000000 0.000000
vn 0.000000 -1.000000 0.000000
vn 0.000000 -1.000000 0.000000
vn 0.000000 -1.000000 0.000000
vn 0.000000 -1.000000 0.000000
vn 0.000000 -1.000000 0.000000
vn 0.000000 -1.000000 0.000000
vn 0.000000 -1.000000 0.000000
vn 0.000000 -1.000000 0.000000
vn 0.000000 -1.000000 0.000000
vn 0.000000 -1.000000 0.000000
vn 0.000000 -1.000000 0.000000
vn 0.000000 -1.000000 0.000000
vn 0.000000 -1.000000 0.000000
vn 0.000000 -1.000000 0.000000
vn 0.000000 -1.000000 0.000000
vn 0.000000 -1.000000 0.000000
vn 0.000000 -1.000000 0.000000
vn 0.000000 -1.000000 0.000000
vn 0.000000 -1.000000 0.000000
vn 0.000000 -1.000000 0.000000
vn 0.000000 -1.000000 0.000000
vn 0.000000 -1.000000 0.000000
vn 0.000000 -1.000000 0.000000
vn 0.000000 -1.000000 0.000000
vn 0.000000 -1.000000 0.000000
vn 0.000000 -1.000000 0.000000
vn 0.000000 -1.000000 0.000000
vn 0.000000 -1.000000 0.000000
vn 0.000000 -1.000000 0.000000
vn 0.000000 -1.000000 0.000000
vn 0.000000 -1.000000 0.000000
vn 0.000000 -1.000000 0.000000
vn 0.000000 -1.000000 0.000000
vn 0.000000 -1.000000 0.000000
vn 0.000000 -1.000000 0.000000
vn 0.000000 -1.000000 0.000000
vn 0.000000 -1.000000 0.000000
vn 0.000000 -1.000000 0.000000
vn 0.000000 -1.000000 0.000000
vn 0.000000 -1.000000 0.000000
vn 0.000000 -1.000000 0.000000
vn 0.000000 -1.000000 0.000000
vn 0.000000 -1.000000 0.000000
vn 0.000000 -1.000000 0.000000
vn 0.000000 -1.000000 0.000000
vn 0.000000 -1.000000 0.000000
vn 0.000000 -1.000000 0.000000
vn 0.000000 -1.000000 0.000000
vn 0.000000 -1.000000 0.000000
vn 0.000000 -1.000000 0.000000
vn 0.000000 -1.000000 0.000000
vn 0.000000 -1.000000 0.000000
vn 0.000000 -1.000000 0.000000
vn 0.000000 -1.000000 0.000000
vn 0.000000 -1.000000 0.000000
vn 0.000000 -1.000000 0.000000
vn 0.000000 -1.000000 0.000000
vn 0.000000 -1.000000 0.000000
vn 0.000000 -1.000000 0.000000
vn 0.000000 -1.000000 0.000000
vn 0.000000 -1.000000 0.000000
vn 0.000000 -1.000000 0.000000
vn 0.000000 -1.000000 0.000000
vn 0.000000 -1.000000 0.000000
vn 0.000000 -1.000000 0.000000
vn 0.000000 -1.000000 0.000000
vn 0.000000 -1.000000 0.000000
vn 0.000000 -1.000000 0.000000
vn 0.000000 -1.000000 0.000000
vn 0.000000 -1.000000 0.000000
vn 0.000000 -1.000000 0.000000
vn 0.000000 -1.000000 0.000000
vn 0.000000 -1.000000 0.000000
vn 0.000000 -1.000000 0.000000
vn 0.000000 -1.000000 0.000000
vn 0.000000 -1.000000 0.000000
vn 0.000000 -1.000000 0.000000
vn 0.000000 -1.000000 0.000000
vn 0.000000 -1.000000 0.000000
vn 0.000000 -1.000000 0.000000
vn 0.000000 -1.000000 0.000000
vn 0.000000 -1.000000 0.000000
vn 0.000000 -1.000000 0.000000
vn 0.000000 -1.000000 0.000000
vn 0.000000 -1.000000 0.000000
vn 0.000000 -1.000000 0.000000
vn 0.000000 -1.000000 0.000000
vn 0.000000 -1.000000 0.000000
vn 0.000000 -1.000000 0.000000
vn 0.000000 -1.000000 0.000000
vn 0.000000 -1.000000 0.000000
vn 0.000000 -1.000000 0.000000
vn 0.000000 -1.000000 0.000000
vn 0.000000 -1.000000 0.000000
vn 0.000000 -1.000000 0.000000
vn 0.000000 -1.000000 0.000000
vn 0.000000 -1.000000 0.000000
vn 0.000000 -1.000000 0.000000
vn 0.000000 -1.000000 0.000000
vn 0.000000 -1.000000 0.000000
vn 0.000000 -1.000000 0.000000
vn 0.000000 -1.000000 0.000000
vn 0.000000 -1.000000 0.000000
vn 0.000000 -1.000000 0.000000
vn 0.000000 -1.000000 0.000000
vn 0.000000 -1.000000 0.000000
vn 0.000000 -1.000000 0.000000
vn 0.000000 -1.000000 0.000000
vn 0.000000 -1.000000 0.000000
vn 0.000000 -1.000000 0.000000
vn 0.000000 -1.000000 0.000000
vn 0.000000 -1.000000 0.000000
vn 0.000000 -1.000000 0.000000
vn 0.000000 -1.000000 0.000000
vn 0.000000 -1.000000 0.000000
vn 0.000000 -1.000000 0.000000
vn 0.000000 -1.000000 0.000000
vn 0.000000 -1.000000 0.000000
vn 0.000000 -1.000000 0.000000
vn 0.000000 -1.000000 0.000000
vn 0.000000 -1.000000 0.000000
vn 0.000000 -1.000000 0.000000
vn 0.000000 -1.000000 0.000000
vn 0.000000 -1.000000 0.000000
vn 0.000000 -1.000000 0.000000
vn 0.000000 -1.000000 0.000000
vn 0.000000 -1.000000 0.000000
vn 0.000000 -1.000000 0.000000
vn 0.000000 -1.000000 0.000000
vn 0.000000 -1.000000 0.000000
vn 0.000000 -1.000000 0.000000
vn 0.000000 -1.000000 0.000000
vn 0.000000 -1.000000 0.000000
vn 0.000000 -1.000000 0.000000
vn 0.000000 -1.000000 0.000000
vn 0.000000 -1.000000 0.000000
vn 0.000000 -1.000000 0.000000
vn 0.000000 -1.000000 0.000000
vn 0.000000 -1.000000 0.000000
vn 0.000000 -1.000000 0.000000
vn 0.000000 -1.000000 0.000000
vn 0.000000 -1.000000 0.000000
vn 0.000000 -1.000000 0.000000
vn 0.000000 -1.000000 0.000000
vn 0.000000 -1.000000 0.000000
vn 0.000000 -1.000000 0.000000
vn 0.000000 -1.000000 0.000000
vn 0.000000 -1.000000 0.000000
vn 0.000000 -1.000000 0.000000
vn 0.000000 -1.000000 0.000000
vn 0.000000 -1.000000 0.000000
vn 0.000000 -1.000000 0.000000
vn 0.000000 -1.000000 0.000000
vn 0.000000 -1.000000 0.000000
vn 0.000000 -1.000000 0.000000
vn 0.000000 -1.000000 0.000000
vn 0.000000 -1.000000 0.000000
vn 0.000000 -1.000000 0.000000
vn 0.000000 -1.000000 0.000000
vn 0.000000 -1.000000 0.000000
vn 0.000000 -1.000000 0.000000
vn 0.000000 -1.000000 0.000000
vn 0.000000 -1.000000 0.000000
vn 0.000000 -1.000000 0.000000
vn 0.000000 -1.000000 0.000000
vn 0.000000 -1.000000 0.000000
vn 0.000000 -1.000000 0.000000
vn 0.000000 -1.000000 0.000000
vn 0.000000 -1.000000 0.000000
vn 0.000000 -1.000000 0.000000
vn 0.000000 -1.000000 0.000000
vn 0.000000 -1.000000 0.000000
vn 0.000000 -1.000000 0.000000
vn 0.000000 -1.000000 0.000000
vn 0.000000 -1.000000 0.000000
vn 0.000000 -1.000000 0.000000
vn 0.000000 -1.000000 0.000000
vn 0.000000 -1.000000 0.000000
vn 0.000000 -1.000000 0.000000
vn 0.000000 -1.000000 0.000000
vn 0.000000 -1.000000 0.000000
vn 0.000000 -1.000000 0.000000
vn 0.000000 -1.000000 0.000000
vn 0.000000 -1.000000 0.000000
vn 0.000000 -1.000000 0.000000
vn 0.000000 -1.000000 0.000000
vn 0.000000 -1.000000 0.000000
vn 0.000000 -1.000000 0.000000
vn 0.000000 -1.000000 0.000000
vn 0.000000 -1.000000 0.000000
vn 0.000000 -1.000000 0.000000
vn 0.000000 -1.000000 0.000000
vn 0.000000 -1.000000 0.000000
vn 0.000000 -1.000000 0.000000
vn 0.000000 -1.000000 0.000000
vn 0.000000 -1.000000 0.000000
vn 0.000000 -1.000000 0.000000
vn 0.000000 -1.000000 0.000000
vn 0.000000 -1.000000 0.000000
vn 0.000000 -1.000000 0.000000
vn 0.000000 -1.000000 0.000000
vn 0.000000 -1.000000 0.000000
vn 0.000000 -1.000000 0.000000
vn 0.000000 -1.000000 0.000000
vn 0.000000 -1.000000 0.000000
vn 0.000000 -1.000000 0.000000
vn 0.000000 -1.000000 0.000000
vn 0.000000 -1.000000 0.000000
vn 0.000000 -1.000000 0.000000
vn 0.000000 -1.000000 0.000000
vn 0.000000 -1.000000 0.000000
vn 0.000000 -1.000000 0.000000
vn -0.000000 -0.000000 -1.000000
vn -0.000000 -0.000000 -1.000000
vn -0.000000 -0.000000 -1.000000
vn -0.000000 -0.000000 -1.000000
vn -0.000000 -0.000000 -1.000000
vn -0.000000 -0.000000 -1.000000
vn -0.000000 -0.000000 -1.000000
vn -0.000000 -0.000000 -1.000000
vn -0.000000 -0.000000 1.000000
vn -0.000000 -0.000000 1.000000
vn -0.000000 -0.000000 1.000000
vn -0.000000 -0.000000 1.000000
vn -0.000000 -0.000000 1.000000
vn -0.000000 -0.000000 1.000000
vn -0.000000 -0.000000 1.000000
vn -0.000000 -0.000000 1.000000
vn -0.000000 -0.000000 1.000000
vn -0.000000 -0.000000 1.000000
vn -0.000000 -0.000000 1.000000
vn -0.000000 -0.000000 1.000000
vn -0.000000 -0.000000 1.000000
vn -0.000000 -0.000000 1.000000
vn -0.000000 -0.000000 1.000000
vn -0.000000 -0.000000 1.000000
vn -0.000000 -0.000000 1.000000
vn -0.000000 -0.000000 1.000000
vn -0.000000 -0.000000 1.000000
vn -0.000000 -0.000000 1.000000
vn -0.000000 -0.000000 1.000000
vn -0.000000 -0.000000 1.000000
vn -0.000000 -0.000000 1.000000
vn -0.000000 -0.000000 1.000000
vn 0.964602 -0.258819 -0.050553
vn 0.998630 -0.000000 -0.052336
vn 0.964602 -0.258819 -0.050553
vn 0.998630 -0.000000 -0.052336
vn 0.964602 -0.258819 -0.050553
vn 0.864839 -0.500000 -0.045324
vn 0.864839 -0.500000 -0.045324
vn 0.864839 -0.500000 -0.045324
vn 0.706138 -0.707107 -0.037007
vn 0.706138 -0.707107 -0.037007
vn 0.499315 -0.866025 -0.026168
vn 0.499315 -0.866025 -0.026168
vn 0.258464 -0.965926 -0.013546
vn 0.258464 -0.965926 -0.013546
vn 0.125615 -0.992057 -0.006583
vn 0.122544 -0.992442 -0.006422
vn 0.706138 -0.707107 -0.037007
vn 0.499315 -0.866025 -0.026168
vn 0.258464 -0.965926 -0.013546
vn 0.033384 -0.999441 -0.001750
vn 0.000000 -1.000000 -0.000000
vn 0.100518 -0.994921 -0.005268
vn 0.059242 -0.998239 -0.003105
vn 0.000000 -1.000000 -0.000000
vn 0.897131 -0.441765 -0.000000
vn 0.955769 -0.294118 -0.000000
vn 0.965926 -0.258819 -0.000000
vn 0.980261 -0.197710 -0.000000
vn 0.995053 -0.099347 -0.000000
vn 1.000000 -0.000000 -0.000000
vn 1.000000 -0.000000 -0.000000
vn 0.866025 -0.500000 -0.000000
vn 0.815850 -0.578263 -0.000000
vn 0.707107 -0.707107 -0.000000
vn 0.713979 -0.700167 -0.000000
vn 0.594089 -0.804400 -0.000000
vn 0.500000 -0.866025 -0.000000
vn 0.459204 -0.888331 -0.000000
vn 0.312730 -0.949842 -0.000000
vn 0.258819 -0.965926 -0.000000
vn 0.236293 -0.971682 -0.000000
vn 0.158363 -0.987381 -0.000000
vn 0.079433 -0.996840 -0.000000
vn 0.039748 -0.999210 -0.000000
vn 0.000000 -1.000000 -0.000000
vn 0.000000 -1.000000 0.000000
vn 0.000000 -1.000000 0.000000
vn 0.000000 -1.000000 0.000000
vn 0.000000 -1.000000 0.000000
vn 0.000000 -1.000000 0.000000
vn 0.000000 -1.000000 0.000000
vn 0.000000 -1.000000 0.000000
vn -0.000000 -0.957826 -0.287348
vn -0.000000 -0.957826 -0.287348
vn -0.000000 -0.957826 -0.287348
vn -0.000000 -0.957826 -0.287348
vn -0.000000 -0.957826 -0.287348
vn -0.000000 -0.957826 -0.287348
vn -0.000000 -0.957826 -0.287348
vn -0.000000 -0.957826 -0.287348
vn -0.000000 -0.957826 -0.287348
vn -0.000000 -0.957826 -0.287348
vn -0.000000 -0.957826 -0.287348
vn -0.000000 -0.957826 -0.287348
vn -0.000000 -0.957826 -0.287348
vn -0.000000 -0.957826 -0.287348
vn -0.000000 -0.957826 -0.287348
vn -0.000000 -0.957826 -0.287348
vn -0.000000 -0.957826 -0.287348
vn -0.000000 -0.957826 -0.287348
vn -0.000000 -0.957826 -0.287348
vn -0.000000 -0.957826 -0.287348
vn -0.000000 -0.957826 -0.287348
vn -0.000000 -0.957826 -0.287348
vn -0.000000 -0.957826 -0.287348
vn -0.000000 -0.957826 -0.287348
vn -0.033384 -0.999441 -0.001750
vn -0.258464 -0.965926 -0.013546
vn -0.258464 -0.965926 -0.013546
vn -0.499315 -0.866025 -0.026168
vn -0.499315 -0.866025 -0.026168
vn -0.706138 -0.707107 -0.037007
vn -0.706138 -0.707107 -0.037007
vn -0.864839 -0.500000 -0.045324
vn -0.864839 -0.500000 -0.045324
vn -0.964602 -0.258819 -0.050553
vn -0.964602 -0.258819 -0.050553
vn -0.998630 -0.000000 -0.052336
vn -0.998630 -0.000000 -0.052336
vn -0.964602 -0.258819 -0.050553
vn -0.864839 -0.500000 -0.045324
vn -0.706138 -0.707107 -0.037007
vn -0.499315 -0.866025 -0.026168
vn -0.258464 -0.965926 -0.013546
vn -0.165582 -0.986158 -0.008678
vn -0.110672 -0.993840 -0.005800
vn -0.055422 -0.998459 -0.002905
vn -0.258819 -0.965926 -0.000000
vn -0.158363 -0.987381 -0.000000
vn -0.079433 -0.996840 -0.000000
vn -0.039748 -0.999210 -0.000000
vn -0.500000 -0.866025 -0.000000
vn -0.312730 -0.949842 -0.000000
vn -0.236293 -0.971682 -0.000000
vn -0.707107 -0.707107 -0.000000
vn -0.594089 -0.804400 -0.000000
vn -0.459204 -0.888331 -0.000000
vn -0.866025 -0.500000 -0.000000
vn -0.815850 -0.578263 -0.000000
vn -0.713979 -0.700167 -0.000000
vn -0.897131 -0.441765 -0.000000
vn -0.965926 -0.258819 -0.000000
vn -0.955769 -0.294118 -0.000000
vn -0.980261 -0.197710 -0.000000
vn -0.995053 -0.099347 -0.000000
vn -1.000000 -0.000000 -0.000000
vn -1.000000 -0.000000 -0.000000
vn -0.000000 -0.000000 1.000000
vn -0.000000 -0.000000 1.000000
vn -0.000000 -0.000000 1.000000
vn -0.000000 -0.000000 1.000000
vn -0.000000 -0.000000 1.000000
vn -0.000000 -0.000000 1.000000
vn -0.000000 -0.000000 1.000000
vn 1.000000 -0.000000 0.000000
vn 1.000000 -0.000000 0.000000
vn 1.000000 -0.000000 0.000000
vn 1.000000 -0.000000 0.000000
vn -1.000000 -0.000000 0.000000
vn -1.000000 -0.000000 0.000000
vn -1.000000 -0.000000 0.000000
vn -1.000000 -0.000000 0.000000
vn 0.969142 0.000000 -0.246502
vn 0.965926 0.000000 -0.258819
vn 0.882623 0.000000 -0.470081
vn 0.866025 0.000000 -0.500000
vn 0.745376 0.000000 -0.666644
vn 0.707107 0.000000 -0.707107
vn 0.565290 0.000000 -0.824892
vn 0.500000 0.000000 -0.866025
vn 0.352715 0.000000 -0.935731
vn 0.258819 0.000000 -0.965926
vn 0.119868 0.000000 -0.992790
vn 0.000000 0.000000 -1.000000
vn -0.119868 0.000000 -0.992790
vn -0.258819 0.000000 -0.965926
vn -0.352715 0.000000 -0.935731
vn -0.500000 0.000000 -0.866025
vn -0.565290 0.000000 -0.824892
vn -0.707107 0.000000 -0.707107
vn -0.745376 0.000000 -0.666644
vn -0.866025 0.000000 -0.500000
vn -0.882623 0.000000 -0.470081
vn -0.965926 0.000000 -0.258819
vn -0.969142 0.000000 -0.246502
vn -0.988078 0.000000 0.153954
vn -0.965926 0.000000 0.258819
vn -0.951100 0.000000 0.308882
vn -0.866025 0.000000 0.500000
vn -0.888994 0.000000 0.457919
vn -0.804129 0.000000 0.594455
vn -0.707107 0.000000 0.707107
vn -0.644719 0.000000 0.764419
vn -0.500000 0.000000 0.866025
vn -0.450303 0.000000 0.892876
vn -0.258819 0.000000 0.965926
vn -0.231435 0.000000 0.972850
vn 0.000000 -1.000000 0.000000
vn 0.000000 -1.000000 0.000000
vn 0.000000 -1.000000 0.000000
vn 0.000000 -1.000000 0.000000
vn 0.000000 -1.000000 0.000000
vn 0.000000 -1.000000 0.000000
vn 0.000000 -1.000000 0.000000
vn 0.000000 -1.000000 0.000000
vn 0.000000 -1.000000 0.000000
vn 0.000000 -1.000000 0.000000
vn 0.000000 -1.000000 0.000000
vn 0.000000 -1.000000 0.000000
vn 0.000000 -1.000000 0.000000
vn 0.000000 -1.000000 0.000000
vn 0.000000 -1.000000 0.000000
vn 0.000000 -1.000000 0.000000
vn 0.000000 -1.000000 0.000000
vn 0.000000 -1.000000 0.000000
vn 0.000000 -1.000000 0.000000
vn 0.000000 -1.000000 0.000000
vn 0.000000 -1.000000 0.000000
vn 0.964697 -0.258447 -0.050642
vn 0.966556 -0.216672 0.137196
vn 0.983930 0.000000 0.178557
vn 0.920352 -0.206316 0.332244
vn 0.916562 0.000000 0.399892
vn 0.832526 -0.186630 0.521604
vn 0.800134 0.000000 0.599822
vn 0.704901 -0.158020 0.691480
vn 0.640876 0.000000 0.767645
vn 0.546435 -0.122496 0.828495
vn 0.447313 0.000000 0.894377
vn 0.367651 -0.082417 0.926304
vn 0.229807 0.000000 0.973236
vn 0.181563 -0.040701 0.982537
vn 0.000000 -0.000000 1.000000
vn 0.000764 -0.000205 1.000000
vn 0.173844 -0.065792 0.982573
vn 0.000715 -0.000414 1.000000
vn 0.162511 -0.089608 0.982629
vn 0.148043 -0.111256 0.982703
vn 0.329038 -0.181427 0.926725
vn 0.299725 -0.225248 0.927054
vn 0.489063 -0.269659 0.829519
vn 0.445516 -0.334815 0.830310
vn 0.631027 -0.347934 0.693359
vn 0.574948 -0.432087 0.694792
vn 0.745588 -0.411102 0.524493
vn 0.679557 -0.510702 0.526674
vn 0.824749 -0.454756 0.336134
vn 0.752067 -0.565191 0.339050
vn 0.866835 -0.477971 0.141920
vn 0.790919 -0.594383 0.145448
vn 0.864640 -0.500337 -0.045386
vn 0.706138 -0.707107 -0.037007
vn 0.698635 -0.699602 0.149888
vn 0.575634 -0.802769 0.155587
vn 0.546443 -0.762051 0.347388
vn 0.421430 -0.835550 0.352494
vn 0.379985 -0.753388 0.536672
vn 0.257076 -0.800917 0.540782
vn 0.217056 -0.676238 0.703981
vn 0.109767 -0.698882 0.706764
vn 0.084935 -0.540778 0.836866
vn 0.000000 -0.707107 0.707107
vn 0.000000 -0.500000 0.866025
vn 0.057123 -0.363703 0.929762
vn 0.000000 -0.258819 0.965926
vn 0.028232 -0.179755 0.983306
vn 0.000204 -0.000763 1.000000
vn 0.055845 -0.173983 0.983164
vn 0.082609 -0.163781 0.983032
vn 0.167190 -0.331480 0.928530
vn 0.217168 -0.302855 0.927964
vn 0.322836 -0.450213 0.832518
vn 0.392794 -0.393345 0.831260
vn 0.507004 -0.507716 0.696542
vn 0.130537 -0.130718 0.982788
vn 0.264251 -0.264620 0.927442
vn 0.107288 -0.149622 0.982905
vn 0.000413 -0.000715 1.000000
vn 0.130087 -0.828255 0.545042
vn 0.000000 -0.866025 0.500000
vn 0.144527 -0.920202 0.363786
vn 0.000000 -0.965926 0.258819
vn 0.152747 -0.972545 0.175570
vn 0.258094 -0.966026 -0.013492
vn 0.499652 -0.865828 -0.026256
vn 0.444409 -0.881093 0.161789
vn 0.301248 -0.938526 0.168578
vn 0.926157 -0.350506 0.139206
vn 0.881587 -0.333646 0.333893
vn 0.797256 -0.301734 0.522819
vn 0.674927 -0.255438 0.692261
vn 0.523162 -0.197999 0.828914
vn 0.351996 -0.133217 0.926473
vn 0.663826 -0.664752 0.342696
vn 0.599481 -0.600321 0.529375
vn 0.285359 -0.889028 0.358050
vn 0.493111 -0.687671 0.532870
vn 0.321018 -0.636478 0.701316
vn 0.168011 -0.523436 0.835337
vn 0.416826 -0.581287 0.698829
vn 0.248555 -0.492805 0.833884
vn 0.113007 -0.352070 0.929127
vn -0.000000 -0.965926 0.258819
vn -0.000000 -0.965926 0.258819
vn -0.000000 -0.965926 0.258819
vn -0.000000 -0.965926 0.258819
vn -0.000000 -0.866025 0.500000
vn -0.000000 -0.866025 0.500000
vn -0.000000 -0.707107 0.707107
vn -0.000000 -0.707107 0.707107
vn -0.000000 -0.500000 0.866025
vn -0.000000 -0.500000 0.866025
vn -0.000000 -0.258819 0.965926
vn -0.000000 -0.258819 0.965926
vn -0.000000 -0.258819 0.965926
vn -0.000000 -0.258819 0.965926
vn -0.000000 -0.500000 0.866025
vn -0.000000 -0.500000 0.866025
vn -0.000000 -0.707107 0.707107
vn -0.000000 -0.707107 0.707107
vn -0.000000 -0.866025 0.500000
vn -0.000000 -0.866025 0.500000
vn -0.000000 -0.707107 0.707107
vn -0.000000 -0.500000 0.866025
vn -0.000000 -0.258819 0.965926
vn -0.000000 -0.500000 0.866025
vn -0.000000 -0.258819 0.965926
vn -0.000000 -0.258819 0.965926
vn -0.000000 -0.707107 0.707107
vn -0.000000 -0.866025 0.500000
vn -0.000000 -0.965926 0.258819
vn -0.000000 -0.866025 0.500000
vn -0.000000 -0.965926 0.258819
vn -0.000000 -0.965926 0.258819
vn -0.000000 -0.866025 0.500000
vn -0.000000 -0.707107 0.707107
vn -0.000000 -0.500000 0.866025
vn -0.258094 -0.966026 -0.013492
vn -0.214887 -0.961259 0.172642
vn -0.000000 -0.965926 0.258819
vn -0.203421 -0.909958 0.361381
vn -0.000000 -0.866025 0.500000
vn -0.183165 -0.819346 0.543252
vn -0.000000 -0.707107 0.707107
vn -0.154596 -0.691549 0.705592
vn -0.119640 -0.535183 0.836221
vn -0.194354 -0.515005 0.834863
vn -0.130728 -0.346404 0.928932
vn -0.179047 -0.325610 0.928397
vn -0.088463 -0.160875 0.983002
vn -0.110468 -0.147399 0.982889
vn -0.000413 -0.000715 1.000000
vn -0.000000 -0.500000 0.866025
vn -0.080468 -0.359955 0.929493
vn -0.064600 -0.171175 0.983121
vn -0.000000 -0.258819 0.965926
vn -0.039768 -0.177894 0.983246
vn -0.000204 -0.000763 1.000000
vn 0.000000 0.000000 1.000000
vn -0.000715 -0.000414 1.000000
vn -0.150425 -0.108121 0.982691
vn -0.130537 -0.130718 0.982788
vn -0.223608 -0.298359 0.927891
vn -0.266180 -0.484071 0.833561
vn -0.251064 -0.665281 0.703113
vn -0.165691 -0.083775 0.982613
vn -0.000764 -0.000205 1.000000
vn -0.177016 -0.056961 0.982558
vn -0.183866 -0.028948 0.982525
vn -0.358429 -0.115341 0.926404
vn -0.372319 -0.058615 0.926252
vn -0.532726 -0.171433 0.828743
vn -0.553367 -0.087116 0.828369
vn -0.687245 -0.221160 0.691942
vn -0.713821 -0.112375 0.691253
vn -0.811752 -0.261225 0.522321
vn -0.843016 -0.132715 0.521259
vn -0.897524 -0.288820 0.333217
vn -0.931877 -0.146709 0.331785
vn -0.942771 -0.303370 0.138382
vn -0.978567 -0.154065 0.136641
vn -0.964697 -0.258447 -0.050642
vn -0.983930 -0.000000 0.178557
vn -0.916562 -0.000000 0.399892
vn -0.800134 -0.000000 0.599822
vn -0.640876 -0.000000 0.767645
vn -0.447313 -0.000000 0.894377
vn -0.229807 -0.000000 0.973236
vn -0.000000 0.000000 1.000000
vn -0.883478 -0.446696 0.141173
vn -0.864640 -0.500337 -0.045386
vn -0.803443 -0.577493 0.144851
vn -0.706138 -0.707107 -0.037007
vn -0.698635 -0.699602 0.149888
vn -0.592488 -0.790565 0.154806
vn -0.663826 -0.664752 0.342696
vn -0.562515 -0.750563 0.346744
vn -0.599481 -0.600321 0.529375
vn -0.507668 -0.677375 0.532388
vn -0.507004 -0.507716 0.696542
vn -0.429163 -0.572625 0.698513
vn -0.392794 -0.393345 0.831260
vn -0.332404 -0.443523 0.832343
vn -0.264251 -0.264620 0.927442
vn -0.499652 -0.865828 -0.026256
vn -0.475613 -0.864926 0.160298
vn -0.451134 -0.820420 0.351269
vn -0.406847 -0.739887 0.535763
vn -0.343757 -0.625154 0.700723
vn -0.348164 -0.922553 0.166366
vn -0.329916 -0.874213 0.356241
vn -0.297298 -0.787791 0.539444
vn -0.764053 -0.549183 0.338557
vn -0.690442 -0.496276 0.526308
vn -0.584189 -0.419904 0.694553
vn -0.452690 -0.325384 0.830179
vn -0.304552 -0.218905 0.927000
vn -0.840690 -0.425053 0.335515
vn -0.760076 -0.384290 0.524028
vn -0.643336 -0.325265 0.693052
vn -0.498625 -0.252102 0.829348
vn -0.335477 -0.169617 0.926653
usemtl Opaque(128,128,128)
f 499/1041/1009 500/1042/1010 508/1043/1011
f 508/1043/1011 500/1042/1010 501/1044/1012
f 508/1043/1011 501/1044/1012 507/1045/1013
f 507/1045/1013 501/1044/1012 502/1046/1014
f 507/1045/1013 502/1046/1014 506/1047/1015
f 506/1047/1015 502/1046/1014 503/1048/1016
f 506/1047/1015 503/1048/1016 505/1049/1017
f 505/1049/1017 503/1048/1016 504/1050/1018
f 501/1051/1019 500/1052/1020 519/1053/1021
f 519/1053/1021 500/1052/1020 509/1054/1022
f 519/1053/1021 509/1054/1022 510/1055/1023
f 519/1053/1021 510/1055/1023 520/1056/1024
f 520/1056/1024 510/1055/1023 511/1057/1025
f 520/1056/1024 511/1057/1025 521/1058/1026
f 521/1058/1026 511/1057/1025 512/1059/1027
f 521/1058/1026 512/1059/1027 522/1060/1028
f 522/1060/1028 512/1059/1027 513/1061/1029
f 522/1060/1028 513/1061/1029 523/1062/1030
f 523/1062/1030 513/1061/1029 514/1063/1031
f 523/1062/1030 514/1063/1031 524/1064/1032
f 524/1064/1032 514/1063/1031 515/1065/1033
f 524/1064/1032 515/1065/1033 525/1066/1034
f 525/1066/1034 515/1065/1033 516/1067/1035
f 525/1066/1034 516/1067/1035 526/1068/1036
f 526/1068/1036 516/1067/1035 517/1069/1037
f 526/1068/1036 517/1069/1037 518/1070/1038
f 518/1070/1038 499/1071/1039 526/1068/1036
f 526/1068/1036 499/1071/1039 508/1072/1040
f 526/1068/1036 508/1072/1040 525/1066/1034
f 525/1066/1034 508/1072/1040 507/1073/1041
f 525/1066/1034 507/1073/1041 524/1064/1032
f 524/1064/1032 507/1073/1041 506/1074/1042
f 524/1064/1032 506/1074/1042 523/1062/1030
f 523/1062/1030 506/1074/1042 505/1075/1043
f 523/1062/1030 505/1075/1043 522/1060/1028
f 522/1060/1028 505/1075/1043 504/1076/1044
f 522/1060/1028 504/1076/1044 521/1058/1026
f 521/1058/1026 504/1076/1044 503/1077/1045
f 521/1058/1026 503/1077/1045 520/1056/1024
f 520/1056/1024 503/1077/1045 502/1078/1046
f 520/1056/1024 502/1078/1046 519/1053/1021
f 519/1053/1021 502/1078/1046 501/1051/1019
f 546/1079/1047 509/1080/1048 538/1081/1049
f 538/1081/1049 509/1080/1048 500/1082/1050
f 538/1081/1049 500/1082/1050 537/1083/1051
f 537/1083/1051 500/1082/1050 499/1084/1052
f 537/1083/1051 499/1084/1052 536/1085/1053
f 536/1085/1053 499/1084/1052 535/1086/1054
f 535/1086/1054 499/1084/1052 518/1087/1055
f 535/1086/1054 518/1087/1055 527/1088/1056
f 535/1086/1054 527/1088/1056 534/1089/1057
f 534/1089/1057 527/1088/1056 528/1090/1058
f 534/1089/1057 528/1090/1058 529/1091/1059
f 529/1091/1059 530/1092/1060 534/1089/1057
f 534/1089/1057 530/1092/1060 531/1093/1061
f 534/1089/1057 531/1093/1061 532/1094/1062
f 532/1094/1062 533/1095/1063 534/1089/1057
f 538/1081/1049 539/1096/1064 546/1079/1047
f 546/1079/1047 539/1096/1064 545/1097/1065
f 545/1097/1065 539/1096/1064 544/1098/1066
f 544/1098/1066 539/1096/1064 543/1099/1067
f 543/1099/1067 539/1096/1064 542/1100/1068
f 542/1100/1068 539/1096/1064 541/1101/1069
f 541/1101/1069 539/1096/1064 540/1102/1070
usemtl Opaque(0,14,231)
f 547/1103/1071 548/1104/1072 573/1105/1073
f 573/1105/1073 548/1104/1072 553/1106/1074
f 573/1105/1073 553/1106/1074 554/1107/1075
f 553/1106/1074 548/1104/1072 552/1108/1076
f 552/1108/1076 548/1104/1072 549/1109/1077
f 552/1108/1076 549/1109/1077 551/1110/1078
f 551/1110/1078 549/1109/1077 550/1111/1079
f 554/1107/1075 555/1112/1080 573/1105/1073
f 573/1105/1073 555/1112/1080 572/1113/1081
f 572/1113/1081 555/1112/1080 571/1114/1082
f 571/1114/1082 555/1112/1080 556/1115/1083
f 571/1114/1082 556/1115/1083 570/1116/1084
f 570/1116/1084 556/1115/1083 557/1117/1085
f 570/1116/1084 557/1117/1085 558/1118/1086
f 570/1116/1084 558/1118/1086 569/1119/1087
f 569/1119/1087 558/1118/1086 559/1120/1088
f 569/1119/1087 559/1120/1088 560/1121/1089
f 569/1119/1087 560/1121/1089 568/1122/1090
f 568/1122/1090 560/1121/1089 561/1123/1091
f 568/1122/1090 561/1123/1091 562/1124/1092
f 568/1122/1090 562/1124/1092 567/1125/1093
f 567/1125/1093 562/1124/1092 563/1126/1094
f 567/1125/1093 563/1126/1094 564/1127/1095
f 565/1128/1096 566/1129/1097 564/1127/1095
f 564/1127/1095 566/1129/1097 567/1125/1093
f 575/1130/1098 625/1131/1099 574/1132/1100
f 574/1132/1100 625/1131/1099 626/1133/1101
f 574/1132/1100 626/1133/1101 591/1134/1102
f 591/1134/1102 626/1133/1101 590/1135/1103
f 590/1135/1103 626/1133/1101 589/1136/1104
f 589/1136/1104 626/1133/1101 627/1137/1105
f 589/1136/1104 627/1137/1105 588/1138/1106
f 588/1138/1106 627/1137/1105 628/1139/1107
f 588/1138/1106 628/1139/1107 587/1140/1108
f 587/1140/1108 628/1139/1107 629/1141/1109
f 587/1140/1108 629/1141/1109 630/1142/1110
f 575/1130/1098 576/1143/1111 625/1131/1099
f 625/1131/1099 576/1143/1111 577/1144/1112
f 625/1131/1099 577/1144/1112 578/1145/1113
f 625/1131/1099 578/1145/1113 624/1146/1114
f 624/1146/1114 578/1145/1113 579/1147/1115
f 624/1146/1114 579/1147/1115 623/1148/1116
f 623/1148/1116 579/1147/1115 580/1149/1117
f 623/1148/1116 580/1149/1117 622/1150/1118
f 622/1150/1118 580/1149/1117 581/1151/1119
f 622/1150/1118 581/1151/1119 621/1152/1120
f 621/1152/1120 581/1151/1119 620/1153/1121
f 620/1153/1121 581/1151/1119 582/1154/1122
f 620/1153/1121 582/1154/1122 619/1155/1123
f 619/1155/1123 582/1154/1122 583/1156/1124
f 619/1155/1123 583/1156/1124 618/1157/1125
f 618/1157/1125 583/1156/1124 584/1158/1126
f 618/1157/1125 584/1158/1126 585/1159/1127
f 618/1157/1125 585/1159/1127 631/1160/1128
f 631/1160/1128 585/1159/1127 586/1161/1129
f 631/1160/1128 586/1161/1129 630/1142/1110
f 630/1142/1110 586/1161/1129 587/1140/1108
f 591/1134/1102 592/1162/1130 574/1132/1100
f 574/1132/1100 592/1162/1130 593/1163/1131
f 574/1132/1100 593/1163/1131 617/1164/1132
f 617/1164/1132 593/1163/1131 594/1165/1133
f 617/1164/1132 594/1165/1133 616/1166/1134
f 616/1166/1134 594/1165/1133 595/1167/1135
f 616/1166/1134 595/1167/1135 615/1168/1136
f 615/1168/1136 595/1167/1135 596/1169/1137
f 615/1168/1136 596/1169/1137 614/1170/1138
f 614/1170/1138 596/1169/1137 597/1171/1139
f 614/1170/1138 597/1171/1139 613/1172/1140
f 613/1172/1140 597/1171/1139 598/1173/1141
f 613/1172/1140 598/1173/1141 612/1174/1142
f 612/1174/1142 598/1173/1141 599/1175/1143
f 612/1174/1142 599/1175/1143 611/1176/1144
f 611/1176/1144 599/1175/1143 600/1177/1145
f 611/1176/1144 600/1177/1145 610/1178/1146
f 610/1178/1146 600/1177/1145 609/1179/1147
f 609/1179/1147 600/1177/1145 601/1180/1148
f 609/1179/1147 601/1180/1148 608/1181/1149
f 608/1181/1149 601/1180/1148 602/1182/1150
f 608/1181/1149 602/1182/1150 607/1183/1151
f 607/1183/1151 602/1182/1150 603/1184/1152
f 607/1183/1151 603/1184/1152 604/1185/1153
f 605/1186/1154 606/1187/1155 604/1185/1153
f 604/1185/1153 606/1187/1155 607/1183/1151
usemtl Opaque(128,128,128)
f 625/1131/1099 624/1146/1114 626/1133/1101
f 626/1133/1101 624/1146/1114 627/1137/1105
f 627/1137/1105 624/1146/1114 623/1148/1116
f 627/1137/1105 623/1148/1116 628/1139/1107
f 628/1139/1107 623/1148/1116 622/1150/1118
f 628/1139/1107 622/1150/1118 629/1141/1109
f 629/1141/1109 622/1150/1118 621/1152/1120
f 629/1141/1109 621/1152/1120 630/1142/1110
f 630/1142/1110 621/1152/1120 620/1153/1121
f 630/1142/1110 620/1153/1121 619/1155/1123
f 618/1157/1125 631/1160/1128 619/1155/1123
f 619/1155/1123 631/1160/1128 630/1142/1110
usemtl Opaque(0,14,231)
f 633/1188/1156 634/1189/1157 632/1190/1158
f 632/1190/1158 634/1189/1157 643/1191/1159
f 643/1191/1159 634/1189/1157 640/1192/1160
f 643/1191/1159 640/1192/1160 642/1193/1161
f 642/1193/1161 640/1192/1160 641/1194/1162
f 635/1195/1163 636/1196/1164 634/1189/1157
f 634/1189/1157 636/1196/1164 637/1197/1165
f 634/1189/1157 637/1197/1165 640/1192/1160
f 640/1192/1160 637/1197/1165 638/1198/1166
f 640/1192/1160 638/1198/1166 639/1199/1167
f 645/1200/1168 695/1201/1169 644/1202/1170
f 644/1202/1170 695/1201/1169 696/1203/1171
f 644/1202/1170 696/1203/1171 661/1204/1172
f 661/1204/1172 696/1203/1171 660/1205/1173
f 660/1205/1173 696/1203/1171 659/1206/1174
f 659/1206/1174 696/1203/1171 697/1207/1175
f 659/1206/1174 697/1207/1175 658/1208/1176
f 658/1208/1176 697/1207/1175 698/1209/1177
f 658/1208/1176 698/1209/1177 657/1210/1178
f 657/1210/1178 698/1209/1177 699/1211/1179
f 657/1210/1178 699/1211/1179 700/1212/1180
f 645/1200/1168 646/1213/1181 695/1201/1169
f 695/1201/1169 646/1213/1181 647/1214/1182
f 695/1201/1169 647/1214/1182 648/1215/1183
f 695/1201/1169 648/1215/1183 694/1216/1184
f 694/1216/1184 648/1215/1183 649/1217/1185
f 694/1216/1184 649/1217/1185 693/1218/1186
f 693/1218/1186 649/1217/1185 650/1219/1187
f 693/1218/1186 650/1219/1187 692/1220/1188
f 692/1220/1188 650/1219/1187 651/1221/1189
f 692/1220/1188 651/1221/1189 691/1222/1190
f 691/1222/1190 651/1221/1189 690/1223/1191
f 690/1223/1191 651/1221/1189 652/1224/1192
f 690/1223/1191 652/1224/1192 689/1225/1193
f 689/1225/1193 652/1224/1192 653/1226/1194
f 689/1225/1193 653/1226/1194 688/1227/1195
f 688/1227/1195 653/1226/1194 654/1228/1196
f 688/1227/1195 654/1228/1196 655/1229/1197
f 688/1227/1195 655/1229/1197 701/1230/1198
f 701/1230/1198 655/1229/1197 656/1231/1199
f 701/1230/1198 656/1231/1199 700/1212/1180
f 700/1212/1180 656/1231/1199 657/1210/1178
f 661/1204/1172 662/1232/1200 644/1202/1170
f 644/1202/1170 662/1232/1200 663/1233/1201
f 644/1202/1170 663/1233/1201 687/1234/1202
f 687/1234/1202 663/1233/1201 664/1235/1203
f 687/1234/1202 664/1235/1203 686/1236/1204
f 686/1236/1204 664/1235/1203 665/1237/1205
f 686/1236/1204 665/1237/1205 685/1238/1206
f 685/1238/1206 665/1237/1205 666/1239/1207
f 685/1238/1206 666/1239/1207 684/1240/1208
f 684/1240/1208 666/1239/1207 667/1241/1209
f 684/1240/1208 667/1241/1209 683/1242/1210
f 683/1242/1210 667/1241/1209 668/1243/1211
f 683/1242/1210 668/1243/1211 682/1244/1212
f 682/1244/1212 668/1243/1211 669/1245/1213
f 682/1244/1212 669/1245/1213 681/1246/1214
f 681/1246/1214 669/1245/1213 670/1247/1215
f 681/1246/1214 670/1247/1215 680/1248/1216
f 680/1248/1216 670/1247/1215 679/1249/1217
f 679/1249/1217 670/1247/1215 671/1250/1218
f 679/1249/1217 671/1250/1218 678/1251/1219
f 678/1251/1219 671/1250/1218 672/1252/1220
f 678/1251/1219 672/1252/1220 677/1253/1221
f 677/1253/1221 672/1252/1220 673/1254/1222
f 677/1253/1221 673/1254/1222 674/1255/1223
f 675/1256/1224 676/1257/1225 674/1255/1223
f 674/1255/1223 676/1257/1225 677/1253/1221
usemtl Opaque(128,128,128)
f 695/1201/1169 694/1216/1184 696/1203/1171
f 696/1203/1171 694/1216/1184 697/1207/1175
f 697/1207/1175 694/1216/1184 693/1218/1186
f 697/1207/1175 693/1218/1186 698/1209/1177
f 698/1209/1177 693/1218/1186 692/1220/1188
f 698/1209/1177 692/1220/1188 699/1211/1179
f 699/1211/1179 692/1220/1188 691/1222/1190
f 699/1211/1179 691/1222/1190 700/1212/1180
f 700/1212/1180 691/1222/1190 690/1223/1191
f 700/1212/1180 690/1223/1191 689/1225/1193
f 688/1227/1195 701/1230/1198 689/1225/1193
f 689/1225/1193 701/1230/1198 700/1212/1180
usemtl Opaque(0,14,231)
f 702/1258/1226 703/1259/1227 705/1260/1228
f 705/1260/1228 703/1259/1227 704/1261/1229
f 715/1262/1230 706/1263/1231 714/1264/1232
f 714/1264/1232 706/1263/1231 707/1265/1233
f 714/1264/1232 707/1265/1233 713/1266/1234
f 713/1266/1234 707/1265/1233 710/1267/1235
f 713/1266/1234 710/1267/1235 711/1268/1236
f 707/1265/1233 708/1269/1237 710/1267/1235
f 710/1267/1235 708/1269/1237 709/1270/1238
f 711/1268/1236 712/1271/1239 713/1266/1234
usemtl Opaque(255,0,255)
f 717/1272/1240 743/1273/1241 716/1274/1242
f 716/1274/1242 743/1273/1241 744/1275/1243
f 716/1274/1242 744/1275/1243 745/1276/1244
f 718/1277/1245 720/1278/1246 717/1272/1240
f 717/1272/1240 720/1278/1246 742/1279/1247
f 717/1272/1240 742/1279/1247 743/1273/1241
f 718/1277/1245 719/1280/1248 720/1278/1246
f 720/1278/1246 721/1281/1249 742/1279/1247
f 742/1279/1247 721/1281/1249 741/1282/1250
f 741/1282/1250 721/1281/1249 761/1283/1251
f 761/1283/1251 721/1281/1249 724/1284/1252
f 761/1283/1251 724/1284/1252 760/1285/1253
f 760/1285/1253 724/1284/1252 759/1286/1254
f 759/1286/1254 724/1284/1252 758/1287/1255
f 758/1287/1255 724/1284/1252 725/1288/1256
f 758/1287/1255 725/1288/1256 757/1289/1257
f 757/1289/1257 725/1288/1256 756/1290/1258
f 756/1290/1258 725/1288/1256 726/1291/1259
f 756/1290/1258 726/1291/1259 755/1292/1260
f 755/1292/1260 726/1291/1259 727/1293/1261
f 755/1292/1260 727/1293/1261 728/1294/1262
f 721/1281/1249 722/1295/1263 724/1284/1252
f 724/1284/1252 722/1295/1263 723/1296/1264
f 728/1294/1262 729/1297/1265 755/1292/1260
f 755/1292/1260 729/1297/1265 754/1298/1266
f 754/1298/1266 729/1297/1265 730/1299/1267
f 754/1298/1266 730/1299/1267 731/1300/1268
f 754/1298/1266 731/1300/1268 753/1301/1269
f 753/1301/1269 731/1300/1268 732/1302/1270
f 753/1301/1269 732/1302/1270 733/1303/1271
f 733/1303/1271 734/1304/1272 753/1301/1269
f 753/1301/1269 734/1304/1272 752/1305/1273
f 752/1305/1273 734/1304/1272 735/1306/1274
f 752/1305/1273 735/1306/1274 751/1307/1275
f 751/1307/1275 735/1306/1274 736/1308/1276
f 751/1307/1275 736/1308/1276 737/1309/1277
f 751/1307/1275 737/1309/1277 750/1310/1278
f 750/1310/1278 737/1309/1277 738/1311/1279
f 750/1310/1278 738/1311/1279 749/1312/1280
f 749/1312/1280 738/1311/1279 748/1313/1281
f 748/1313/1281 738/1311/1279 739/1314/1282
f 748/1313/1281 739/1314/1282 747/1315/1283
f 747/1315/1283 739/1314/1282 746/1316/1284
f 746/1316/1284 739/1314/1282 740/1317/1285
f 746/1316/1284 740/1317/1285 745/1276/1244
f 745/1276/1244 740/1317/1285 716/1274/1242
usemtl Opaque(128,128,128)
f 743/1273/1241 742/1279/1247 744/1275/1243
f 744/1275/1243 742/1279/1247 741/1282/1250
f 744/1275/1243 741/1282/1250 745/1276/1244
f 745/1276/1244 741/1282/1250 761/1283/1251
f 745/1276/1244 761/1283/1251 760/1285/1253
f 759/1286/1254 758/1287/1255 760/1285/1253
f 760/1285/1253 758/1287/1255 757/1289/1257
f 760/1285/1253 757/1289/1257 756/1290/1258
f 756/1290/1258 755/1292/1260 760/1285/1253
f 760/1285/1253 755/1292/1260 754/1298/1266
f 760/1285/1253 754/1298/1266 745/1276/1244
f 745/1276/1244 754/1298/1266 753/1301/1269
f 745/1276/1244 753/1301/1269 746/1316/1284
f 746/1316/1284 753/1301/1269 752/1305/1273
f 746/1316/1284 752/1305/1273 751/1307/1275
f 751/1307/1275 750/1310/1278 746/1316/1284
f 746/1316/1284 750/1310/1278 749/1312/1280
f 746/1316/1284 749/1312/1280 747/1315/1283
f 747/1315/1283 749/1312/1280 748/1313/1281
usemtl Opaque(255,0,255)
f 763/1318/1286 764/1319/1287 762/1320/1288
f 762/1320/1288 764/1319/1287 804/1321/1289
f 804/1321/1289 764/1319/1287 765/1322/1290
f 804/1321/1289 765/1322/1290 803/1323/1291
f 803/1323/1291 765/1322/1290 766/1324/1292
f 803/1323/1291 766/1324/1292 767/1325/1293
f 803/1323/1291 767/1325/1293 802/1326/1294
f 802/1326/1294 767/1325/1293 768/1327/1295
f 802/1326/1294 768/1327/1295 769/1328/1296
f 802/1326/1294 769/1328/1296 801/1329/1297
f 801/1329/1297 769/1328/1296 770/1330/1298
f 801/1329/1297 770/1330/1298 800/1331/1299
f 800/1331/1299 770/1330/1298 799/1332/1300
f 799/1332/1300 770/1330/1298 771/1333/1301
f 799/1332/1300 771/1333/1301 798/1334/1302
f 798/1334/1302 771/1333/1301 797/1335/1303
f 797/1335/1303 771/1333/1301 772/1336/1304
f 797/1335/1303 772/1336/1304 796/1337/1305
f 796/1337/1305 772/1336/1304 795/1338/1306
f 795/1338/1306 772/1336/1304 773/1339/1307
f 795/1338/1306 773/1339/1307 794/1340/1308
f 794/1340/1308 773/1339/1307 793/1341/1309
f 793/1341/1309 773/1339/1307 774/1342/1310
f 793/1341/1309 774/1342/1310 792/1343/1311
f 792/1343/1311 774/1342/1310 791/1344/1312
f 791/1344/1312 774/1342/1310 775/1345/1313
f 791/1344/1312 775/1345/1313 790/1346/1314
f 790/1346/1314 775/1345/1313 776/1347/1315
f 790/1346/1314 776/1347/1315 789/1348/1316
f 789/1348/1316 776/1347/1315 777/1349/1317
f 789/1348/1316 777/1349/1317 788/1350/1318
f 788/1350/1318 777/1349/1317 787/1351/1319
f 787/1351/1319 777/1349/1317 778/1352/1320
f 787/1351/1319 778/1352/1320 786/1353/1321
f 786/1353/1321 778/1352/1320 779/1354/1322
f 786/1353/1321 779/1354/1322 785/1355/1323
f 785/1355/1323 779/1354/1322 780/1356/1324
f 785/1355/1323 780/1356/1324 784/1357/1325
f 784/1357/1325 780/1356/1324 781/1358/1326
f 784/1357/1325 781/1358/1326 783/1359/1327
f 783/1359/1327 781/1358/1326 782/1360/1328
f 806/1361/1329 853/1362/1330 805/1363/1331
f 805/1363/1331 853/1362/1330 854/1364/1332
f 805/1363/1331 854/1364/1332 836/1365/1333
f 836/1365/1333 854/1364/1332 855/1366/1334
f 836/1365/1333 855/1366/1334 835/1367/1335
f 835/1367/1335 855/1366/1334 856/1368/1336
f 835/1367/1335 856/1368/1336 834/1369/1337
f 834/1369/1337 856/1368/1336 857/1370/1338
f 834/1369/1337 857/1370/1338 833/1371/1339
f 833/1371/1339 857/1370/1338 858/1372/1340
f 833/1371/1339 858/1372/1340 832/1373/1341
f 832/1373/1341 858/1372/1340 859/1374/1342
f 832/1373/1341 859/1374/1342 831/1375/1343
f 831/1375/1343 859/1374/1342 830/1376/1344
f 830/1376/1344 859/1374/1342 860/1377/1345
f 830/1376/1344 860/1377/1345 829/1378/1346
f 829/1378/1346 860/1377/1345 861/1379/1347
f 829/1378/1346 861/1379/1347 862/1380/1348
f 853/1362/1330 806/1361/1329 852/1381/1349
f 852/1381/1349 806/1361/1329 807/1382/1350
f 852/1381/1349 807/1382/1350 851/1383/1351
f 851/1383/1351 807/1382/1350 808/1384/1352
f 851/1383/1351 808/1384/1352 850/1385/1353
f 850/1385/1353 808/1384/1352 809/1386/1354
f 850/1385/1353 809/1386/1354 849/1387/1355
f 849/1387/1355 809/1386/1354 810/1388/1356
f 849/1387/1355 810/1388/1356 848/1389/1357
f 848/1389/1357 810/1388/1356 811/1390/1358
f 848/1389/1357 811/1390/1358 847/1391/1359
f 847/1391/1359 811/1390/1358 812/1392/1360
f 847/1391/1359 812/1392/1360 846/1393/1361
f 846/1393/1361 812/1392/1360 813/1394/1362
f 846/1393/1361 813/1394/1362 845/1395/1363
f 845/1395/1363 813/1394/1362 814/1396/1364
f 845/1395/1363 814/1396/1364 844/1397/1365
f 844/1397/1365 814/1396/1364 815/1398/1366
f 844/1397/1365 815/1398/1366 843/1399/1367
f 843/1399/1367 815/1398/1366 816/1400/1368
f 843/1399/1367 816/1400/1368 842/1401/1369
f 842/1401/1369 816/1400/1368 817/1402/1370
f 842/1401/1369 817/1402/1370 841/1403/1371
f 841/1403/1371 817/1402/1370 818/1404/1372
f 841/1403/1371 818/1404/1372 840/1405/1373
f 840/1405/1373 818/1404/1372 819/1406/1374
f 840/1405/1373 819/1406/1374 839/1407/1375
f 839/1407/1375 819/1406/1374 820/1408/1376
f 839/1407/1375 820/1408/1376 838/1409/1377
f 838/1409/1377 820/1408/1376 821/1410/1378
f 838/1409/1377 821/1410/1378 837/1411/1379
f 837/1411/1379 821/1410/1378 822/1412/1380
f 837/1411/1379 822/1412/1380 868/1413/1381
f 868/1413/1381 822/1412/1380 823/1414/1382
f 868/1413/1381 823/1414/1382 867/1415/1383
f 867/1415/1383 823/1414/1382 824/1416/1384
f 867/1415/1383 824/1416/1384 866/1417/1385
f 866/1417/1385 824/1416/1384 825/1418/1386
f 866/1417/1385 825/1418/1386 865/1419/1387
f 865/1419/1387 825/1418/1386 826/1420/1388
f 865/1419/1387 826/1420/1388 864/1421/1389
f 864/1421/1389 826/1420/1388 827/1422/1390
f 864/1421/1389 827/1422/1390 863/1423/1391
f 863/1423/1391 827/1422/1390 828/1424/1392
f 863/1423/1391 828/1424/1392 862/1380/1348
f 862/1380/1348 828/1424/1392 829/1378/1346
usemtl Opaque(128,128,128)
f 854/1364/1332 853/1362/1330 837/1411/1379
f 837/1411/1379 853/1362/1330 852/1381/1349
f 837/1411/1379 852/1381/1349 851/1383/1351
f 851/1383/1351 850/1385/1353 837/1411/1379
f 837/1411/1379 850/1385/1353 849/1387/1355
f 837/1411/1379 849/1387/1355 838/1409/1377
f 838/1409/1377 849/1387/1355 839/1407/1375
f 839/1407/1375 849/1387/1355 840/1405/1373
f 840/1405/1373 849/1387/1355 841/1403/1371
f 841/1403/1371 849/1387/1355 848/1389/1357
f 841/1403/1371 848/1389/1357 847/1391/1359
f 847/1391/1359 846/1393/1361 841/1403/1371
f 841/1403/1371 846/1393/1361 845/1395/1363
f 841/1403/1371 845/1395/1363 844/1397/1365
f 843/1399/1367 842/1401/1369 844/1397/1365
f 844/1397/1365 842/1401/1369 841/1403/1371
f 868/1413/1381 857/1370/1338 837/1411/1379
f 837/1411/1379 857/1370/1338 856/1368/1336
f 837/1411/1379 856/1368/1336 855/1366/1334
f 868/1413/1381 867/1415/1383 857/1370/1338
f 857/1370/1338 867/1415/1383 866/1417/1385
f 857/1370/1338 866/1417/1385 865/1419/1387
f 865/1419/1387 864/1421/1389 857/1370/1338
f 857/1370/1338 864/1421/1389 863/1423/1391
f 857/1370/1338 863/1423/1391 862/1380/1348
f 862/1380/1348 861/1379/1347 857/1370/1338
f 857/1370/1338 861/1379/1347 858/1372/1340
f 858/1372/1340 861/1379/1347 860/1377/1345
f 858/1372/1340 860/1377/1345 859/1374/1342
f 855/1366/1334 854/1364/1332 837/1411/1379
usemtl Opaque(255,0,255)
f 878/1425/1393 869/1426/1394 877/1427/1395
f 877/1427/1395 869/1426/1394 870/1428/1396
f 877/1427/1395 870/1428/1396 876/1429/1397
f 876/1429/1397 870/1428/1396 873/1430/1398
f 876/1429/1397 873/1430/1398 874/1431/1399
f 870/1428/1396 871/1432/1400 873/1430/1398
f 873/1430/1398 871/1432/1400 872/1433/1401
f 874/1431/1399 875/1434/1402 876/1429/1397
usemtl Opaque(128,128,128)
f 879/1435/1403 880/1436/1404 892/1437/1405
f 892/1437/1405 880/1436/1404 891/1438/1406
f 891/1438/1406 880/1436/1404 890/1439/1407
f 890/1439/1407 880/1436/1404 889/1440/1408
f 889/1440/1408 880/1436/1404 888/1441/1409
f 888/1441/1409 880/1436/1404 881/1442/1410
f 888/1441/1409 881/1442/1410 887/1443/1411
f 887/1443/1411 881/1442/1410 886/1444/1412
f 886/1444/1412 881/1442/1410 885/1445/1413
f 885/1445/1413 881/1442/1410 884/1446/1414
f 884/1446/1414 881/1442/1410 883/1447/1415
f 883/1447/1415 881/1442/1410 882/1448/1416
f 898/1449/1417 893/1450/1418 897/1451/1419
f 897/1451/1419 893/1450/1418 894/1452/1420
f 897/1451/1419 894/1452/1420 896/1453/1421
f 896/1453/1421 894/1452/1420 895/1454/1422
f 896/1453/1421 895/1454/1422 536/1455/1423
f 536/1455/1423 895/1454/1422 537/1456/1424
f 527/1457/1425 518/1458/1426 910/1459/1427
f 910/1459/1427 518/1458/1426 517/1460/1428
f 910/1459/1427 517/1460/1428 516/1461/1429
f 910/1459/1427 516/1461/1429 909/1462/1430
f 909/1462/1430 516/1461/1429 515/1463/1431
f 909/1462/1430 515/1463/1431 908/1464/1432
f 908/1464/1432 515/1463/1431 514/1465/1433
f 908/1464/1432 514/1465/1433 907/1466/1434
f 907/1466/1434 514/1465/1433 905/1467/1435
f 907/1466/1434 905/1467/1435 906/1468/1436
f 514/1465/1433 513/1469/1437 905/1467/1435
f 905/1467/1435 513/1469/1437 904/1470/1438
f 904/1470/1438 513/1469/1437 902/1471/1439
f 904/1470/1438 902/1471/1439 903/1472/1440
f 902/1471/1439 513/1469/1437 901/1473/1441
f 901/1473/1441 513/1469/1437 512/1474/1442
f 901/1473/1441 512/1474/1442 900/1475/1443
f 900/1475/1443 512/1474/1442 511/1476/1444
f 900/1475/1443 511/1476/1444 899/1477/1445
f 899/1477/1445 511/1476/1444 510/1478/1446
f 899/1477/1445 510/1478/1446 509/1479/1447
f 509/1479/1447 546/1480/1448 899/1477/1445
f 927/1481/1449 535/1482/1450 928/1483/1451
f 928/1483/1451 535/1482/1450 534/1484/1452
f 928/1483/1451 534/1484/1452 911/1485/1453
f 911/1485/1453 912/1486/1454 928/1483/1451
f 928/1483/1451 912/1486/1454 929/1487/1455
f 928/1483/1451 929/1487/1455 927/1481/1449
f 927/1481/1449 929/1487/1455 926/1488/1456
f 926/1488/1456 929/1487/1455 930/1489/1457
f 926/1488/1456 930/1489/1457 925/1490/1458
f 925/1490/1458 930/1489/1457 931/1491/1459
f 925/1490/1458 931/1491/1459 924/1492/1460
f 924/1492/1460 931/1491/1459 932/1493/1461
f 924/1492/1460 932/1493/1461 923/1494/1462
f 923/1494/1462 932/1493/1461 917/1495/1463
f 923/1494/1462 917/1495/1463 918/1496/1464
f 912/1486/1454 913/1497/1465 929/1487/1455
f 929/1487/1455 913/1497/1465 930/1489/1457
f 913/1497/1465 914/1498/1466 930/1489/1457
f 930/1489/1457 914/1498/1466 931/1491/1459
f 914/1498/1466 915/1499/1467 931/1491/1459
f 931/1491/1459 915/1499/1467 932/1493/1461
f 932/1493/1461 915/1499/1467 917/1495/1463
f 917/1495/1463 915/1499/1467 880/1500/1404
f 917/1495/1463 880/1500/1404 916/1501/1468
f 916/1501/1468 880/1500/1404 879/1502/1403
f 923/1494/1462 918/1496/1464 922/1503/1469
f 922/1503/1469 918/1496/1464 919/1504/1470
f 922/1503/1469 919/1504/1470 920/1505/1471
f 920/1505/1471 921/1506/1472 922/1503/1469
f 943/1507/1473 898/1508/1474 927/1509/1475
f 927/1509/1475 898/1508/1474 897/1510/1476
f 927/1509/1475 897/1510/1476 896/1511/1477
f 536/1512/1478 535/1513/1479 896/1511/1477
f 896/1511/1477 535/1513/1479 927/1509/1475
f 927/1509/1475 926/1514/1480 943/1507/1473
f 943/1507/1473 926/1514/1480 942/1515/1481
f 942/1515/1481 926/1514/1480 925/1516/1482
f 942/1515/1481 925/1516/1482 941/1517/1483
f 941/1517/1483 925/1516/1482 940/1518/1484
f 940/1518/1484 925/1516/1482 924/1519/1485
f 940/1518/1484 924/1519/1485 939/1520/1486
f 939/1520/1486 924/1519/1485 938/1521/1487
f 938/1521/1487 924/1519/1485 923/1522/1488
f 938/1521/1487 923/1522/1488 937/1523/1489
f 937/1523/1489 923/1522/1488 936/1524/1490
f 936/1524/1490 923/1522/1488 922/1525/1469
f 936/1524/1490 922/1525/1469 935/1526/1491
f 935/1526/1491 922/1525/1469 934/1527/1492
f 934/1527/1492 922/1525/1469 933/1528/1493
f 945/1529/1494 946/1530/1495 944/1531/1496
f 944/1531/1496 946/1530/1495 922/1532/1469
f 944/1531/1496 922/1532/1469 950/1533/1497
f 950/1533/1497 922/1532/1469 949/1534/1498
f 949/1534/1498 922/1532/1469 948/1535/1499
f 948/1535/1499 922/1532/1469 921/1536/1472
f 946/1530/1495 947/1537/1500 922/1532/1469
f 922/1532/1469 947/1537/1500 933/1538/1493
f 947/1539/1501 939/1540/1502 933/1541/1503
f 933/1541/1503 939/1540/1502 938/1542/1504
f 933/1541/1503 938/1542/1504 937/1543/1505
f 951/1544/1506 953/1545/1507 947/1539/1501
f 947/1539/1501 953/1545/1507 954/1546/1508
f 947/1539/1501 954/1546/1508 955/1547/1509
f 951/1544/1506 952/1548/1510 953/1545/1507
f 955/1547/1509 956/1549/1511 947/1539/1501
f 947/1539/1501 956/1549/1511 939/1540/1502
f 939/1540/1502 956/1549/1511 940/1550/1512
f 940/1550/1512 956/1549/1511 957/1551/1513
f 940/1550/1512 957/1551/1513 941/1552/1514
f 941/1552/1514 957/1551/1513 958/1553/1515
f 941/1552/1514 958/1553/1515 942/1554/1516
f 942/1554/1516 958/1553/1515 959/1555/1517
f 942/1554/1516 959/1555/1517 943/1556/1518
f 943/1556/1518 959/1555/1517 960/1557/1519
f 943/1556/1518 960/1557/1519 893/1558/1520
f 893/1558/1520 898/1559/1521 943/1556/1518
f 937/1543/1505 936/1560/1522 933/1541/1503
f 933/1541/1503 936/1560/1522 934/1561/1523
f 934/1561/1523 936/1560/1522 935/1562/1524
f 882/1563/1416 881/1564/1410 974/1565/1525
f 974/1565/1525 881/1564/1410 961/1566/1526
f 974/1565/1525 961/1566/1526 975/1567/1527
f 975/1567/1527 961/1566/1526 976/1568/1528
f 975/1567/1527 976/1568/1528 969/1569/1529
f 969/1569/1529 976/1568/1528 968/1570/1530
f 968/1570/1530 976/1568/1528 977/1571/1531
f 968/1570/1530 977/1571/1531 967/1572/1532
f 967/1572/1532 977/1571/1531 978/1573/1533
f 967/1572/1532 978/1573/1533 966/1574/1534
f 966/1574/1534 978/1573/1533 979/1575/1535
f 966/1574/1534 979/1575/1535 538/1576/1536
f 538/1576/1536 979/1575/1535 539/1577/1537
f 539/1577/1537 979/1575/1535 965/1578/1538
f 965/1578/1538 979/1575/1535 964/1579/1539
f 964/1579/1539 979/1575/1535 978/1573/1533
f 964/1579/1539 978/1573/1533 963/1580/1540
f 963/1580/1540 978/1573/1533 977/1571/1531
f 963/1580/1540 977/1571/1531 962/1581/1541
f 962/1581/1541 977/1571/1531 976/1568/1528
f 962/1581/1541 976/1568/1528 961/1566/1526
f 969/1569/1529 970/1582/1542 975/1567/1527
f 975/1567/1527 970/1582/1542 973/1583/1543
f 975/1567/1527 973/1583/1543 974/1565/1525
f 973/1583/1543 970/1582/1542 972/1584/1544
f 972/1584/1544 970/1582/1542 946/1585/1495
f 972/1584/1544 946/1585/1495 971/1586/1545
f 971/1586/1545 946/1585/1495 945/1587/1494
f 970/1588/1546 953/1589/1547 946/1590/1495
f 946/1590/1495 953/1589/1547 952/1591/1548
f 946/1590/1495 952/1591/1548 951/1592/1549
f 969/1593/1550 955/1594/1551 970/1588/1546
f 970/1588/1546 955/1594/1551 954/1595/1552
f 970/1588/1546 954/1595/1552 953/1589/1547
f 968/1596/1553 957/1597/1554 969/1593/1550
f 969/1593/1550 957/1597/1554 956/1598/1555
f 969/1593/1550 956/1598/1555 955/1594/1551
f 967/1599/1556 959/1600/1557 968/1596/1553
f 968/1596/1553 959/1600/1557 958/1601/1558
f 968/1596/1553 958/1601/1558 957/1597/1554
f 959/1600/1557 967/1599/1556 960/1602/1559
f 960/1602/1559 967/1599/1556 966/1603/1560
f 960/1602/1559 966/1603/1560 893/1604/1561
f 893/1604/1561 966/1603/1560 894/1605/1562
f 894/1605/1562 966/1603/1560 895/1606/1563
f 895/1606/1563 966/1603/1560 538/1607/1564
f 895/1606/1563 538/1607/1564 537/1608/1565
f 951/1592/1549 947/1609/1500 946/1590/1495
f 944/1610/1566 980/1611/1567 945/1612/1568
f 945/1612/1568 980/1611/1567 981/1613/1569
f 945/1612/1568 981/1613/1569 971/1614/1570
f 971/1614/1570 981/1613/1569 972/1615/1571
f 972/1615/1571 981/1613/1569 973/1616/1572
f 981/1613/1573 982/1617/1574 973/1618/1575
f 973/1618/1575 982/1617/1574 974/1619/1576
f 916/1620/1577 983/1621/1578 917/1622/1579
f 917/1622/1579 983/1621/1578 984/1623/1580
f 974/1624/1576 982/1625/1574 882/1626/1581
f 882/1626/1581 982/1625/1574 985/1627/1582
f 882/1626/1581 985/1627/1582 883/1628/1583
f 883/1628/1583 985/1627/1582 986/1629/1584
f 883/1628/1583 986/1629/1584 884/1630/1585
f 884/1630/1585 986/1629/1584 987/1631/1586
f 884/1630/1585 987/1631/1586 885/1632/1587
f 885/1632/1587 987/1631/1586 988/1633/1588
f 885/1632/1587 988/1633/1588 886/1634/1589
f 886/1634/1589 988/1633/1588 989/1635/1590
f 886/1634/1589 989/1635/1590 887/1636/1591
f 887/1636/1591 989/1635/1590 990/1637/1592
f 887/1636/1591 990/1637/1592 888/1638/1593
f 888/1638/1593 990/1637/1592 991/1639/1594
f 888/1638/1593 991/1639/1594 889/1640/1595
f 889/1640/1595 991/1639/1594 992/1641/1596
f 889/1640/1595 992/1641/1596 890/1642/1597
f 890/1642/1597 992/1641/1596 993/1643/1598
f 890/1642/1597 993/1643/1598 891/1644/1599
f 891/1644/1599 993/1643/1598 994/1645/1600
f 891/1644/1599 994/1645/1600 892/1646/1601
f 892/1646/1601 994/1645/1600 995/1647/1602
f 892/1646/1601 995/1647/1602 879/1648/1603
f 879/1648/1603 995/1647/1602 983/1649/1578
f 879/1648/1603 983/1649/1578 916/1650/1577
f 917/1651/1579 984/1652/1580 918/1653/1604
f 918/1653/1604 984/1652/1580 996/1654/1605
f 918/1653/1604 996/1654/1605 919/1655/1606
f 919/1655/1606 996/1654/1605 997/1656/1607
f 919/1655/1606 997/1656/1607 920/1657/1608
f 920/1657/1608 997/1656/1607 921/1658/1609
f 921/1658/1609 997/1656/1607 998/1659/1610
f 921/1658/1609 998/1659/1610 948/1660/1611
f 948/1660/1611 998/1659/1610 999/1661/1612
f 948/1660/1611 999/1661/1612 949/1662/1613
f 949/1662/1613 999/1661/1612 1000/1663/1614
f 949/1662/1613 1000/1663/1614 950/1664/1615
f 950/1664/1615 1000/1663/1614 980/1665/1567
f 950/1664/1615 980/1665/1567 944/1666/1566
f 995/1667/1616 869/1668/1394 983/1669/1617
f 983/1669/1617 869/1668/1394 814/1670/1364
f 983/1669/1617 814/1670/1364 813/1671/1362
f 995/1667/1616 994/1672/1618 869/1668/1394
f 869/1668/1394 994/1672/1618 870/1673/1396
f 870/1673/1396 994/1672/1618 993/1674/1619
f 870/1673/1396 993/1674/1619 992/1675/1620
f 870/1673/1396 992/1675/1620 871/1676/1400
f 871/1676/1400 992/1675/1620 991/1677/1621
f 871/1676/1400 991/1677/1621 990/1678/1622
f 990/1678/1622 989/1679/1623 871/1676/1400
f 871/1676/1400 989/1679/1623 872/1680/1401
f 872/1680/1401 989/1679/1623 988/1681/1624
f 872/1680/1401 988/1681/1624 828/1682/1392
f 828/1682/1392 988/1681/1624 829/1683/1346
f 829/1683/1346 988/1681/1624 707/1684/1233
f 829/1683/1346 707/1684/1233 830/1685/1344
f 830/1685/1344 707/1684/1233 772/1686/1304
f 830/1685/1344 772/1686/1304 831/1687/1343
f 831/1687/1343 772/1686/1304 771/1688/1301
f 831/1687/1343 771/1688/1301 770/1689/1298
f 707/1684/1233 988/1681/1624 708/1690/1237
f 708/1690/1237 988/1681/1624 987/1691/1625
f 708/1690/1237 987/1691/1625 986/1692/1626
f 985/1693/1627 982/1694/1628 986/1692/1626
f 986/1692/1626 982/1694/1628 708/1690/1237
f 981/1695/1629 636/1696/1164 982/1694/1628
f 982/1694/1628 636/1696/1164 635/1697/1163
f 982/1694/1628 635/1697/1163 670/1698/1215
f 670/1698/1215 635/1697/1163 671/1699/1218
f 671/1699/1218 635/1697/1163 672/1700/1220
f 672/1700/1220 635/1697/1163 673/1701/1222
f 673/1701/1222 635/1697/1163 674/1702/1223
f 674/1702/1223 635/1697/1163 675/1703/1224
f 675/1703/1224 635/1697/1163 634/1704/1157
f 675/1703/1224 634/1704/1157 645/1705/1168
f 645/1705/1168 634/1704/1157 646/1706/1181
f 646/1706/1181 634/1704/1157 647/1707/1182
f 647/1707/1182 634/1704/1157 648/1708/1183
f 648/1708/1183 634/1704/1157 649/1709/1185
f 649/1709/1185 634/1704/1157 633/1710/1156
f 649/1709/1185 633/1710/1156 650/1711/1187
f 650/1711/1187 633/1710/1156 651/1712/1189
f 651/1712/1189 633/1710/1156 652/1713/1192
f 652/1713/1192 633/1710/1156 653/1714/1194
f 653/1714/1194 633/1710/1156 702/1715/1226
f 653/1714/1194 702/1715/1226 654/1716/1196
f 654/1716/1196 702/1715/1226 655/1717/1197
f 655/1717/1197 702/1715/1226 656/1718/1199
f 656/1718/1199 702/1715/1226 657/1719/1178
f 657/1719/1178 702/1715/1226 658/1720/1176
f 658/1720/1176 702/1715/1226 659/1721/1174
f 659/1721/1174 702/1715/1226 660/1722/1173
f 660/1722/1173 702/1715/1226 661/1723/1172
f 661/1723/1172 702/1715/1226 705/1724/1228
f 661/1723/1172 705/1724/1228 662/1725/1200
f 662/1725/1200 705/1724/1228 663/1726/1201
f 663/1726/1201 705/1724/1228 664/1727/1203
f 664/1727/1203 705/1724/1228 665/1728/1205
f 665/1728/1205 705/1724/1228 666/1729/1207
f 666/1729/1207 705/1724/1228 667/1730/1209
f 667/1730/1209 705/1724/1228 668/1731/1211
f 668/1731/1211 705/1724/1228 669/1732/1213
f 669/1732/1213 705/1724/1228 670/1698/1215
f 670/1698/1215 705/1724/1228 982/1694/1628
f 980/1733/1630 550/1734/1079 981/1695/1629
f 981/1695/1629 550/1734/1079 549/1735/1077
f 981/1695/1629 549/1735/1077 600/1736/1145
f 600/1736/1145 549/1735/1077 601/1737/1148
f 601/1737/1148 549/1735/1077 602/1738/1150
f 602/1738/1150 549/1735/1077 603/1739/1152
f 603/1739/1152 549/1735/1077 604/1740/1153
f 604/1740/1153 549/1735/1077 605/1741/1154
f 605/1741/1154 549/1735/1077 575/1742/1098
f 605/1741/1154 575/1742/1098 606/1743/1155
f 606/1743/1155 575/1742/1098 574/1744/1100
f 606/1743/1155 574/1744/1100 617/1745/1132
f 1000/1746/1631 723/1747/1264 980/1733/1630
f 980/1733/1630 723/1747/1264 566/1748/1097
f 980/1733/1630 566/1748/1097 565/1749/1096
f 723/1747/1264 1000/1746/1631 727/1750/1261
f 727/1750/1261 1000/1746/1631 999/1751/1632
f 727/1750/1261 999/1751/1632 728/1752/1262
f 728/1752/1262 999/1751/1632 729/1753/1265
f 729/1753/1265 999/1751/1632 730/1754/1267
f 730/1754/1267 999/1751/1632 998/1755/1633
f 730/1754/1267 998/1755/1633 731/1756/1268
f 731/1756/1268 998/1755/1633 997/1757/1634
f 731/1756/1268 997/1757/1634 732/1758/1270
f 732/1758/1270 997/1757/1634 733/1759/1271
f 733/1759/1271 997/1757/1634 996/1760/1635
f 733/1759/1271 996/1760/1635 984/1761/1636
f 983/1669/1617 782/1762/1328 984/1761/1636
f 984/1761/1636 782/1762/1328 717/1763/1240
f 984/1761/1636 717/1763/1240 716/1764/1242
f 575/1742/1098 549/1735/1077 576/1765/1111
f 576/1765/1111 549/1735/1077 548/1766/1072
f 576/1765/1111 548/1766/1072 577/1767/1112
f 577/1767/1112 548/1766/1072 578/1768/1113
f 578/1768/1113 548/1766/1072 579/1769/1115
f 579/1769/1115 548/1766/1072 580/1770/1117
f 580/1770/1117 548/1766/1072 581/1771/1119
f 581/1771/1119 548/1766/1072 582/1772/1122
f 582/1772/1122 548/1766/1072 583/1773/1124
f 583/1773/1124 548/1766/1072 723/1747/1264
f 583/1773/1124 723/1747/1264 584/1774/1126
f 584/1774/1126 723/1747/1264 585/1775/1127
f 585/1775/1127 723/1747/1264 641/1776/1162
f 585/1775/1127 641/1776/1162 586/1777/1129
f 586/1777/1129 641/1776/1162 587/1778/1108
f 587/1778/1108 641/1776/1162 588/1779/1106
f 588/1779/1106 641/1776/1162 589/1780/1104
f 589/1780/1104 641/1776/1162 590/1781/1103
f 590/1781/1103 641/1776/1162 640/1782/1160
f 590/1781/1103 640/1782/1160 591/1783/1102
f 591/1783/1102 640/1782/1160 592/1784/1130
f 592/1784/1130 640/1782/1160 593/1785/1131
f 593/1785/1131 640/1782/1160 594/1786/1133
f 594/1786/1133 640/1782/1160 639/1787/1167
f 594/1786/1133 639/1787/1167 595/1788/1135
f 595/1788/1135 639/1787/1167 596/1789/1137
f 596/1789/1137 639/1787/1167 597/1790/1139
f 597/1790/1139 639/1787/1167 598/1791/1141
f 598/1791/1141 639/1787/1167 599/1792/1143
f 599/1792/1143 639/1787/1167 600/1736/1145
f 600/1736/1145 639/1787/1167 981/1695/1629
f 547/1793/1071 568/1794/1090 548/1766/1072
f 548/1766/1072 568/1794/1090 567/1795/1093
f 548/1766/1072 567/1795/1093 723/1747/1264
f 723/1747/1264 567/1795/1093 566/1748/1097
f 573/1796/1073 572/1797/1081 547/1793/1071
f 547/1793/1071 572/1797/1081 571/1798/1082
f 547/1793/1071 571/1798/1082 570/1799/1084
f 570/1799/1084 569/1800/1087 547/1793/1071
f 547/1793/1071 569/1800/1087 568/1794/1090
f 565/1749/1096 564/1801/1095 980/1733/1630
f 980/1733/1630 564/1801/1095 551/1802/1078
f 980/1733/1630 551/1802/1078 550/1734/1079
f 563/1803/1094 557/1804/1085 564/1801/1095
f 564/1801/1095 557/1804/1085 556/1805/1083
f 564/1801/1095 556/1805/1083 555/1806/1080
f 562/1807/1092 559/1808/1088 563/1803/1094
f 563/1803/1094 559/1808/1088 558/1809/1086
f 563/1803/1094 558/1809/1086 557/1804/1085
f 561/1810/1091 560/1811/1089 562/1807/1092
f 562/1807/1092 560/1811/1089 559/1808/1088
f 555/1806/1080 554/1812/1075 564/1801/1095
f 564/1801/1095 554/1812/1075 553/1813/1074
f 564/1801/1095 553/1813/1074 552/1814/1076
f 552/1814/1076 551/1802/1078 564/1801/1095
f 617/1745/1132 616/1815/1134 606/1743/1155
f 606/1743/1155 616/1815/1134 615/1816/1136
f 606/1743/1155 615/1816/1136 607/1817/1151
f 607/1817/1151 615/1816/1136 614/1818/1138
f 607/1817/1151 614/1818/1138 613/1819/1140
f 607/1817/1151 613/1819/1140 608/1820/1149
f 608/1820/1149 613/1819/1140 612/1821/1142
f 608/1820/1149 612/1821/1142 611/1822/1144
f 611/1822/1144 610/1823/1146 608/1820/1149
f 608/1820/1149 610/1823/1146 609/1824/1147
f 633/1710/1156 632/1825/1158 702/1715/1226
f 702/1715/1226 632/1825/1158 723/1747/1264
f 702/1715/1226 723/1747/1264 722/1826/1263
f 643/1827/1159 642/1828/1161 632/1825/1158
f 632/1825/1158 642/1828/1161 723/1747/1264
f 642/1828/1161 641/1776/1162 723/1747/1264
f 639/1787/1167 638/1829/1166 981/1695/1629
f 981/1695/1629 638/1829/1166 636/1696/1164
f 638/1829/1166 637/1830/1165 636/1696/1164
f 675/1703/1224 645/1705/1168 676/1831/1225
f 676/1831/1225 645/1705/1168 644/1832/1170
f 676/1831/1225 644/1832/1170 687/1833/1202
f 687/1833/1202 686/1834/1204 676/1831/1225
f 676/1831/1225 686/1834/1204 685/1835/1206
f 676/1831/1225 685/1835/1206 677/1836/1221
f 677/1836/1221 685/1835/1206 684/1837/1208
f 677/1836/1221 684/1837/1208 683/1838/1210
f 677/1836/1221 683/1838/1210 678/1839/1219
f 678/1839/1219 683/1838/1210 682/1840/1212
f 678/1839/1219 682/1840/1212 681/1841/1214
f 681/1841/1214 680/1842/1216 678/1839/1219
f 678/1839/1219 680/1842/1216 679/1843/1217
f 703/1844/1227 711/1845/1236 704/1846/1229
f 704/1846/1229 711/1845/1236 709/1847/1238
f 704/1846/1229 709/1847/1238 982/1694/1628
f 982/1694/1628 709/1847/1238 708/1690/1237
f 702/1715/1226 718/1848/1245 703/1844/1227
f 703/1844/1227 718/1848/1245 774/1849/1310
f 703/1844/1227 774/1849/1310 707/1684/1233
f 707/1684/1233 774/1849/1310 773/1850/1307
f 707/1684/1233 773/1850/1307 772/1686/1304
f 705/1724/1228 704/1846/1229 982/1694/1628
f 707/1684/1233 706/1851/1231 703/1844/1227
f 703/1844/1227 706/1851/1231 715/1852/1230
f 703/1844/1227 715/1852/1230 712/1853/1239
f 712/1853/1239 715/1852/1230 714/1854/1232
f 712/1853/1239 714/1854/1232 713/1855/1234
f 712/1853/1239 711/1845/1236 703/1844/1227
f 711/1845/1236 710/1856/1235 709/1847/1238
f 717/1763/1240 781/1857/1326 718/1848/1245
f 718/1848/1245 781/1857/1326 780/1858/1324
f 718/1848/1245 780/1858/1324 779/1859/1322
f 716/1764/1242 740/1860/1285 984/1761/1636
f 984/1761/1636 740/1860/1285 739/1861/1282
f 984/1761/1636 739/1861/1282 738/1862/1279
f 738/1862/1279 737/1863/1277 984/1761/1636
f 984/1761/1636 737/1863/1277 736/1864/1276
f 984/1761/1636 736/1864/1276 735/1865/1274
f 735/1865/1274 734/1866/1272 984/1761/1636
f 984/1761/1636 734/1866/1272 733/1759/1271
f 727/1750/1261 726/1867/1259 723/1747/1264
f 723/1747/1264 726/1867/1259 725/1868/1256
f 723/1747/1264 725/1868/1256 724/1869/1252
f 702/1715/1226 722/1826/1263 719/1870/1248
f 719/1870/1248 722/1826/1263 721/1871/1249
f 719/1870/1248 721/1871/1249 720/1872/1246
f 719/1870/1248 718/1848/1245 702/1715/1226
f 763/1873/1286 806/1874/1329 764/1875/1287
f 764/1875/1287 806/1874/1329 805/1876/1331
f 764/1875/1287 805/1876/1331 836/1877/1333
f 762/1878/1288 983/1669/1617 763/1873/1286
f 763/1873/1286 983/1669/1617 812/1879/1360
f 763/1873/1286 812/1879/1360 811/1880/1358
f 804/1881/1289 784/1882/1325 762/1878/1288
f 762/1878/1288 784/1882/1325 783/1883/1327
f 762/1878/1288 783/1883/1327 983/1669/1617
f 983/1669/1617 783/1883/1327 782/1762/1328
f 784/1882/1325 804/1881/1289 785/1884/1323
f 785/1884/1323 804/1881/1289 803/1885/1291
f 785/1884/1323 803/1885/1291 786/1886/1321
f 786/1886/1321 803/1885/1291 802/1887/1294
f 786/1886/1321 802/1887/1294 787/1888/1319
f 787/1888/1319 802/1887/1294 801/1889/1297
f 787/1888/1319 801/1889/1297 788/1890/1318
f 788/1890/1318 801/1889/1297 800/1891/1299
f 788/1890/1318 800/1891/1299 789/1892/1316
f 789/1892/1316 800/1891/1299 799/1893/1300
f 789/1892/1316 799/1893/1300 790/1894/1314
f 790/1894/1314 799/1893/1300 798/1895/1302
f 790/1894/1314 798/1895/1302 791/1896/1312
f 791/1896/1312 798/1895/1302 797/1897/1303
f 791/1896/1312 797/1897/1303 792/1898/1311
f 792/1898/1311 797/1897/1303 796/1899/1305
f 792/1898/1311 796/1899/1305 795/1900/1306
f 795/1900/1306 794/1901/1308 792/1898/1311
f 792/1898/1311 794/1901/1308 793/1902/1309
f 782/1762/1328 781/1857/1326 717/1763/1240
f 779/1859/1322 778/1903/1320 718/1848/1245
f 718/1848/1245 778/1903/1320 777/1904/1317
f 718/1848/1245 777/1904/1317 776/1905/1315
f 776/1905/1315 775/1906/1313 718/1848/1245
f 718/1848/1245 775/1906/1313 774/1849/1310
f 831/1687/1343 770/1689/1298 832/1907/1341
f 832/1907/1341 770/1689/1298 769/1908/1296
f 832/1907/1341 769/1908/1296 833/1909/1339
f 833/1909/1339 769/1908/1296 768/1910/1295
f 833/1909/1339 768/1910/1295 767/1911/1293
f 767/1911/1293 766/1912/1292 833/1909/1339
f 833/1909/1339 766/1912/1292 834/1913/1337
f 834/1913/1337 766/1912/1292 765/1914/1290
f 834/1913/1337 765/1914/1290 835/1915/1335
f 835/1915/1335 765/1914/1290 764/1875/1287
f 835/1915/1335 764/1875/1287 836/1877/1333
f 820/1916/1376 875/1917/1402 821/1918/1378
f 821/1918/1378 875/1917/1402 874/1919/1399
f 821/1918/1378 874/1919/1399 822/1920/1380
f 822/1920/1380 874/1919/1399 823/1921/1382
f 823/1921/1382 874/1919/1399 873/1922/1398
f 823/1921/1382 873/1922/1398 872/1680/1401
f 820/1916/1376 819/1923/1374 875/1917/1402
f 875/1917/1402 819/1923/1374 878/1924/1393
f 875/1917/1402 878/1924/1393 876/1925/1397
f 876/1925/1397 878/1924/1393 877/1926/1395
f 819/1923/1374 818/1927/1372 878/1924/1393
f 878/1924/1393 818/1927/1372 817/1928/1370
f 878/1924/1393 817/1928/1370 869/1668/1394
f 869/1668/1394 817/1928/1370 816/1929/1368
f 869/1668/1394 816/1929/1368 815/1930/1366
f 815/1930/1366 814/1670/1364 869/1668/1394
f 813/1671/1362 812/1879/1360 983/1669/1617
f 811/1880/1358 810/1931/1356 763/1873/1286
f 763/1873/1286 810/1931/1356 809/1932/1354
f 763/1873/1286 809/1932/1354 808/1933/1352
f 808/1933/1352 807/1934/1350 763/1873/1286
f 763/1873/1286 807/1934/1350 806/1874/1329
f 828/1682/1392 827/1935/1390 872/1680/1401
f 872/1680/1401 827/1935/1390 826/1936/1388
f 872/1680/1401 826/1936/1388 825/1937/1386
f 825/1937/1386 824/1938/1384 872/1680/1401
f 872/1680/1401 824/1938/1384 823/1921/1382
f 911/1939/1637 534/1940/1452 1007/1941/1638
f 1007/1941/1638 534/1940/1452 533/1942/1639
f 1007/1941/1638 533/1942/1639 1016/1943/1640
f 1016/1943/1640 533/1942/1639 532/1944/1641
f 1016/1943/1640 532/1944/1641 1025/1945/1642
f 1025/1945/1642 532/1944/1641 531/1946/1643
f 1025/1945/1642 531/1946/1643 1034/1947/1644
f 1034/1947/1644 531/1946/1643 530/1948/1645
f 1034/1947/1644 530/1948/1645 1043/1949/1646
f 1043/1949/1646 530/1948/1645 529/1950/1647
f 1043/1949/1646 529/1950/1647 1051/1951/1648
f 1051/1951/1648 529/1950/1647 528/1952/1649
f 1051/1951/1648 528/1952/1649 1060/1953/1650
f 1060/1953/1650 528/1952/1649 527/1954/1651
f 1060/1953/1650 527/1954/1651 910/1955/1652
f 1060/1953/1650 910/1955/1652 1061/1956/1653
f 1061/1956/1653 910/1955/1652 909/1957/1654
f 1061/1956/1653 909/1957/1654 1062/1958/1655
f 1062/1958/1655 909/1957/1654 1063/1959/1656
f 1062/1958/1655 1063/1959/1656 1053/1960/1657
f 1053/1960/1657 1063/1959/1656 1054/1961/1658
f 1053/1960/1657 1054/1961/1658 1045/1962/1659
f 1045/1962/1659 1054/1961/1658 1046/1963/1660
f 1045/1962/1659 1046/1963/1660 1036/1964/1661
f 1036/1964/1661 1046/1963/1660 1037/1965/1662
f 1036/1964/1661 1037/1965/1662 1027/1966/1663
f 1027/1966/1663 1037/1965/1662 1028/1967/1664
f 1027/1966/1663 1028/1967/1664 1018/1968/1665
f 1018/1968/1665 1028/1967/1664 1019/1969/1666
f 1018/1968/1665 1019/1969/1666 1009/1970/1667
f 1009/1970/1667 1019/1969/1666 1010/1971/1668
f 1009/1970/1667 1010/1971/1668 912/1972/1669
f 912/1972/1669 1010/1971/1668 913/1973/1670
f 913/1973/1670 1010/1971/1668 1011/1974/1671
f 913/1973/1670 1011/1974/1671 1012/1975/1672
f 1012/1975/1672 1011/1974/1671 1021/1976/1673
f 1012/1975/1672 1021/1976/1673 1022/1977/1674
f 1022/1977/1674 1021/1976/1673 1031/1978/1675
f 1022/1977/1674 1031/1978/1675 1032/1979/1676
f 1032/1979/1676 1031/1978/1675 1041/1980/1677
f 1032/1979/1676 1041/1980/1677 1042/1981/1678
f 1042/1981/1678 1041/1980/1677 1006/1982/1679
f 1042/1981/1678 1006/1982/1679 1003/1983/1680
f 1003/1983/1680 1006/1982/1679 1002/1984/1681
f 1002/1984/1681 1006/1982/1679 1059/1985/1682
f 1002/1984/1681 1059/1985/1682 1001/1986/1683
f 1001/1986/1683 1059/1985/1682 1068/1987/1684
f 1001/1986/1683 1068/1987/1684 905/1988/1435
f 905/1988/1435 1068/1987/1684 906/1989/1685
f 906/1989/1685 1068/1987/1684 1067/1990/1686
f 906/1989/1685 1067/1990/1686 1066/1991/1687
f 1066/1991/1687 1067/1990/1686 1057/1992/1688
f 1066/1991/1687 1057/1992/1688 1056/1993/1689
f 1056/1993/1689 1057/1992/1688 1048/1994/1690
f 1056/1993/1689 1048/1994/1690 1047/1995/1691
f 1047/1995/1691 1048/1994/1690 1038/1996/1692
f 1047/1995/1691 1038/1996/1692 1037/1965/1662
f 1037/1965/1662 1038/1996/1692 1028/1967/1664
f 909/1957/1654 908/1997/1432 1063/1959/1656
f 1063/1959/1656 908/1997/1432 1064/1998/1693
f 1063/1959/1656 1064/1998/1693 1054/1961/1658
f 1054/1961/1658 1064/1998/1693 1055/1999/1694
f 1054/1961/1658 1055/1999/1694 1046/1963/1660
f 1046/1963/1660 1055/1999/1694 1047/1995/1691
f 1046/1963/1660 1047/1995/1691 1037/1965/1662
f 1064/1998/1693 908/1997/1432 1065/2000/1695
f 1065/2000/1695 908/1997/1432 907/2001/1696
f 1065/2000/1695 907/2001/1696 1066/1991/1687
f 1066/1991/1687 907/2001/1696 906/1989/1685
f 1042/1981/1678 1003/1983/1680 1033/2002/1697
f 1033/2002/1697 1003/1983/1680 1004/2003/1698
f 1033/2002/1697 1004/2003/1698 1024/2004/1699
f 1024/2004/1699 1004/2003/1698 1005/2005/1700
f 1024/2004/1699 1005/2005/1700 1015/2006/1701
f 1015/2006/1701 1005/2005/1700 880/2007/1404
f 1015/2006/1701 880/2007/1404 915/2008/1702
f 914/2009/1703 1013/2010/1704 915/2008/1702
f 915/2008/1702 1013/2010/1704 1014/2011/1705
f 915/2008/1702 1014/2011/1705 1015/2006/1701
f 1015/2006/1701 1014/2011/1705 1024/2004/1699
f 1013/2010/1704 914/2009/1703 1012/1975/1672
f 1012/1975/1672 914/2009/1703 913/1973/1670
f 1009/1970/1667 912/1972/1669 1008/2012/1706
f 1008/2012/1706 912/1972/1669 911/1939/1637
f 1008/2012/1706 911/1939/1637 1007/1941/1638
f 1018/1968/1665 1009/1970/1667 1008/2012/1706
f 1008/2012/1706 1007/1941/1638 1017/2013/1707
f 1017/2013/1707 1007/1941/1638 1016/1943/1640
f 1017/2013/1707 1016/1943/1640 1026/2014/1708
f 1026/2014/1708 1016/1943/1640 1025/1945/1642
f 1026/2014/1708 1025/1945/1642 1035/2015/1709
f 1035/2015/1709 1025/1945/1642 1034/1947/1644
f 1035/2015/1709 1034/1947/1644 1044/2016/1710
f 1044/2016/1710 1034/1947/1644 1043/1949/1646
f 1044/2016/1710 1043/1949/1646 1052/2017/1711
f 1052/2017/1711 1043/1949/1646 1051/1951/1648
f 1052/2017/1711 1051/1951/1648 1061/1956/1653
f 1061/1956/1653 1051/1951/1648 1060/1953/1650
f 1011/1974/1671 1010/1971/1668 1020/2018/1712
f 1020/2018/1712 1010/1971/1668 1019/1969/1666
f 1020/2018/1712 1019/1969/1666 1029/2019/1713
f 1029/2019/1713 1019/1969/1666 1028/1967/1664
f 1029/2019/1713 1028/1967/1664 1038/1996/1692
f 1012/1975/1672 1022/1977/1674 1013/2010/1704
f 1013/2010/1704 1022/1977/1674 1023/2020/1714
f 1013/2010/1704 1023/2020/1714 1014/2011/1705
f 1014/2011/1705 1023/2020/1714 1024/2004/1699
f 1027/1966/1663 1018/1968/1665 1017/2013/1707
f 1017/2013/1707 1018/1968/1665 1008/2012/1706
f 1027/1966/1663 1017/2013/1707 1026/2014/1708
f 1011/1974/1671 1020/2018/1712 1021/1976/1673
f 1021/1976/1673 1020/2018/1712 1030/2021/1715
f 1021/1976/1673 1030/2021/1715 1031/1978/1675
f 1031/1978/1675 1030/2021/1715 1040/2022/1716
f 1031/1978/1675 1040/2022/1716 1041/1980/1677
f 1041/1980/1677 1040/2022/1716 1050/2023/1717
f 1041/1980/1677 1050/2023/1717 1006/1982/1679
f 1006/1982/1679 1050/2023/1717 1059/1985/1682
f 1030/2021/1715 1020/2018/1712 1029/2019/1713
f 1033/2002/1697 1024/2004/1699 1023/2020/1714
f 1033/2002/1697 1023/2020/1714 1032/1979/1676
f 1032/1979/1676 1023/2020/1714 1022/1977/1674
f 1036/1964/1661 1027/1966/1663 1026/2014/1708
f 1036/1964/1661 1026/2014/1708 1035/2015/1709
f 1030/2021/1715 1029/2019/1713 1039/2024/1718
f 1039/2024/1718 1029/2019/1713 1038/1996/1692
f 1039/2024/1718 1038/1996/1692 1048/1994/1690
f 1042/1981/1678 1033/2002/1697 1032/1979/1676
f 1045/1962/1659 1036/1964/1661 1035/2015/1709
f 1045/1962/1659 1035/2015/1709 1044/2016/1710
f 1030/2021/1715 1039/2024/1718 1040/2022/1716
f 1040/2022/1716 1039/2024/1718 1049/2025/1719
f 1040/2022/1716 1049/2025/1719 1050/2023/1717
f 1050/2023/1717 1049/2025/1719 1058/2026/1720
f 1050/2023/1717 1058/2026/1720 1059/1985/1682
f 1059/1985/1682 1058/2026/1720 1068/1987/1684
f 1049/2025/1719 1039/2024/1718 1048/1994/1690
f 1053/1960/1657 1045/1962/1659 1044/2016/1710
f 1053/1960/1657 1044/2016/1710 1052/2017/1711
f 1056/1993/1689 1047/1995/1691 1055/1999/1694
f 1058/2026/1720 1049/2025/1719 1057/1992/1688
f 1057/1992/1688 1049/2025/1719 1048/1994/1690
f 1062/1958/1655 1053/1960/1657 1052/2017/1711
f 1062/1958/1655 1052/2017/1711 1061/1956/1653
f 1064/1998/1693 1065/2000/1695 1055/1999/1694
f 1055/1999/1694 1065/2000/1695 1056/1993/1689
f 1065/2000/1695 1066/1991/1687 1056/1993/1689
f 1068/1987/1684 1058/2026/1720 1067/1990/1686
f 1067/1990/1686 1058/2026/1720 1057/1992/1688
f 1005/2027/1721 1074/2028/1722 880/2029/1404
f 880/2029/1404 1074/2028/1722 1075/2030/1723
f 880/2029/1404 1075/2030/1723 1076/2031/1724
f 1076/2031/1724 1075/2030/1723 1081/2032/1725
f 1076/2031/1724 1081/2032/1725 1082/2033/1726
f 1082/2033/1726 1081/2032/1725 1087/2034/1727
f 1082/2033/1726 1087/2034/1727 1088/2035/1728
f 1088/2035/1728 1087/2034/1727 1093/2036/1729
f 1088/2035/1728 1093/2036/1729 1070/2037/1730
f 1070/2037/1730 1093/2036/1729 1069/2038/1731
f 1069/2038/1731 1093/2036/1729 1098/2039/1732
f 1069/2038/1731 1098/2039/1732 904/2040/1438
f 904/2040/1438 1098/2039/1732 1097/2041/1733
f 904/2040/1438 1097/2041/1733 1096/2042/1734
f 1096/2042/1734 1097/2041/1733 1091/2043/1735
f 1096/2042/1734 1091/2043/1735 1090/2044/1736
f 1090/2044/1736 1091/2043/1735 1085/2045/1737
f 1090/2044/1736 1085/2045/1737 1084/2046/1738
f 1084/2046/1738 1085/2045/1737 1079/2047/1739
f 1084/2046/1738 1079/2047/1739 1004/2048/1740
f 1004/2048/1740 1079/2047/1739 1005/2027/1721
f 1005/2027/1721 1079/2047/1739 1074/2028/1722
f 1004/2048/1740 1003/2049/1741 1084/2046/1738
f 1084/2046/1738 1003/2049/1741 1089/2050/1742
f 1084/2046/1738 1089/2050/1742 1090/2044/1736
f 1090/2044/1736 1089/2050/1742 1095/2051/1743
f 1090/2044/1736 1095/2051/1743 1096/2042/1734
f 1096/2042/1734 1095/2051/1743 905/2052/1435
f 1096/2042/1734 905/2052/1435 904/2040/1438
f 1003/2049/1741 1002/2053/1744 1089/2050/1742
f 1089/2050/1742 1002/2053/1744 1094/2054/1745
f 1089/2050/1742 1094/2054/1745 1095/2051/1743
f 1095/2051/1743 1094/2054/1745 905/2052/1435
f 1002/2053/1744 1001/2055/1746 1094/2054/1745
f 1094/2054/1745 1001/2055/1746 905/2052/1435
f 1070/2037/1730 1071/2056/1747 1088/2035/1728
f 1088/2035/1728 1071/2056/1747 1083/2057/1748
f 1088/2035/1728 1083/2057/1748 1082/2033/1726
f 1082/2033/1726 1083/2057/1748 1077/2058/1749
f 1082/2033/1726 1077/2058/1749 1076/2031/1724
f 1076/2031/1724 1077/2058/1749 881/2059/1410
f 1076/2031/1724 881/2059/1410 880/2029/1404
f 1071/2056/1747 1072/2060/1750 1083/2057/1748
f 1083/2057/1748 1072/2060/1750 1078/2061/1751
f 1083/2057/1748 1078/2061/1751 1077/2058/1749
f 1077/2058/1749 1078/2061/1751 881/2059/1410
f 1072/2060/1750 1073/2062/1752 1078/2061/1751
f 1078/2061/1751 1073/2062/1752 881/2059/1410
f 1075/2030/1723 1074/2028/1722 1080/2063/1753
f 1080/2063/1753 1074/2028/1722 1079/2047/1739
f 1080/2063/1753 1079/2047/1739 1085/2045/1737
f 1075/2030/1723 1080/2063/1753 1081/2032/1725
f 1081/2032/1725 1080/2063/1753 1086/2064/1754
f 1081/2032/1725 1086/2064/1754 1087/2034/1727
f 1087/2034/1727 1086/2064/1754 1092/2065/1755
f 1087/2034/1727 1092/2065/1755 1093/2036/1729
f 1093/2036/1729 1092/2065/1755 1098/2039/1732
f 1086/2064/1754 1080/2063/1753 1085/2045/1737
f 1092/2065/1755 1086/2064/1754 1091/2043/1735
f 1091/2043/1735 1086/2064/1754 1085/2045/1737
f 1098/2039/1732 1092/2065/1755 1097/2041/1733
f 1097/2041/1733 1092/2065/1755 1091/2043/1735
f 961/2066/1756 881/2067/1410 1100/2068/1757
f 1100/2068/1757 881/2067/1410 1073/2069/1758
f 1100/2068/1757 1073/2069/1758 1109/2070/1759
f 1109/2070/1759 1073/2069/1758 1072/2071/1760
f 1109/2070/1759 1072/2071/1760 1118/2072/1761
f 1118/2072/1761 1072/2071/1760 1071/2073/1762
f 1118/2072/1761 1071/2073/1762 1127/2074/1763
f 1127/2074/1763 1071/2073/1762 1099/2075/1764
f 1127/2074/1763 1099/2075/1764 1152/2076/1765
f 1152/2076/1765 1099/2075/1764 1137/2077/1766
f 1152/2076/1765 1137/2077/1766 1138/2078/1767
f 1138/2078/1767 1137/2077/1766 1155/2079/1768
f 1138/2078/1767 1155/2079/1768 1156/2080/1769
f 1156/2080/1769 1155/2079/1768 902/2081/1770
f 1156/2080/1769 902/2081/1770 901/2082/1441
f 1071/2073/1762 1070/2083/1771 1099/2075/1764
f 1099/2075/1764 1070/2083/1771 1136/2084/1772
f 1099/2075/1764 1136/2084/1772 1137/2077/1766
f 1137/2077/1766 1136/2084/1772 1154/2085/1773
f 1137/2077/1766 1154/2085/1773 1155/2079/1768
f 1155/2079/1768 1154/2085/1773 902/2081/1770
f 1070/2083/1771 1069/2086/1774 1136/2084/1772
f 1136/2084/1772 1069/2086/1774 1153/2087/1775
f 1136/2084/1772 1153/2087/1775 1154/2085/1773
f 1154/2085/1773 1153/2087/1775 903/2088/1776
f 1154/2085/1773 903/2088/1776 902/2081/1770
f 1069/2086/1774 904/2089/1777 1153/2087/1775
f 1153/2087/1775 904/2089/1777 903/2088/1776
f 900/2090/1778 1158/2091/1779 901/2082/1441
f 901/2082/1441 1158/2091/1779 1157/2092/1780
f 901/2082/1441 1157/2092/1780 1156/2080/1769
f 1156/2080/1769 1157/2092/1780 1139/2093/1781
f 1156/2080/1769 1139/2093/1781 1138/2078/1767
f 1138/2078/1767 1139/2093/1781 1151/2094/1782
f 1138/2078/1767 1151/2094/1782 1152/2076/1765
f 1152/2076/1765 1151/2094/1782 1128/2095/1783
f 1152/2076/1765 1128/2095/1783 1127/2074/1763
f 1127/2074/1763 1128/2095/1783 1118/2072/1761
f 1158/2091/1779 900/2090/1778 1159/2096/1784
f 1159/2096/1784 900/2090/1778 899/2097/1785
f 1159/2096/1784 899/2097/1785 1160/2098/1786
f 1160/2098/1786 899/2097/1785 1161/2099/1787
f 1160/2098/1786 1161/2099/1787 1143/2100/1788
f 1143/2100/1788 1161/2099/1787 1144/2101/1789
f 1143/2100/1788 1144/2101/1789 1146/2102/1790
f 1146/2102/1790 1144/2101/1789 1145/2103/1791
f 1146/2102/1790 1145/2103/1791 1134/2104/1792
f 1134/2104/1792 1145/2103/1791 1135/2105/1793
f 1134/2104/1792 1135/2105/1793 1125/2106/1794
f 1125/2106/1794 1135/2105/1793 1126/2107/1795
f 1125/2106/1794 1126/2107/1795 1116/2108/1796
f 1116/2108/1796 1126/2107/1795 1117/2109/1797
f 1116/2108/1796 1117/2109/1797 1107/2110/1798
f 1107/2110/1798 1117/2109/1797 1108/2111/1799
f 1107/2110/1798 1108/2111/1799 965/2112/1800
f 965/2112/1800 1108/2111/1799 539/2113/1537
f 539/2113/1537 1108/2111/1799 540/2114/1801
f 540/2114/1801 1108/2111/1799 1117/2109/1797
f 540/2114/1801 1117/2109/1797 541/2115/1802
f 541/2115/1802 1117/2109/1797 1126/2107/1795
f 541/2115/1802 1126/2107/1795 542/2116/1803
f 542/2116/1803 1126/2107/1795 1135/2105/1793
f 542/2116/1803 1135/2105/1793 543/2117/1804
f 543/2117/1804 1135/2105/1793 1145/2103/1791
f 543/2117/1804 1145/2103/1791 544/2118/1805
f 544/2118/1805 1145/2103/1791 1144/2101/1789
f 544/2118/1805 1144/2101/1789 545/2119/1806
f 545/2119/1806 1144/2101/1789 1161/2099/1787
f 545/2119/1806 1161/2099/1787 546/2120/1807
f 546/2120/1807 1161/2099/1787 899/2097/1785
f 1107/2110/1798 965/2112/1800 1106/2121/1808
f 1106/2121/1808 965/2112/1800 964/2122/1809
f 1106/2121/1808 964/2122/1809 1105/2123/1810
f 1105/2123/1810 964/2122/1809 963/2124/1811
f 1105/2123/1810 963/2124/1811 1104/2125/1812
f 1104/2125/1812 963/2124/1811 1103/2126/1813
f 1104/2125/1812 1103/2126/1813 1113/2127/1814
f 1113/2127/1814 1103/2126/1813 1112/2128/1815
f 1113/2127/1814 1112/2128/1815 1122/2129/1816
f 1122/2129/1816 1112/2128/1815 1121/2130/1817
f 1122/2129/1816 1121/2130/1817 1131/2131/1818
f 1131/2131/1818 1121/2130/1817 1130/2132/1819
f 1131/2131/1818 1130/2132/1819 1149/2133/1820
f 1149/2133/1820 1130/2132/1819 1150/2134/1821
f 1149/2133/1820 1150/2134/1821 1140/2135/1822
f 1140/2135/1822 1150/2134/1821 1139/2093/1781
f 1140/2135/1822 1139/2093/1781 1157/2092/1780
f 963/2124/1811 962/2136/1823 1103/2126/1813
f 1103/2126/1813 962/2136/1823 1102/2137/1824
f 1103/2126/1813 1102/2137/1824 1112/2128/1815
f 1112/2128/1815 1102/2137/1824 1111/2138/1825
f 1112/2128/1815 1111/2138/1825 1121/2130/1817
f 1121/2130/1817 1111/2138/1825 1120/2139/1826
f 1121/2130/1817 1120/2139/1826 1130/2132/1819
f 1130/2132/1819 1120/2139/1826 1129/2140/1827
f 1130/2132/1819 1129/2140/1827 1150/2134/1821
f 1150/2134/1821 1129/2140/1827 1151/2094/1782
f 1150/2134/1821 1151/2094/1782 1139/2093/1781
f 1102/2137/1824 962/2136/1823 1101/2141/1828
f 1101/2141/1828 962/2136/1823 961/2066/1756
f 1101/2141/1828 961/2066/1756 1100/2068/1757
f 1111/2138/1825 1102/2137/1824 1101/2141/1828
f 1101/2141/1828 1100/2068/1757 1110/2142/1829
f 1110/2142/1829 1100/2068/1757 1109/2070/1759
f 1110/2142/1829 1109/2070/1759 1119/2143/1830
f 1119/2143/1830 1109/2070/1759 1118/2072/1761
f 1119/2143/1830 1118/2072/1761 1128/2095/1783
f 1105/2123/1810 1104/2125/1812 1114/2144/1831
f 1114/2144/1831 1104/2125/1812 1113/2127/1814
f 1114/2144/1831 1113/2127/1814 1123/2145/1832
f 1123/2145/1832 1113/2127/1814 1122/2129/1816
f 1123/2145/1832 1122/2129/1816 1132/2146/1833
f 1132/2146/1833 1122/2129/1816 1131/2131/1818
f 1132/2146/1833 1131/2131/1818 1148/2147/1834
f 1148/2147/1834 1131/2131/1818 1149/2133/1820
f 1148/2147/1834 1149/2133/1820 1141/2148/1835
f 1141/2148/1835 1149/2133/1820 1140/2135/1822
f 1141/2148/1835 1140/2135/1822 1158/2091/1779
f 1158/2091/1779 1140/2135/1822 1157/2092/1780
f 1116/2108/1796 1107/2110/1798 1106/2121/1808
f 1106/2121/1808 1105/2123/1810 1115/2149/1836
f 1115/2149/1836 1105/2123/1810 1114/2144/1831
f 1115/2149/1836 1114/2144/1831 1124/2150/1837
f 1124/2150/1837 1114/2144/1831 1123/2145/1832
f 1124/2150/1837 1123/2145/1832 1133/2151/1838
f 1133/2151/1838 1123/2145/1832 1132/2146/1833
f 1133/2151/1838 1132/2146/1833 1147/2152/1839
f 1147/2152/1839 1132/2146/1833 1148/2147/1834
f 1147/2152/1839 1148/2147/1834 1142/2153/1840
f 1142/2153/1840 1148/2147/1834 1141/2148/1835
f 1142/2153/1840 1141/2148/1835 1159/2096/1784
f 1159/2096/1784 1141/2148/1835 1158/2091/1779
f 1120/2139/1826 1111/2138/1825 1110/2142/1829
f 1110/2142/1829 1111/2138/1825 1101/2141/1828
f 1120/2139/1826 1110/2142/1829 1119/2143/1830
f 1125/2106/1794 1116/2108/1796 1115/2149/1836
f 1115/2149/1836 1116/2108/1796 1106/2121/1808
f 1125/2106/1794 1115/2149/1836 1124/2150/1837
f 1129/2140/1827 1120/2139/1826 1119/2143/1830
f 1129/2140/1827 1119/2143/1830 1128/2095/1783
f 1134/2104/1792 1125/2106/1794 1124/2150/1837
f 1134/2104/1792 1124/2150/1837 1133/2151/1838
f 1151/2094/1782 1129/2140/1827 1128/2095/1783
f 1146/2102/1790 1134/2104/1792 1133/2151/1838
f 1146/2102/1790 1133/2151/1838 1147/2152/1839
f 1146/2102/1790 1147/2152/1839 1143/2100/1788
f 1143/2100/1788 1147/2152/1839 1142/2153/1840
f 1143/2100/1788 1142/2153/1840 1160/2098/1786
f 1160/2098/1786 1142/2153/1840 1159/2096/1784
g Body8

v 0.687386 0.300000 10.004412
v -0.687386 0.300000 10.004412
v -0.734180 0.153232 10.004412
v -0.750000 0.000000 10.004412
v -0.734180 -0.153232 10.004412
v -0.687386 -0.300000 10.004412
v 0.687386 -0.300000 10.004412
v 0.734180 -0.153232 10.004412
v 0.750000 -0.000000 10.004412
v 0.734180 0.153232 10.004412
v 0.687386 0.300000 18.004412
v 0.687386 -0.300000 18.004412
v 0.734180 -0.153232 18.004412
v 0.750000 0.000000 18.004412
v 0.734180 0.153232 18.004412
v 0.734180 0.153232 12.671079
v 0.734180 0.153232 15.337745
v 0.750000 0.000000 12.671079
v 0.750000 0.000000 15.337745
v 0.734180 -0.153232 12.671079
v 0.734180 -0.153232 15.337745
v -0.687386 0.300000 18.004412
v -0.734180 0.153232 18.004412
v -0.750000 0.000000 18.004412
v -0.734180 -0.153232 18.004412
v -0.687386 -0.300000 18.004412
v -0.734180 0.153232 15.337745
v -0.734180 0.153232 12.671079
v -0.750000 0.000000 15.337745
v -0.750000 0.000000 12.671079
v -0.734180 -0.153232 15.337745
v -0.734180 -0.153232 12.671079
v 1.532700 0.300000 18.004412
v 1.544190 0.300000 18.003074
v 1.555065 0.300000 17.999131
v 1.564743 0.300000 17.992794
v 1.572706 0.300000 17.984403
v 1.578528 0.300000 17.974406
v 1.581896 0.300000 17.963340
v 1.582631 0.300000 17.951795
v 1.300000 0.300000 12.558872
v 1.300000 0.300000 10.979603
v 1.398153 0.300000 10.156539
v 1.687105 0.300000 9.379639
v 2.150651 0.300000 8.692476
v 2.762791 0.300000 8.133591
v 4.918938 0.300000 6.602012
v 5.846451 0.300000 5.760868
v 6.236867 0.300000 5.298150
v 6.568770 0.300000 4.798455
v 6.834954 0.300000 4.255126
v 7.028830 0.300000 3.662326
v 7.226355 0.300000 2.375688
v 7.262752 0.300000 1.097297
v 7.255521 0.300000 0.515209
v 7.250000 0.300000 0.000000
v 7.139856 0.300000 -1.258949
v 6.812772 0.300000 -2.479646
v 6.278684 0.300000 -3.625000
v 5.553822 0.300000 -4.660210
v 4.660210 0.300000 -5.553822
v 3.625000 0.300000 -6.278684
v 2.479646 0.300000 -6.812772
v 1.258949 0.300000 -7.139856
v 0.000000 0.300000 -7.250000
v -1.258949 0.300000 -7.139856
v -2.479646 0.300000 -6.812772
v -3.625000 0.300000 -6.278684
v -4.660210 0.300000 -5.553822
v -5.553822 0.300000 -4.660210
v -6.278684 0.300000 -3.625000
v -6.812772 0.300000 -2.479646
v -7.139856 0.300000 -1.258949
v -7.250000 0.300000 0.000000
v -7.255521 0.300000 0.515209
v -7.262752 0.300000 1.097297
v -7.226355 0.300000 2.375688
v -7.028830 0.300000 3.662326
v -6.834954 0.300000 4.255126
v -6.568770 0.300000 4.798455
v -6.236867 0.300000 5.298150
v -5.846451 0.300000 5.760868
v -4.918938 0.300000 6.602012
v -2.762791 0.300000 8.133591
v -2.150651 0.300000 8.692476
v -1.687105 0.300000 9.379639
v -1.398153 0.300000 10.156539
v -1.300000 0.300000 10.979603
v -1.300000 0.300000 12.558872
v -1.582631 0.300000 17.951795
v -1.581896 0.300000 17.963340
v -1.578528 0.300000 17.974406
v -1.572706 0.300000 17.984403
v -1.564743 0.300000 17.992794
v -1.555065 0.300000 17.999131
v -1.544190 0.300000 18.003074
v -1.532700 0.300000 18.004412
v 0.000000 0.300000 9.586275
v 0.000000 0.300000 1.168137
v 1.532700 -0.300000 18.004412
v -1.532700 -0.300000 18.004412
v -1.544190 -0.300000 18.003074
v -1.555065 -0.300000 17.999131
v -1.564743 -0.300000 17.992794
v -1.572706 -0.300000 17.984403
v -1.578528 -0.300000 17.974406
v -1.581896 -0.300000 17.963340
v -1.582631 -0.300000 17.951795
v -1.300000 -0.300000 12.558872
v -1.300000 -0.300000 10.979603
v -1.398153 -0.300000 10.156539
v -1.687105 -0.300000 9.379639
v -2.150651 -0.300000 8.692476
v -2.762791 -0.300000 8.133591
v -4.918938 -0.300000 6.602012
v -5.846451 -0.300000 5.760868
v -6.236867 -0.300000 5.298150
v -6.568770 -0.300000 4.798455
v -6.834954 -0.300000 4.255126
v -7.028830 -0.300000 3.662326
v -7.226355 -0.300000 2.375688
v -7.262752 -0.300000 1.097297
v -7.255521 -0.300000 0.515209
v -7.250000 -0.300000 0.000000
v -7.139856 -0.300000 -1.258949
v -6.812772 -0.300000 -2.479646
v -6.278684 -0.300000 -3.625000
v -5.553822 -0.300000 -4.660210
v -4.660210 -0.300000 -5.553822
v -3.625000 -0.300000 -6.278684
v -2.479646 -0.300000 -6.812772
v -1.258949 -0.300000 -7.139856
v -0.000000 -0.300000 -7.250000
v 1.258949 -0.300000 -7.139856
v 2.479646 -0.300000 -6.812772
v 3.625000 -0.300000 -6.278684
v 4.660210 -0.300000 -5.553822
v 5.553822 -0.300000 -4.660210
v 6.278684 -0.300000 -3.625000
v 6.812772 -0.300000 -2.479646
v 7.139856 -0.300000 -1.258949
v 7.250000 -0.300000 0.000000
v 7.255521 -0.300000 0.515209
v 7.262752 -0.300000 1.097297
v 7.226355 -0.300000 2.375688
v 7.028830 -0.300000 3.662326
v 6.834954 -0.300000 4.255126
v 6.568770 -0.300000 4.798455
v 6.236867 -0.300000 5.298150
v 5.846451 -0.300000 5.760868
v 4.918938 -0.300000 6.602012
v 2.762791 -0.300000 8.133591
v 2.150651 -0.300000 8.692476
v 1.687105 -0.300000 9.379639
v 1.398153 -0.300000 10.156539
v 1.300000 -0.300000 10.979603
v 1.300000 -0.300000 12.558872
v 1.582631 -0.300000 17.951795
v 1.581896 -0.300000 17.963340
v 1.578528 -0.300000 17.974406
v 1.572706 -0.300000 17.984403
v 1.564743 -0.300000 17.992794
v 1.555065 -0.300000 17.999131
v 1.544190 -0.300000 18.003074
v -1.545080 -0.300000 7.551083
v -1.586707 -0.300000 7.679198
v -1.721415 -0.300000 7.679198
v -1.612434 -0.300000 7.758378
v -1.654061 -0.300000 7.886493
v -1.545080 -0.300000 7.807314
v -1.436098 -0.300000 7.886493
v -1.477726 -0.300000 7.758378
v -1.368744 -0.300000 7.679198
v -1.503453 -0.300000 7.679198
v -1.995080 -0.300000 7.551083
v -2.036707 -0.300000 7.679198
v -2.171415 -0.300000 7.679198
v -2.062434 -0.300000 7.758378
v -2.104061 -0.300000 7.886493
v -1.995080 -0.300000 7.807314
v -1.886098 -0.300000 7.886493
v -1.927726 -0.300000 7.758378
v -1.818744 -0.300000 7.679198
v -1.953453 -0.300000 7.679198
v -2.445080 -0.300000 7.551083
v -2.486707 -0.300000 7.679198
v -2.621415 -0.300000 7.679198
v -2.512434 -0.300000 7.758378
v -2.554061 -0.300000 7.886493
v -2.445080 -0.300000 7.807314
v -2.336098 -0.300000 7.886493
v -2.377726 -0.300000 7.758378
v -2.268744 -0.300000 7.679198
v -2.403453 -0.300000 7.679198
v -2.895080 -0.300000 7.551083
v -2.936707 -0.300000 7.679198
v -3.071415 -0.300000 7.679198
v -2.962434 -0.300000 7.758378
v -3.004061 -0.300000 7.886493
v -2.895080 -0.300000 7.807314
v -2.786098 -0.300000 7.886493
v -2.827726 -0.300000 7.758378
v -2.718744 -0.300000 7.679198
v -2.853453 -0.300000 7.679198
v -3.329651 -0.300000 1.168137
v -0.000000 -0.300000 1.168137
v 1.293805 -0.300000 9.586275
v 1.276263 -0.300000 1.168137
v 0.000000 -0.300000 9.586275
v -1.544190 0.100000 18.003074
v -1.544190 -0.100000 18.003074
v -1.555065 0.100000 17.999131
v -1.555065 -0.100000 17.999131
v -1.564743 0.100000 17.992794
v -1.564743 -0.100000 17.992794
v -1.572706 0.100000 17.984403
v -1.572706 -0.100000 17.984403
v -1.578528 0.100000 17.974406
v -1.578528 -0.100000 17.974406
v -1.581896 0.100000 17.963340
v -1.581896 -0.100000 17.963340
v 1.581896 0.100000 17.963340
v 1.581896 -0.100000 17.963340
v 1.578528 0.100000 17.974406
v 1.578528 -0.100000 17.974406
v 1.572706 0.100000 17.984403
v 1.572706 -0.100000 17.984403
v 1.564743 0.100000 17.992794
v 1.564743 -0.100000 17.992794
v 1.555065 0.100000 17.999131
v 1.555065 -0.100000 17.999131
v 1.544190 0.100000 18.003074
v 1.544190 -0.100000 18.003074
vt -0.687386 -0.300000 0.000000
vt 0.687386 -0.300000 0.000000
vt -0.734180 -0.153232 0.000000
vt 0.734180 -0.153232 0.000000
vt -0.750000 0.000000 0.000000
vt 0.750000 0.000000 0.000000
vt -0.734180 0.153232 0.000000
vt 0.734180 0.153232 0.000000
vt -0.687386 0.300000 0.000000
vt 0.687386 0.300000 0.000000
vt 0.000000 2.201876 0.000000
vt 0.000000 2.047557 0.000000
vt 2.666667 2.201876 0.000000
vt 8.000000 2.047557 0.000000
vt 5.333333 2.201876 0.000000
vt 8.000000 2.201876 0.000000
vt 5.333333 2.356194 0.000000
vt 8.000000 2.356194 0.000000
vt 5.333333 2.510513 0.000000
vt 8.000000 2.510513 0.000000
vt 8.000000 2.664832 0.000000
vt 0.000000 2.664832 0.000000
vt 2.666667 2.510513 0.000000
vt 2.666667 2.356194 0.000000
vt 0.000000 2.510513 0.000000
vt 0.000000 2.356194 0.000000
vt 8.000000 0.154319 0.000000
vt 8.000000 0.308638 0.000000
vt 5.333333 0.154319 0.000000
vt 0.000000 0.308638 0.000000
vt 2.666667 0.154319 0.000000
vt 0.000000 0.154319 0.000000
vt 2.666667 0.000000 0.000000
vt 0.000000 0.000000 0.000000
vt 2.666667 -0.154319 0.000000
vt -0.000000 -0.154319 0.000000
vt -0.000000 -0.308638 0.000000
vt 8.000000 -0.308638 0.000000
vt 5.333333 -0.154319 0.000000
vt 5.333333 0.000000 0.000000
vt 8.000000 -0.154319 0.000000
vt 8.000000 0.000000 0.000000
vt -0.975191 -5.487386 0.000000
vt 1.579269 -6.100000 0.000000
vt 7.024809 -5.487386 0.000000
vt 6.972192 -6.382631 0.000000
vt 7.024809 -6.332700 0.000000
vt 7.023471 -6.344190 0.000000
vt 7.019528 -6.355065 0.000000
vt 7.013191 -6.364743 0.000000
vt 7.004800 -6.372706 0.000000
vt 6.994804 -6.378528 0.000000
vt 6.983737 -6.381896 0.000000
vt -0.975191 -4.112614 0.000000
vt -1.393328 -4.800000 0.000000
vt -1.599964 -6.487105 0.000000
vt -0.823064 -6.198153 0.000000
vt 7.024809 -4.112614 0.000000
vt 1.579269 -3.500000 0.000000
vt 0.000000 -3.500000 0.000000
vt -0.823064 -3.401847 0.000000
vt 6.972192 -3.217369 0.000000
vt 7.024809 -3.267300 0.000000
vt 7.023471 -3.255810 0.000000
vt 7.019528 -3.244935 0.000000
vt 7.013191 -3.235257 0.000000
vt 7.004800 -3.227294 0.000000
vt 6.994804 -3.221472 0.000000
vt 6.983737 -3.218104 0.000000
vt -1.599964 -3.112895 0.000000
vt -2.287127 -2.649349 0.000000
vt -9.811465 -4.800000 0.000000
vt -2.287127 -6.950651 0.000000
vt -2.846011 -7.562791 0.000000
vt -4.377590 -9.718938 0.000000
vt -5.218735 -10.646451 0.000000
vt -5.681453 -11.036867 0.000000
vt -6.181147 -11.368770 0.000000
vt -6.724476 -11.634954 0.000000
vt -7.317277 -11.828830 0.000000
vt -8.603914 -12.026355 0.000000
vt -9.882305 -12.062752 0.000000
vt -10.464394 -12.055521 0.000000
vt -10.979603 -12.050000 0.000000
vt -12.238552 -11.939856 0.000000
vt -13.459249 -11.612772 0.000000
vt -14.604603 -11.078684 0.000000
vt -15.639813 -10.353822 0.000000
vt -16.533425 -9.460210 0.000000
vt -17.258287 -8.425000 0.000000
vt -17.792374 -7.279646 0.000000
vt -18.119459 -6.058949 0.000000
vt -18.229603 -4.800000 0.000000
vt -18.119459 -3.541051 0.000000
vt -17.792374 -2.320354 0.000000
vt -17.258287 -1.175000 0.000000
vt -16.533425 -0.139790 0.000000
vt -15.639813 0.753822 0.000000
vt -14.604603 1.478684 0.000000
vt -13.459249 2.012772 0.000000
vt -12.238552 2.339856 0.000000
vt -10.979603 2.450000 0.000000
vt -10.464394 2.455521 0.000000
vt -9.882305 2.462752 0.000000
vt -8.603914 2.426355 0.000000
vt -7.317277 2.228830 0.000000
vt -6.724476 2.034954 0.000000
vt -6.181147 1.768770 0.000000
vt -5.681453 1.436867 0.000000
vt -5.218735 1.046451 0.000000
vt -4.377590 0.118938 0.000000
vt -2.846011 -2.037209 0.000000
vt 0.000000 -6.100000 0.000000
vt 2.377591 0.000000 0.000000
vt 2.424384 -0.146768 0.000000
vt 3.222904 0.000000 0.000000
vt 2.440204 -0.300000 0.000000
vt 3.222904 -0.600000 0.000000
vt 2.424384 -0.453232 0.000000
vt 2.377591 -0.600000 0.000000
vt -9.870821 -3.450178 0.000000
vt -4.425280 -4.062791 0.000000
vt -1.870821 -3.450178 0.000000
vt -2.846011 -4.062791 0.000000
vt -2.022948 -4.160944 0.000000
vt -9.818204 -4.345423 0.000000
vt -9.870821 -4.295491 0.000000
vt -9.869482 -4.306981 0.000000
vt -9.865540 -4.317857 0.000000
vt -9.859203 -4.327535 0.000000
vt -9.850812 -4.335498 0.000000
vt -9.840815 -4.341319 0.000000
vt -9.829748 -4.344688 0.000000
vt -1.246047 -4.449896 0.000000
vt 0.247098 -4.198890 0.000000
vt -1.452683 -2.762791 0.000000
vt 0.454393 -4.131536 0.000000
vt -1.452683 -1.468986 0.000000
vt -0.558884 -0.612140 0.000000
vt -1.246047 -1.075686 0.000000
vt -0.558884 -4.913442 0.000000
vt 0.247098 -4.416853 0.000000
vt 0.326277 -4.307871 0.000000
vt 0.000000 -5.525583 0.000000
vt 0.247098 -5.098890 0.000000
vt 0.247098 -4.866853 0.000000
vt 0.247098 -4.648890 0.000000
vt 0.326277 -4.757871 0.000000
vt 1.531579 -7.681730 0.000000
vt 0.247098 -5.766853 0.000000
vt 0.247098 -5.548890 0.000000
vt 0.247098 -5.316853 0.000000
vt 0.454393 -5.481536 0.000000
vt 0.454393 -5.384207 0.000000
vt 0.582508 -5.207871 0.000000
vt 0.454393 -5.249498 0.000000
vt 2.372723 -8.609242 0.000000
vt 6.965454 -6.092442 0.000000
vt 0.582508 -5.657871 0.000000
vt 0.454393 -5.834207 0.000000
vt 0.454393 -5.699498 0.000000
vt 2.835442 -8.999659 0.000000
vt 3.335136 -9.331562 0.000000
vt 3.878465 -9.597745 0.000000
vt 4.471265 -9.791621 0.000000
vt 5.757903 -9.989146 0.000000
vt 7.036294 -10.025543 0.000000
vt 7.618382 -10.018312 0.000000
vt 8.133591 -10.012791 0.000000
vt 9.392540 -9.902648 0.000000
vt 10.613237 -9.575563 0.000000
vt 11.758591 -9.041476 0.000000
vt 12.793801 -8.316614 0.000000
vt 13.687413 -7.423002 0.000000
vt 14.412275 -6.387791 0.000000
vt 6.965454 -2.762791 0.000000
vt 14.946363 -5.242437 0.000000
vt 15.273447 -4.021741 0.000000
vt 15.383591 -2.762791 0.000000
vt 15.273447 -1.503842 0.000000
vt 6.965454 -1.486529 0.000000
vt 14.946363 -0.283145 0.000000
vt 14.412275 0.862209 0.000000
vt 13.687413 1.897419 0.000000
vt 12.793801 2.791031 0.000000
vt 11.758591 3.515893 0.000000
vt 10.613237 4.049980 0.000000
vt 9.392540 4.377065 0.000000
vt 8.133591 4.487209 0.000000
vt 7.618382 4.492729 0.000000
vt 7.036294 4.499960 0.000000
vt 5.757903 4.463563 0.000000
vt 4.471265 4.266038 0.000000
vt 3.878465 4.072163 0.000000
vt 3.335136 3.805979 0.000000
vt 2.835442 3.474076 0.000000
vt 2.372723 3.083660 0.000000
vt 1.531579 2.156147 0.000000
vt 0.000000 0.000000 0.000000
vt 0.582508 -4.307871 0.000000
vt 0.582508 -4.757871 0.000000
vt 0.454393 -5.031536 0.000000
vt 0.454393 -5.166244 0.000000
vt -2.022948 -1.364639 0.000000
vt -1.870821 -2.075405 0.000000
vt -2.846011 -1.462791 0.000000
vt -4.425280 -1.462791 0.000000
vt -9.870821 -2.075405 0.000000
vt -9.818204 -1.180160 0.000000
vt -9.870821 -1.230092 0.000000
vt -9.869482 -1.218601 0.000000
vt -9.865540 -1.207726 0.000000
vt -9.859203 -1.198048 0.000000
vt -9.850812 -1.190085 0.000000
vt -9.840815 -1.184264 0.000000
vt -9.829748 -1.180895 0.000000
vt 0.454393 -4.349498 0.000000
vt 0.454393 -4.484207 0.000000
vt 0.454393 -4.581536 0.000000
vt 0.454393 -4.716244 0.000000
vt 0.375213 -4.375225 0.000000
vt 0.375213 -4.690517 0.000000
vt 0.375213 -4.240517 0.000000
vt 0.454393 -4.266244 0.000000
vt 0.454393 -4.799498 0.000000
vt 0.454393 -4.934207 0.000000
vt 0.375213 -4.825225 0.000000
vt 0.375213 -5.140517 0.000000
vt 0.375213 -5.275225 0.000000
vt 0.326277 -5.207871 0.000000
vt 0.375213 -5.725225 0.000000
vt 0.326277 -5.657871 0.000000
vt 0.375213 -5.590517 0.000000
vt 0.454393 -5.616244 0.000000
vt 1.002818 -0.600000 0.000000
vt 0.956024 -0.453232 0.000000
vt 0.157505 -0.600000 0.000000
vt 0.940204 -0.300000 0.000000
vt 0.157505 0.000000 0.000000
vt 0.956024 -0.146768 0.000000
vt 1.002818 0.000000 0.000000
vt -0.000000 0.600000 0.000000
vt -2.403245 0.600000 0.000000
vt -0.000000 0.000000 0.000000
vt -2.403245 0.000000 0.000000
vt -3.604867 0.600000 0.000000
vt -3.604867 0.000000 0.000000
vt -4.205678 0.600000 0.000000
vt -4.205678 0.000000 0.000000
vt -4.806489 0.600000 0.000000
vt -4.806489 0.000000 0.000000
vt -5.407300 0.600000 0.000000
vt -5.407300 0.000000 0.000000
vt -6.008112 0.600000 0.000000
vt -6.008112 0.000000 0.000000
vt -7.209734 0.600000 0.000000
vt -7.209734 0.000000 0.000000
vt -8.411356 0.600000 0.000000
vt -8.411356 0.000000 0.000000
vt -9.012167 0.600000 0.000000
vt -9.012167 0.000000 0.000000
vt -9.612978 0.600000 0.000000
vt -9.612978 0.000000 0.000000
vt 0.000000 11.388273 0.000000
vt -0.600000 11.388273 0.000000
vt -0.000000 10.122910 0.000000
vt -0.600000 10.122910 0.000000
vt -0.000000 8.857546 0.000000
vt -0.600000 8.857546 0.000000
vt -0.000000 7.592182 0.000000
vt -0.600000 7.592182 0.000000
vt -0.000000 6.326819 0.000000
vt -0.600000 6.326819 0.000000
vt -0.000000 5.061455 0.000000
vt -0.600000 5.061455 0.000000
vt -0.000000 3.796091 0.000000
vt -0.600000 3.796091 0.000000
vt -0.000000 2.530727 0.000000
vt -0.600000 2.530727 0.000000
vt -0.000000 1.265364 0.000000
vt -0.600000 1.265364 0.000000
vt -0.000000 0.000000 0.000000
vt -0.600000 -0.000000 0.000000
vt -0.000000 -1.265364 0.000000
vt -0.600000 -1.265364 0.000000
vt -0.000000 -2.530727 0.000000
vt -0.600000 -2.530727 0.000000
vt -0.000000 -3.796091 0.000000
vt -0.600000 -3.796091 0.000000
vt -0.000000 -5.061455 0.000000
vt -0.600000 -5.061455 0.000000
vt -0.000000 -6.326819 0.000000
vt -0.600000 -6.326819 0.000000
vt -0.000000 -7.592182 0.000000
vt -0.600000 -7.592182 0.000000
vt -0.000000 -8.857546 0.000000
vt -0.600000 -8.857546 0.000000
vt -0.000000 -10.122910 0.000000
vt -0.600000 -10.122910 0.000000
vt -0.000000 -11.388273 0.000000
vt -0.600000 -11.388273 0.000000
vt -0.000000 0.600000 0.000000
vt -0.600798 0.600000 0.000000
vt -0.000000 0.000000 0.000000
vt -0.600798 0.000000 0.000000
vt -1.201596 0.600000 0.000000
vt -1.201596 0.000000 0.000000
vt -2.403192 0.600000 0.000000
vt -2.403192 0.000000 0.000000
vt -3.604788 0.600000 0.000000
vt -3.604788 0.000000 0.000000
vt -4.205586 0.600000 0.000000
vt -4.205586 0.000000 0.000000
vt -4.806385 0.600000 0.000000
vt -4.806385 0.000000 0.000000
vt -5.407183 0.600000 0.000000
vt -5.407183 0.000000 0.000000
vt -6.007981 0.600000 0.000000
vt -6.007981 0.000000 0.000000
vt -7.209577 0.600000 0.000000
vt -7.209577 0.000000 0.000000
vt -9.612769 0.600000 0.000000
vt -9.612769 0.000000 0.000000
vt -0.000000 0.000000 0.000000
vt -5.400324 0.000000 0.000000
vt -0.000000 -0.600000 0.000000
vt -5.400324 -0.600000 0.000000
vt -1.579269 -0.600000 0.000000
vt -0.000000 -0.600000 0.000000
vt -1.579269 0.000000 0.000000
vt -0.000000 0.000000 0.000000
vt 0.000000 -5.497787 0.000000
vt 0.600000 -5.497787 0.000000
vt 0.000000 -4.666942 0.000000
vt 0.600000 -4.666942 0.000000
vt 0.000000 -3.836097 0.000000
vt 0.600000 -3.836097 0.000000
vt 0.000000 -3.005252 0.000000
vt 0.600000 -3.005252 0.000000
vt 0.000000 -2.174407 0.000000
vt 0.600000 -2.174407 0.000000
vt 0.000000 2.174407 0.000000
vt 0.600000 2.174407 0.000000
vt 0.000000 3.005252 0.000000
vt 0.600000 3.005252 0.000000
vt 0.000000 3.836097 0.000000
vt 0.600000 3.836097 0.000000
vt 0.000000 4.666942 0.000000
vt 0.600000 4.666942 0.000000
vt 0.000000 5.497787 0.000000
vt 0.600000 5.497787 0.000000
vt -0.000000 -0.600000 0.000000
vt 1.579269 -0.600000 0.000000
vt -0.000000 0.000000 0.000000
vt 1.579269 0.000000 0.000000
vt -0.000000 -0.600000 0.000000
vt 5.400324 -0.600000 0.000000
vt -0.000000 0.000000 0.000000
vt 5.400324 0.000000 0.000000
vt -0.000000 -0.145486 0.000000
vt -0.200000 -0.145486 0.000000
vt -0.000000 -0.157080 0.000000
vt -0.400000 -0.145486 0.000000
vt -0.600000 -0.157080 0.000000
vt -0.600000 -0.145486 0.000000
vt -0.600000 -0.133892 0.000000
vt -0.400000 -0.133892 0.000000
vt -0.600000 -0.122298 0.000000
vt -0.400000 -0.122298 0.000000
vt -0.600000 -0.110704 0.000000
vt -0.400000 -0.110704 0.000000
vt -0.600000 -0.099110 0.000000
vt -0.400000 -0.099110 0.000000
vt -0.600000 -0.087516 0.000000
vt -0.400000 -0.087516 0.000000
vt -0.600000 -0.075922 0.000000
vt -0.200000 -0.087516 0.000000
vt 0.000000 -0.075922 0.000000
vt -0.000000 -0.087516 0.000000
vt -0.000000 -0.099110 0.000000
vt -0.200000 -0.099110 0.000000
vt -0.000000 -0.110704 0.000000
vt -0.200000 -0.110704 0.000000
vt -0.000000 -0.122298 0.000000
vt -0.200000 -0.122298 0.000000
vt -0.000000 -0.133892 0.000000
vt -0.200000 -0.133892 0.000000
vt -0.000000 0.087516 0.000000
vt -0.200000 0.087516 0.000000
vt -0.000000 0.075922 0.000000
vt -0.400000 0.087516 0.000000
vt -0.600000 0.075922 0.000000
vt -0.600000 0.087516 0.000000
vt -0.600000 0.099110 0.000000
vt -0.400000 0.099110 0.000000
vt -0.600000 0.110704 0.000000
vt -0.400000 0.110704 0.000000
vt -0.600000 0.122298 0.000000
vt -0.400000 0.122298 0.000000
vt -0.600000 0.133892 0.000000
vt -0.400000 0.133892 0.000000
vt -0.600000 0.145486 0.000000
vt -0.400000 0.145486 0.000000
vt -0.600000 0.157080 0.000000
vt -0.200000 0.145486 0.000000
vt -0.000000 0.157080 0.000000
vt -0.000000 0.145486 0.000000
vt -0.000000 0.133892 0.000000
vt -0.200000 0.133892 0.000000
vt -0.000000 0.122298 0.000000
vt -0.200000 0.122298 0.000000
vt -0.000000 0.110704 0.000000
vt -0.200000 0.110704 0.000000
vt -0.000000 0.099110 0.000000
vt -0.200000 0.099110 0.000000
vn 0.000000 0.000000 1.000000
vn 0.000000 0.000000 1.000000
vn 0.000000 0.000000 1.000000
vn 0.000000 0.000000 1.000000
vn 0.000000 0.000000 1.000000
vn 0.000000 0.000000 1.000000
vn 0.000000 0.000000 1.000000
vn 0.000000 0.000000 1.000000
vn 0.000000 0.000000 1.000000
vn 0.000000 0.000000 1.000000
vn -0.978906 -0.204310 -0.000000
vn -0.916515 -0.400000 -0.000000
vn -0.978906 -0.204310 -0.000000
vn -0.916515 -0.400000 -0.000000
vn -0.978906 -0.204310 -0.000000
vn -0.978906 -0.204310 -0.000000
vn -1.000000 -0.000000 -0.000000
vn -1.000000 -0.000000 -0.000000
vn -0.978906 0.204310 0.000000
vn -0.978906 0.204310 0.000000
vn -0.916515 0.400000 0.000000
vn -0.916515 0.400000 0.000000
vn -0.978906 0.204310 0.000000
vn -1.000000 -0.000000 -0.000000
vn -0.978906 0.204310 0.000000
vn -1.000000 -0.000000 -0.000000
vn 0.978906 -0.204310 0.000000
vn 0.916515 -0.400000 0.000000
vn 0.978906 -0.204310 0.000000
vn 0.916515 -0.400000 0.000000
vn 0.978906 -0.204310 0.000000
vn 0.978906 -0.204310 0.000000
vn 1.000000 -0.000000 0.000000
vn 1.000000 -0.000000 0.000000
vn 0.978906 0.204310 0.000000
vn 0.978906 0.204310 0.000000
vn 0.916515 0.400000 0.000000
vn 0.916515 0.400000 0.000000
vn 0.978906 0.204310 0.000000
vn 1.000000 -0.000000 0.000000
vn 0.978906 0.204310 0.000000
vn 1.000000 -0.000000 0.000000
vn 0.000000 1.000000 -0.000000
vn 0.000000 1.000000 -0.000000
vn 0.000000 1.000000 -0.000000
vn 0.000000 1.000000 -0.000000
vn 0.000000 1.000000 -0.000000
vn 0.000000 1.000000 -0.000000
vn 0.000000 1.000000 -0.000000
vn 0.000000 1.000000 -0.000000
vn 0.000000 1.000000 -0.000000
vn 0.000000 1.000000 -0.000000
vn 0.000000 1.000000 -0.000000
vn 0.000000 1.000000 -0.000000
vn 0.000000 1.000000 -0.000000
vn 0.000000 1.000000 -0.000000
vn 0.000000 1.000000 -0.000000
vn 0.000000 1.000000 -0.000000
vn 0.000000 1.000000 -0.000000
vn 0.000000 1.000000 -0.000000
vn 0.000000 1.000000 -0.000000
vn 0.000000 1.000000 -0.000000
vn 0.000000 1.000000 -0.000000
vn 0.000000 1.000000 -0.000000
vn 0.000000 1.000000 -0.000000
vn 0.000000 1.000000 -0.000000
vn 0.000000 1.000000 -0.000000
vn 0.000000 1.000000 -0.000000
vn 0.000000 1.000000 -0.000000
vn 0.000000 1.000000 -0.000000
vn 0.000000 1.000000 -0.000000
vn 0.000000 1.000000 -0.000000
vn 0.000000 1.000000 -0.000000
vn 0.000000 1.000000 -0.000000
vn 0.000000 1.000000 -0.000000
vn 0.000000 1.000000 -0.000000
vn 0.000000 1.000000 -0.000000
vn 0.000000 1.000000 -0.000000
vn 0.000000 1.000000 -0.000000
vn 0.000000 1.000000 -0.000000
vn 0.000000 1.000000 -0.000000
vn 0.000000 1.000000 -0.000000
vn 0.000000 1.000000 -0.000000
vn 0.000000 1.000000 -0.000000
vn 0.000000 1.000000 -0.000000
vn 0.000000 1.000000 -0.000000
vn 0.000000 1.000000 -0.000000
vn 0.000000 1.000000 -0.000000
vn 0.000000 1.000000 -0.000000
vn 0.000000 1.000000 -0.000000
vn 0.000000 1.000000 -0.000000
vn 0.000000 1.000000 -0.000000
vn 0.000000 1.000000 -0.000000
vn 0.000000 1.000000 -0.000000
vn 0.000000 1.000000 -0.000000
vn 0.000000 1.000000 -0.000000
vn 0.000000 1.000000 -0.000000
vn 0.000000 1.000000 -0.000000
vn 0.000000 1.000000 -0.000000
vn 0.000000 1.000000 -0.000000
vn 0.000000 1.000000 -0.000000
vn 0.000000 1.000000 -0.000000
vn 0.000000 1.000000 -0.000000
vn 0.000000 1.000000 -0.000000
vn 0.000000 1.000000 -0.000000
vn 0.000000 1.000000 -0.000000
vn 0.000000 1.000000 -0.000000
vn 0.000000 1.000000 -0.000000
vn 0.000000 1.000000 -0.000000
vn 0.000000 1.000000 -0.000000
vn 0.000000 1.000000 -0.000000
vn 0.000000 1.000000 -0.000000
vn 0.000000 1.000000 -0.000000
vn -0.000000 -0.000000 1.000000
vn -0.000000 -0.000000 1.000000
vn -0.000000 -0.000000 1.000000
vn -0.000000 -0.000000 1.000000
vn -0.000000 -0.000000 1.000000
vn -0.000000 -0.000000 1.000000
vn -0.000000 -0.000000 1.000000
vn -0.000000 -1.000000 0.000000
vn -0.000000 -1.000000 0.000000
vn -0.000000 -1.000000 0.000000
vn -0.000000 -1.000000 0.000000
vn -0.000000 -1.000000 0.000000
vn -0.000000 -1.000000 0.000000
vn -0.000000 -1.000000 0.000000
vn -0.000000 -1.000000 0.000000
vn -0.000000 -1.000000 0.000000
vn -0.000000 -1.000000 0.000000
vn -0.000000 -1.000000 0.000000
vn -0.000000 -1.000000 0.000000
vn -0.000000 -1.000000 0.000000
vn -0.000000 -1.000000 0.000000
vn -0.000000 -1.000000 0.000000
vn -0.000000 -1.000000 0.000000
vn -0.000000 -1.000000 0.000000
vn -0.000000 -1.000000 0.000000
vn -0.000000 -1.000000 0.000000
vn -0.000000 -1.000000 0.000000
vn -0.000000 -1.000000 0.000000
vn -0.000000 -1.000000 0.000000
vn -0.000000 -1.000000 0.000000
vn -0.000000 -1.000000 0.000000
vn -0.000000 -1.000000 0.000000
vn -0.000000 -1.000000 0.000000
vn -0.000000 -1.000000 0.000000
vn -0.000000 -1.000000 0.000000
vn -0.000000 -1.000000 0.000000
vn -0.000000 -1.000000 0.000000
vn -0.000000 -1.000000 0.000000
vn -0.000000 -1.000000 0.000000
vn -0.000000 -1.000000 0.000000
vn -0.000000 -1.000000 0.000000
vn -0.000000 -1.000000 0.000000
vn -0.000000 -1.000000 0.000000
vn -0.000000 -1.000000 0.000000
vn -0.000000 -1.000000 0.000000
vn -0.000000 -1.000000 0.000000
vn -0.000000 -1.000000 0.000000
vn -0.000000 -1.000000 0.000000
vn -0.000000 -1.000000 0.000000
vn -0.000000 -1.000000 0.000000
vn -0.000000 -1.000000 0.000000
vn -0.000000 -1.000000 0.000000
vn -0.000000 -1.000000 0.000000
vn -0.000000 -1.000000 0.000000
vn -0.000000 -1.000000 0.000000
vn -0.000000 -1.000000 0.000000
vn -0.000000 -1.000000 0.000000
vn -0.000000 -1.000000 0.000000
vn -0.000000 -1.000000 0.000000
vn -0.000000 -1.000000 0.000000
vn -0.000000 -1.000000 0.000000
vn -0.000000 -1.000000 0.000000
vn -0.000000 -1.000000 0.000000
vn -0.000000 -1.000000 0.000000
vn -0.000000 -1.000000 0.000000
vn -0.000000 -1.000000 0.000000
vn -0.000000 -1.000000 0.000000
vn -0.000000 -1.000000 0.000000
vn -0.000000 -1.000000 0.000000
vn -0.000000 -1.000000 0.000000
vn -0.000000 -1.000000 0.000000
vn -0.000000 -1.000000 0.000000
vn -0.000000 -1.000000 0.000000
vn -0.000000 -1.000000 0.000000
vn -0.000000 -1.000000 0.000000
vn -0.000000 -1.000000 0.000000
vn -0.000000 -1.000000 0.000000
vn -0.000000 -1.000000 0.000000
vn -0.000000 -1.000000 0.000000
vn -0.000000 -1.000000 0.000000
vn -0.000000 -1.000000 0.000000
vn -0.000000 -1.000000 0.000000
vn -0.000000 -1.000000 0.000000
vn -0.000000 -1.000000 0.000000
vn -0.000000 -1.000000 0.000000
vn -0.000000 -1.000000 0.000000
vn -0.000000 -1.000000 0.000000
vn -0.000000 -1.000000 0.000000
vn -0.000000 -1.000000 0.000000
vn -0.000000 -1.000000 0.000000
vn -0.000000 -1.000000 0.000000
vn -0.000000 -1.000000 0.000000
vn -0.000000 -1.000000 0.000000
vn -0.000000 -1.000000 0.000000
vn -0.000000 -1.000000 0.000000
vn -0.000000 -1.000000 0.000000
vn -0.000000 -1.000000 0.000000
vn -0.000000 -1.000000 0.000000
vn -0.000000 -1.000000 0.000000
vn -0.000000 -1.000000 0.000000
vn -0.000000 -1.000000 0.000000
vn -0.000000 -1.000000 0.000000
vn -0.000000 -1.000000 0.000000
vn -0.000000 -1.000000 0.000000
vn -0.000000 -1.000000 0.000000
vn -0.000000 -1.000000 0.000000
vn -0.000000 -1.000000 0.000000
vn -0.000000 -1.000000 0.000000
vn -0.000000 -1.000000 0.000000
vn -0.000000 -1.000000 0.000000
vn -0.000000 -1.000000 0.000000
vn -0.000000 -1.000000 0.000000
vn -0.000000 -1.000000 0.000000
vn -0.000000 -1.000000 0.000000
vn -0.000000 -1.000000 0.000000
vn -0.000000 -1.000000 0.000000
vn -0.000000 -1.000000 0.000000
vn -0.000000 -1.000000 0.000000
vn -0.000000 -1.000000 0.000000
vn -0.000000 -1.000000 0.000000
vn -0.000000 -1.000000 0.000000
vn -0.000000 -0.000000 1.000000
vn -0.000000 -0.000000 1.000000
vn -0.000000 -0.000000 1.000000
vn -0.000000 -0.000000 1.000000
vn -0.000000 -0.000000 1.000000
vn -0.000000 -0.000000 1.000000
vn -0.000000 -0.000000 1.000000
vn 0.582060 0.000000 0.813146
vn 0.620075 0.000000 0.784543
vn 0.582060 0.000000 0.813146
vn 0.620075 0.000000 0.784543
vn 0.730600 0.000000 0.682806
vn 0.730600 0.000000 0.682806
vn 0.798163 0.000000 0.602441
vn 0.798163 0.000000 0.602441
vn 0.866181 0.000000 0.499731
vn 0.866181 0.000000 0.499731
vn 0.926247 0.000000 0.376917
vn 0.926247 0.000000 0.376917
vn 0.968820 0.000000 0.247764
vn 0.968820 0.000000 0.247764
vn 0.997202 0.000000 0.074752
vn 0.997202 0.000000 0.074752
vn 0.999984 -0.000000 -0.005622
vn 0.999984 -0.000000 -0.005622
vn 0.999876 -0.000000 -0.015768
vn 0.999876 -0.000000 -0.015768
vn 1.000000 -0.000000 -0.000000
vn 1.000000 -0.000000 -0.000000
vn 0.984808 0.000000 -0.173648
vn 0.984808 0.000000 -0.173648
vn 0.939693 0.000000 -0.342020
vn 0.939693 0.000000 -0.342020
vn 0.866025 0.000000 -0.500000
vn 0.866025 0.000000 -0.500000
vn 0.766044 0.000000 -0.642788
vn 0.766044 0.000000 -0.642788
vn 0.642788 0.000000 -0.766044
vn 0.642788 0.000000 -0.766044
vn 0.500000 0.000000 -0.866025
vn 0.500000 0.000000 -0.866025
vn 0.342020 0.000000 -0.939693
vn 0.342020 0.000000 -0.939693
vn 0.173648 0.000000 -0.984808
vn 0.173648 0.000000 -0.984808
vn 0.000000 0.000000 -1.000000
vn -0.000000 0.000000 -1.000000
vn -0.173648 0.000000 -0.984808
vn -0.173648 0.000000 -0.984808
vn -0.342020 0.000000 -0.939693
vn -0.342020 0.000000 -0.939693
vn -0.500000 0.000000 -0.866025
vn -0.500000 0.000000 -0.866025
vn -0.642788 0.000000 -0.766044
vn -0.642788 0.000000 -0.766044
vn -0.766044 0.000000 -0.642788
vn -0.766044 0.000000 -0.642788
vn -0.866025 0.000000 -0.500000
vn -0.866025 0.000000 -0.500000
vn -0.939693 0.000000 -0.342020
vn -0.939693 0.000000 -0.342020
vn -0.984808 0.000000 -0.173648
vn -0.984808 0.000000 -0.173648
vn -1.000000 0.000000 -0.000000
vn -1.000000 0.000000 -0.000000
vn -0.999876 -0.000000 -0.015768
vn -0.999876 -0.000000 -0.015768
vn -0.999984 -0.000000 -0.005622
vn -0.999984 -0.000000 -0.005622
vn -0.997202 -0.000000 0.074752
vn -0.997202 -0.000000 0.074752
vn -0.968820 -0.000000 0.247764
vn -0.968820 -0.000000 0.247764
vn -0.926247 -0.000000 0.376917
vn -0.926247 -0.000000 0.376917
vn -0.866181 -0.000000 0.499731
vn -0.866181 -0.000000 0.499731
vn -0.798163 -0.000000 0.602441
vn -0.798163 -0.000000 0.602441
vn -0.730600 -0.000000 0.682806
vn -0.730600 -0.000000 0.682806
vn -0.620075 -0.000000 0.784543
vn -0.620075 -0.000000 0.784543
vn -0.582060 -0.000000 0.813146
vn -0.582060 -0.000000 0.813146
vn 0.998630 -0.000000 -0.052336
vn 0.998630 -0.000000 -0.052336
vn 0.998630 -0.000000 -0.052336
vn 0.998630 -0.000000 -0.052336
vn 1.000000 -0.000000 -0.000000
vn 1.000000 -0.000000 -0.000000
vn 1.000000 -0.000000 -0.000000
vn 1.000000 -0.000000 -0.000000
vn 0.971956 -0.000000 0.235161
vn 0.971956 -0.000000 0.235161
vn 0.889399 -0.000000 0.457133
vn 0.889399 -0.000000 0.457133
vn 0.756957 -0.000000 0.653465
vn 0.756957 -0.000000 0.653465
vn -0.756957 -0.000000 0.653465
vn -0.756957 -0.000000 0.653465
vn -0.889399 -0.000000 0.457133
vn -0.889399 -0.000000 0.457133
vn -0.971956 -0.000000 0.235161
vn -0.971956 -0.000000 0.235161
vn -1.000000 -0.000000 -0.000000
vn -1.000000 -0.000000 -0.000000
vn -1.000000 0.000000 -0.000000
vn -1.000000 0.000000 -0.000000
vn -0.998630 0.000000 -0.052336
vn -0.998630 0.000000 -0.052336
vn -0.998630 0.000000 -0.052336
vn -0.998630 0.000000 -0.052336
vn -0.229807 -0.000000 0.973236
vn -0.229807 -0.000000 0.973236
vn -0.229807 -0.000000 0.973236
vn -0.229807 -0.000000 0.973236
vn -0.447313 -0.000000 0.894377
vn -0.447313 -0.000000 0.894377
vn -0.640876 -0.000000 0.767645
vn -0.640876 -0.000000 0.767645
vn -0.800134 -0.000000 0.599822
vn -0.800134 -0.000000 0.599822
vn -0.916562 -0.000000 0.399892
vn -0.916562 -0.000000 0.399892
vn -0.983930 -0.000000 0.178557
vn -0.983930 -0.000000 0.178557
vn -0.983930 -0.000000 0.178557
vn -0.983930 -0.000000 0.178557
vn -0.916562 -0.000000 0.399892
vn -0.916562 -0.000000 0.399892
vn -0.800134 -0.000000 0.599822
vn -0.800134 -0.000000 0.599822
vn -0.640876 -0.000000 0.767645
vn -0.640876 -0.000000 0.767645
vn -0.447313 -0.000000 0.894377
vn -0.447313 -0.000000 0.894377
vn 0.983930 0.000000 0.178557
vn 0.983930 0.000000 0.178557
vn 0.983930 0.000000 0.178557
vn 0.983930 0.000000 0.178557
vn 0.916562 0.000000 0.399892
vn 0.916562 0.000000 0.399892
vn 0.800134 0.000000 0.599822
vn 0.800134 0.000000 0.599822
vn 0.640876 0.000000 0.767645
vn 0.640876 0.000000 0.767645
vn 0.447313 0.000000 0.894377
vn 0.447313 0.000000 0.894377
vn 0.229807 0.000000 0.973236
vn 0.229807 0.000000 0.973236
vn 0.229807 0.000000 0.973236
vn 0.229807 0.000000 0.973236
vn 0.447313 0.000000 0.894377
vn 0.447313 0.000000 0.894377
vn 0.640876 0.000000 0.767645
vn 0.640876 0.000000 0.767645
vn 0.800134 0.000000 0.599822
vn 0.800134 0.000000 0.599822
vn 0.916562 0.000000 0.399892
vn 0.916562 0.000000 0.399892
usemtl Opaque(255,255,255)
f 1162/2154/1841 1163/2155/1842 1171/2156/1843
f 1171/2156/1843 1163/2155/1842 1164/2157/1844
f 1171/2156/1843 1164/2157/1844 1170/2158/1845
f 1170/2158/1845 1164/2157/1844 1165/2159/1846
f 1170/2158/1845 1165/2159/1846 1169/2160/1847
f 1169/2160/1847 1165/2159/1846 1166/2161/1848
f 1169/2160/1847 1166/2161/1848 1168/2162/1849
f 1168/2162/1849 1166/2161/1848 1167/2163/1850
f 1176/2164/1851 1172/2165/1852 1178/2166/1853
f 1178/2166/1853 1172/2165/1852 1162/2167/1854
f 1178/2166/1853 1162/2167/1854 1177/2168/1855
f 1177/2168/1855 1162/2167/1854 1171/2169/1856
f 1177/2168/1855 1171/2169/1856 1179/2170/1857
f 1179/2170/1857 1171/2169/1856 1170/2171/1858
f 1179/2170/1857 1170/2171/1858 1181/2172/1859
f 1181/2172/1859 1170/2171/1858 1169/2173/1860
f 1181/2172/1859 1169/2173/1860 1168/2174/1861
f 1168/2174/1861 1173/2175/1862 1181/2172/1859
f 1181/2172/1859 1173/2175/1862 1182/2176/1863
f 1181/2172/1859 1182/2176/1863 1179/2170/1857
f 1179/2170/1857 1182/2176/1863 1180/2177/1864
f 1179/2170/1857 1180/2177/1864 1177/2168/1855
f 1177/2168/1855 1180/2177/1864 1178/2166/1853
f 1173/2175/1862 1174/2178/1865 1182/2176/1863
f 1182/2176/1863 1174/2178/1865 1180/2177/1864
f 1174/2178/1865 1175/2179/1866 1180/2177/1864
f 1180/2177/1864 1175/2179/1866 1178/2166/1853
f 1175/2179/1866 1176/2164/1851 1178/2166/1853
f 1164/2180/1867 1163/2181/1868 1189/2182/1869
f 1189/2182/1869 1163/2181/1868 1183/2183/1870
f 1189/2182/1869 1183/2183/1870 1188/2184/1871
f 1188/2184/1871 1183/2183/1870 1184/2185/1872
f 1188/2184/1871 1184/2185/1872 1190/2186/1873
f 1190/2186/1873 1184/2185/1872 1185/2187/1874
f 1190/2186/1873 1185/2187/1874 1192/2188/1875
f 1192/2188/1875 1185/2187/1874 1186/2189/1876
f 1192/2188/1875 1186/2189/1876 1187/2190/1877
f 1187/2190/1877 1167/2191/1878 1192/2188/1875
f 1192/2188/1875 1167/2191/1878 1193/2192/1879
f 1192/2188/1875 1193/2192/1879 1190/2186/1873
f 1190/2186/1873 1193/2192/1879 1191/2193/1880
f 1190/2186/1873 1191/2193/1880 1188/2184/1871
f 1188/2184/1871 1191/2193/1880 1189/2182/1869
f 1167/2191/1878 1166/2194/1881 1193/2192/1879
f 1193/2192/1879 1166/2194/1881 1191/2193/1880
f 1166/2194/1881 1165/2195/1882 1191/2193/1880
f 1191/2193/1880 1165/2195/1882 1189/2182/1869
f 1165/2195/1882 1164/2180/1867 1189/2182/1869
usemtl Opaque(128,128,128)
f 1163/2196/1883 1250/2197/1884 1183/2198/1885
f 1183/2198/1885 1250/2197/1884 1251/2199/1886
f 1183/2198/1885 1251/2199/1886 1258/2200/1887
f 1258/2200/1887 1251/2199/1886 1257/2201/1888
f 1257/2201/1888 1251/2199/1886 1256/2202/1889
f 1256/2202/1889 1251/2199/1886 1255/2203/1890
f 1255/2203/1890 1251/2199/1886 1254/2204/1891
f 1254/2204/1891 1251/2199/1886 1253/2205/1892
f 1253/2205/1892 1251/2199/1886 1252/2206/1893
f 1162/2207/1894 1259/2208/1895 1163/2196/1883
f 1163/2196/1883 1259/2208/1895 1247/2209/1896
f 1163/2196/1883 1247/2209/1896 1248/2210/1897
f 1172/2211/1898 1202/2212/1899 1162/2207/1894
f 1162/2207/1894 1202/2212/1899 1203/2213/1900
f 1162/2207/1894 1203/2213/1900 1204/2214/1901
f 1202/2212/1899 1172/2211/1898 1201/2215/1902
f 1201/2215/1902 1172/2211/1898 1194/2216/1903
f 1201/2215/1902 1194/2216/1903 1195/2217/1904
f 1195/2217/1904 1196/2218/1905 1201/2215/1902
f 1201/2215/1902 1196/2218/1905 1197/2219/1906
f 1201/2215/1902 1197/2219/1906 1198/2220/1907
f 1198/2220/1907 1199/2221/1908 1201/2215/1902
f 1201/2215/1902 1199/2221/1908 1200/2222/1909
f 1204/2214/1901 1205/2223/1910 1162/2207/1894
f 1162/2207/1894 1205/2223/1910 1259/2208/1895
f 1205/2223/1910 1206/2224/1911 1259/2208/1895
f 1259/2208/1895 1206/2224/1911 1260/2225/1912
f 1259/2208/1895 1260/2225/1912 1246/2226/1913
f 1246/2226/1913 1260/2225/1912 1245/2227/1914
f 1245/2227/1914 1260/2225/1912 1244/2228/1915
f 1244/2228/1915 1260/2225/1912 1243/2229/1916
f 1243/2229/1916 1260/2225/1912 1242/2230/1917
f 1242/2230/1917 1260/2225/1912 1241/2231/1918
f 1241/2231/1918 1260/2225/1912 1240/2232/1919
f 1240/2232/1919 1260/2225/1912 1239/2233/1920
f 1239/2233/1920 1260/2225/1912 1238/2234/1921
f 1238/2234/1921 1260/2225/1912 1237/2235/1922
f 1237/2235/1922 1260/2225/1912 1236/2236/1923
f 1236/2236/1923 1260/2225/1912 1235/2237/1924
f 1235/2237/1924 1260/2225/1912 1234/2238/1925
f 1234/2238/1925 1260/2225/1912 1233/2239/1926
f 1233/2239/1926 1260/2225/1912 1232/2240/1927
f 1232/2240/1927 1260/2225/1912 1231/2241/1928
f 1231/2241/1928 1260/2225/1912 1230/2242/1929
f 1230/2242/1929 1260/2225/1912 1229/2243/1930
f 1229/2243/1930 1260/2225/1912 1228/2244/1931
f 1228/2244/1931 1260/2225/1912 1227/2245/1932
f 1227/2245/1932 1260/2225/1912 1226/2246/1933
f 1226/2246/1933 1260/2225/1912 1225/2247/1934
f 1225/2247/1934 1260/2225/1912 1224/2248/1935
f 1224/2248/1935 1260/2225/1912 1223/2249/1936
f 1223/2249/1936 1260/2225/1912 1222/2250/1937
f 1222/2250/1937 1260/2225/1912 1221/2251/1938
f 1221/2251/1938 1260/2225/1912 1220/2252/1939
f 1220/2252/1939 1260/2225/1912 1219/2253/1940
f 1219/2253/1940 1260/2225/1912 1218/2254/1941
f 1218/2254/1941 1260/2225/1912 1217/2255/1942
f 1217/2255/1942 1260/2225/1912 1216/2256/1943
f 1216/2256/1943 1260/2225/1912 1215/2257/1944
f 1215/2257/1944 1260/2225/1912 1214/2258/1945
f 1214/2258/1945 1260/2225/1912 1213/2259/1946
f 1213/2259/1946 1260/2225/1912 1212/2260/1947
f 1212/2260/1947 1260/2225/1912 1211/2261/1948
f 1211/2261/1948 1260/2225/1912 1210/2262/1949
f 1210/2262/1949 1260/2225/1912 1209/2263/1950
f 1209/2263/1950 1260/2225/1912 1208/2264/1951
f 1208/2264/1951 1260/2225/1912 1207/2265/1952
f 1207/2265/1952 1260/2225/1912 1206/2224/1911
f 1246/2226/1913 1247/2209/1896 1259/2208/1895
f 1248/2210/1897 1249/2266/1953 1163/2196/1883
f 1163/2196/1883 1249/2266/1953 1250/2197/1884
usemtl Opaque(255,255,255)
f 1172/2267/1954 1176/2268/1955 1194/2269/1956
f 1194/2269/1956 1176/2268/1955 1175/2270/1957
f 1194/2269/1956 1175/2270/1957 1261/2271/1958
f 1261/2271/1958 1175/2270/1957 1174/2272/1959
f 1261/2271/1958 1174/2272/1959 1173/2273/1960
f 1187/2274/1961 1270/2275/1962 1167/2276/1963
f 1167/2276/1963 1270/2275/1962 1271/2277/1964
f 1167/2276/1963 1271/2277/1964 1272/2278/1965
f 1270/2275/1962 1187/2274/1961 1269/2279/1966
f 1269/2279/1966 1187/2274/1961 1262/2280/1967
f 1269/2279/1966 1262/2280/1967 1263/2281/1968
f 1263/2281/1968 1264/2282/1969 1269/2279/1966
f 1269/2279/1966 1264/2282/1969 1265/2283/1970
f 1269/2279/1966 1265/2283/1970 1266/2284/1971
f 1266/2284/1971 1267/2285/1972 1269/2279/1966
f 1269/2279/1966 1267/2285/1972 1268/2286/1973
f 1272/2278/1965 1273/2287/1974 1167/2276/1963
f 1167/2276/1963 1273/2287/1974 1332/2288/1975
f 1167/2276/1963 1332/2288/1975 1370/2289/1976
f 1370/2289/1976 1332/2288/1975 1334/2290/1977
f 1370/2289/1976 1334/2290/1977 1368/2291/1978
f 1368/2291/1978 1334/2290/1977 1314/2292/1979
f 1368/2291/1978 1314/2292/1979 1315/2293/1980
f 1273/2287/1974 1274/2294/1981 1332/2288/1975
f 1332/2288/1975 1274/2294/1981 1330/2295/1982
f 1332/2288/1975 1330/2295/1982 1331/2296/1983
f 1275/2297/1984 1352/2298/1985 1274/2294/1981
f 1274/2294/1981 1352/2298/1985 1340/2299/1986
f 1274/2294/1981 1340/2299/1986 1342/2300/1987
f 1342/2300/1987 1340/2299/1986 1341/2301/1988
f 1276/2302/1989 1360/2303/1990 1275/2297/1984
f 1275/2297/1984 1360/2303/1990 1362/2304/1991
f 1275/2297/1984 1362/2304/1991 1350/2305/1992
f 1350/2305/1992 1362/2304/1991 1364/2306/1993
f 1350/2305/1992 1364/2306/1993 1348/2307/1994
f 1348/2307/1994 1364/2306/1993 1346/2308/1995
f 1348/2307/1994 1346/2308/1995 1347/2309/1996
f 1277/2310/1997 1366/2311/1998 1276/2302/1989
f 1276/2302/1989 1366/2311/1998 1356/2312/1999
f 1276/2302/1989 1356/2312/1999 1358/2313/2000
f 1358/2313/2000 1356/2312/1999 1357/2314/2001
f 1277/2310/1997 1278/2315/2002 1366/2311/1998
f 1366/2311/1998 1278/2315/2002 1279/2316/2003
f 1366/2311/1998 1279/2316/2003 1280/2317/2004
f 1280/2317/2004 1281/2318/2005 1366/2311/1998
f 1366/2311/1998 1281/2318/2005 1282/2319/2006
f 1366/2311/1998 1282/2319/2006 1283/2320/2007
f 1283/2320/2007 1284/2321/2008 1366/2311/1998
f 1366/2311/1998 1284/2321/2008 1285/2322/2009
f 1366/2311/1998 1285/2322/2009 1286/2323/2010
f 1286/2323/2010 1287/2324/2011 1366/2311/1998
f 1366/2311/1998 1287/2324/2011 1288/2325/2012
f 1366/2311/1998 1288/2325/2012 1289/2326/2013
f 1289/2326/2013 1290/2327/2014 1366/2311/1998
f 1366/2311/1998 1290/2327/2014 1291/2328/2015
f 1366/2311/1998 1291/2328/2015 1367/2329/2016
f 1367/2329/2016 1291/2328/2015 1292/2330/2017
f 1367/2329/2016 1292/2330/2017 1293/2331/2018
f 1293/2331/2018 1294/2332/2019 1367/2329/2016
f 1367/2329/2016 1294/2332/2019 1295/2333/2020
f 1367/2329/2016 1295/2333/2020 1369/2334/2021
f 1369/2334/2021 1295/2333/2020 1296/2335/2022
f 1369/2334/2021 1296/2335/2022 1297/2336/2023
f 1297/2336/2023 1298/2337/2024 1369/2334/2021
f 1369/2334/2021 1298/2337/2024 1299/2338/2025
f 1369/2334/2021 1299/2338/2025 1300/2339/2026
f 1300/2339/2026 1301/2340/2027 1369/2334/2021
f 1369/2334/2021 1301/2340/2027 1302/2341/2028
f 1369/2334/2021 1302/2341/2028 1303/2342/2029
f 1303/2342/2029 1304/2343/2030 1369/2334/2021
f 1369/2334/2021 1304/2343/2030 1305/2344/2031
f 1369/2334/2021 1305/2344/2031 1306/2345/2032
f 1306/2345/2032 1307/2346/2033 1369/2334/2021
f 1369/2334/2021 1307/2346/2033 1308/2347/2034
f 1369/2334/2021 1308/2347/2034 1309/2348/2035
f 1309/2348/2035 1310/2349/2036 1369/2334/2021
f 1369/2334/2021 1310/2349/2036 1311/2350/2037
f 1369/2334/2021 1311/2350/2037 1312/2351/2038
f 1312/2351/2038 1313/2352/2039 1369/2334/2021
f 1369/2334/2021 1313/2352/2039 1334/2290/1977
f 1369/2334/2021 1334/2290/1977 1367/2329/2016
f 1367/2329/2016 1334/2290/1977 1326/2353/2040
f 1367/2329/2016 1326/2353/2040 1366/2311/1998
f 1366/2311/1998 1326/2353/2040 1336/2354/2041
f 1366/2311/1998 1336/2354/2041 1346/2308/1995
f 1346/2308/1995 1336/2354/2041 1354/2355/2042
f 1346/2308/1995 1354/2355/2042 1355/2356/2043
f 1313/2352/2039 1314/2292/1979 1334/2290/1977
f 1315/2293/1980 1316/2357/2044 1368/2291/1978
f 1368/2291/1978 1316/2357/2044 1168/2358/2045
f 1368/2291/1978 1168/2358/2045 1370/2289/1976
f 1370/2289/1976 1168/2358/2045 1167/2276/1963
f 1316/2357/2044 1317/2359/2046 1168/2358/2045
f 1168/2358/2045 1317/2359/2046 1318/2360/2047
f 1168/2358/2045 1318/2360/2047 1173/2361/2048
f 1173/2361/2048 1318/2360/2047 1319/2362/2049
f 1173/2361/2048 1319/2362/2049 1261/2363/2050
f 1261/2363/2050 1319/2362/2049 1325/2364/2051
f 1325/2364/2051 1319/2362/2049 1324/2365/2052
f 1324/2365/2052 1319/2362/2049 1323/2366/2053
f 1323/2366/2053 1319/2362/2049 1322/2367/2054
f 1322/2367/2054 1319/2362/2049 1321/2368/2055
f 1321/2368/2055 1319/2362/2049 1320/2369/2056
f 1327/2370/2057 1328/2371/2058 1326/2353/2040
f 1326/2353/2040 1328/2371/2058 1344/2372/2059
f 1326/2353/2040 1344/2372/2059 1336/2354/2041
f 1336/2354/2041 1344/2372/2059 1345/2373/2060
f 1329/2374/2061 1330/2295/1982 1328/2371/2058
f 1328/2371/2058 1330/2295/1982 1342/2300/1987
f 1328/2371/2058 1342/2300/1987 1344/2372/2059
f 1344/2372/2059 1342/2300/1987 1343/2375/2062
f 1332/2288/1975 1333/2376/2063 1334/2290/1977
f 1334/2290/1977 1335/2377/2064 1326/2353/2040
f 1337/2378/2065 1338/2379/2066 1336/2354/2041
f 1336/2354/2041 1338/2379/2066 1354/2355/2042
f 1339/2380/2067 1340/2299/1986 1338/2379/2066
f 1338/2379/2066 1340/2299/1986 1352/2298/1985
f 1338/2379/2066 1352/2298/1985 1354/2355/2042
f 1354/2355/2042 1352/2298/1985 1353/2381/2068
f 1348/2307/1994 1349/2382/2069 1350/2305/1992
f 1351/2383/2070 1352/2298/1985 1350/2305/1992
f 1350/2305/1992 1352/2298/1985 1275/2297/1984
f 1359/2384/2071 1360/2303/1990 1358/2313/2000
f 1358/2313/2000 1360/2303/1990 1276/2302/1989
f 1360/2303/1990 1361/2385/2072 1362/2304/1991
f 1362/2304/1991 1363/2386/2073 1364/2306/1993
f 1365/2387/2074 1356/2312/1999 1364/2306/1993
f 1364/2306/1993 1356/2312/1999 1346/2308/1995
f 1346/2308/1995 1356/2312/1999 1366/2311/1998
f 1330/2295/1982 1274/2294/1981 1342/2300/1987
usemtl Opaque(255,0,255)
f 1358/2313/2000 1357/2314/2001 1359/2384/2071
f 1359/2384/2071 1357/2314/2001 1363/2386/2073
f 1359/2384/2071 1363/2386/2073 1361/2385/2072
f 1361/2385/2072 1363/2386/2073 1362/2304/1991
f 1356/2312/1999 1365/2387/2074 1357/2314/2001
f 1357/2314/2001 1365/2387/2074 1363/2386/2073
f 1365/2387/2074 1364/2306/1993 1363/2386/2073
f 1361/2385/2072 1360/2303/1990 1359/2384/2071
f 1348/2307/1994 1347/2309/1996 1349/2382/2069
f 1349/2382/2069 1347/2309/1996 1353/2381/2068
f 1349/2382/2069 1353/2381/2068 1351/2383/2070
f 1351/2383/2070 1353/2381/2068 1352/2298/1985
f 1346/2308/1995 1355/2356/2043 1347/2309/1996
f 1347/2309/1996 1355/2356/2043 1353/2381/2068
f 1355/2356/2043 1354/2355/2042 1353/2381/2068
f 1351/2383/2070 1350/2305/1992 1349/2382/2069
f 1338/2379/2066 1337/2378/2065 1339/2380/2067
f 1339/2380/2067 1337/2378/2065 1343/2375/2062
f 1339/2380/2067 1343/2375/2062 1341/2301/1988
f 1341/2301/1988 1343/2375/2062 1342/2300/1987
f 1336/2354/2041 1345/2373/2060 1337/2378/2065
f 1337/2378/2065 1345/2373/2060 1343/2375/2062
f 1345/2373/2060 1344/2372/2059 1343/2375/2062
f 1341/2301/1988 1340/2299/1986 1339/2380/2067
f 1328/2371/2058 1327/2370/2057 1329/2374/2061
f 1329/2374/2061 1327/2370/2057 1333/2376/2063
f 1329/2374/2061 1333/2376/2063 1331/2296/1983
f 1331/2296/1983 1333/2376/2063 1332/2288/1975
f 1326/2353/2040 1335/2377/2064 1327/2370/2057
f 1327/2370/2057 1335/2377/2064 1333/2376/2063
f 1335/2377/2064 1334/2290/1977 1333/2376/2063
f 1331/2296/1983 1330/2295/1982 1329/2374/2061
usemtl Opaque(255,255,255)
f 1187/2388/2075 1186/2389/2076 1262/2390/2077
f 1262/2390/2077 1186/2389/2076 1185/2391/2078
f 1262/2390/2077 1185/2391/2078 1258/2392/2079
f 1258/2392/2079 1185/2391/2078 1184/2393/2080
f 1258/2392/2079 1184/2393/2080 1183/2394/2081
f 1313/2395/2082 1312/2396/2083 1207/2397/2084
f 1207/2397/2084 1312/2396/2083 1208/2398/2085
f 1208/2398/2085 1312/2396/2083 1311/2399/2086
f 1208/2398/2085 1311/2399/2086 1209/2400/2087
f 1209/2400/2087 1311/2399/2086 1310/2401/2088
f 1209/2400/2087 1310/2401/2088 1210/2402/2089
f 1210/2402/2089 1310/2401/2088 1309/2403/2090
f 1210/2402/2089 1309/2403/2090 1211/2404/2091
f 1211/2404/2091 1309/2403/2090 1308/2405/2092
f 1211/2404/2091 1308/2405/2092 1212/2406/2093
f 1212/2406/2093 1308/2405/2092 1307/2407/2094
f 1212/2406/2093 1307/2407/2094 1213/2408/2095
f 1213/2408/2095 1307/2407/2094 1306/2409/2096
f 1213/2408/2095 1306/2409/2096 1214/2410/2097
f 1214/2410/2097 1306/2409/2096 1305/2411/2098
f 1214/2410/2097 1305/2411/2098 1215/2412/2099
f 1215/2412/2099 1305/2411/2098 1304/2413/2100
f 1215/2412/2099 1304/2413/2100 1216/2414/2101
f 1216/2414/2101 1304/2413/2100 1303/2415/2102
f 1216/2414/2101 1303/2415/2102 1217/2416/2103
f 1217/2417/2103 1303/2418/2102 1218/2419/2104
f 1218/2419/2104 1303/2418/2102 1302/2420/2105
f 1218/2419/2104 1302/2420/2105 1219/2421/2106
f 1219/2421/2106 1302/2420/2105 1301/2422/2107
f 1219/2421/2106 1301/2422/2107 1220/2423/2108
f 1220/2423/2108 1301/2422/2107 1300/2424/2109
f 1220/2423/2108 1300/2424/2109 1221/2425/2110
f 1221/2425/2110 1300/2424/2109 1299/2426/2111
f 1221/2425/2110 1299/2426/2111 1222/2427/2112
f 1222/2427/2112 1299/2426/2111 1298/2428/2113
f 1222/2427/2112 1298/2428/2113 1223/2429/2114
f 1223/2429/2114 1298/2428/2113 1297/2430/2115
f 1223/2429/2114 1297/2430/2115 1224/2431/2116
f 1224/2431/2116 1297/2430/2115 1296/2432/2117
f 1224/2431/2116 1296/2432/2117 1225/2433/2118
f 1225/2433/2118 1296/2432/2117 1295/2434/2119
f 1225/2433/2118 1295/2434/2119 1226/2435/2120
f 1226/2435/2120 1295/2434/2119 1294/2436/2121
f 1226/2435/2120 1294/2436/2121 1227/2437/2122
f 1227/2437/2122 1294/2436/2121 1293/2438/2123
f 1227/2437/2122 1293/2438/2123 1228/2439/2124
f 1228/2439/2124 1293/2438/2123 1292/2440/2125
f 1228/2439/2124 1292/2440/2125 1229/2441/2126
f 1229/2441/2126 1292/2440/2125 1291/2442/2127
f 1229/2441/2126 1291/2442/2127 1230/2443/2128
f 1230/2443/2128 1291/2442/2127 1290/2444/2129
f 1230/2443/2128 1290/2444/2129 1231/2445/2130
f 1231/2445/2130 1290/2444/2129 1289/2446/2131
f 1231/2445/2130 1289/2446/2131 1232/2447/2132
f 1232/2447/2132 1289/2446/2131 1288/2448/2133
f 1232/2447/2132 1288/2448/2133 1233/2449/2134
f 1233/2449/2134 1288/2448/2133 1287/2450/2135
f 1233/2449/2134 1287/2450/2135 1234/2451/2136
f 1234/2451/2136 1287/2450/2135 1286/2452/2137
f 1234/2451/2136 1286/2452/2137 1235/2453/2138
f 1235/2453/2138 1286/2452/2137 1285/2454/2139
f 1285/2455/2139 1284/2456/2140 1235/2457/2138
f 1235/2457/2138 1284/2456/2140 1236/2458/2141
f 1236/2458/2141 1284/2456/2140 1283/2459/2142
f 1236/2458/2141 1283/2459/2142 1237/2460/2143
f 1237/2460/2143 1283/2459/2142 1282/2461/2144
f 1237/2460/2143 1282/2461/2144 1238/2462/2145
f 1238/2462/2145 1282/2461/2144 1281/2463/2146
f 1238/2462/2145 1281/2463/2146 1239/2464/2147
f 1239/2464/2147 1281/2463/2146 1280/2465/2148
f 1239/2464/2147 1280/2465/2148 1240/2466/2149
f 1240/2466/2149 1280/2465/2148 1279/2467/2150
f 1240/2466/2149 1279/2467/2150 1241/2468/2151
f 1241/2468/2151 1279/2467/2150 1278/2469/2152
f 1241/2468/2151 1278/2469/2152 1242/2470/2153
f 1242/2470/2153 1278/2469/2152 1277/2471/2154
f 1242/2470/2153 1277/2471/2154 1243/2472/2155
f 1243/2472/2155 1277/2471/2154 1276/2473/2156
f 1243/2472/2155 1276/2473/2156 1244/2474/2157
f 1244/2474/2157 1276/2473/2156 1275/2475/2158
f 1244/2474/2157 1275/2475/2158 1245/2476/2159
f 1202/2477/2160 1201/2478/2161 1318/2479/2162
f 1318/2479/2162 1201/2478/2161 1319/2480/2163
f 1318/2481/2164 1317/2482/2165 1202/2483/2166
f 1202/2483/2166 1317/2482/2165 1203/2484/2167
f 1203/2485/2167 1317/2486/2165 1204/2487/2168
f 1204/2487/2168 1317/2486/2165 1316/2488/2169
f 1204/2487/2168 1316/2488/2169 1205/2489/2170
f 1205/2489/2170 1316/2488/2169 1315/2490/2171
f 1205/2489/2170 1315/2490/2171 1206/2491/2172
f 1206/2491/2172 1315/2490/2171 1314/2492/2173
f 1206/2491/2172 1314/2492/2173 1207/2493/2084
f 1207/2493/2084 1314/2492/2173 1313/2494/2082
f 1245/2495/2159 1275/2496/2158 1246/2497/2174
f 1246/2497/2174 1275/2496/2158 1274/2498/2175
f 1246/2497/2174 1274/2498/2175 1247/2499/2176
f 1247/2499/2176 1274/2498/2175 1273/2500/2177
f 1247/2499/2176 1273/2500/2177 1248/2501/2178
f 1248/2501/2178 1273/2500/2177 1272/2502/2179
f 1248/2501/2178 1272/2502/2179 1249/2503/2180
f 1249/2503/2180 1272/2502/2179 1271/2504/2181
f 1271/2505/2181 1270/2506/2182 1249/2507/2180
f 1249/2507/2180 1270/2506/2182 1250/2508/2183
f 1270/2509/2184 1269/2510/2185 1250/2511/2186
f 1250/2511/2186 1269/2510/2185 1251/2512/2187
f 1257/2513/2188 1371/2514/2189 1258/2515/2079
f 1258/2515/2079 1371/2514/2189 1372/2516/2190
f 1258/2515/2079 1372/2516/2190 1262/2517/2077
f 1262/2517/2077 1372/2516/2190 1263/2518/2191
f 1263/2518/2191 1372/2516/2190 1264/2519/2192
f 1264/2519/2192 1372/2516/2190 1374/2520/2193
f 1264/2519/2192 1374/2520/2193 1265/2521/2194
f 1265/2521/2194 1374/2520/2193 1376/2522/2195
f 1265/2521/2194 1376/2522/2195 1266/2523/2196
f 1266/2523/2196 1376/2522/2195 1378/2524/2197
f 1266/2523/2196 1378/2524/2197 1267/2525/2198
f 1267/2525/2198 1378/2524/2197 1380/2526/2199
f 1267/2525/2198 1380/2526/2199 1268/2527/2200
f 1268/2527/2200 1380/2526/2199 1382/2528/2201
f 1268/2527/2200 1382/2528/2201 1269/2529/2185
f 1269/2529/2185 1382/2528/2201 1381/2530/2202
f 1269/2529/2185 1381/2530/2202 1251/2531/2187
f 1251/2531/2187 1381/2530/2202 1252/2532/2203
f 1252/2532/2203 1381/2530/2202 1253/2533/2204
f 1253/2533/2204 1381/2530/2202 1379/2534/2205
f 1253/2533/2204 1379/2534/2205 1254/2535/2206
f 1254/2535/2206 1379/2534/2205 1377/2536/2207
f 1254/2535/2206 1377/2536/2207 1255/2537/2208
f 1255/2537/2208 1377/2536/2207 1375/2538/2209
f 1255/2537/2208 1375/2538/2209 1256/2539/2210
f 1256/2539/2210 1375/2538/2209 1373/2540/2211
f 1256/2539/2210 1373/2540/2211 1257/2513/2188
f 1257/2513/2188 1373/2540/2211 1371/2514/2189
f 1374/2520/2193 1372/2516/2190 1371/2514/2189
f 1374/2520/2193 1371/2514/2189 1373/2540/2211
f 1376/2522/2195 1374/2520/2193 1373/2540/2211
f 1376/2522/2195 1373/2540/2211 1375/2538/2209
f 1378/2524/2197 1376/2522/2195 1375/2538/2209
f 1378/2524/2197 1375/2538/2209 1377/2536/2207
f 1380/2526/2199 1378/2524/2197 1377/2536/2207
f 1380/2526/2199 1377/2536/2207 1379/2534/2205
f 1382/2528/2201 1380/2526/2199 1379/2534/2205
f 1382/2528/2201 1379/2534/2205 1381/2530/2202
f 1200/2541/2212 1383/2542/2213 1201/2543/2161
f 1201/2543/2161 1383/2542/2213 1384/2544/2214
f 1201/2543/2161 1384/2544/2214 1319/2545/2163
f 1319/2545/2163 1384/2544/2214 1320/2546/2215
f 1320/2546/2215 1384/2544/2214 1321/2547/2216
f 1321/2547/2216 1384/2544/2214 1386/2548/2217
f 1321/2547/2216 1386/2548/2217 1322/2549/2218
f 1322/2549/2218 1386/2548/2217 1388/2550/2219
f 1322/2549/2218 1388/2550/2219 1323/2551/2220
f 1323/2551/2220 1388/2550/2219 1390/2552/2221
f 1323/2551/2220 1390/2552/2221 1324/2553/2222
f 1324/2553/2222 1390/2552/2221 1392/2554/2223
f 1324/2553/2222 1392/2554/2223 1325/2555/2224
f 1325/2555/2224 1392/2554/2223 1394/2556/2225
f 1325/2555/2224 1394/2556/2225 1261/2557/1958
f 1261/2557/1958 1394/2556/2225 1393/2558/2226
f 1261/2557/1958 1393/2558/2226 1194/2559/1956
f 1194/2559/1956 1393/2558/2226 1195/2560/2227
f 1195/2560/2227 1393/2558/2226 1196/2561/2228
f 1196/2561/2228 1393/2558/2226 1391/2562/2229
f 1196/2561/2228 1391/2562/2229 1197/2563/2230
f 1197/2563/2230 1391/2562/2229 1389/2564/2231
f 1197/2563/2230 1389/2564/2231 1198/2565/2232
f 1198/2565/2232 1389/2564/2231 1387/2566/2233
f 1198/2565/2232 1387/2566/2233 1199/2567/2234
f 1199/2567/2234 1387/2566/2233 1385/2568/2235
f 1199/2567/2234 1385/2568/2235 1200/2541/2212
f 1200/2541/2212 1385/2568/2235 1383/2542/2213
f 1386/2548/2217 1384/2544/2214 1383/2542/2213
f 1386/2548/2217 1383/2542/2213 1385/2568/2235
f 1388/2550/2219 1386/2548/2217 1385/2568/2235
f 1388/2550/2219 1385/2568/2235 1387/2566/2233
f 1390/2552/2221 1388/2550/2219 1387/2566/2233
f 1390/2552/2221 1387/2566/2233 1389/2564/2231
f 1392/2554/2223 1390/2552/2221 1389/2564/2231
f 1392/2554/2223 1389/2564/2231 1391/2562/2229
f 1394/2556/2225 1392/2554/2223 1391/2562/2229
f 1394/2556/2225 1391/2562/2229 1393/2558/2226
g Body9

v -0.687386 0.300000 10.004412
v 0.687386 0.300000 10.004412
v 0.588269 0.465231 10.004412
v 0.450326 0.599756 10.004412
v 0.282661 0.694696 10.004412
v 0.096340 0.743787 10.004412
v -0.096340 0.743787 10.004412
v -0.282661 0.694696 10.004412
v -0.450326 0.599756 10.004412
v -0.588269 0.465231 10.004412
v 0.687386 0.300000 18.004412
v 0.588269 0.465231 18.004412
v 0.450326 0.599756 18.004412
v 0.282661 0.694696 18.004412
v 0.096340 0.743787 18.004412
v -0.096340 0.743787 18.004412
v -0.282661 0.694696 18.004412
v -0.450326 0.599756 18.004412
v -0.588269 0.465231 18.004412
v -0.687386 0.300000 18.004412
v 0.588269 0.465231 14.004412
v 0.450326 0.599756 14.004412
v 0.282661 0.694696 14.004412
v 0.096340 0.743787 14.004412
v -0.096340 0.743787 14.004412
v -0.282661 0.694696 14.004412
v -0.450326 0.599756 14.004412
v -0.588269 0.465231 14.004412
v -1.532700 0.300000 18.004412
v -1.544190 0.300000 18.003074
v -1.555065 0.300000 17.999131
v -1.564743 0.300000 17.992794
v -1.572706 0.300000 17.984403
v -1.578528 0.300000 17.974406
v -1.581896 0.300000 17.963340
v -1.582631 0.300000 17.951795
v -1.300000 0.300000 12.558872
v -1.300000 0.300000 7.479603
v 1.300000 0.300000 7.479603
v 1.300000 0.300000 12.558872
v 1.582631 0.300000 17.951795
v 1.581896 0.300000 17.963340
v 1.578528 0.300000 17.974406
v 1.572706 0.300000 17.984403
v 1.564743 0.300000 17.992794
v 1.555065 0.300000 17.999131
v 1.544190 0.300000 18.003074
v 1.532700 0.300000 18.004412
v -0.650000 0.800000 15.854412
v -0.627852 0.800000 16.022644
v -0.562917 0.800000 16.179412
v -0.459619 0.800000 16.314031
v -0.325000 0.800000 16.417328
v -0.168232 0.800000 16.482264
v 0.000000 0.800000 16.504412
v 0.168232 0.800000 16.482264
v 0.325000 0.800000 16.417328
v 0.459619 0.800000 16.314031
v 0.562917 0.800000 16.179412
v 0.627852 0.800000 16.022644
v 0.650000 0.800000 15.854412
v 0.650000 0.800000 14.354412
v 0.627852 0.800000 14.186179
v 0.562917 0.800000 14.029412
v 0.459619 0.800000 13.894792
v 0.325000 0.800000 13.791495
v 0.168232 0.800000 13.726560
v 0.000000 0.800000 13.704412
v -0.650000 0.800000 13.704412
v -0.262545 0.800000 16.131026
v -0.312545 0.800000 16.131026
v -0.312545 0.800000 16.056026
v -0.387545 0.800000 16.056026
v -0.387545 0.800000 16.006026
v -0.312545 0.800000 16.006026
v -0.312545 0.800000 15.931026
v -0.262545 0.800000 15.931026
v -0.262545 0.800000 16.006026
v -0.187545 0.800000 16.006026
v -0.187545 0.800000 16.056026
v -0.262545 0.800000 16.056026
v -0.547699 0.800000 14.405707
v -0.534758 0.800000 14.404004
v -0.522699 0.800000 14.399009
v -0.512344 0.800000 14.391063
v -0.504398 0.800000 14.380707
v -0.417796 0.800000 14.230707
v -0.409850 0.800000 14.220352
v -0.399494 0.800000 14.212406
v -0.387435 0.800000 14.207411
v -0.374494 0.800000 14.205707
v -0.353362 0.800000 14.205707
v -0.353362 0.800000 14.255707
v -0.374494 0.800000 14.255707
v -0.461097 0.800000 14.405707
v -0.476989 0.800000 14.426418
v -0.497699 0.800000 14.442310
v -0.521817 0.800000 14.452300
v -0.547699 0.800000 14.455707
v -0.568832 0.800000 14.455707
v -0.568832 0.800000 14.405707
v 0.070745 0.800000 14.827000
v 0.096098 0.800000 14.829656
v 0.120160 0.800000 14.838048
v 0.141778 0.800000 14.851548
v 0.160012 0.800000 14.869349
v 0.173560 0.800000 14.890928
v 0.181683 0.800000 14.915072
v 0.186530 0.800000 14.965782
v 0.186530 0.800000 15.078282
v -0.213470 0.800000 15.078282
v -0.213470 0.800000 15.014180
v -0.206338 0.800000 14.932609
v -0.193540 0.800000 14.901188
v -0.183747 0.800000 14.887293
v -0.171796 0.800000 14.875208
v -0.157956 0.800000 14.865341
v -0.142570 0.800000 14.858127
v -0.126089 0.800000 14.853970
v -0.109143 0.800000 14.852641
v -0.086536 0.800000 14.855202
v -0.075687 0.800000 14.858678
v -0.065365 0.800000 14.863500
v -0.047125 0.800000 14.877080
v -0.032060 0.800000 14.894148
v -0.014933 0.800000 14.866446
v -0.003956 0.800000 14.854397
v 0.008783 0.800000 14.844234
v 0.023098 0.800000 14.836442
v 0.038448 0.800000 14.830965
v 0.186530 0.800000 15.329564
v 0.186530 0.800000 15.401359
v -0.213470 0.800000 15.401359
v -0.213470 0.800000 15.317705
v -0.210815 0.800000 15.260888
v -0.206049 0.800000 15.232854
v -0.201711 0.800000 15.219314
v -0.195500 0.800000 15.206525
v -0.187461 0.800000 15.194804
v -0.177888 0.800000 15.184290
v -0.166872 0.800000 15.175301
v -0.154761 0.800000 15.167848
v -0.141748 0.800000 15.162115
v -0.128099 0.800000 15.158129
v -0.099848 0.800000 15.155205
v -0.065801 0.800000 15.159446
v -0.049656 0.800000 15.165333
v -0.034832 0.800000 15.174023
v -0.021913 0.800000 15.185349
v -0.011191 0.800000 15.198779
v 0.003998 0.800000 15.229564
v 0.186530 0.800000 15.137257
v 0.186530 0.800000 15.217064
v 0.012171 0.800000 15.305205
v 0.012171 0.800000 15.329564
v 0.186530 0.800000 15.770109
v 0.186530 0.800000 15.844548
v -0.213470 0.800000 15.937257
v -0.213470 0.800000 15.863138
v 0.041899 0.800000 15.803923
v -0.213470 0.800000 15.736055
v -0.213470 0.800000 15.666263
v 0.041899 0.800000 15.598795
v -0.213470 0.800000 15.539741
v -0.213470 0.800000 15.465462
v 0.186530 0.800000 15.558010
v 0.186530 0.800000 15.633010
v -0.072043 0.800000 15.701359
v 0.490866 0.800000 14.431153
v 0.485825 0.800000 14.418426
v 0.473945 0.800000 14.391522
v 0.393585 0.800000 14.391522
v 0.383403 0.800000 14.414482
v 0.380175 0.800000 14.422941
v 0.378661 0.800000 14.431852
v 0.379113 0.800000 14.435888
v 0.379704 0.800000 14.437828
v 0.380593 0.800000 14.439664
v 0.381749 0.800000 14.441345
v 0.383146 0.800000 14.442817
v 0.386447 0.800000 14.445179
v 0.391861 0.800000 14.446953
v 0.397493 0.800000 14.447896
v 0.408859 0.800000 14.449022
v 0.408859 0.800000 14.455411
v 0.330545 0.800000 14.455411
v 0.330545 0.800000 14.449022
v 0.338060 0.800000 14.447191
v 0.345021 0.800000 14.443798
v 0.350951 0.800000 14.438838
v 0.355734 0.800000 14.432758
v 0.370276 0.800000 14.405448
v 0.451784 0.800000 14.222217
v 0.455028 0.800000 14.222217
v 0.537784 0.800000 14.410390
v 0.546215 0.800000 14.427518
v 0.551108 0.800000 14.435713
v 0.557151 0.800000 14.443083
v 0.560715 0.800000 14.445623
v 0.564743 0.800000 14.447359
v 0.573322 0.800000 14.449022
v 0.573322 0.800000 14.455411
v 0.464961 0.800000 14.455411
v 0.464961 0.800000 14.449022
v 0.469503 0.800000 14.449022
v 0.479110 0.800000 14.448370
v 0.483827 0.800000 14.447342
v 0.488171 0.800000 14.445279
v 0.489808 0.800000 14.443736
v 0.490491 0.800000 14.442838
v 0.491028 0.800000 14.441847
v 0.491641 0.800000 14.439681
v 0.491864 0.800000 14.437443
v 0.270200 0.800000 14.238189
v 0.273179 0.800000 14.237829
v 0.275975 0.800000 14.236723
v 0.278478 0.800000 14.235062
v 0.280586 0.800000 14.232919
v 0.283692 0.800000 14.227779
v 0.285972 0.800000 14.222217
v 0.292361 0.800000 14.222217
v 0.292361 0.800000 14.302078
v 0.285972 0.800000 14.302078
v 0.274494 0.800000 14.276527
v 0.266441 0.800000 14.265047
v 0.256721 0.800000 14.254943
v 0.245433 0.800000 14.246625
v 0.232962 0.800000 14.240231
v 0.219518 0.800000 14.236275
v 0.205562 0.800000 14.234995
v 0.187707 0.800000 14.237110
v 0.179185 0.800000 14.240013
v 0.171205 0.800000 14.244185
v 0.164008 0.800000 14.249598
v 0.157702 0.800000 14.256029
v 0.147824 0.800000 14.271047
v 0.141433 0.800000 14.287873
v 0.137443 0.800000 14.305445
v 0.134286 0.800000 14.341310
v 0.136880 0.800000 14.377007
v 0.140584 0.800000 14.394526
v 0.146703 0.800000 14.411336
v 0.151108 0.800000 14.419125
v 0.156526 0.800000 14.426246
v 0.163024 0.800000 14.432401
v 0.170459 0.800000 14.437382
v 0.178550 0.800000 14.441202
v 0.187099 0.800000 14.443861
v 0.204863 0.800000 14.445828
v 0.221762 0.800000 14.443979
v 0.238056 0.800000 14.439090
v 0.238056 0.800000 14.391522
v 0.237501 0.800000 14.380875
v 0.237057 0.800000 14.378245
v 0.236176 0.800000 14.375728
v 0.235497 0.800000 14.374579
v 0.234661 0.800000 14.373537
v 0.232660 0.800000 14.371774
v 0.228070 0.800000 14.369072
v 0.223073 0.800000 14.367222
v 0.212500 0.800000 14.365967
v 0.206111 0.800000 14.365967
v 0.206111 0.800000 14.359578
v 0.317917 0.800000 14.359578
v 0.317917 0.800000 14.365967
v 0.304011 0.800000 14.368042
v 0.300743 0.800000 14.369346
v 0.297897 0.800000 14.371412
v 0.295566 0.800000 14.374049
v 0.293809 0.800000 14.377097
v 0.292875 0.800000 14.380608
v 0.292563 0.800000 14.384244
v 0.292361 0.800000 14.391522
v 0.292361 0.800000 14.439090
v 0.247205 0.800000 14.453858
v 0.199922 0.800000 14.458606
v 0.165514 0.800000 14.455439
v 0.148932 0.800000 14.450559
v 0.133298 0.800000 14.443166
v 0.118720 0.800000 14.433851
v 0.105569 0.800000 14.422616
v 0.094229 0.800000 14.409559
v 0.085122 0.800000 14.394867
v 0.076334 0.800000 14.369822
v 0.073592 0.800000 14.343406
v 0.075713 0.800000 14.319302
v 0.082545 0.800000 14.296101
v 0.094141 0.800000 14.274877
v 0.109810 0.800000 14.256443
v 0.128699 0.800000 14.241327
v 0.150283 0.800000 14.230414
v 0.173651 0.800000 14.224144
v 0.197776 0.800000 14.222217
v 0.227674 0.800000 14.224812
v 0.020833 0.800000 14.417078
v 0.021158 0.800000 14.429013
v 0.021795 0.800000 14.434949
v 0.022511 0.800000 14.437844
v 0.023134 0.800000 14.439200
v 0.023943 0.800000 14.440458
v 0.025905 0.800000 14.442706
v 0.028228 0.800000 14.444582
v 0.030780 0.800000 14.446131
v 0.033520 0.800000 14.447318
v 0.039333 0.800000 14.448660
v 0.045291 0.800000 14.449022
v 0.052778 0.800000 14.449022
v 0.052778 0.800000 14.455411
v -0.065417 0.800000 14.455411
v -0.065417 0.800000 14.449022
v -0.057880 0.800000 14.449022
v -0.049713 0.800000 14.448323
v -0.045748 0.800000 14.447261
v -0.042007 0.800000 14.445578
v -0.039824 0.800000 14.444122
v -0.037976 0.800000 14.442257
v -0.035319 0.800000 14.437742
v -0.034127 0.800000 14.432686
v -0.033703 0.800000 14.427494
v -0.033472 0.800000 14.417078
v -0.033472 0.800000 14.263745
v -0.033783 0.800000 14.251806
v -0.034432 0.800000 14.245872
v -0.035121 0.800000 14.242971
v -0.036506 0.800000 14.240328
v -0.038478 0.800000 14.238087
v -0.040803 0.800000 14.236214
v -0.043361 0.800000 14.234671
v -0.046103 0.800000 14.233489
v -0.051920 0.800000 14.232157
v -0.057880 0.800000 14.231800
v -0.065417 0.800000 14.231800
v -0.065417 0.800000 14.225411
v 0.052778 0.800000 14.225411
v 0.052778 0.800000 14.231800
v 0.045291 0.800000 14.231800
v 0.037148 0.800000 14.232494
v 0.033197 0.800000 14.233564
v 0.029468 0.800000 14.235244
v 0.027275 0.800000 14.236709
v 0.025418 0.800000 14.238584
v 0.022680 0.800000 14.243081
v 0.021489 0.800000 14.248136
v 0.021064 0.800000 14.253329
v 0.020833 0.800000 14.263745
v -0.295417 0.800000 14.289300
v -0.295417 0.800000 14.225411
v -0.087778 0.800000 14.225411
v -0.087778 0.800000 14.289300
v -0.094167 0.800000 14.289300
v -0.103391 0.800000 14.263083
v -0.107170 0.800000 14.257236
v -0.111888 0.800000 14.252121
v -0.123416 0.800000 14.244378
v -0.128695 0.800000 14.242685
v -0.134192 0.800000 14.241878
v -0.145278 0.800000 14.241384
v -0.164444 0.800000 14.241384
v -0.164444 0.800000 14.417078
v -0.164121 0.800000 14.428995
v -0.163487 0.800000 14.434925
v -0.162782 0.800000 14.437802
v -0.161350 0.800000 14.440436
v -0.159389 0.800000 14.442703
v -0.157069 0.800000 14.444602
v -0.154497 0.800000 14.446154
v -0.151747 0.800000 14.447340
v -0.145937 0.800000 14.448644
v -0.139937 0.800000 14.449022
v -0.132500 0.800000 14.449022
v -0.132500 0.800000 14.455411
v -0.250694 0.800000 14.455411
v -0.250694 0.800000 14.449022
v -0.243207 0.800000 14.449022
v -0.235064 0.800000 14.448329
v -0.231114 0.800000 14.447258
v -0.227385 0.800000 14.445578
v -0.225192 0.800000 14.444114
v -0.223335 0.800000 14.442239
v -0.220597 0.800000 14.437742
v -0.219404 0.800000 14.432686
v -0.218980 0.800000 14.427494
v -0.218750 0.800000 14.417078
v -0.218750 0.800000 14.241384
v -0.237917 0.800000 14.241384
v -0.255317 0.800000 14.243207
v -0.263568 0.800000 14.246123
v -0.270809 0.800000 14.251017
v -0.277862 0.800000 14.259178
v -0.283173 0.800000 14.268568
v -0.289028 0.800000 14.289300
v 0.012171 0.800000 15.006487
v 0.012171 0.800000 14.989340
v 0.013892 0.800000 14.959400
v 0.016607 0.800000 14.944650
v 0.021230 0.800000 14.930392
v 0.024558 0.800000 14.923671
v 0.028812 0.800000 14.917496
v 0.033825 0.800000 14.911915
v 0.039591 0.800000 14.907124
v 0.046083 0.800000 14.903378
v 0.053112 0.800000 14.900759
v 0.067940 0.800000 14.898795
v 0.074914 0.800000 14.899213
v 0.081751 0.800000 14.900693
v 0.088203 0.800000 14.903361
v 0.094084 0.800000 14.907133
v 0.099131 0.800000 14.911962
v 0.103296 0.800000 14.917573
v 0.106502 0.800000 14.923785
v 0.108836 0.800000 14.930373
v 0.113649 0.800000 14.957879
v 0.114735 0.800000 14.985814
v 0.114735 0.800000 15.006487
v -0.141675 0.800000 15.006487
v -0.141675 0.800000 14.983971
v -0.140058 0.800000 14.963459
v -0.137638 0.800000 14.953448
v -0.133480 0.800000 14.944039
v -0.127394 0.800000 14.935742
v -0.123593 0.800000 14.932261
v -0.119315 0.800000 14.929386
v -0.114668 0.800000 14.927123
v -0.109760 0.800000 14.925541
v -0.099527 0.800000 14.924436
v -0.088649 0.800000 14.925609
v -0.083400 0.800000 14.927191
v -0.078443 0.800000 14.929541
v -0.073889 0.800000 14.932591
v -0.069814 0.800000 14.936256
v -0.063242 0.800000 14.944992
v -0.058859 0.800000 14.955006
v -0.056208 0.800000 14.965620
v -0.054495 0.800000 14.987417
v -0.054495 0.800000 15.006487
v -0.059624 0.800000 15.329564
v -0.141675 0.800000 15.329564
v -0.141675 0.800000 15.305125
v -0.141030 0.800000 15.280245
v -0.137332 0.800000 15.255685
v -0.132039 0.800000 15.244443
v -0.128264 0.800000 15.239496
v -0.123818 0.800000 15.235141
v -0.118706 0.800000 15.231593
v -0.113039 0.800000 15.229021
v -0.107016 0.800000 15.227462
v -0.100810 0.800000 15.227000
v -0.088768 0.800000 15.228389
v -0.083046 0.800000 15.230419
v -0.077781 0.800000 15.233441
v -0.073236 0.800000 15.237460
v -0.069591 0.800000 15.242316
v -0.064770 0.800000 15.253434
v -0.060566 0.800000 15.277327
v -0.059624 0.800000 15.301600
v 0.466957 0.800000 14.375550
v 0.400673 0.800000 14.375550
v 0.434015 0.800000 14.300630
v -0.650000 1.138234 13.704412
v -0.650000 1.149525 15.854412
v -0.000000 1.150000 13.704412
v -0.508869 1.150000 13.704412
v -0.556106 1.148690 13.704412
v -0.603199 1.144764 13.704412
v 0.650000 1.149525 15.854412
v 0.650000 1.143249 14.354412
v 0.641896 1.143700 14.252836
v 0.617543 1.145970 14.152462
v 0.577561 1.148600 14.056418
v 0.522684 1.150000 13.968016
v 0.419068 1.150000 13.857539
v 0.292697 1.150000 13.774042
v 0.150432 1.150000 13.722059
v -0.629943 1.150000 16.014638
v -0.573705 1.150000 16.159965
v -0.484495 1.150000 16.287730
v -0.367439 1.150000 16.390592
v -0.229265 1.150000 16.462637
v -0.077914 1.150000 16.499725
v 0.077914 1.150000 16.499725
v 0.229265 1.150000 16.462637
v 0.367439 1.150000 16.390592
v 0.484495 1.150000 16.287730
v 0.573705 1.150000 16.159965
v 0.629943 1.150000 16.014638
v 0.450000 1.150000 12.581130
v 0.450000 1.150000 9.479603
v -0.450000 1.150000 9.479603
v -0.450000 1.150000 12.581130
v -1.262404 0.550000 7.479603
v 1.262404 0.550000 7.479603
v 1.283221 0.468054 7.479603
v 1.295795 0.384445 7.479603
v -1.295795 0.384445 7.479603
v -1.283221 0.468054 7.479603
v 1.505403 0.507055 18.004412
v 1.425373 0.700000 18.004412
v 1.298064 0.865685 18.004412
v 1.132151 0.992820 18.004412
v 0.938941 1.072741 18.004412
v 0.731602 1.100000 18.004412
v -0.731602 1.100000 18.004412
v -0.938941 1.072741 18.004412
v -1.132151 0.992820 18.004412
v -1.298064 0.865685 18.004412
v -1.425373 0.700000 18.004412
v -1.505403 0.507055 18.004412
v -0.731602 1.150000 17.954412
v 0.731602 1.150000 17.954412
v 0.483786 1.149328 9.477364
v 0.517518 1.147314 9.470650
v 0.584609 1.139274 9.443848
v 0.650849 1.125929 9.399368
v 0.715821 1.107366 9.337488
v 0.840323 1.055081 9.163207
v 0.954975 0.983740 8.925402
v 1.056882 0.895142 8.630076
v 1.143473 0.791524 8.284682
v 1.212561 0.675500 7.897937
v -1.212561 0.675500 7.897937
v -1.143473 0.791524 8.284682
v -1.056882 0.895142 8.630076
v -0.954975 0.983740 8.925402
v -0.840323 1.055081 9.163207
v -0.715821 1.107366 9.337488
v -0.650849 1.125929 9.399368
v -0.584609 1.139274 9.443848
v -0.517518 1.147314 9.470650
v -0.483786 1.149328 9.477364
v 0.669996 1.121037 12.575369
v 0.875000 1.036122 12.570001
v 1.051041 0.901041 12.565391
v 1.186122 0.725000 12.561854
v 1.271037 0.519996 12.559630
v 0.951864 1.121037 17.953735
v 1.157116 1.036122 17.953103
v 1.333370 0.901041 17.952561
v 1.468615 0.725000 17.952146
v 1.553633 0.519996 17.951884
v 0.811593 1.121037 15.277191
v 1.016316 1.036122 15.266462
v 1.192115 0.901041 15.257249
v 1.327011 0.725000 15.250180
v 1.411810 0.519996 15.245735
v -1.553633 0.519996 17.951884
v -1.468615 0.725000 17.952146
v -1.333370 0.901041 17.952561
v -1.157116 1.036122 17.953103
v -0.951864 1.121037 17.953735
v -0.669996 1.121037 12.575369
v -0.875000 1.036122 12.570001
v -1.051041 0.901041 12.565391
v -1.186122 0.725000 12.561854
v -1.271037 0.519996 12.559630
v -1.411810 0.519996 15.245735
v -1.327011 0.725000 15.250180
v -1.192115 0.901041 15.257249
v -1.016316 1.036122 15.266462
v -0.811593 1.121037 15.277191
v 0.731602 1.148296 17.967353
v 0.731602 1.143301 17.979412
v 0.731602 1.135355 17.989767
v 0.731602 1.125000 17.997713
v 0.731602 1.112941 18.002708
v 0.912694 1.107359 17.996224
v 0.917462 1.128662 17.963043
v 1.532158 0.425496 18.003538
v 1.503001 0.547961 18.003540
v 1.455161 0.664400 18.003542
v 1.389780 0.772021 18.003546
v 1.304590 0.872221 18.003551
v 1.218171 0.947024 18.003556
v 1.122091 1.008978 18.003562
v 1.018263 1.056810 18.003568
v 0.908700 1.089497 18.003574
v 1.541582 0.426977 18.000724
v 1.512070 0.550884 18.000732
v 1.463652 0.668689 18.000744
v 1.397485 0.777562 18.000762
v 1.311276 0.878916 18.000784
v 1.223830 0.954571 18.000807
v 1.126615 1.017217 18.000832
v 1.021572 1.065570 18.000859
v 0.910735 1.098599 18.000887
v 1.550634 0.428400 17.995830
v 1.520784 0.553692 17.995849
v 1.471811 0.672809 17.995879
v 1.404890 0.782888 17.995921
v 1.317704 0.885352 17.995975
v 1.229271 0.961827 17.996029
v 1.130968 1.025142 17.996090
v 1.024755 1.073999 17.996155
v 1.558656 0.429661 17.988976
v 1.528508 0.556182 17.989009
v 1.479048 0.676464 17.989065
v 1.411463 0.787615 17.989141
v 1.323414 0.891071 17.989239
v 1.234110 0.968281 17.989338
v 1.134843 1.032197 17.989449
v 1.027593 1.081512 17.989568
v 0.914442 1.115177 17.989693
v 1.565115 0.430676 17.980477
v 1.534732 0.558188 17.980529
v 1.484886 0.679412 17.980614
v 1.416774 0.791434 17.980730
v 1.328038 0.895701 17.980881
v 1.238037 0.973516 17.981033
v 1.137995 1.037935 17.981202
v 1.029907 1.087637 17.981384
v 0.915872 1.121567 17.981575
v 1.569557 0.431374 17.971006
v 1.539019 0.559570 17.971075
v 1.488918 0.681448 17.971189
v 1.420453 0.794079 17.971344
v 1.331255 0.898923 17.971547
v 1.240781 0.977174 17.971751
v 1.140207 1.041961 17.971979
v 1.031539 1.091958 17.972223
v 0.916886 1.126098 17.972481
v 1.571891 0.431741 17.961250
v 1.541281 0.560299 17.961334
v 1.491058 0.682528 17.961472
v 1.422422 0.795494 17.961661
v 1.332995 0.900665 17.961906
v 1.242282 0.979172 17.962155
v 1.141430 1.044187 17.962431
v 1.032453 1.094375 17.962729
v -0.731602 1.148296 17.967353
v -0.731602 1.143301 17.979412
v -0.731602 1.135355 17.989767
v -0.731602 1.125000 17.997713
v -0.731602 1.112941 18.002708
v 0.487735 1.112941 18.002708
v 0.243867 1.112941 18.002708
v 0.000000 1.112941 18.002708
v -0.243867 1.112941 18.002708
v -0.487735 1.112941 18.002708
v 0.487735 1.125000 17.997713
v 0.243867 1.125000 17.997713
v 0.000000 1.125000 17.997713
v -0.243867 1.125000 17.997713
v -0.487735 1.125000 17.997713
v 0.487735 1.135355 17.989767
v 0.243867 1.135355 17.989767
v 0.000000 1.135355 17.989767
v -0.243867 1.135355 17.989767
v -0.487735 1.135355 17.989767
v 0.487735 1.143301 17.979412
v 0.243867 1.143301 17.979412
v 0.000000 1.143301 17.979412
v -0.243867 1.143301 17.979412
v -0.487735 1.143301 17.979412
v 0.487735 1.148296 17.967353
v 0.243867 1.148296 17.967353
v 0.000000 1.148296 17.967353
v -0.243867 1.148296 17.967353
v -0.487735 1.148296 17.967353
v -0.860092 1.117310 17.996256
v -1.561600 0.485715 17.961278
v -0.857263 1.099259 18.003577
v -0.979907 1.070180 18.003570
v -1.096527 1.022439 18.003563
v -1.204328 0.957168 18.003557
v -1.304590 0.872221 18.003551
v -1.379535 0.785953 18.003547
v -1.441621 0.690020 18.003543
v -1.489572 0.586335 18.003540
v -1.522355 0.476911 18.003539
v -0.858704 1.108456 18.000900
v -0.982768 1.079082 18.000869
v -1.100752 1.030826 18.000838
v -1.209822 0.964829 18.000810
v -1.311276 0.878916 18.000784
v -1.387117 0.791656 18.000764
v -1.449949 0.694608 18.000748
v -1.498478 0.589709 18.000735
v -1.531660 0.478999 18.000727
v -0.985522 1.087649 17.996179
v -1.104816 1.038894 17.996106
v -1.215106 0.972196 17.996038
v -1.317704 0.885352 17.995975
v -1.394405 0.797137 17.995927
v -1.457951 0.699017 17.995888
v -1.507036 0.592950 17.995858
v -1.540598 0.481004 17.995837
v -0.862345 1.131684 17.981665
v -0.989983 1.101521 17.981451
v -1.111381 1.051926 17.981247
v -1.223621 0.984066 17.981057
v -1.328038 0.895701 17.980881
v -1.406102 0.805934 17.980748
v -1.470780 0.706083 17.980638
v -1.520739 0.598141 17.980553
v -1.554900 0.484212 17.980495
v -1.548520 0.482781 17.988987
v -1.514623 0.595824 17.989025
v -1.465051 0.702927 17.989081
v -1.400874 0.802002 17.989152
v -1.323414 0.891071 17.989239
v -1.219806 0.978748 17.989354
v -1.108436 1.046079 17.989478
v -0.987978 1.095288 17.989611
v -0.861331 1.125215 17.989751
v -0.863067 1.136281 17.972602
v -0.991399 1.105926 17.972314
v -1.113451 1.056034 17.972039
v -1.226289 0.987783 17.971784
v -1.331255 0.898923 17.971547
v -1.409726 0.808659 17.971369
v -1.474739 0.708263 17.971221
v -1.524955 0.599738 17.971107
v -1.559290 0.485197 17.971029
v -0.863479 1.138898 17.963191
v -0.992196 1.108401 17.962839
v -1.114599 1.058312 17.962505
v -1.227751 0.989818 17.962195
v -1.332995 0.900665 17.961906
v -1.411668 0.810118 17.961690
v -1.476844 0.709421 17.961511
v -1.527183 0.600582 17.961373
vt 0.687386 -0.300000 0.000000
vt -0.687386 -0.300000 0.000000
vt 0.588269 -0.465231 0.000000
vt -0.588269 -0.465231 0.000000
vt 0.450326 -0.599756 0.000000
vt -0.450326 -0.599756 0.000000
vt 0.282661 -0.694696 0.000000
vt -0.282661 -0.694696 0.000000
vt 0.096340 -0.743787 0.000000
vt -0.096340 -0.743787 0.000000
vt 8.000000 1.854344 0.000000
vt 8.000000 2.047557 0.000000
vt 4.000000 1.854344 0.000000
vt 0.000000 2.047557 0.000000
vt 0.000000 1.854344 0.000000
vt 4.000000 1.661130 0.000000
vt 0.000000 1.661130 0.000000
vt 4.000000 1.467917 0.000000
vt 0.000000 1.467917 0.000000
vt 4.000000 1.274704 0.000000
vt 0.000000 1.274704 0.000000
vt 4.000000 1.081491 0.000000
vt 0.000000 1.081491 0.000000
vt 4.000000 0.888277 0.000000
vt 0.000000 0.888277 0.000000
vt 4.000000 0.695064 0.000000
vt 0.000000 0.695064 0.000000
vt 4.000000 0.501851 0.000000
vt 0.000000 0.501851 0.000000
vt 0.000000 0.308638 0.000000
vt 8.000000 0.308638 0.000000
vt 8.000000 0.501851 0.000000
vt 8.000000 0.695064 0.000000
vt 8.000000 0.888277 0.000000
vt 8.000000 1.081491 0.000000
vt 8.000000 1.274704 0.000000
vt 8.000000 1.467917 0.000000
vt 8.000000 1.661130 0.000000
vt -18.004412 1.532700 0.000000
vt -18.004412 0.687386 0.000000
vt -12.558872 1.300000 0.000000
vt -10.004412 0.687386 0.000000
vt -7.479603 1.300000 0.000000
vt -7.479603 -1.300000 0.000000
vt -10.004412 -0.687386 0.000000
vt -12.558872 -1.300000 0.000000
vt -18.004412 -0.687386 0.000000
vt -18.004412 -1.532700 0.000000
vt -17.951795 -1.582631 0.000000
vt -18.003074 -1.544190 0.000000
vt -17.999131 -1.555065 0.000000
vt -17.992794 -1.564743 0.000000
vt -17.984403 -1.572706 0.000000
vt -17.974406 -1.578528 0.000000
vt -17.963340 -1.581896 0.000000
vt -17.951795 1.582631 0.000000
vt -18.003074 1.544190 0.000000
vt -17.999131 1.555065 0.000000
vt -17.992794 1.564743 0.000000
vt -17.984403 1.572706 0.000000
vt -17.974406 1.578528 0.000000
vt -17.963340 1.581896 0.000000
vt 0.168232 -0.627852 0.000000
vt 0.151614 -0.387545 0.000000
vt -0.000000 -0.650000 0.000000
vt -0.388950 -0.213470 0.000000
vt -0.453053 -0.213470 0.000000
vt -0.453053 0.186530 0.000000
vt -0.296402 0.186530 0.000000
vt -0.000000 0.650000 0.000000
vt -0.221402 0.186530 0.000000
vt -0.084303 0.186530 0.000000
vt -0.153053 -0.072043 0.000000
vt 0.325000 -0.562917 0.000000
vt 0.201614 -0.387545 0.000000
vt 0.459619 -0.459619 0.000000
vt 0.276614 -0.312545 0.000000
vt 0.562917 -0.325000 0.000000
vt 0.276614 -0.262545 0.000000
vt 0.627852 -0.168232 0.000000
vt 0.201614 -0.187545 0.000000
vt 0.650000 0.000000 0.000000
vt -0.009864 0.186530 0.000000
vt 0.627852 0.168232 0.000000
vt 0.562917 0.325000 0.000000
vt 0.459619 0.459619 0.000000
vt 0.325000 0.562917 0.000000
vt 0.168232 0.627852 0.000000
vt -1.500000 0.650000 0.000000
vt -1.399001 0.573322 0.000000
vt -1.399001 0.464961 0.000000
vt -0.717155 0.186530 0.000000
vt -0.776130 0.186530 0.000000
vt -0.624847 0.003998 0.000000
vt -0.655633 -0.011191 0.000000
vt -0.669063 -0.021913 0.000000
vt -0.680389 -0.034832 0.000000
vt -0.689079 -0.049656 0.000000
vt -0.694966 -0.065801 0.000000
vt -0.776130 -0.213470 0.000000
vt -0.699206 -0.099848 0.000000
vt -0.696283 -0.128099 0.000000
vt -0.692297 -0.141748 0.000000
vt -0.686563 -0.154761 0.000000
vt -0.679111 -0.166872 0.000000
vt -0.670121 -0.177888 0.000000
vt -0.659608 -0.187461 0.000000
vt -0.647887 -0.195500 0.000000
vt -0.635098 -0.201711 0.000000
vt -0.621558 -0.206049 0.000000
vt -0.593524 -0.210815 0.000000
vt -0.536706 -0.213470 0.000000
vt -1.405389 0.573322 0.000000
vt -1.668232 0.627852 0.000000
vt -1.444022 0.537784 0.000000
vt -1.632195 0.455028 0.000000
vt -1.825000 0.562917 0.000000
vt -1.959619 0.459619 0.000000
vt -2.062917 0.325000 0.000000
vt -1.632195 0.292361 0.000000
vt -1.632195 0.451784 0.000000
vt -2.127852 0.168232 0.000000
vt -1.629600 0.227674 0.000000
vt -1.632195 0.285972 0.000000
vt -2.150000 -0.000000 0.000000
vt -1.629001 0.052778 0.000000
vt -1.613085 0.128699 0.000000
vt -1.623998 0.150283 0.000000
vt -2.150000 -0.650000 0.000000
vt -1.648704 -0.353362 0.000000
vt -1.629001 -0.295417 0.000000
vt -1.629001 -0.087778 0.000000
vt -1.398704 -0.568832 0.000000
vt -1.448704 -0.568832 0.000000
vt -1.473704 -0.504398 0.000000
vt -1.448704 -0.547699 0.000000
vt -1.450408 -0.534758 0.000000
vt 0.201614 -0.312545 0.000000
vt 0.151614 -0.312545 0.000000
vt 0.076614 -0.312545 0.000000
vt -0.314671 -0.213470 0.000000
vt 0.076614 -0.262545 0.000000
vt -0.118357 -0.213470 0.000000
vt -0.188149 -0.213470 0.000000
vt -0.255617 0.041899 0.000000
vt 0.151614 -0.262545 0.000000
vt 0.082845 -0.213470 0.000000
vt 0.008726 -0.213470 0.000000
vt -0.050489 0.041899 0.000000
vt 0.151614 -0.187545 0.000000
vt 0.201614 -0.262545 0.000000
vt -1.455403 -0.522699 0.000000
vt -1.463349 -0.512344 0.000000
vt -1.623704 -0.417796 0.000000
vt -1.634060 -0.409850 0.000000
vt -1.642006 -0.399494 0.000000
vt -1.647001 -0.387435 0.000000
vt -1.648704 -0.374494 0.000000
vt -1.598704 -0.353362 0.000000
vt -1.565112 -0.295417 0.000000
vt -1.399001 -0.250694 0.000000
vt -1.405389 -0.250694 0.000000
vt -1.598704 -0.374494 0.000000
vt -1.448704 -0.461097 0.000000
vt -0.921803 -0.206338 0.000000
vt -1.427994 -0.476989 0.000000
vt -1.412102 -0.497699 0.000000
vt -0.840232 -0.213470 0.000000
vt -1.402112 -0.521817 0.000000
vt -1.398704 -0.547699 0.000000
vt -1.023447 0.038448 0.000000
vt -1.027412 0.070745 0.000000
vt -1.399001 0.052778 0.000000
vt -1.024755 0.096098 0.000000
vt -1.420560 0.118720 0.000000
vt -1.411246 0.133298 0.000000
vt -1.403852 0.148932 0.000000
vt -1.016364 0.120160 0.000000
vt -1.398973 0.165514 0.000000
vt -1.002864 0.141778 0.000000
vt -1.395806 0.199922 0.000000
vt -0.985063 0.160012 0.000000
vt -1.400554 0.247205 0.000000
vt -0.963484 0.173560 0.000000
vt -0.939340 0.181683 0.000000
vt -0.888630 0.186530 0.000000
vt -1.399001 0.408859 0.000000
vt -1.399001 0.330545 0.000000
vt -1.415322 0.292361 0.000000
vt -1.405389 0.330545 0.000000
vt -1.488445 0.317917 0.000000
vt -1.407221 0.338060 0.000000
vt -1.410614 0.345021 0.000000
vt -0.953224 -0.193540 0.000000
vt -0.967119 -0.183747 0.000000
vt -0.979203 -0.171796 0.000000
vt -0.989071 -0.157956 0.000000
vt -1.399001 -0.132500 0.000000
vt -0.996285 -0.142570 0.000000
vt -1.000442 -0.126089 0.000000
vt -1.001771 -0.109143 0.000000
vt -1.399001 -0.065417 0.000000
vt -1.405389 -0.065417 0.000000
vt -0.999210 -0.086536 0.000000
vt -0.995734 -0.075687 0.000000
vt -0.990912 -0.065365 0.000000
vt -0.977332 -0.047125 0.000000
vt -0.987966 -0.014933 0.000000
vt -1.000015 -0.003956 0.000000
vt -1.010178 0.008783 0.000000
vt -1.017969 0.023098 0.000000
vt -0.960264 -0.032060 0.000000
vt -0.524847 0.186530 0.000000
vt -0.637347 0.186530 0.000000
vt -0.549206 0.012171 0.000000
vt -0.524847 0.012171 0.000000
vt -1.435986 0.485825 0.000000
vt -1.409133 0.488171 0.000000
vt -1.423258 0.490866 0.000000
vt -1.410676 0.489808 0.000000
vt -1.411574 0.490491 0.000000
vt -1.462889 0.473945 0.000000
vt -1.406042 0.479110 0.000000
vt -1.407069 0.483827 0.000000
vt -1.462889 0.393585 0.000000
vt -1.405389 0.408859 0.000000
vt -1.405389 0.464961 0.000000
vt -1.405389 0.469503 0.000000
vt -1.406516 0.397493 0.000000
vt -1.439929 0.383403 0.000000
vt -1.407459 0.391861 0.000000
vt -1.409233 0.386447 0.000000
vt -1.411595 0.383146 0.000000
vt -1.431471 0.380175 0.000000
vt -1.413067 0.381749 0.000000
vt -1.414748 0.380593 0.000000
vt -1.416583 0.379704 0.000000
vt -1.418524 0.379113 0.000000
vt -1.422560 0.378661 0.000000
vt -1.415574 0.350951 0.000000
vt -1.421654 0.355734 0.000000
vt -1.448964 0.370276 0.000000
vt -1.494834 0.317917 0.000000
vt -1.426894 0.546215 0.000000
vt -1.418699 0.551108 0.000000
vt -1.407053 0.564743 0.000000
vt -1.408789 0.560715 0.000000
vt -1.411329 0.557151 0.000000
vt -1.412565 0.491028 0.000000
vt -1.414730 0.491641 0.000000
vt -1.416969 0.491864 0.000000
vt -1.616223 0.270200 0.000000
vt -1.616583 0.273179 0.000000
vt -1.617689 0.275975 0.000000
vt -1.619350 0.278478 0.000000
vt -1.626633 0.283692 0.000000
vt -1.621493 0.280586 0.000000
vt -1.552334 0.292361 0.000000
vt -1.552334 0.285972 0.000000
vt -1.494834 0.206111 0.000000
vt -1.577885 0.274494 0.000000
vt -1.589365 0.266441 0.000000
vt -1.599468 0.256721 0.000000
vt -1.607787 0.245433 0.000000
vt -1.614180 0.232962 0.000000
vt -1.618137 0.219518 0.000000
vt -1.619417 0.205562 0.000000
vt -1.617302 0.187707 0.000000
vt -1.614399 0.179185 0.000000
vt -1.610227 0.171205 0.000000
vt -1.604814 0.164008 0.000000
vt -1.598383 0.157702 0.000000
vt -1.583365 0.147824 0.000000
vt -1.566539 0.141433 0.000000
vt -1.548967 0.137443 0.000000
vt -1.513102 0.134286 0.000000
vt -1.477405 0.136880 0.000000
vt -1.459886 0.140584 0.000000
vt -1.443076 0.146703 0.000000
vt -1.435287 0.151108 0.000000
vt -1.428165 0.156526 0.000000
vt -1.488445 0.206111 0.000000
vt -1.422011 0.163024 0.000000
vt -1.417030 0.170459 0.000000
vt -1.413210 0.178550 0.000000
vt -1.410551 0.187099 0.000000
vt -1.408584 0.204863 0.000000
vt -1.488445 0.212500 0.000000
vt -1.410433 0.221762 0.000000
vt -1.487190 0.223073 0.000000
vt -1.462889 0.238056 0.000000
vt -1.485340 0.228070 0.000000
vt -1.482638 0.232660 0.000000
vt -1.480875 0.234661 0.000000
vt -1.473537 0.237501 0.000000
vt -1.479833 0.235497 0.000000
vt -1.478684 0.236176 0.000000
vt -1.476167 0.237057 0.000000
vt -1.415322 0.238056 0.000000
vt -1.486370 0.304011 0.000000
vt -1.462889 0.292361 0.000000
vt -1.485066 0.300743 0.000000
vt -1.483000 0.297897 0.000000
vt -1.480363 0.295566 0.000000
vt -1.470168 0.292563 0.000000
vt -1.473804 0.292875 0.000000
vt -1.477314 0.293809 0.000000
vt -1.431795 0.105569 0.000000
vt -1.444853 0.094229 0.000000
vt -1.405389 0.052778 0.000000
vt -1.459545 0.085122 0.000000
vt -1.484590 0.076334 0.000000
vt -1.511006 0.073592 0.000000
vt -1.437334 0.020833 0.000000
vt -1.405389 0.045291 0.000000
vt -1.590667 0.020833 0.000000
vt -1.535110 0.075713 0.000000
vt -1.622612 0.045291 0.000000
vt -1.622612 0.052778 0.000000
vt -1.558311 0.082545 0.000000
vt -1.579535 0.094141 0.000000
vt -1.597969 0.109810 0.000000
vt -1.630268 0.173651 0.000000
vt -1.632195 0.197776 0.000000
vt -1.425399 0.021158 0.000000
vt -1.409829 0.028228 0.000000
vt -1.408281 0.030780 0.000000
vt -1.407093 0.033520 0.000000
vt -1.419463 0.021795 0.000000
vt -1.413954 0.023943 0.000000
vt -1.411706 0.025905 0.000000
vt -1.416567 0.022511 0.000000
vt -1.415212 0.023134 0.000000
vt -1.405752 0.039333 0.000000
vt -1.405389 -0.057880 0.000000
vt -1.437334 -0.033472 0.000000
vt -1.565112 -0.087778 0.000000
vt -1.565112 -0.094167 0.000000
vt -1.406089 -0.049713 0.000000
vt -1.407151 -0.045748 0.000000
vt -1.408833 -0.042007 0.000000
vt -1.426918 -0.033703 0.000000
vt -1.410290 -0.039824 0.000000
vt -1.412155 -0.037976 0.000000
vt -1.416670 -0.035319 0.000000
vt -1.421726 -0.034127 0.000000
vt -1.590667 -0.033472 0.000000
vt -1.622612 -0.057880 0.000000
vt -1.622612 -0.065417 0.000000
vt -1.602606 -0.033783 0.000000
vt -1.618198 -0.040803 0.000000
vt -1.619741 -0.043361 0.000000
vt -1.620923 -0.046103 0.000000
vt -1.608539 -0.034432 0.000000
vt -1.614083 -0.036506 0.000000
vt -1.616325 -0.038478 0.000000
vt -1.611441 -0.035121 0.000000
vt -1.622255 -0.051920 0.000000
vt -1.629001 -0.065417 0.000000
vt -1.621918 0.037148 0.000000
vt -1.620847 0.033197 0.000000
vt -1.619168 0.029468 0.000000
vt -1.601083 0.021064 0.000000
vt -1.617703 0.027275 0.000000
vt -1.615828 0.025418 0.000000
vt -1.611331 0.022680 0.000000
vt -1.606275 0.021489 0.000000
vt -1.591329 -0.103391 0.000000
vt -1.597176 -0.107170 0.000000
vt -1.602291 -0.111888 0.000000
vt -1.610034 -0.123416 0.000000
vt -1.611726 -0.128695 0.000000
vt -1.437334 -0.164444 0.000000
vt -1.405389 -0.132500 0.000000
vt -1.405389 -0.139937 0.000000
vt -1.405768 -0.145937 0.000000
vt -1.407072 -0.151747 0.000000
vt -1.408258 -0.154497 0.000000
vt -1.409810 -0.157069 0.000000
vt -1.425417 -0.164121 0.000000
vt -1.411709 -0.159389 0.000000
vt -1.413975 -0.161350 0.000000
vt -1.419487 -0.163487 0.000000
vt -1.416610 -0.162782 0.000000
vt -1.612533 -0.134192 0.000000
vt -1.613028 -0.145278 0.000000
vt -1.613028 -0.164444 0.000000
vt -1.405389 -0.243207 0.000000
vt -1.437334 -0.218750 0.000000
vt -1.565112 -0.289028 0.000000
vt -1.406083 -0.235064 0.000000
vt -1.407154 -0.231114 0.000000
vt -1.408833 -0.227385 0.000000
vt -1.426918 -0.218980 0.000000
vt -1.410298 -0.225192 0.000000
vt -1.412173 -0.223335 0.000000
vt -1.416670 -0.220597 0.000000
vt -1.421726 -0.219404 0.000000
vt -1.613028 -0.218750 0.000000
vt -1.613028 -0.237917 0.000000
vt -1.611205 -0.255317 0.000000
vt -1.608289 -0.263568 0.000000
vt -1.603395 -0.270809 0.000000
vt -1.595234 -0.277862 0.000000
vt -1.585844 -0.283173 0.000000
vt -0.847924 0.114735 0.000000
vt -0.776130 0.186530 0.000000
vt -0.847924 0.012171 0.000000
vt -0.776130 -0.213470 0.000000
vt -0.847924 -0.054495 0.000000
vt -0.847924 -0.141675 0.000000
vt -0.939340 0.181683 0.000000
vt -0.896533 0.113649 0.000000
vt -0.888630 0.186530 0.000000
vt -0.868597 0.114735 0.000000
vt -0.963484 0.173560 0.000000
vt -0.936839 0.103296 0.000000
vt -0.930626 0.106502 0.000000
vt -0.924038 0.108836 0.000000
vt -0.985063 0.160012 0.000000
vt -0.947279 0.094084 0.000000
vt -0.942450 0.099131 0.000000
vt -0.951050 0.088203 0.000000
vt -1.002864 0.141778 0.000000
vt -0.953719 0.081751 0.000000
vt -0.955198 0.074914 0.000000
vt -1.016364 0.120160 0.000000
vt -1.024755 0.096098 0.000000
vt -0.955617 0.067940 0.000000
vt -1.027412 0.070745 0.000000
vt -1.023447 0.038448 0.000000
vt -1.017969 0.023098 0.000000
vt -1.010178 0.008783 0.000000
vt -0.953653 0.053112 0.000000
vt -1.000015 -0.003956 0.000000
vt -0.987966 -0.014933 0.000000
vt -0.960264 -0.032060 0.000000
vt -0.947288 0.039591 0.000000
vt -0.951034 0.046083 0.000000
vt -0.977332 -0.047125 0.000000
vt -0.928803 -0.088649 0.000000
vt -0.927221 -0.083400 0.000000
vt -0.924871 -0.078443 0.000000
vt -0.929976 -0.099527 0.000000
vt -0.990912 -0.065365 0.000000
vt -0.995734 -0.075687 0.000000
vt -0.999210 -0.086536 0.000000
vt -1.001771 -0.109143 0.000000
vt -1.000442 -0.126089 0.000000
vt -0.996285 -0.142570 0.000000
vt -0.928871 -0.109760 0.000000
vt -0.989071 -0.157956 0.000000
vt -0.979203 -0.171796 0.000000
vt -0.967119 -0.183747 0.000000
vt -0.927289 -0.114668 0.000000
vt -0.925026 -0.119315 0.000000
vt -0.953224 -0.193540 0.000000
vt -0.922151 -0.123593 0.000000
vt -0.918670 -0.127394 0.000000
vt -0.921803 -0.206338 0.000000
vt -0.910373 -0.133480 0.000000
vt -0.900964 -0.137638 0.000000
vt -0.890953 -0.140058 0.000000
vt -0.870440 -0.141675 0.000000
vt -0.840232 -0.213470 0.000000
vt -0.865072 0.012171 0.000000
vt -0.866995 -0.054495 0.000000
vt -0.888792 -0.056208 0.000000
vt -0.895012 0.013892 0.000000
vt -0.899406 -0.058859 0.000000
vt -0.909762 0.016607 0.000000
vt -0.909420 -0.063242 0.000000
vt -0.924020 0.021230 0.000000
vt -0.918156 -0.069814 0.000000
vt -0.921821 -0.073889 0.000000
vt -0.930741 0.024558 0.000000
vt -0.936916 0.028812 0.000000
vt -0.942497 0.033825 0.000000
vt -0.453053 0.186530 0.000000
vt -0.524847 0.012171 0.000000
vt -0.453053 -0.213470 0.000000
vt -0.524847 -0.059624 0.000000
vt -0.524847 -0.141675 0.000000
vt -0.524847 0.186530 0.000000
vt -0.549206 0.012171 0.000000
vt -0.552812 -0.059624 0.000000
vt -0.577085 -0.060566 0.000000
vt -0.624847 0.003998 0.000000
vt -0.600978 -0.064770 0.000000
vt -0.612096 -0.069591 0.000000
vt -0.616952 -0.073236 0.000000
vt -0.655633 -0.011191 0.000000
vt -0.620971 -0.077781 0.000000
vt -0.623993 -0.083046 0.000000
vt -0.669063 -0.021913 0.000000
vt -0.626023 -0.088768 0.000000
vt -0.680389 -0.034832 0.000000
vt -0.689079 -0.049656 0.000000
vt -0.637347 0.186530 0.000000
vt -0.717155 0.186530 0.000000
vt -0.694966 -0.065801 0.000000
vt -0.627412 -0.100810 0.000000
vt -0.699206 -0.099848 0.000000
vt -0.696283 -0.128099 0.000000
vt -0.626950 -0.107016 0.000000
vt -0.692297 -0.141748 0.000000
vt -0.686563 -0.154761 0.000000
vt -0.679111 -0.166872 0.000000
vt -0.625390 -0.113039 0.000000
vt -0.670121 -0.177888 0.000000
vt -0.622819 -0.118706 0.000000
vt -0.659608 -0.187461 0.000000
vt -0.647887 -0.195500 0.000000
vt -0.619271 -0.123818 0.000000
vt -0.635098 -0.201711 0.000000
vt -0.614916 -0.128264 0.000000
vt -0.609969 -0.132039 0.000000
vt -0.621558 -0.206049 0.000000
vt -0.598726 -0.137332 0.000000
vt -0.593524 -0.210815 0.000000
vt -0.574167 -0.141030 0.000000
vt -0.536706 -0.213470 0.000000
vt -0.549287 -0.141675 0.000000
vt 0.008726 -0.213470 0.000000
vt 0.082845 -0.213470 0.000000
vt -0.050489 0.041899 0.000000
vt -0.009864 0.186530 0.000000
vt -0.084303 0.186530 0.000000
vt -0.153053 -0.072043 0.000000
vt -0.118357 -0.213470 0.000000
vt -0.188149 -0.213470 0.000000
vt -0.255617 0.041899 0.000000
vt -0.221402 0.186530 0.000000
vt -0.296402 0.186530 0.000000
vt -0.388950 -0.213470 0.000000
vt -0.314671 -0.213470 0.000000
vt -1.435986 0.485825 0.000000
vt -1.444022 0.537784 0.000000
vt -1.462889 0.473945 0.000000
vt -1.478862 0.466957 0.000000
vt -1.478862 0.400673 0.000000
vt -1.423258 0.490866 0.000000
vt -1.426894 0.546215 0.000000
vt -1.416969 0.491864 0.000000
vt -1.414730 0.491641 0.000000
vt -1.418699 0.551108 0.000000
vt -1.412565 0.491028 0.000000
vt -1.411574 0.490491 0.000000
vt -1.411329 0.557151 0.000000
vt -1.410676 0.489808 0.000000
vt -1.409133 0.488171 0.000000
vt -1.407069 0.483827 0.000000
vt -1.399001 0.573322 0.000000
vt -1.408789 0.560715 0.000000
vt -1.399001 0.464961 0.000000
vt -1.406042 0.479110 0.000000
vt -1.405389 0.469503 0.000000
vt -1.405389 0.464961 0.000000
vt -1.405389 0.573322 0.000000
vt -1.407053 0.564743 0.000000
vt -1.553781 0.434015 0.000000
vt -1.632195 0.455028 0.000000
vt -1.632195 0.451784 0.000000
vt -1.448964 0.370276 0.000000
vt -1.462889 0.393585 0.000000
vt -1.421654 0.355734 0.000000
vt -1.431471 0.380175 0.000000
vt -1.439929 0.383403 0.000000
vt -1.415574 0.350951 0.000000
vt -1.416583 0.379704 0.000000
vt -1.418524 0.379113 0.000000
vt -1.422560 0.378661 0.000000
vt -1.410614 0.345021 0.000000
vt -1.411595 0.383146 0.000000
vt -1.413067 0.381749 0.000000
vt -1.414748 0.380593 0.000000
vt -1.407221 0.338060 0.000000
vt -1.399001 0.330545 0.000000
vt -1.409233 0.386447 0.000000
vt -1.405389 0.330545 0.000000
vt -1.407459 0.391861 0.000000
vt -1.399001 0.408859 0.000000
vt -1.406516 0.397493 0.000000
vt -1.405389 0.408859 0.000000
vt -1.632195 0.285972 0.000000
vt -1.626633 0.283692 0.000000
vt -1.632195 0.292361 0.000000
vt -1.621493 0.280586 0.000000
vt -1.577885 0.274494 0.000000
vt -1.619350 0.278478 0.000000
vt -1.617689 0.275975 0.000000
vt -1.589365 0.266441 0.000000
vt -1.616583 0.273179 0.000000
vt -1.616223 0.270200 0.000000
vt -1.629600 0.227674 0.000000
vt -1.607787 0.245433 0.000000
vt -1.599468 0.256721 0.000000
vt -1.632195 0.197776 0.000000
vt -1.619417 0.205562 0.000000
vt -1.618137 0.219518 0.000000
vt -1.614180 0.232962 0.000000
vt -1.617302 0.187707 0.000000
vt -1.630268 0.173651 0.000000
vt -1.614399 0.179185 0.000000
vt -1.610227 0.171205 0.000000
vt -1.623998 0.150283 0.000000
vt -1.604814 0.164008 0.000000
vt -1.598383 0.157702 0.000000
vt -1.613085 0.128699 0.000000
vt -1.583365 0.147824 0.000000
vt -1.597969 0.109810 0.000000
vt -1.566539 0.141433 0.000000
vt -1.579535 0.094141 0.000000
vt -1.548967 0.137443 0.000000
vt -1.558311 0.082545 0.000000
vt -1.535110 0.075713 0.000000
vt -1.513102 0.134286 0.000000
vt -1.511006 0.073592 0.000000
vt -1.484590 0.076334 0.000000
vt -1.477405 0.136880 0.000000
vt -1.459545 0.085122 0.000000
vt -1.444853 0.094229 0.000000
vt -1.459886 0.140584 0.000000
vt -1.431795 0.105569 0.000000
vt -1.443076 0.146703 0.000000
vt -1.420560 0.118720 0.000000
vt -1.435287 0.151108 0.000000
vt -1.411246 0.133298 0.000000
vt -1.428165 0.156526 0.000000
vt -1.403852 0.148932 0.000000
vt -1.422011 0.163024 0.000000
vt -1.417030 0.170459 0.000000
vt -1.398973 0.165514 0.000000
vt -1.413210 0.178550 0.000000
vt -1.410551 0.187099 0.000000
vt -1.395806 0.199922 0.000000
vt -1.408584 0.204863 0.000000
vt -1.410433 0.221762 0.000000
vt -1.400554 0.247205 0.000000
vt -1.415322 0.238056 0.000000
vt -1.415322 0.292361 0.000000
vt -1.462889 0.292361 0.000000
vt -1.462889 0.238056 0.000000
vt -1.470168 0.292563 0.000000
vt -1.473537 0.237501 0.000000
vt -1.473804 0.292875 0.000000
vt -1.476167 0.237057 0.000000
vt -1.477314 0.293809 0.000000
vt -1.478684 0.236176 0.000000
vt -1.480363 0.295566 0.000000
vt -1.479833 0.235497 0.000000
vt -1.480875 0.234661 0.000000
vt -1.483000 0.297897 0.000000
vt -1.482638 0.232660 0.000000
vt -1.485066 0.300743 0.000000
vt -1.485340 0.228070 0.000000
vt -1.494834 0.317917 0.000000
vt -1.487190 0.223073 0.000000
vt -1.494834 0.206111 0.000000
vt -1.488445 0.212500 0.000000
vt -1.488445 0.206111 0.000000
vt -1.486370 0.304011 0.000000
vt -1.488445 0.317917 0.000000
vt -1.552334 0.285972 0.000000
vt -1.552334 0.292361 0.000000
vt -1.405389 0.052778 0.000000
vt -1.405389 0.045291 0.000000
vt -1.399001 0.052778 0.000000
vt -1.405752 0.039333 0.000000
vt -1.407093 0.033520 0.000000
vt -1.408281 0.030780 0.000000
vt -1.407151 -0.045748 0.000000
vt -1.399001 -0.065417 0.000000
vt -1.408833 -0.042007 0.000000
vt -1.409829 0.028228 0.000000
vt -1.410290 -0.039824 0.000000
vt -1.411706 0.025905 0.000000
vt -1.412155 -0.037976 0.000000
vt -1.413954 0.023943 0.000000
vt -1.415212 0.023134 0.000000
vt -1.416670 -0.035319 0.000000
vt -1.416567 0.022511 0.000000
vt -1.419463 0.021795 0.000000
vt -1.421726 -0.034127 0.000000
vt -1.425399 0.021158 0.000000
vt -1.426918 -0.033703 0.000000
vt -1.437334 0.020833 0.000000
vt -1.437334 -0.033472 0.000000
vt -1.590667 0.020833 0.000000
vt -1.590667 -0.033472 0.000000
vt -1.601083 0.021064 0.000000
vt -1.602606 -0.033783 0.000000
vt -1.606275 0.021489 0.000000
vt -1.608539 -0.034432 0.000000
vt -1.611331 0.022680 0.000000
vt -1.611441 -0.035121 0.000000
vt -1.614083 -0.036506 0.000000
vt -1.615828 0.025418 0.000000
vt -1.616325 -0.038478 0.000000
vt -1.617703 0.027275 0.000000
vt -1.618198 -0.040803 0.000000
vt -1.619168 0.029468 0.000000
vt -1.619741 -0.043361 0.000000
vt -1.620847 0.033197 0.000000
vt -1.620923 -0.046103 0.000000
vt -1.629001 0.052778 0.000000
vt -1.629001 -0.065417 0.000000
vt -1.621918 0.037148 0.000000
vt -1.622612 0.045291 0.000000
vt -1.622612 0.052778 0.000000
vt -1.622612 -0.065417 0.000000
vt -1.622612 -0.057880 0.000000
vt -1.622255 -0.051920 0.000000
vt -1.406089 -0.049713 0.000000
vt -1.405389 -0.057880 0.000000
vt -1.405389 -0.065417 0.000000
vt -1.629001 -0.295417 0.000000
vt -1.613028 -0.164444 0.000000
vt -1.629001 -0.087778 0.000000
vt -1.613028 -0.145278 0.000000
vt -1.612533 -0.134192 0.000000
vt -1.565112 -0.295417 0.000000
vt -1.585844 -0.283173 0.000000
vt -1.595234 -0.277862 0.000000
vt -1.603395 -0.270809 0.000000
vt -1.565112 -0.289028 0.000000
vt -1.608289 -0.263568 0.000000
vt -1.611205 -0.255317 0.000000
vt -1.613028 -0.237917 0.000000
vt -1.613028 -0.218750 0.000000
vt -1.437334 -0.218750 0.000000
vt -1.437334 -0.164444 0.000000
vt -1.426918 -0.218980 0.000000
vt -1.425417 -0.164121 0.000000
vt -1.421726 -0.219404 0.000000
vt -1.419487 -0.163487 0.000000
vt -1.416670 -0.220597 0.000000
vt -1.416610 -0.162782 0.000000
vt -1.413975 -0.161350 0.000000
vt -1.412173 -0.223335 0.000000
vt -1.411709 -0.159389 0.000000
vt -1.410298 -0.225192 0.000000
vt -1.409810 -0.157069 0.000000
vt -1.408833 -0.227385 0.000000
vt -1.408258 -0.154497 0.000000
vt -1.407154 -0.231114 0.000000
vt -1.407072 -0.151747 0.000000
vt -1.399001 -0.250694 0.000000
vt -1.399001 -0.132500 0.000000
vt -1.406083 -0.235064 0.000000
vt -1.405389 -0.243207 0.000000
vt -1.405389 -0.250694 0.000000
vt -1.405389 -0.132500 0.000000
vt -1.405389 -0.139937 0.000000
vt -1.405768 -0.145937 0.000000
vt -1.611726 -0.128695 0.000000
vt -1.610034 -0.123416 0.000000
vt -1.602291 -0.111888 0.000000
vt -1.597176 -0.107170 0.000000
vt -1.591329 -0.103391 0.000000
vt -1.565112 -0.087778 0.000000
vt -1.565112 -0.094167 0.000000
vt -0.000000 1.950100 0.000000
vt -0.000000 2.288334 0.000000
vt -2.150000 1.950100 0.000000
vt -2.150000 2.299625 0.000000
vt 0.650000 1.950100 0.000000
vt 0.141131 2.300100 0.000000
vt -0.000000 1.950100 0.000000
vt 0.093894 2.298790 0.000000
vt 0.046801 2.294864 0.000000
vt 0.650000 2.300100 0.000000
vt -0.000000 2.288334 0.000000
vt 0.650000 1.950100 0.000000
vt 2.150000 1.950100 0.000000
vt 0.650000 2.293349 0.000000
vt 2.150000 2.299625 0.000000
vt -2.300100 -0.000000 0.000000
vt -1.950100 0.000000 0.000000
vt -2.300100 0.151809 0.000000
vt -1.950100 0.170170 0.000000
vt -2.300100 0.303618 0.000000
vt -1.950100 0.340339 0.000000
vt -2.300100 0.455427 0.000000
vt -1.950100 0.510509 0.000000
vt -2.300100 0.607235 0.000000
vt -1.950100 0.680678 0.000000
vt -2.298700 0.711404 0.000000
vt -2.296070 0.815579 0.000000
vt -1.950100 0.850848 0.000000
vt -2.293800 0.919006 0.000000
vt -1.950100 1.021018 0.000000
vt -2.293349 1.021018 0.000000
vt -2.299625 1.021018 0.000000
vt -1.950100 1.021018 0.000000
vt -2.300100 1.182912 0.000000
vt -1.950100 1.191187 0.000000
vt -2.300100 1.339117 0.000000
vt -1.950100 1.361357 0.000000
vt -2.300100 1.495321 0.000000
vt -1.950100 1.531526 0.000000
vt -2.300100 1.651525 0.000000
vt -1.950100 1.701696 0.000000
vt -2.300100 1.807729 0.000000
vt -1.950100 1.871866 0.000000
vt -2.300100 1.963933 0.000000
vt -1.950100 2.042035 0.000000
vt -2.300100 2.120137 0.000000
vt -1.950100 2.212205 0.000000
vt -2.300100 2.276341 0.000000
vt -1.950100 2.382374 0.000000
vt -2.300100 2.432546 0.000000
vt -1.950100 2.552544 0.000000
vt -2.300100 2.588750 0.000000
vt -1.950100 2.722714 0.000000
vt -2.300100 2.744954 0.000000
vt -1.950100 2.892883 0.000000
vt -2.300100 2.901158 0.000000
vt -1.950100 3.063053 0.000000
vt -2.299625 3.063053 0.000000
vt 13.704412 -0.508869 0.000000
vt 13.704412 -0.000000 0.000000
vt 12.581130 -0.450000 0.000000
vt 12.581130 0.450000 0.000000
vt 9.479603 -0.450000 0.000000
vt 9.479603 0.450000 0.000000
vt 13.722059 0.150432 0.000000
vt 13.774042 0.292697 0.000000
vt 13.857539 0.419068 0.000000
vt 13.968016 0.522684 0.000000
vt 1.262404 -0.600000 0.000000
vt -1.262404 -0.600000 0.000000
vt 1.283221 -0.681946 0.000000
vt -1.283221 -0.681946 0.000000
vt 1.295795 -0.765555 0.000000
vt -1.295795 -0.765555 0.000000
vt 1.300000 -0.850000 0.000000
vt -1.300000 -0.850000 0.000000
vt -1.532700 -0.850000 0.000000
vt -0.687386 -0.850000 0.000000
vt -1.505403 -0.642945 0.000000
vt -0.588269 -0.684769 0.000000
vt -0.450326 -0.550244 0.000000
vt -1.425373 -0.450000 0.000000
vt -0.282661 -0.455304 0.000000
vt -1.298064 -0.284315 0.000000
vt -0.096340 -0.406213 0.000000
vt -1.132151 -0.157180 0.000000
vt -0.731602 -0.050000 0.000000
vt -0.938941 -0.077259 0.000000
vt 0.096340 -0.406213 0.000000
vt 0.731602 -0.050000 0.000000
vt 1.132151 -0.157180 0.000000
vt 0.938941 -0.077259 0.000000
vt 1.298064 -0.284315 0.000000
vt 0.282661 -0.455304 0.000000
vt 1.425373 -0.450000 0.000000
vt 0.450326 -0.550244 0.000000
vt 1.505403 -0.642945 0.000000
vt 0.588269 -0.684769 0.000000
vt 0.687386 -0.850000 0.000000
vt 1.532700 -0.850000 0.000000
vt 16.014638 -0.629943 0.000000
vt 17.954412 -0.731602 0.000000
vt 16.159965 -0.573705 0.000000
vt 16.287730 -0.484495 0.000000
vt 16.390592 -0.367439 0.000000
vt 16.462637 -0.229265 0.000000
vt 16.499725 -0.077914 0.000000
vt 16.499725 0.077914 0.000000
vt 17.954412 0.731602 0.000000
vt 16.462637 0.229265 0.000000
vt 16.390592 0.367439 0.000000
vt 16.287730 0.484495 0.000000
vt 16.159965 0.573705 0.000000
vt 16.014638 0.629943 0.000000
vt 2.088061 0.450000 0.000000
vt 1.757734 0.840323 0.000000
vt 2.088061 -0.450000 0.000000
vt 1.757734 -0.840323 0.000000
vt 1.939690 -0.715821 0.000000
vt 2.085724 0.483786 0.000000
vt 2.050733 0.584609 0.000000
vt 2.004293 0.650849 0.000000
vt 1.939690 0.715821 0.000000
vt 2.078714 0.517518 0.000000
vt 1.509459 0.954975 0.000000
vt 1.509459 -0.954975 0.000000
vt 1.201129 1.056882 0.000000
vt 1.201129 -1.056882 0.000000
vt 0.840527 1.143473 0.000000
vt 0.840527 -1.143473 0.000000
vt 0.436754 1.212561 0.000000
vt 0.436754 -1.212561 0.000000
vt 0.000000 -1.262404 0.000000
vt -0.000000 1.262404 0.000000
vt 2.004293 -0.650849 0.000000
vt 2.050733 -0.584609 0.000000
vt 2.085724 -0.483786 0.000000
vt 2.078714 -0.517518 0.000000
vt -7.479603 0.169168 0.000000
vt -7.479603 0.253752 0.000000
vt -12.559630 0.222529 0.000000
vt -7.897937 0.388930 0.000000
vt -12.561854 0.445059 0.000000
vt -8.284682 0.524108 0.000000
vt -12.565391 0.667588 0.000000
vt -8.630076 0.659287 0.000000
vt -8.925402 0.794465 0.000000
vt -12.570001 0.890118 0.000000
vt -9.163207 0.929643 0.000000
vt -9.337488 1.064821 0.000000
vt -12.575369 1.112647 0.000000
vt -9.399368 1.132410 0.000000
vt -9.443848 1.199999 0.000000
vt -12.581130 1.335177 0.000000
vt -9.470650 1.267588 0.000000
vt -9.477364 1.301382 0.000000
vt -9.479603 1.335177 0.000000
vt -7.479603 0.084584 0.000000
vt -12.558872 0.000000 0.000000
vt -7.479603 0.000000 0.000000
vt -16.025659 1.335177 0.000000
vt -17.968095 1.335177 0.000000
vt -15.866702 1.306756 0.000000
vt -17.978946 1.112647 0.000000
vt -15.298730 1.112647 0.000000
vt -15.298730 0.890118 0.000000
vt -12.598568 0.890118 0.000000
vt -12.603178 0.667588 0.000000
vt -15.298730 0.667588 0.000000
vt -12.606715 0.445059 0.000000
vt -15.298730 0.445059 0.000000
vt -12.608938 0.222529 0.000000
vt -15.298730 0.222529 0.000000
vt -12.609697 0.000000 0.000000
vt -18.010021 0.000000 0.000000
vt -18.008593 0.222529 0.000000
vt -18.004404 0.445059 0.000000
vt -17.997741 0.667588 0.000000
vt -17.989058 0.890118 0.000000
vt -12.593200 1.112647 0.000000
vt -14.368758 1.227973 0.000000
vt -12.587439 1.335177 0.000000
vt -14.165386 1.249981 0.000000
vt -14.266898 1.230785 0.000000
vt -13.976228 1.335177 0.000000
vt -14.067381 1.284977 0.000000
vt 12.608938 0.222529 0.000000
vt 12.609697 0.000000 0.000000
vt 15.298730 0.222529 0.000000
vt 18.010021 0.000000 0.000000
vt 18.008593 0.222529 0.000000
vt 18.004404 0.445059 0.000000
vt 15.298730 0.445059 0.000000
vt 12.606715 0.445059 0.000000
vt 15.298730 0.667588 0.000000
vt 12.603178 0.667588 0.000000
vt 15.298730 0.890118 0.000000
vt 12.598568 0.890118 0.000000
vt 15.298730 1.112647 0.000000
vt 12.593200 1.112647 0.000000
vt 13.719649 1.193585 0.000000
vt 13.717199 1.240782 0.000000
vt 17.997741 0.667588 0.000000
vt 17.989058 0.890118 0.000000
vt 17.978946 1.112647 0.000000
vt 17.968095 1.335177 0.000000
vt 15.866702 1.306756 0.000000
vt 16.025659 1.335177 0.000000
vt 12.587439 1.335177 0.000000
vt 13.714735 1.287980 0.000000
vt 13.712263 1.335177 0.000000
vt 7.479603 0.000000 0.000000
vt 12.558872 0.000000 0.000000
vt 7.479603 0.084584 0.000000
vt 12.559630 0.222529 0.000000
vt 7.479603 0.169168 0.000000
vt 7.479603 0.253752 0.000000
vt 7.897937 0.388930 0.000000
vt 12.561854 0.445059 0.000000
vt 8.284682 0.524108 0.000000
vt 12.565391 0.667588 0.000000
vt 8.630076 0.659287 0.000000
vt 8.925402 0.794465 0.000000
vt 12.570001 0.890118 0.000000
vt 9.163207 0.929643 0.000000
vt 9.337488 1.064821 0.000000
vt 12.575369 1.112647 0.000000
vt 9.399368 1.132410 0.000000
vt 9.443848 1.199999 0.000000
vt 12.581130 1.335177 0.000000
vt 9.470650 1.267588 0.000000
vt 9.477364 1.301382 0.000000
vt 9.479603 1.335177 0.000000
vt -1.473704 -0.504398 0.000000
vt -1.448704 -0.461097 0.000000
vt -1.623704 -0.417796 0.000000
vt -1.598704 -0.374494 0.000000
vt -1.634060 -0.409850 0.000000
vt -1.642006 -0.399494 0.000000
vt -1.647001 -0.387435 0.000000
vt -1.648704 -0.374494 0.000000
vt -1.648704 -0.353362 0.000000
vt -1.598704 -0.353362 0.000000
vt -1.427994 -0.476989 0.000000
vt -1.463349 -0.512344 0.000000
vt -1.412102 -0.497699 0.000000
vt -1.455403 -0.522699 0.000000
vt -1.402112 -0.521817 0.000000
vt -1.450408 -0.534758 0.000000
vt -1.398704 -0.547699 0.000000
vt -1.448704 -0.547699 0.000000
vt -1.398704 -0.568832 0.000000
vt -1.448704 -0.568832 0.000000
vt 5.036686 0.000046 0.000000
vt 5.255661 0.000000 0.000000
vt 5.125427 0.010581 0.000000
vt 5.255661 0.013000 0.000000
vt 5.125427 0.021163 0.000000
vt 5.255661 0.025127 0.000000
vt 5.125427 0.031744 0.000000
vt 5.255661 0.036768 0.000000
vt 5.125427 0.042326 0.000000
vt 5.255661 0.048252 0.000000
vt 5.125427 0.052999 0.000000
vt 5.255661 0.059893 0.000000
vt 5.125427 0.063673 0.000000
vt 5.255661 0.072020 0.000000
vt 5.125427 0.074346 0.000000
vt 5.255661 0.085019 0.000000
vt 5.036685 0.085017 0.000000
vt 4.817682 0.085017 0.000000
vt 4.864959 0.074346 0.000000
vt 4.995193 0.074346 0.000000
vt 4.734725 0.074346 0.000000
vt 4.598703 0.085019 0.000000
vt 4.598703 0.074346 0.000000
vt 4.480547 0.074346 0.000000
vt 4.598703 0.063673 0.000000
vt 4.480547 0.063673 0.000000
vt 4.598703 0.052999 0.000000
vt 4.480547 0.052999 0.000000
vt 4.598703 0.042326 0.000000
vt 4.480547 0.042326 0.000000
vt 4.598703 0.031744 0.000000
vt 4.480547 0.031744 0.000000
vt 4.598703 0.021163 0.000000
vt 4.480547 0.021163 0.000000
vt 4.598703 0.010581 0.000000
vt 4.480547 0.010581 0.000000
vt 4.598703 0.000000 0.000000
vt 4.379725 0.000049 0.000000
vt 4.362391 0.010581 0.000000
vt 4.244234 0.010581 0.000000
vt 4.244234 0.021163 0.000000
vt 4.126078 0.021163 0.000000
vt 4.126078 0.031744 0.000000
vt 3.941746 0.028999 0.000000
vt 3.941746 0.042510 0.000000
vt 4.126078 0.042326 0.000000
vt 4.126078 0.052999 0.000000
vt 4.244234 0.042326 0.000000
vt 4.244234 0.052999 0.000000
vt 4.362391 0.042326 0.000000
vt 4.362391 0.052999 0.000000
vt 4.379725 0.085018 0.000000
vt 4.362391 0.074346 0.000000
vt 4.362391 0.063673 0.000000
vt 4.244234 0.074346 0.000000
vt 4.160721 0.085019 0.000000
vt 4.126078 0.074346 0.000000
vt 3.941746 0.085019 0.000000
vt 3.941746 0.070009 0.000000
vt 4.126078 0.063673 0.000000
vt 3.941746 0.056021 0.000000
vt 3.941746 0.015011 0.000000
vt 4.126078 0.010581 0.000000
vt 4.160721 0.000047 0.000000
vt 3.941746 0.000000 0.000000
vt 4.734725 0.010581 0.000000
vt 4.817682 0.000049 0.000000
vt 4.864959 0.010581 0.000000
vt 4.995193 0.010581 0.000000
vt 4.995193 0.021163 0.000000
vt 4.995193 0.031744 0.000000
vt 4.995193 0.042326 0.000000
vt 4.995193 0.052999 0.000000
vt 4.995193 0.063673 0.000000
vt 4.864959 0.021163 0.000000
vt 4.864959 0.031744 0.000000
vt 4.864959 0.042326 0.000000
vt 4.864959 0.052999 0.000000
vt 4.864959 0.063673 0.000000
vt 4.734725 0.021163 0.000000
vt 4.734725 0.031744 0.000000
vt 4.734725 0.042326 0.000000
vt 4.734725 0.052999 0.000000
vt 4.734725 0.063673 0.000000
vt 4.362391 0.021163 0.000000
vt 4.362391 0.031744 0.000000
vt 4.244234 0.031744 0.000000
vt 4.244234 0.063673 0.000000
vt 0.731602 0.013090 0.000000
vt 0.487735 0.013090 0.000000
vt 0.731602 0.000000 0.000000
vt 0.243867 0.013090 0.000000
vt 0.000000 0.013090 0.000000
vt 0.000000 0.026180 0.000000
vt -0.243867 0.026180 0.000000
vt -0.243867 0.039270 0.000000
vt -0.487735 0.039270 0.000000
vt -0.487735 0.052360 0.000000
vt -0.731602 0.052360 0.000000
vt -0.731602 0.065450 0.000000
vt -0.487735 0.065450 0.000000
vt -0.731602 0.078540 0.000000
vt -0.243867 0.065450 0.000000
vt 0.000000 0.065450 0.000000
vt 0.000000 0.052360 0.000000
vt 0.243867 0.052360 0.000000
vt 0.243867 0.039270 0.000000
vt 0.487735 0.039270 0.000000
vt 0.487735 0.026180 0.000000
vt 0.731602 0.026180 0.000000
vt 0.731602 0.039270 0.000000
vt 0.487735 0.052360 0.000000
vt 0.243867 0.065450 0.000000
vt 0.731602 0.078540 0.000000
vt 0.731602 0.052360 0.000000
vt 0.487735 0.065450 0.000000
vt 0.731602 0.065450 0.000000
vt -0.731602 0.039270 0.000000
vt -0.487735 0.026180 0.000000
vt -0.243867 0.013090 0.000000
vt -0.731602 0.000000 0.000000
vt -0.731602 0.026180 0.000000
vt -0.487735 0.013090 0.000000
vt -0.731602 0.013090 0.000000
vt 0.243867 0.026180 0.000000
vt 0.000000 0.039270 0.000000
vt -0.243867 0.052360 0.000000
vt 3.722771 0.000047 0.000000
vt 3.941746 0.000000 0.000000
vt 3.811477 0.010581 0.000000
vt 3.941746 0.015011 0.000000
vt 3.811477 0.021163 0.000000
vt 3.941746 0.028999 0.000000
vt 3.811477 0.031744 0.000000
vt 3.941746 0.042510 0.000000
vt 3.811477 0.042326 0.000000
vt 3.811477 0.052999 0.000000
vt 3.681208 0.052999 0.000000
vt 3.681208 0.063673 0.000000
vt 3.550938 0.063673 0.000000
vt 3.550938 0.074346 0.000000
vt 3.420669 0.074346 0.000000
vt 3.503767 0.085018 0.000000
vt 3.284789 0.085019 0.000000
vt 3.941746 0.056021 0.000000
vt 3.811477 0.063673 0.000000
vt 3.681208 0.074346 0.000000
vt 3.722771 0.085019 0.000000
vt 3.941746 0.070009 0.000000
vt 3.811477 0.074346 0.000000
vt 3.941746 0.085019 0.000000
vt 3.065810 0.085017 0.000000
vt 3.166633 0.074346 0.000000
vt 3.284789 0.074346 0.000000
vt 3.420669 0.063673 0.000000
vt 3.550938 0.052999 0.000000
vt 3.681208 0.042326 0.000000
vt 2.846806 0.085017 0.000000
vt 2.930323 0.074346 0.000000
vt 3.048478 0.074346 0.000000
vt 3.166633 0.063673 0.000000
vt 3.284789 0.063673 0.000000
vt 3.284789 0.052999 0.000000
vt 3.420669 0.052999 0.000000
vt 3.420669 0.042326 0.000000
vt 3.550938 0.042326 0.000000
vt 3.550938 0.031744 0.000000
vt 3.681208 0.031744 0.000000
vt 3.681208 0.021163 0.000000
vt 2.812168 0.074346 0.000000
vt 2.627831 0.085019 0.000000
vt 2.627831 0.072020 0.000000
vt 2.812168 0.063673 0.000000
vt 2.627831 0.059893 0.000000
vt 2.812168 0.052999 0.000000
vt 2.627831 0.048252 0.000000
vt 2.812168 0.042326 0.000000
vt 2.627831 0.036768 0.000000
vt 2.812168 0.031744 0.000000
vt 2.627831 0.025127 0.000000
vt 2.812168 0.021163 0.000000
vt 2.627831 0.013000 0.000000
vt 2.812168 0.010581 0.000000
vt 2.627831 0.000000 0.000000
vt 2.846806 0.000046 0.000000
vt 2.930323 0.010581 0.000000
vt 3.065810 0.000049 0.000000
vt 3.048478 0.010581 0.000000
vt 3.166633 0.010581 0.000000
vt 3.048478 0.021163 0.000000
vt 3.166633 0.021163 0.000000
vt 3.048478 0.031744 0.000000
vt 3.166633 0.031744 0.000000
vt 3.048478 0.042326 0.000000
vt 3.166633 0.042326 0.000000
vt 3.048478 0.052999 0.000000
vt 3.166633 0.052999 0.000000
vt 3.048478 0.063673 0.000000
vt 3.284789 0.000000 0.000000
vt 3.284789 0.010581 0.000000
vt 3.284789 0.021163 0.000000
vt 3.284789 0.031744 0.000000
vt 3.284789 0.042326 0.000000
vt 3.420669 0.010581 0.000000
vt 3.503767 0.000049 0.000000
vt 3.550938 0.010581 0.000000
vt 3.681208 0.010581 0.000000
vt 3.550938 0.021163 0.000000
vt 3.420669 0.021163 0.000000
vt 3.420669 0.031744 0.000000
vt 2.930323 0.021163 0.000000
vt 2.930323 0.031744 0.000000
vt 2.930323 0.042326 0.000000
vt 2.930323 0.052999 0.000000
vt 2.930323 0.063673 0.000000
vn 0.000000 0.000000 1.000000
vn 0.000000 0.000000 1.000000
vn 0.000000 0.000000 1.000000
vn 0.000000 0.000000 1.000000
vn 0.000000 0.000000 1.000000
vn 0.000000 0.000000 1.000000
vn 0.000000 0.000000 1.000000
vn 0.000000 0.000000 1.000000
vn 0.000000 0.000000 1.000000
vn 0.000000 0.000000 1.000000
vn -0.784359 -0.620307 -0.000000
vn -0.916515 -0.400000 -0.000000
vn -0.784359 -0.620307 -0.000000
vn -0.916515 -0.400000 -0.000000
vn -0.784359 -0.620307 -0.000000
vn -0.600434 -0.799674 -0.000000
vn -0.600434 -0.799674 -0.000000
vn -0.376881 -0.926262 -0.000000
vn -0.376881 -0.926262 -0.000000
vn -0.128453 -0.991716 -0.000000
vn -0.128453 -0.991716 -0.000000
vn 0.128453 -0.991716 0.000000
vn 0.128453 -0.991716 0.000000
vn 0.376881 -0.926262 0.000000
vn 0.376881 -0.926262 0.000000
vn 0.600434 -0.799674 0.000000
vn 0.600434 -0.799674 0.000000
vn 0.784359 -0.620307 0.000000
vn 0.784359 -0.620307 0.000000
vn 0.916515 -0.400000 0.000000
vn 0.916515 -0.400000 0.000000
vn 0.784359 -0.620307 0.000000
vn 0.600434 -0.799674 0.000000
vn 0.376881 -0.926262 0.000000
vn 0.128453 -0.991716 0.000000
vn -0.128453 -0.991716 -0.000000
vn -0.376881 -0.926262 -0.000000
vn -0.600434 -0.799674 -0.000000
vn -0.000000 -1.000000 0.000000
vn -0.000000 -1.000000 0.000000
vn -0.000000 -1.000000 0.000000
vn -0.000000 -1.000000 0.000000
vn -0.000000 -1.000000 0.000000
vn -0.000000 -1.000000 0.000000
vn -0.000000 -1.000000 0.000000
vn -0.000000 -1.000000 0.000000
vn -0.000000 -1.000000 0.000000
vn -0.000000 -1.000000 0.000000
vn -0.000000 -1.000000 0.000000
vn -0.000000 -1.000000 0.000000
vn -0.000000 -1.000000 0.000000
vn -0.000000 -1.000000 0.000000
vn -0.000000 -1.000000 0.000000
vn -0.000000 -1.000000 0.000000
vn -0.000000 -1.000000 0.000000
vn -0.000000 -1.000000 0.000000
vn -0.000000 -1.000000 0.000000
vn -0.000000 -1.000000 0.000000
vn -0.000000 -1.000000 0.000000
vn -0.000000 -1.000000 0.000000
vn -0.000000 -1.000000 0.000000
vn -0.000000 -1.000000 0.000000
vn -0.000000 1.000000 -0.000000
vn -0.000000 1.000000 -0.000000
vn -0.000000 1.000000 -0.000000
vn -0.000000 1.000000 -0.000000
vn -0.000000 1.000000 -0.000000
vn -0.000000 1.000000 -0.000000
vn -0.000000 1.000000 -0.000000
vn -0.000000 1.000000 -0.000000
vn -0.000000 1.000000 -0.000000
vn -0.000000 1.000000 -0.000000
vn -0.000000 1.000000 -0.000000
vn -0.000000 1.000000 -0.000000
vn -0.000000 1.000000 -0.000000
vn -0.000000 1.000000 -0.000000
vn -0.000000 1.000000 -0.000000
vn -0.000000 1.000000 -0.000000
vn -0.000000 1.000000 -0.000000
vn -0.000000 1.000000 -0.000000
vn -0.000000 1.000000 -0.000000
vn -0.000000 1.000000 -0.000000
vn -0.000000 1.000000 -0.000000
vn -0.000000 1.000000 -0.000000
vn -0.000000 1.000000 -0.000000
vn -0.000000 1.000000 -0.000000
vn -0.000000 1.000000 -0.000000
vn -0.000000 1.000000 -0.000000
vn -0.000000 1.000000 -0.000000
vn -0.000000 1.000000 -0.000000
vn -0.000000 1.000000 -0.000000
vn -0.000000 1.000000 -0.000000
vn -0.000000 1.000000 -0.000000
vn -0.000000 1.000000 -0.000000
vn -0.000000 1.000000 -0.000000
vn -0.000000 1.000000 -0.000000
vn -0.000000 1.000000 -0.000000
vn -0.000000 1.000000 -0.000000
vn -0.000000 1.000000 -0.000000
vn -0.000000 1.000000 -0.000000
vn -0.000000 1.000000 -0.000000
vn -0.000000 1.000000 -0.000000
vn -0.000000 1.000000 -0.000000
vn -0.000000 1.000000 -0.000000
vn -0.000000 1.000000 -0.000000
vn -0.000000 1.000000 -0.000000
vn -0.000000 1.000000 -0.000000
vn -0.000000 1.000000 -0.000000
vn -0.000000 1.000000 -0.000000
vn -0.000000 1.000000 -0.000000
vn -0.000000 1.000000 -0.000000
vn -0.000000 1.000000 -0.000000
vn -0.000000 1.000000 -0.000000
vn -0.000000 1.000000 -0.000000
vn -0.000000 1.000000 -0.000000
vn -0.000000 1.000000 -0.000000
vn -0.000000 1.000000 -0.000000
vn -0.000000 1.000000 -0.000000
vn -0.000000 1.000000 -0.000000
vn -0.000000 1.000000 -0.000000
vn -0.000000 1.000000 -0.000000
vn -0.000000 1.000000 -0.000000
vn -0.000000 1.000000 -0.000000
vn -0.000000 1.000000 -0.000000
vn -0.000000 1.000000 -0.000000
vn -0.000000 1.000000 -0.000000
vn -0.000000 1.000000 -0.000000
vn -0.000000 1.000000 -0.000000
vn -0.000000 1.000000 -0.000000
vn -0.000000 1.000000 -0.000000
vn -0.000000 1.000000 -0.000000
vn -0.000000 1.000000 -0.000000
vn -0.000000 1.000000 -0.000000
vn -0.000000 1.000000 -0.000000
vn -0.000000 1.000000 -0.000000
vn -0.000000 1.000000 -0.000000
vn -0.000000 1.000000 -0.000000
vn -0.000000 1.000000 -0.000000
vn -0.000000 1.000000 -0.000000
vn -0.000000 1.000000 -0.000000
vn -0.000000 1.000000 -0.000000
vn -0.000000 1.000000 -0.000000
vn -0.000000 1.000000 -0.000000
vn -0.000000 1.000000 -0.000000
vn -0.000000 1.000000 -0.000000
vn -0.000000 1.000000 -0.000000
vn -0.000000 1.000000 -0.000000
vn -0.000000 1.000000 -0.000000
vn -0.000000 1.000000 -0.000000
vn -0.000000 1.000000 -0.000000
vn -0.000000 1.000000 -0.000000
vn -0.000000 1.000000 -0.000000
vn -0.000000 1.000000 -0.000000
vn -0.000000 1.000000 -0.000000
vn -0.000000 1.000000 -0.000000
vn -0.000000 1.000000 -0.000000
vn -0.000000 1.000000 -0.000000
vn -0.000000 1.000000 -0.000000
vn -0.000000 1.000000 -0.000000
vn -0.000000 1.000000 -0.000000
vn -0.000000 1.000000 -0.000000
vn -0.000000 1.000000 -0.000000
vn -0.000000 1.000000 -0.000000
vn -0.000000 1.000000 -0.000000
vn -0.000000 1.000000 -0.000000
vn -0.000000 1.000000 -0.000000
vn -0.000000 1.000000 -0.000000
vn -0.000000 1.000000 -0.000000
vn -0.000000 1.000000 -0.000000
vn -0.000000 1.000000 -0.000000
vn -0.000000 1.000000 -0.000000
vn -0.000000 1.000000 -0.000000
vn -0.000000 1.000000 -0.000000
vn -0.000000 1.000000 -0.000000
vn -0.000000 1.000000 -0.000000
vn -0.000000 1.000000 -0.000000
vn -0.000000 1.000000 -0.000000
vn -0.000000 1.000000 -0.000000
vn -0.000000 1.000000 -0.000000
vn -0.000000 1.000000 -0.000000
vn -0.000000 1.000000 -0.000000
vn -0.000000 1.000000 -0.000000
vn -0.000000 1.000000 -0.000000
vn -0.000000 1.000000 -0.000000
vn -0.000000 1.000000 -0.000000
vn -0.000000 1.000000 -0.000000
vn -0.000000 1.000000 -0.000000
vn -0.000000 1.000000 -0.000000
vn -0.000000 1.000000 -0.000000
vn -0.000000 1.000000 -0.000000
vn -0.000000 1.000000 -0.000000
vn -0.000000 1.000000 -0.000000
vn -0.000000 1.000000 -0.000000
vn -0.000000 1.000000 -0.000000
vn -0.000000 1.000000 -0.000000
vn -0.000000 1.000000 -0.000000
vn -0.000000 1.000000 -0.000000
vn -0.000000 1.000000 -0.000000
vn -0.000000 1.000000 -0.000000
vn -0.000000 1.000000 -0.000000
vn -0.000000 1.000000 -0.000000
vn -0.000000 1.000000 -0.000000
vn -0.000000 1.000000 -0.000000
vn -0.000000 1.000000 -0.000000
vn -0.000000 1.000000 -0.000000
vn -0.000000 1.000000 -0.000000
vn -0.000000 1.000000 -0.000000
vn -0.000000 1.000000 -0.000000
vn -0.000000 1.000000 -0.000000
vn -0.000000 1.000000 -0.000000
vn -0.000000 1.000000 -0.000000
vn -0.000000 1.000000 -0.000000
vn -0.000000 1.000000 -0.000000
vn -0.000000 1.000000 -0.000000
vn -0.000000 1.000000 -0.000000
vn -0.000000 1.000000 -0.000000
vn -0.000000 1.000000 -0.000000
vn -0.000000 1.000000 -0.000000
vn -0.000000 1.000000 -0.000000
vn -0.000000 1.000000 -0.000000
vn -0.000000 1.000000 -0.000000
vn -0.000000 1.000000 -0.000000
vn -0.000000 1.000000 -0.000000
vn -0.000000 1.000000 -0.000000
vn -0.000000 1.000000 -0.000000
vn -0.000000 1.000000 -0.000000
vn -0.000000 1.000000 -0.000000
vn -0.000000 1.000000 -0.000000
vn -0.000000 1.000000 -0.000000
vn -0.000000 1.000000 -0.000000
vn -0.000000 1.000000 -0.000000
vn -0.000000 1.000000 -0.000000
vn -0.000000 1.000000 -0.000000
vn -0.000000 1.000000 -0.000000
vn -0.000000 1.000000 -0.000000
vn -0.000000 1.000000 -0.000000
vn -0.000000 1.000000 -0.000000
vn -0.000000 1.000000 -0.000000
vn -0.000000 1.000000 -0.000000
vn -0.000000 1.000000 -0.000000
vn -0.000000 1.000000 -0.000000
vn -0.000000 1.000000 -0.000000
vn -0.000000 1.000000 -0.000000
vn -0.000000 1.000000 -0.000000
vn -0.000000 1.000000 -0.000000
vn -0.000000 1.000000 -0.000000
vn -0.000000 1.000000 -0.000000
vn -0.000000 1.000000 -0.000000
vn -0.000000 1.000000 -0.000000
vn -0.000000 1.000000 -0.000000
vn -0.000000 1.000000 -0.000000
vn -0.000000 1.000000 -0.000000
vn -0.000000 1.000000 -0.000000
vn -0.000000 1.000000 -0.000000
vn -0.000000 1.000000 -0.000000
vn -0.000000 1.000000 -0.000000
vn -0.000000 1.000000 -0.000000
vn -0.000000 1.000000 -0.000000
vn -0.000000 1.000000 -0.000000
vn -0.000000 1.000000 -0.000000
vn -0.000000 1.000000 -0.000000
vn -0.000000 1.000000 -0.000000
vn -0.000000 1.000000 -0.000000
vn -0.000000 1.000000 -0.000000
vn -0.000000 1.000000 -0.000000
vn -0.000000 1.000000 -0.000000
vn -0.000000 1.000000 -0.000000
vn -0.000000 1.000000 -0.000000
vn -0.000000 1.000000 -0.000000
vn -0.000000 1.000000 -0.000000
vn -0.000000 1.000000 -0.000000
vn -0.000000 1.000000 -0.000000
vn -0.000000 1.000000 -0.000000
vn -0.000000 1.000000 -0.000000
vn -0.000000 1.000000 -0.000000
vn -0.000000 1.000000 -0.000000
vn -0.000000 1.000000 -0.000000
vn -0.000000 1.000000 -0.000000
vn -0.000000 1.000000 -0.000000
vn -0.000000 1.000000 -0.000000
vn -0.000000 1.000000 -0.000000
vn -0.000000 1.000000 -0.000000
vn -0.000000 1.000000 -0.000000
vn -0.000000 1.000000 -0.000000
vn -0.000000 1.000000 -0.000000
vn -0.000000 1.000000 -0.000000
vn -0.000000 1.000000 -0.000000
vn -0.000000 1.000000 -0.000000
vn -0.000000 1.000000 -0.000000
vn -0.000000 1.000000 -0.000000
vn -0.000000 1.000000 -0.000000
vn -0.000000 1.000000 -0.000000
vn -0.000000 1.000000 -0.000000
vn -0.000000 1.000000 -0.000000
vn -0.000000 1.000000 -0.000000
vn -0.000000 1.000000 -0.000000
vn -0.000000 1.000000 -0.000000
vn -0.000000 1.000000 -0.000000
vn -0.000000 1.000000 -0.000000
vn -0.000000 1.000000 -0.000000
vn -0.000000 1.000000 -0.000000
vn -0.000000 1.000000 -0.000000
vn -0.000000 1.000000 -0.000000
vn -0.000000 1.000000 -0.000000
vn -0.000000 1.000000 -0.000000
vn -0.000000 1.000000 -0.000000
vn -0.000000 1.000000 -0.000000
vn -0.000000 1.000000 -0.000000
vn -0.000000 1.000000 -0.000000
vn -0.000000 1.000000 -0.000000
vn -0.000000 1.000000 -0.000000
vn -0.000000 1.000000 -0.000000
vn -0.000000 1.000000 -0.000000
vn -0.000000 1.000000 -0.000000
vn -0.000000 1.000000 -0.000000
vn -0.000000 1.000000 -0.000000
vn -0.000000 1.000000 -0.000000
vn -0.000000 1.000000 -0.000000
vn -0.000000 1.000000 -0.000000
vn -0.000000 1.000000 -0.000000
vn -0.000000 1.000000 -0.000000
vn -0.000000 1.000000 -0.000000
vn -0.000000 1.000000 -0.000000
vn -0.000000 1.000000 -0.000000
vn -0.000000 1.000000 -0.000000
vn -0.000000 1.000000 -0.000000
vn -0.000000 1.000000 -0.000000
vn -0.000000 1.000000 -0.000000
vn -0.000000 1.000000 -0.000000
vn -0.000000 1.000000 -0.000000
vn -0.000000 1.000000 -0.000000
vn -0.000000 1.000000 -0.000000
vn -0.000000 1.000000 -0.000000
vn -0.000000 1.000000 -0.000000
vn -0.000000 1.000000 -0.000000
vn -0.000000 1.000000 -0.000000
vn -0.000000 1.000000 -0.000000
vn -0.000000 1.000000 -0.000000
vn -0.000000 1.000000 -0.000000
vn -0.000000 1.000000 -0.000000
vn -0.000000 1.000000 -0.000000
vn -0.000000 1.000000 -0.000000
vn -0.000000 1.000000 -0.000000
vn -0.000000 1.000000 -0.000000
vn -0.000000 1.000000 -0.000000
vn -0.000000 1.000000 -0.000000
vn -0.000000 1.000000 -0.000000
vn -0.000000 1.000000 -0.000000
vn -0.000000 1.000000 -0.000000
vn -0.000000 1.000000 -0.000000
vn -0.000000 1.000000 -0.000000
vn -0.000000 1.000000 -0.000000
vn -0.000000 1.000000 -0.000000
vn -0.000000 1.000000 -0.000000
vn -0.000000 1.000000 -0.000000
vn -0.000000 1.000000 -0.000000
vn -0.000000 1.000000 -0.000000
vn -0.000000 1.000000 -0.000000
vn -0.000000 1.000000 -0.000000
vn -0.000000 1.000000 -0.000000
vn -0.000000 1.000000 -0.000000
vn -0.000000 1.000000 -0.000000
vn -0.000000 1.000000 -0.000000
vn -0.000000 1.000000 -0.000000
vn -0.000000 1.000000 -0.000000
vn -0.000000 1.000000 -0.000000
vn -0.000000 1.000000 -0.000000
vn -0.000000 1.000000 -0.000000
vn -0.000000 1.000000 -0.000000
vn -0.000000 1.000000 -0.000000
vn -0.000000 1.000000 -0.000000
vn -0.000000 1.000000 -0.000000
vn -0.000000 1.000000 -0.000000
vn -0.000000 1.000000 -0.000000
vn -0.000000 1.000000 -0.000000
vn -0.000000 1.000000 -0.000000
vn -0.000000 1.000000 -0.000000
vn -0.000000 1.000000 -0.000000
vn -0.000000 1.000000 -0.000000
vn -0.000000 1.000000 -0.000000
vn -0.000000 1.000000 -0.000000
vn -0.000000 1.000000 -0.000000
vn -0.000000 1.000000 -0.000000
vn -0.000000 1.000000 -0.000000
vn -0.000000 1.000000 -0.000000
vn -0.000000 1.000000 -0.000000
vn -0.000000 1.000000 -0.000000
vn -0.000000 1.000000 -0.000000
vn -0.000000 1.000000 -0.000000
vn -0.000000 1.000000 -0.000000
vn -0.000000 1.000000 -0.000000
vn -0.000000 1.000000 -0.000000
vn -0.000000 1.000000 -0.000000
vn -0.000000 1.000000 -0.000000
vn -0.000000 1.000000 -0.000000
vn -0.000000 1.000000 -0.000000
vn -0.000000 1.000000 -0.000000
vn -0.000000 1.000000 -0.000000
vn -0.000000 1.000000 -0.000000
vn -0.000000 1.000000 -0.000000
vn -0.000000 1.000000 -0.000000
vn -0.000000 1.000000 -0.000000
vn -0.000000 1.000000 -0.000000
vn -0.000000 1.000000 -0.000000
vn -0.000000 1.000000 -0.000000
vn -0.000000 1.000000 -0.000000
vn -0.000000 1.000000 -0.000000
vn -0.000000 1.000000 -0.000000
vn -0.000000 1.000000 -0.000000
vn -0.000000 1.000000 -0.000000
vn -0.000000 1.000000 -0.000000
vn -0.000000 1.000000 -0.000000
vn -0.000000 1.000000 -0.000000
vn -0.000000 1.000000 -0.000000
vn -0.000000 1.000000 -0.000000
vn -0.000000 1.000000 -0.000000
vn -0.000000 1.000000 -0.000000
vn -0.000000 1.000000 -0.000000
vn -0.000000 1.000000 -0.000000
vn -0.000000 1.000000 -0.000000
vn -0.000000 1.000000 -0.000000
vn -0.000000 1.000000 -0.000000
vn -0.000000 1.000000 -0.000000
vn -0.000000 1.000000 -0.000000
vn -0.000000 1.000000 -0.000000
vn -0.000000 1.000000 -0.000000
vn -0.000000 1.000000 -0.000000
vn -0.000000 1.000000 -0.000000
vn -0.000000 1.000000 -0.000000
vn -0.000000 1.000000 -0.000000
vn -0.000000 1.000000 -0.000000
vn -0.000000 1.000000 -0.000000
vn -0.000000 1.000000 -0.000000
vn -0.000000 1.000000 -0.000000
vn -0.000000 1.000000 -0.000000
vn -0.000000 1.000000 -0.000000
vn -0.000000 1.000000 -0.000000
vn -0.000000 1.000000 -0.000000
vn -0.000000 1.000000 -0.000000
vn -0.000000 1.000000 -0.000000
vn -0.000000 1.000000 -0.000000
vn -0.000000 1.000000 -0.000000
vn -0.000000 1.000000 -0.000000
vn -0.000000 1.000000 -0.000000
vn -0.000000 1.000000 -0.000000
vn -0.000000 1.000000 -0.000000
vn -0.000000 1.000000 -0.000000
vn -0.000000 1.000000 -0.000000
vn -0.000000 1.000000 -0.000000
vn -0.000000 1.000000 -0.000000
vn -0.000000 1.000000 -0.000000
vn -0.000000 1.000000 -0.000000
vn -0.000000 1.000000 -0.000000
vn -0.000000 1.000000 -0.000000
vn -0.000000 1.000000 -0.000000
vn -0.000000 1.000000 -0.000000
vn -0.000000 1.000000 -0.000000
vn -0.000000 1.000000 -0.000000
vn -0.000000 1.000000 -0.000000
vn -0.000000 1.000000 -0.000000
vn -0.000000 1.000000 -0.000000
vn -0.000000 1.000000 -0.000000
vn -0.000000 1.000000 -0.000000
vn -0.000000 1.000000 -0.000000
vn -0.000000 1.000000 -0.000000
vn -0.000000 1.000000 -0.000000
vn -0.000000 1.000000 -0.000000
vn -0.000000 1.000000 -0.000000
vn -0.000000 1.000000 -0.000000
vn -0.000000 1.000000 -0.000000
vn -0.000000 1.000000 -0.000000
vn -0.000000 1.000000 -0.000000
vn 1.000000 0.000000 0.000000
vn 1.000000 0.000000 0.000000
vn 1.000000 0.000000 0.000000
vn 1.000000 0.000000 0.000000
vn -0.000000 -0.000000 1.000000
vn -0.000000 -0.000000 1.000000
vn -0.000000 -0.000000 1.000000
vn -0.000000 -0.000000 1.000000
vn -0.000000 -0.000000 1.000000
vn -0.000000 -0.000000 1.000000
vn -0.000000 -0.000000 1.000000
vn -1.000000 -0.000000 0.000000
vn -1.000000 -0.000000 0.000000
vn -1.000000 -0.000000 0.000000
vn -1.000000 -0.000000 0.000000
vn -0.231435 0.000000 0.972850
vn -0.258819 0.000000 0.965926
vn -0.450303 0.000000 0.892876
vn -0.500000 0.000000 0.866025
vn -0.644719 0.000000 0.764419
vn -0.707107 0.000000 0.707107
vn -0.804129 0.000000 0.594455
vn -0.866025 0.000000 0.500000
vn -0.888684 0.000000 0.458519
vn -0.950468 0.000000 0.310823
vn -0.965926 0.000000 0.258819
vn -0.987710 0.000000 0.156298
vn -0.969142 -0.000000 -0.246502
vn -0.965926 -0.000000 -0.258819
vn -0.882623 -0.000000 -0.470081
vn -0.866025 -0.000000 -0.500000
vn -0.745376 -0.000000 -0.666644
vn -0.707107 -0.000000 -0.707107
vn -0.565290 -0.000000 -0.824892
vn -0.500000 -0.000000 -0.866025
vn -0.352715 -0.000000 -0.935731
vn -0.258819 -0.000000 -0.965926
vn -0.119868 -0.000000 -0.992790
vn -0.000000 -0.000000 -1.000000
vn 0.119868 0.000000 -0.992790
vn 0.258819 0.000000 -0.965926
vn 0.352715 0.000000 -0.935731
vn 0.500000 0.000000 -0.866025
vn 0.565290 0.000000 -0.824892
vn 0.707107 0.000000 -0.707107
vn 0.745376 0.000000 -0.666644
vn 0.866025 0.000000 -0.500000
vn 0.882623 0.000000 -0.470081
vn 0.965926 0.000000 -0.258819
vn 0.969142 0.000000 -0.246502
vn 0.000000 1.000000 -0.000000
vn 0.000000 1.000000 -0.000000
vn 0.000000 1.000000 -0.000000
vn 0.000000 1.000000 -0.000000
vn 0.000000 1.000000 -0.000000
vn 0.000000 1.000000 -0.000000
vn 0.000000 1.000000 -0.000000
vn 0.000000 1.000000 -0.000000
vn 0.000000 1.000000 -0.000000
vn 0.000000 1.000000 -0.000000
vn 0.000000 0.000000 -1.000000
vn 0.000000 0.000000 -1.000000
vn 0.000000 0.000000 -1.000000
vn 0.000000 0.000000 -1.000000
vn 0.000000 0.000000 -1.000000
vn 0.000000 0.000000 -1.000000
vn 0.000000 0.000000 -1.000000
vn 0.000000 0.000000 -1.000000
vn -0.000000 -0.000000 1.000000
vn -0.000000 -0.000000 1.000000
vn -0.000000 -0.000000 1.000000
vn -0.000000 -0.000000 1.000000
vn -0.000000 -0.000000 1.000000
vn -0.000000 -0.000000 1.000000
vn -0.000000 -0.000000 1.000000
vn -0.000000 -0.000000 1.000000
vn -0.000000 -0.000000 1.000000
vn -0.000000 -0.000000 1.000000
vn -0.000000 -0.000000 1.000000
vn -0.000000 -0.000000 1.000000
vn -0.000000 -0.000000 1.000000
vn -0.000000 -0.000000 1.000000
vn -0.000000 -0.000000 1.000000
vn -0.000000 -0.000000 1.000000
vn -0.000000 -0.000000 1.000000
vn -0.000000 -0.000000 1.000000
vn -0.000000 -0.000000 1.000000
vn -0.000000 -0.000000 1.000000
vn -0.000000 -0.000000 1.000000
vn -0.000000 -0.000000 1.000000
vn -0.000000 -0.000000 1.000000
vn -0.000000 -0.000000 1.000000
vn 0.000000 1.000000 -0.000000
vn 0.000000 1.000000 -0.000000
vn 0.000000 1.000000 -0.000000
vn 0.000000 1.000000 -0.000000
vn 0.000000 1.000000 -0.000000
vn 0.000000 1.000000 -0.000000
vn 0.000000 1.000000 -0.000000
vn 0.000000 1.000000 -0.000000
vn 0.000000 1.000000 -0.000000
vn 0.000000 1.000000 -0.000000
vn 0.000000 1.000000 -0.000000
vn 0.000000 1.000000 -0.000000
vn 0.000000 1.000000 -0.000000
vn 0.000000 1.000000 -0.000000
vn -0.000000 0.957826 -0.287348
vn -0.000000 0.957826 -0.287348
vn -0.000000 0.957826 -0.287348
vn -0.000000 0.957826 -0.287348
vn -0.000000 0.957826 -0.287348
vn -0.000000 0.957826 -0.287348
vn -0.000000 0.957826 -0.287348
vn -0.000000 0.957826 -0.287348
vn -0.000000 0.957826 -0.287348
vn -0.000000 0.957826 -0.287348
vn -0.000000 0.957826 -0.287348
vn -0.000000 0.957826 -0.287348
vn -0.000000 0.957826 -0.287348
vn -0.000000 0.957826 -0.287348
vn -0.000000 0.957826 -0.287348
vn -0.000000 0.957826 -0.287348
vn -0.000000 0.957826 -0.287348
vn -0.000000 0.957826 -0.287348
vn -0.000000 0.957826 -0.287348
vn -0.000000 0.957826 -0.287348
vn -0.000000 0.957826 -0.287348
vn -0.000000 0.957826 -0.287348
vn -0.000000 0.957826 -0.287348
vn -0.000000 0.957826 -0.287348
vn 0.980261 0.197710 -0.000000
vn 0.955769 0.294118 -0.000000
vn 0.965926 0.258819 -0.000000
vn 0.897131 0.441765 -0.000000
vn 0.866025 0.500000 -0.000000
vn 0.815850 0.578263 -0.000000
vn 0.707107 0.707107 -0.000000
vn 0.713979 0.700167 -0.000000
vn 0.594089 0.804400 -0.000000
vn 0.500000 0.866025 -0.000000
vn 0.459204 0.888331 -0.000000
vn 0.312730 0.949842 -0.000000
vn 0.258819 0.965926 -0.000000
vn 0.236293 0.971682 -0.000000
vn 0.158363 0.987381 -0.000000
vn 0.079433 0.996840 -0.000000
vn 0.039748 0.999210 -0.000000
vn 0.995053 0.099347 -0.000000
vn 1.000000 0.000000 -0.000000
vn 1.000000 0.000000 -0.000000
vn 0.033384 0.999441 -0.001750
vn 0.258464 0.965926 -0.013546
vn 0.258464 0.965926 -0.013546
vn 0.499315 0.866025 -0.026168
vn 0.499315 0.866025 -0.026168
vn 0.706138 0.707107 -0.037007
vn 0.706138 0.707107 -0.037007
vn 0.864839 0.500000 -0.045324
vn 0.864839 0.500000 -0.045324
vn 0.964602 0.258819 -0.050553
vn 0.964602 0.258819 -0.050553
vn 0.998630 0.000000 -0.052336
vn 0.998630 0.000000 -0.052336
vn 0.964602 0.258819 -0.050553
vn 0.864839 0.500000 -0.045324
vn 0.706138 0.707107 -0.037007
vn 0.499315 0.866025 -0.026168
vn 0.258464 0.965926 -0.013546
vn 0.125615 0.992057 -0.006583
vn 0.099925 0.994981 -0.005237
vn 0.122338 0.992468 -0.006411
vn 0.058943 0.998257 -0.003089
vn -0.964602 0.258819 -0.050553
vn -0.998630 0.000000 -0.052336
vn -0.964602 0.258819 -0.050553
vn -0.998630 0.000000 -0.052336
vn -0.964602 0.258819 -0.050553
vn -0.864839 0.500000 -0.045324
vn -0.864839 0.500000 -0.045324
vn -0.864839 0.500000 -0.045324
vn -0.706138 0.707107 -0.037007
vn -0.706138 0.707107 -0.037007
vn -0.499315 0.866025 -0.026168
vn -0.499315 0.866025 -0.026168
vn -0.258464 0.965926 -0.013546
vn -0.258464 0.965926 -0.013546
vn -0.165582 0.986158 -0.008678
vn -0.110672 0.993840 -0.005800
vn -0.706138 0.707107 -0.037007
vn -0.499315 0.866025 -0.026168
vn -0.258464 0.965926 -0.013546
vn -0.033384 0.999441 -0.001750
vn -0.055422 0.998459 -0.002905
vn -1.000000 0.000000 -0.000000
vn -1.000000 0.000000 -0.000000
vn -0.995053 0.099347 -0.000000
vn -0.965926 0.258819 -0.000000
vn -0.980261 0.197710 -0.000000
vn -0.955769 0.294118 -0.000000
vn -0.897131 0.441765 -0.000000
vn -0.866025 0.500000 -0.000000
vn -0.815850 0.578263 -0.000000
vn -0.707107 0.707107 -0.000000
vn -0.713979 0.700167 -0.000000
vn -0.594089 0.804400 -0.000000
vn -0.500000 0.866025 -0.000000
vn -0.459204 0.888331 -0.000000
vn -0.312730 0.949842 -0.000000
vn -0.258819 0.965926 -0.000000
vn -0.236293 0.971682 -0.000000
vn -0.158363 0.987381 -0.000000
vn -0.079433 0.996840 -0.000000
vn -0.039748 0.999210 -0.000000
vn 0.000764 0.000205 1.000000
vn 0.183866 0.028948 0.982525
vn 0.229807 -0.000000 0.973236
vn 0.372319 0.058615 0.926252
vn 0.447313 -0.000000 0.894377
vn 0.553367 0.087116 0.828369
vn 0.640876 -0.000000 0.767645
vn 0.713821 0.112375 0.691253
vn 0.800134 -0.000000 0.599822
vn 0.843016 0.132715 0.521259
vn 0.916562 -0.000000 0.399892
vn 0.931877 0.146709 0.331785
vn 0.983930 -0.000000 0.178557
vn 0.978567 0.154065 0.136641
vn 0.964697 0.258447 -0.050642
vn 0.864640 0.500337 -0.045386
vn 0.883478 0.446696 0.141173
vn 0.942771 0.303370 0.138382
vn 0.803443 0.577493 0.144851
vn 0.706138 0.707107 -0.037007
vn 0.698635 0.699602 0.149888
vn 0.592488 0.790565 0.154806
vn 0.663826 0.664752 0.342696
vn 0.562515 0.750563 0.346744
vn 0.599481 0.600321 0.529375
vn 0.507668 0.677375 0.532388
vn 0.507004 0.507716 0.696542
vn 0.429163 0.572625 0.698513
vn 0.392794 0.393345 0.831260
vn 0.332404 0.443523 0.832343
vn 0.264251 0.264620 0.927442
vn 0.223608 0.298359 0.927891
vn 0.130537 0.130718 0.982788
vn 0.110468 0.147399 0.982889
vn -0.000000 -0.000000 1.000000
vn 0.000413 0.000715 1.000000
vn 0.088463 0.160875 0.983002
vn 0.064600 0.171175 0.983121
vn 0.130728 0.346404 0.928932
vn 0.080468 0.359955 0.929493
vn 0.119640 0.535183 0.836221
vn 0.000000 0.500000 0.866025
vn 0.000000 0.707107 0.707107
vn 0.154596 0.691549 0.705592
vn 0.183165 0.819346 0.543252
vn 0.251064 0.665281 0.703113
vn 0.297298 0.787791 0.539444
vn 0.343757 0.625154 0.700723
vn 0.406847 0.739887 0.535763
vn 0.499652 0.865828 -0.026256
vn 0.475613 0.864926 0.160298
vn 0.451134 0.820420 0.351269
vn 0.348164 0.922553 0.166366
vn 0.258094 0.966026 -0.013492
vn 0.214887 0.961259 0.172642
vn 0.000000 0.965926 0.258819
vn 0.203421 0.909958 0.361381
vn 0.000000 0.866025 0.500000
vn 0.000000 0.258819 0.965926
vn 0.039768 0.177894 0.983246
vn 0.000204 0.000763 1.000000
vn 0.000000 0.000000 1.000000
vn 0.150425 0.108121 0.982691
vn 0.000715 0.000414 1.000000
vn 0.165691 0.083775 0.982613
vn 0.177016 0.056961 0.982558
vn 0.358429 0.115341 0.926404
vn 0.532726 0.171433 0.828743
vn 0.687245 0.221160 0.691942
vn 0.811752 0.261225 0.522321
vn 0.897524 0.288820 0.333217
vn 0.335477 0.169617 0.926653
vn 0.498625 0.252102 0.829348
vn 0.643336 0.325265 0.693052
vn 0.760076 0.384290 0.524028
vn 0.840690 0.425053 0.335515
vn 0.304552 0.218905 0.927000
vn 0.452690 0.325384 0.830179
vn 0.584189 0.419904 0.694553
vn 0.690442 0.496276 0.526308
vn 0.764053 0.549183 0.338557
vn 0.179047 0.325610 0.928397
vn 0.266180 0.484071 0.833561
vn 0.194354 0.515005 0.834863
vn 0.329916 0.874213 0.356241
vn 0.000000 0.258819 0.965926
vn 0.000000 0.258819 0.965926
vn 0.000000 0.258819 0.965926
vn 0.000000 0.258819 0.965926
vn 0.000000 0.500000 0.866025
vn 0.000000 0.500000 0.866025
vn 0.000000 0.707107 0.707107
vn 0.000000 0.707107 0.707107
vn 0.000000 0.866025 0.500000
vn 0.000000 0.866025 0.500000
vn 0.000000 0.965926 0.258819
vn 0.000000 0.965926 0.258819
vn 0.000000 0.965926 0.258819
vn 0.000000 0.965926 0.258819
vn 0.000000 0.866025 0.500000
vn 0.000000 0.866025 0.500000
vn 0.000000 0.707107 0.707107
vn 0.000000 0.707107 0.707107
vn 0.000000 0.500000 0.866025
vn 0.000000 0.500000 0.866025
vn 0.000000 0.707107 0.707107
vn 0.000000 0.866025 0.500000
vn 0.000000 0.965926 0.258819
vn 0.000000 0.866025 0.500000
vn 0.000000 0.965926 0.258819
vn 0.000000 0.965926 0.258819
vn 0.000000 0.707107 0.707107
vn 0.000000 0.500000 0.866025
vn 0.000000 0.258819 0.965926
vn 0.000000 0.500000 0.866025
vn 0.000000 0.258819 0.965926
vn 0.000000 0.258819 0.965926
vn 0.000000 0.500000 0.866025
vn 0.000000 0.707107 0.707107
vn 0.000000 0.866025 0.500000
vn -0.000204 0.000763 1.000000
vn -0.028232 0.179755 0.983306
vn -0.000000 0.258819 0.965926
vn -0.057123 0.363703 0.929762
vn -0.000000 0.500000 0.866025
vn -0.084935 0.540778 0.836866
vn -0.000000 0.707107 0.707107
vn -0.109767 0.698882 0.706764
vn -0.130087 0.828255 0.545042
vn -0.257076 0.800917 0.540782
vn -0.285359 0.889028 0.358050
vn -0.421430 0.835550 0.352494
vn -0.444409 0.881093 0.161789
vn -0.575634 0.802769 0.155587
vn -0.499652 0.865828 -0.026256
vn -0.706138 0.707107 -0.037007
vn -0.000000 0.866025 0.500000
vn -0.144527 0.920202 0.363786
vn -0.301248 0.938526 0.168578
vn -0.258094 0.966026 -0.013492
vn -0.000000 0.965926 0.258819
vn -0.152747 0.972545 0.175570
vn -0.864640 0.500337 -0.045386
vn -0.790919 0.594383 0.145448
vn -0.698635 0.699602 0.149888
vn -0.546443 0.762051 0.347388
vn -0.379985 0.753388 0.536672
vn -0.217056 0.676238 0.703981
vn -0.964697 0.258447 -0.050642
vn -0.926157 0.350506 0.139206
vn -0.866835 0.477971 0.141920
vn -0.752067 0.565191 0.339050
vn -0.663826 0.664752 0.342696
vn -0.599481 0.600321 0.529375
vn -0.493111 0.687671 0.532870
vn -0.416826 0.581287 0.698829
vn -0.321018 0.636478 0.701316
vn -0.248555 0.492805 0.833884
vn -0.168011 0.523436 0.835337
vn -0.113007 0.352070 0.929127
vn -0.966556 0.216672 0.137196
vn -0.998630 0.000000 -0.052336
vn -0.983930 0.000000 0.178557
vn -0.920352 0.206316 0.332244
vn -0.916562 0.000000 0.399892
vn -0.832526 0.186630 0.521604
vn -0.800134 0.000000 0.599822
vn -0.704901 0.158020 0.691480
vn -0.640876 0.000000 0.767645
vn -0.546435 0.122496 0.828495
vn -0.447313 0.000000 0.894377
vn -0.367651 0.082417 0.926304
vn -0.229807 0.000000 0.973236
vn -0.181563 0.040701 0.982537
vn -0.000764 0.000205 1.000000
vn -0.173844 0.065792 0.982573
vn -0.000715 0.000414 1.000000
vn -0.162511 0.089608 0.982629
vn -0.148043 0.111256 0.982703
vn -0.329038 0.181427 0.926725
vn -0.299725 0.225248 0.927054
vn -0.489063 0.269659 0.829519
vn -0.445516 0.334815 0.830310
vn -0.631027 0.347934 0.693359
vn -0.574948 0.432087 0.694792
vn -0.745588 0.411102 0.524493
vn -0.679557 0.510702 0.526674
vn -0.824749 0.454756 0.336134
vn -0.130537 0.130718 0.982788
vn -0.264251 0.264620 0.927442
vn -0.392794 0.393345 0.831260
vn -0.507004 0.507716 0.696542
vn -0.107288 0.149622 0.982905
vn -0.000413 0.000715 1.000000
vn -0.082609 0.163781 0.983032
vn -0.055845 0.173983 0.983164
vn -0.167190 0.331480 0.928530
vn -0.217168 0.302855 0.927964
vn -0.322836 0.450213 0.832518
vn -0.351996 0.133217 0.926473
vn -0.523162 0.197999 0.828914
vn -0.674927 0.255438 0.692261
vn -0.797256 0.301734 0.522819
vn -0.881587 0.333646 0.333893
usemtl Opaque(128,128,128)
f 1395/2569/2236 1396/2570/2237 1404/2571/2238
f 1404/2571/2238 1396/2570/2237 1397/2572/2239
f 1404/2571/2238 1397/2572/2239 1403/2573/2240
f 1403/2573/2240 1397/2572/2239 1398/2574/2241
f 1403/2573/2240 1398/2574/2241 1402/2575/2242
f 1402/2575/2242 1398/2574/2241 1399/2576/2243
f 1402/2575/2242 1399/2576/2243 1401/2577/2244
f 1401/2577/2244 1399/2576/2243 1400/2578/2245
f 1397/2579/2246 1396/2580/2247 1415/2581/2248
f 1415/2581/2248 1396/2580/2247 1405/2582/2249
f 1415/2581/2248 1405/2582/2249 1406/2583/2250
f 1415/2581/2248 1406/2583/2250 1416/2584/2251
f 1416/2584/2251 1406/2583/2250 1407/2585/2252
f 1416/2584/2251 1407/2585/2252 1417/2586/2253
f 1417/2586/2253 1407/2585/2252 1408/2587/2254
f 1417/2586/2253 1408/2587/2254 1418/2588/2255
f 1418/2588/2255 1408/2587/2254 1409/2589/2256
f 1418/2588/2255 1409/2589/2256 1419/2590/2257
f 1419/2590/2257 1409/2589/2256 1410/2591/2258
f 1419/2590/2257 1410/2591/2258 1420/2592/2259
f 1420/2592/2259 1410/2591/2258 1411/2593/2260
f 1420/2592/2259 1411/2593/2260 1421/2594/2261
f 1421/2594/2261 1411/2593/2260 1412/2595/2262
f 1421/2594/2261 1412/2595/2262 1422/2596/2263
f 1422/2596/2263 1412/2595/2262 1413/2597/2264
f 1422/2596/2263 1413/2597/2264 1414/2598/2265
f 1414/2598/2265 1395/2599/2266 1422/2596/2263
f 1422/2596/2263 1395/2599/2266 1404/2600/2267
f 1422/2596/2263 1404/2600/2267 1421/2594/2261
f 1421/2594/2261 1404/2600/2267 1403/2601/2268
f 1421/2594/2261 1403/2601/2268 1420/2592/2259
f 1420/2592/2259 1403/2601/2268 1402/2602/2269
f 1420/2592/2259 1402/2602/2269 1419/2590/2257
f 1419/2590/2257 1402/2602/2269 1401/2603/2270
f 1419/2590/2257 1401/2603/2270 1418/2588/2255
f 1418/2588/2255 1401/2603/2270 1400/2604/2271
f 1418/2588/2255 1400/2604/2271 1417/2586/2253
f 1417/2586/2253 1400/2604/2271 1399/2605/2272
f 1417/2586/2253 1399/2605/2272 1416/2584/2251
f 1416/2584/2251 1399/2605/2272 1398/2606/2273
f 1416/2584/2251 1398/2606/2273 1415/2581/2248
f 1415/2581/2248 1398/2606/2273 1397/2579/2246
f 1442/2607/2274 1405/2608/2275 1434/2609/2276
f 1434/2609/2276 1405/2608/2275 1396/2610/2277
f 1434/2609/2276 1396/2610/2277 1433/2611/2278
f 1433/2611/2278 1396/2610/2277 1432/2612/2279
f 1432/2612/2279 1396/2610/2277 1395/2613/2280
f 1432/2612/2279 1395/2613/2280 1431/2614/2281
f 1431/2614/2281 1395/2613/2280 1414/2615/2282
f 1431/2614/2281 1414/2615/2282 1423/2616/2283
f 1431/2614/2281 1423/2616/2283 1430/2617/2284
f 1430/2617/2284 1423/2616/2283 1424/2618/2285
f 1430/2617/2284 1424/2618/2285 1425/2619/2286
f 1425/2619/2286 1426/2620/2287 1430/2617/2284
f 1430/2617/2284 1426/2620/2287 1427/2621/2288
f 1430/2617/2284 1427/2621/2288 1428/2622/2289
f 1428/2622/2289 1429/2623/2290 1430/2617/2284
f 1434/2609/2276 1435/2624/2291 1442/2607/2274
f 1442/2607/2274 1435/2624/2291 1441/2625/2292
f 1441/2625/2292 1435/2624/2291 1440/2626/2293
f 1440/2626/2293 1435/2624/2291 1439/2627/2294
f 1439/2627/2294 1435/2624/2291 1438/2628/2295
f 1438/2628/2295 1435/2624/2291 1437/2629/2296
f 1437/2629/2296 1435/2624/2291 1436/2630/2297
f 1444/2631/2298 1468/2632/2299 1443/2633/2300
f 1443/2633/2300 1468/2632/2299 1559/2634/2301
f 1443/2633/2300 1559/2634/2301 1527/2635/2302
f 1527/2635/2302 1559/2634/2301 1526/2636/2303
f 1526/2636/2303 1559/2634/2301 1560/2637/2304
f 1526/2636/2303 1560/2637/2304 1455/2638/2305
f 1455/2638/2305 1560/2637/2304 1561/2639/2306
f 1455/2638/2305 1561/2639/2306 1550/2640/2307
f 1550/2640/2307 1561/2639/2306 1562/2641/2308
f 1444/2631/2298 1445/2642/2309 1468/2632/2299
f 1468/2632/2299 1445/2642/2309 1467/2643/2310
f 1467/2643/2310 1445/2642/2309 1446/2644/2311
f 1467/2643/2310 1446/2644/2311 1465/2645/2312
f 1465/2645/2312 1446/2644/2311 1447/2646/2313
f 1465/2645/2312 1447/2646/2313 1464/2647/2314
f 1464/2647/2314 1447/2646/2313 1448/2648/2315
f 1464/2647/2314 1448/2648/2315 1474/2649/2316
f 1474/2649/2316 1448/2648/2315 1449/2650/2317
f 1474/2649/2316 1449/2650/2317 1551/2651/2318
f 1551/2651/2318 1449/2650/2317 1450/2652/2319
f 1551/2651/2318 1450/2652/2319 1451/2653/2320
f 1451/2653/2320 1452/2654/2321 1551/2651/2318
f 1551/2651/2318 1452/2654/2321 1453/2655/2322
f 1551/2651/2318 1453/2655/2322 1550/2640/2307
f 1550/2640/2307 1453/2655/2322 1454/2656/2323
f 1550/2640/2307 1454/2656/2323 1455/2638/2305
f 1456/2657/2324 1596/2658/2325 1455/2638/2305
f 1455/2638/2305 1596/2658/2325 1597/2659/2326
f 1455/2638/2305 1597/2659/2326 1546/2660/2327
f 1546/2660/2327 1597/2659/2326 1504/2661/2328
f 1546/2660/2327 1504/2661/2328 1545/2662/2329
f 1545/2662/2329 1504/2661/2328 1544/2663/2330
f 1544/2663/2330 1504/2661/2328 1543/2664/2331
f 1543/2664/2331 1504/2661/2328 1542/2665/2332
f 1542/2665/2332 1504/2661/2328 1541/2666/2333
f 1541/2666/2333 1504/2661/2328 1540/2667/2334
f 1540/2667/2334 1504/2661/2328 1505/2668/2335
f 1540/2667/2334 1505/2668/2335 1539/2669/2336
f 1539/2669/2336 1505/2668/2335 1538/2670/2337
f 1538/2670/2337 1505/2668/2335 1537/2671/2338
f 1537/2671/2338 1505/2668/2335 1536/2672/2339
f 1536/2672/2339 1505/2668/2335 1535/2673/2340
f 1535/2673/2340 1505/2668/2335 1534/2674/2341
f 1534/2674/2341 1505/2668/2335 1533/2675/2342
f 1533/2675/2342 1505/2668/2335 1532/2676/2343
f 1532/2676/2343 1505/2668/2335 1531/2677/2344
f 1531/2677/2344 1505/2668/2335 1530/2678/2345
f 1530/2678/2345 1505/2668/2335 1529/2679/2346
f 1529/2679/2346 1505/2668/2335 1443/2633/2300
f 1529/2679/2346 1443/2633/2300 1528/2680/2347
f 1528/2680/2347 1443/2633/2300 1527/2635/2302
f 1596/2658/2325 1456/2657/2324 1595/2681/2348
f 1595/2681/2348 1456/2657/2324 1457/2682/2349
f 1595/2681/2348 1457/2682/2349 1589/2683/2350
f 1589/2683/2350 1457/2682/2349 1588/2684/2351
f 1588/2684/2351 1457/2682/2349 1458/2685/2352
f 1588/2684/2351 1458/2685/2352 1459/2686/2353
f 1460/2687/2354 1615/2688/2355 1459/2686/2353
f 1459/2686/2353 1615/2688/2355 1587/2689/2356
f 1459/2686/2353 1587/2689/2356 1588/2684/2351
f 1461/2690/2357 1688/2691/2358 1460/2687/2354
f 1460/2687/2354 1688/2691/2358 1614/2692/2359
f 1460/2687/2354 1614/2692/2359 1615/2688/2355
f 1462/2693/2360 1728/2694/2361 1461/2690/2357
f 1461/2690/2357 1728/2694/2361 1684/2695/2362
f 1461/2690/2357 1684/2695/2362 1685/2696/2363
f 1463/2697/2364 1486/2698/2365 1462/2693/2360
f 1462/2693/2360 1486/2698/2365 1741/2699/2366
f 1462/2693/2360 1741/2699/2366 1742/2700/2367
f 1443/2633/2300 1494/2701/2368 1463/2697/2364
f 1463/2697/2364 1494/2701/2368 1495/2702/2369
f 1463/2697/2364 1495/2702/2369 1480/2703/2370
f 1480/2703/2370 1495/2702/2369 1476/2704/2371
f 1480/2703/2370 1476/2704/2371 1477/2705/2372
f 1465/2645/2312 1466/2706/2373 1467/2643/2310
f 1469/2707/2374 1470/2708/2375 1468/2632/2299
f 1468/2632/2299 1470/2708/2375 1558/2709/2376
f 1468/2632/2299 1558/2709/2376 1559/2634/2301
f 1471/2710/2377 1555/2711/2378 1470/2708/2375
f 1470/2708/2375 1555/2711/2378 1556/2712/2379
f 1470/2708/2375 1556/2712/2379 1558/2709/2376
f 1558/2709/2376 1556/2712/2379 1557/2713/2380
f 1472/2714/2381 1552/2715/2382 1471/2710/2377
f 1471/2710/2377 1552/2715/2382 1553/2716/2383
f 1471/2710/2377 1553/2716/2383 1555/2711/2378
f 1555/2711/2378 1553/2716/2383 1554/2717/2384
f 1472/2714/2381 1473/2718/2385 1552/2715/2382
f 1552/2715/2382 1473/2718/2385 1551/2651/2318
f 1551/2651/2318 1473/2718/2385 1474/2649/2316
f 1474/2649/2316 1475/2719/2386 1464/2647/2314
f 1477/2705/2372 1478/2720/2387 1480/2703/2370
f 1480/2703/2370 1478/2720/2387 1479/2721/2388
f 1480/2703/2370 1481/2722/2389 1463/2697/2364
f 1463/2697/2364 1481/2722/2389 1482/2723/2390
f 1463/2697/2364 1482/2723/2390 1483/2724/2391
f 1483/2724/2391 1484/2725/2392 1463/2697/2364
f 1463/2697/2364 1484/2725/2392 1485/2726/2393
f 1463/2697/2364 1485/2726/2393 1486/2698/2365
f 1486/2698/2365 1487/2727/2394 1741/2699/2366
f 1741/2699/2366 1487/2727/2394 1740/2728/2395
f 1740/2728/2395 1487/2727/2394 1766/2729/2396
f 1740/2728/2395 1766/2729/2396 1767/2730/2397
f 1488/2731/2398 1489/2732/2399 1487/2727/2394
f 1487/2727/2394 1489/2732/2399 1766/2729/2396
f 1766/2729/2396 1489/2732/2399 1507/2733/2400
f 1507/2733/2400 1489/2732/2399 1490/2734/2401
f 1507/2733/2400 1490/2734/2401 1491/2735/2402
f 1507/2733/2400 1491/2735/2402 1506/2736/2403
f 1506/2736/2403 1491/2735/2402 1492/2737/2404
f 1506/2736/2403 1492/2737/2404 1505/2668/2335
f 1505/2668/2335 1492/2737/2404 1493/2738/2405
f 1505/2668/2335 1493/2738/2405 1443/2633/2300
f 1443/2633/2300 1493/2738/2405 1494/2701/2368
f 1524/2739/2406 1496/2740/2407 1702/2741/2408
f 1702/2741/2408 1496/2740/2407 1497/2742/2409
f 1702/2741/2408 1497/2742/2409 1674/2743/2410
f 1674/2743/2410 1497/2742/2409 1673/2744/2411
f 1673/2744/2411 1497/2742/2409 1672/2745/2412
f 1672/2745/2412 1497/2742/2409 1498/2746/2413
f 1672/2745/2412 1498/2746/2413 1671/2747/2414
f 1671/2747/2414 1498/2746/2413 1499/2748/2415
f 1671/2747/2414 1499/2748/2415 1670/2749/2416
f 1670/2749/2416 1499/2748/2415 1500/2750/2417
f 1670/2749/2416 1500/2750/2417 1669/2751/2418
f 1669/2751/2418 1500/2750/2417 1501/2752/2419
f 1669/2751/2418 1501/2752/2419 1502/2753/2420
f 1503/2754/2421 1579/2755/2422 1502/2753/2420
f 1502/2753/2420 1579/2755/2422 1580/2756/2423
f 1502/2753/2420 1580/2756/2423 1668/2757/2424
f 1668/2757/2424 1580/2756/2423 1581/2758/2425
f 1668/2757/2424 1581/2758/2425 1659/2759/2426
f 1659/2759/2426 1581/2758/2425 1582/2760/2427
f 1659/2759/2426 1582/2760/2427 1583/2761/2428
f 1579/2755/2422 1503/2754/2421 1597/2659/2326
f 1597/2659/2326 1503/2754/2421 1504/2661/2328
f 1507/2733/2400 1508/2762/2429 1766/2729/2396
f 1766/2729/2396 1508/2762/2429 1509/2763/2430
f 1766/2729/2396 1509/2763/2430 1510/2764/2431
f 1510/2764/2431 1511/2765/2432 1766/2729/2396
f 1766/2729/2396 1511/2765/2432 1765/2766/2433
f 1765/2766/2433 1511/2765/2432 1512/2767/2434
f 1765/2766/2433 1512/2767/2434 1513/2768/2435
f 1513/2768/2435 1514/2769/2436 1765/2766/2433
f 1765/2766/2433 1514/2769/2436 1703/2770/2437
f 1765/2766/2433 1703/2770/2437 1704/2771/2438
f 1514/2769/2436 1515/2772/2439 1703/2770/2437
f 1703/2770/2437 1515/2772/2439 1516/2773/2440
f 1703/2770/2437 1516/2773/2440 1517/2774/2441
f 1518/2775/2442 1520/2776/2443 1517/2774/2441
f 1517/2774/2441 1520/2776/2443 1521/2777/2444
f 1517/2774/2441 1521/2777/2444 1703/2770/2437
f 1703/2770/2437 1521/2777/2444 1522/2778/2445
f 1703/2770/2437 1522/2778/2445 1523/2779/2446
f 1518/2775/2442 1519/2780/2447 1520/2776/2443
f 1703/2770/2437 1523/2779/2446 1702/2741/2408
f 1702/2741/2408 1523/2779/2446 1524/2739/2406
f 1526/2636/2303 1455/2638/2305 1525/2781/2448
f 1525/2781/2448 1455/2638/2305 1547/2782/2449
f 1525/2781/2448 1547/2782/2449 1548/2783/2450
f 1546/2660/2327 1547/2782/2449 1455/2638/2305
f 1548/2783/2450 1549/2784/2451 1525/2781/2448
f 1564/2785/2452 1602/2786/2453 1563/2787/2454
f 1563/2787/2454 1602/2786/2453 1603/2788/2455
f 1563/2787/2454 1603/2788/2455 1604/2789/2456
f 1565/2790/2457 1600/2791/2458 1564/2785/2452
f 1564/2785/2452 1600/2791/2458 1601/2792/2459
f 1564/2785/2452 1601/2792/2459 1602/2786/2453
f 1566/2793/2460 1578/2794/2461 1565/2790/2457
f 1565/2790/2457 1578/2794/2461 1598/2795/2462
f 1565/2790/2457 1598/2795/2462 1599/2796/2463
f 1578/2794/2461 1566/2793/2460 1577/2797/2464
f 1577/2797/2464 1566/2793/2460 1567/2798/2465
f 1577/2797/2464 1567/2798/2465 1576/2799/2466
f 1576/2799/2466 1567/2798/2465 1575/2800/2467
f 1575/2800/2467 1567/2798/2465 1574/2801/2468
f 1574/2801/2468 1567/2798/2465 1568/2802/2469
f 1574/2801/2468 1568/2802/2469 1573/2803/2470
f 1573/2803/2470 1568/2802/2469 1572/2804/2471
f 1572/2804/2471 1568/2802/2469 1571/2805/2472
f 1571/2805/2472 1568/2802/2469 1570/2806/2473
f 1570/2806/2473 1568/2802/2469 1569/2807/2474
f 1578/2794/2461 1579/2755/2422 1598/2795/2462
f 1598/2795/2462 1579/2755/2422 1597/2659/2326
f 1583/2761/2428 1584/2808/2475 1659/2759/2426
f 1659/2759/2426 1584/2808/2475 1585/2809/2476
f 1659/2759/2426 1585/2809/2476 1586/2810/2477
f 1659/2759/2426 1586/2810/2477 1658/2811/2478
f 1658/2811/2478 1586/2810/2477 1587/2689/2356
f 1658/2811/2478 1587/2689/2356 1615/2688/2355
f 1589/2683/2350 1590/2812/2479 1595/2681/2348
f 1595/2681/2348 1590/2812/2479 1591/2813/2480
f 1595/2681/2348 1591/2813/2480 1594/2814/2481
f 1594/2814/2481 1591/2813/2480 1593/2815/2482
f 1593/2815/2482 1591/2813/2480 1592/2816/2483
f 1599/2796/2463 1600/2791/2458 1565/2790/2457
f 1604/2789/2456 1605/2817/2484 1563/2787/2454
f 1563/2787/2454 1605/2817/2484 1606/2818/2485
f 1563/2787/2454 1606/2818/2485 1607/2819/2486
f 1688/2691/2358 1608/2820/2487 1614/2692/2359
f 1614/2692/2359 1608/2820/2487 1609/2821/2488
f 1614/2692/2359 1609/2821/2488 1610/2822/2489
f 1610/2822/2489 1611/2823/2490 1614/2692/2359
f 1614/2692/2359 1611/2823/2490 1613/2824/2491
f 1613/2824/2491 1611/2823/2490 1612/2825/2492
f 1615/2688/2355 1616/2826/2493 1658/2811/2478
f 1658/2811/2478 1616/2826/2493 1617/2827/2494
f 1658/2811/2478 1617/2827/2494 1657/2828/2495
f 1657/2828/2495 1617/2827/2494 1618/2829/2496
f 1657/2828/2495 1618/2829/2496 1619/2830/2497
f 1619/2830/2497 1620/2831/2498 1657/2828/2495
f 1657/2828/2495 1620/2831/2498 1621/2832/2499
f 1657/2828/2495 1621/2832/2499 1622/2833/2500
f 1622/2833/2500 1623/2834/2501 1657/2828/2495
f 1657/2828/2495 1623/2834/2501 1624/2835/2502
f 1657/2828/2495 1624/2835/2502 1625/2836/2503
f 1625/2836/2503 1626/2837/2504 1657/2828/2495
f 1657/2828/2495 1626/2837/2504 1627/2838/2505
f 1657/2828/2495 1627/2838/2505 1628/2839/2506
f 1628/2839/2506 1629/2840/2507 1657/2828/2495
f 1657/2828/2495 1629/2840/2507 1630/2841/2508
f 1657/2828/2495 1630/2841/2508 1631/2842/2509
f 1631/2842/2509 1632/2843/2510 1657/2828/2495
f 1657/2828/2495 1632/2843/2510 1633/2844/2511
f 1657/2828/2495 1633/2844/2511 1634/2845/2512
f 1634/2845/2512 1635/2846/2513 1657/2828/2495
f 1657/2828/2495 1635/2846/2513 1636/2847/2514
f 1657/2828/2495 1636/2847/2514 1637/2848/2515
f 1637/2848/2515 1638/2849/2516 1657/2828/2495
f 1657/2828/2495 1638/2849/2516 1656/2850/2517
f 1656/2850/2517 1638/2849/2516 1639/2851/2518
f 1656/2850/2517 1639/2851/2518 1640/2852/2519
f 1640/2852/2519 1641/2853/2520 1656/2850/2517
f 1656/2850/2517 1641/2853/2520 1642/2854/2521
f 1656/2850/2517 1642/2854/2521 1643/2855/2522
f 1656/2850/2517 1643/2855/2522 1655/2856/2523
f 1655/2856/2523 1643/2855/2522 1644/2857/2524
f 1655/2856/2523 1644/2857/2524 1654/2858/2525
f 1654/2858/2525 1644/2857/2524 1646/2859/2526
f 1654/2858/2525 1646/2859/2526 1653/2860/2527
f 1653/2860/2527 1646/2859/2526 1652/2861/2528
f 1652/2861/2528 1646/2859/2526 1651/2862/2529
f 1651/2862/2529 1646/2859/2526 1647/2863/2530
f 1651/2862/2529 1647/2863/2530 1650/2864/2531
f 1650/2864/2531 1647/2863/2530 1649/2865/2532
f 1649/2865/2532 1647/2863/2530 1648/2866/2533
f 1644/2857/2524 1645/2867/2534 1646/2859/2526
f 1659/2759/2426 1660/2868/2535 1668/2757/2424
f 1668/2757/2424 1660/2868/2535 1667/2869/2536
f 1667/2869/2536 1660/2868/2535 1661/2870/2537
f 1667/2869/2536 1661/2870/2537 1662/2871/2538
f 1662/2871/2538 1663/2872/2539 1667/2869/2536
f 1667/2869/2536 1663/2872/2539 1666/2873/2540
f 1666/2873/2540 1663/2872/2539 1665/2874/2541
f 1665/2874/2541 1663/2872/2539 1664/2875/2542
f 1668/2757/2424 1669/2751/2418 1502/2753/2420
f 1674/2743/2410 1675/2876/2543 1702/2741/2408
f 1702/2741/2408 1675/2876/2543 1676/2877/2544
f 1702/2741/2408 1676/2877/2544 1701/2878/2545
f 1701/2878/2545 1676/2877/2544 1677/2879/2546
f 1701/2878/2545 1677/2879/2546 1678/2880/2547
f 1679/2881/2548 1689/2882/2549 1678/2880/2547
f 1678/2880/2547 1689/2882/2549 1700/2883/2550
f 1678/2880/2547 1700/2883/2550 1701/2878/2545
f 1689/2882/2549 1679/2881/2548 1739/2884/2551
f 1739/2884/2551 1679/2881/2548 1680/2885/2552
f 1739/2884/2551 1680/2885/2552 1730/2886/2553
f 1730/2886/2553 1680/2885/2552 1729/2887/2554
f 1729/2887/2554 1680/2885/2552 1681/2888/2555
f 1729/2887/2554 1681/2888/2555 1682/2889/2556
f 1729/2887/2554 1682/2889/2556 1728/2694/2361
f 1728/2694/2361 1682/2889/2556 1683/2890/2557
f 1728/2694/2361 1683/2890/2557 1684/2695/2362
f 1685/2696/2363 1686/2891/2558 1461/2690/2357
f 1461/2690/2357 1686/2891/2558 1687/2892/2559
f 1461/2690/2357 1687/2892/2559 1688/2691/2358
f 1690/2893/2560 1696/2894/2561 1689/2882/2549
f 1689/2882/2549 1696/2894/2561 1697/2895/2562
f 1689/2882/2549 1697/2895/2562 1698/2896/2563
f 1691/2897/2564 1694/2898/2565 1690/2893/2560
f 1690/2893/2560 1694/2898/2565 1695/2899/2566
f 1690/2893/2560 1695/2899/2566 1696/2894/2561
f 1692/2900/2567 1693/2901/2568 1691/2897/2564
f 1691/2897/2564 1693/2901/2568 1694/2898/2565
f 1698/2896/2563 1699/2902/2569 1689/2882/2549
f 1689/2882/2549 1699/2902/2569 1700/2883/2550
f 1705/2903/2570 1714/2904/2571 1704/2771/2438
f 1704/2771/2438 1714/2904/2571 1743/2905/2572
f 1704/2771/2438 1743/2905/2572 1744/2906/2573
f 1705/2903/2570 1706/2907/2574 1714/2904/2571
f 1714/2904/2571 1706/2907/2574 1707/2908/2575
f 1714/2904/2571 1707/2908/2575 1708/2909/2576
f 1714/2904/2571 1708/2909/2576 1713/2910/2577
f 1713/2910/2577 1708/2909/2576 1709/2911/2578
f 1713/2910/2577 1709/2911/2578 1710/2912/2579
f 1711/2913/2580 1712/2914/2581 1710/2912/2579
f 1710/2912/2579 1712/2914/2581 1713/2910/2577
f 1714/2904/2571 1715/2915/2582 1743/2905/2572
f 1743/2905/2572 1715/2915/2582 1725/2916/2583
f 1743/2905/2572 1725/2916/2583 1726/2917/2584
f 1716/2918/2585 1721/2919/2586 1715/2915/2582
f 1715/2915/2582 1721/2919/2586 1722/2920/2587
f 1715/2915/2582 1722/2920/2587 1723/2921/2588
f 1717/2922/2589 1719/2923/2590 1716/2918/2585
f 1716/2918/2585 1719/2923/2590 1720/2924/2591
f 1716/2918/2585 1720/2924/2591 1721/2919/2586
f 1717/2922/2589 1718/2925/2592 1719/2923/2590
f 1723/2921/2588 1724/2926/2593 1715/2915/2582
f 1715/2915/2582 1724/2926/2593 1725/2916/2583
f 1743/2905/2572 1726/2917/2584 1742/2700/2367
f 1742/2700/2367 1726/2917/2584 1727/2927/2594
f 1742/2700/2367 1727/2927/2594 1462/2693/2360
f 1462/2693/2360 1727/2927/2594 1728/2694/2361
f 1730/2886/2553 1731/2928/2595 1739/2884/2551
f 1739/2884/2551 1731/2928/2595 1732/2929/2596
f 1739/2884/2551 1732/2929/2596 1733/2930/2597
f 1739/2884/2551 1733/2930/2597 1738/2931/2598
f 1738/2931/2598 1733/2930/2597 1734/2932/2599
f 1738/2931/2598 1734/2932/2599 1735/2933/2600
f 1736/2934/2601 1737/2935/2602 1735/2933/2600
f 1735/2933/2600 1737/2935/2602 1738/2931/2598
f 1745/2936/2603 1746/2937/2604 1744/2906/2573
f 1744/2906/2573 1746/2937/2604 1747/2938/2605
f 1744/2906/2573 1747/2938/2605 1748/2939/2606
f 1748/2939/2606 1749/2940/2607 1744/2906/2573
f 1744/2906/2573 1749/2940/2607 1753/2941/2608
f 1744/2906/2573 1753/2941/2608 1764/2942/2609
f 1764/2942/2609 1753/2941/2608 1763/2943/2610
f 1763/2943/2610 1753/2941/2608 1762/2944/2611
f 1762/2944/2611 1753/2941/2608 1761/2945/2612
f 1761/2945/2612 1753/2941/2608 1760/2946/2613
f 1760/2946/2613 1753/2941/2608 1759/2947/2614
f 1759/2947/2614 1753/2941/2608 1754/2948/2615
f 1759/2947/2614 1754/2948/2615 1758/2949/2616
f 1758/2949/2616 1754/2948/2615 1757/2950/2617
f 1757/2950/2617 1754/2948/2615 1755/2951/2618
f 1757/2950/2617 1755/2951/2618 1756/2952/2619
f 1749/2940/2607 1750/2953/2620 1753/2941/2608
f 1753/2941/2608 1750/2953/2620 1751/2954/2621
f 1753/2941/2608 1751/2954/2621 1752/2955/2622
f 1744/2906/2573 1764/2942/2609 1704/2771/2438
f 1704/2771/2438 1764/2942/2609 1765/2766/2433
f 1768/2956/2623 1777/2957/2624 1767/2730/2397
f 1767/2730/2397 1777/2957/2624 1785/2958/2625
f 1767/2730/2397 1785/2958/2625 1740/2728/2395
f 1768/2956/2623 1769/2959/2626 1777/2957/2624
f 1777/2957/2624 1769/2959/2626 1770/2960/2627
f 1777/2957/2624 1770/2960/2627 1771/2961/2628
f 1777/2957/2624 1771/2961/2628 1776/2962/2629
f 1776/2962/2629 1771/2961/2628 1772/2963/2630
f 1776/2962/2629 1772/2963/2630 1773/2964/2631
f 1774/2965/2632 1775/2966/2633 1773/2964/2631
f 1773/2964/2631 1775/2966/2633 1776/2962/2629
f 1778/2967/2634 1779/2968/2635 1777/2957/2624
f 1777/2957/2624 1779/2968/2635 1780/2969/2636
f 1777/2957/2624 1780/2969/2636 1785/2958/2625
f 1785/2958/2625 1780/2969/2636 1781/2970/2637
f 1785/2958/2625 1781/2970/2637 1782/2971/2638
f 1782/2971/2638 1783/2972/2639 1785/2958/2625
f 1785/2958/2625 1783/2972/2639 1784/2973/2640
usemtl Opaque(255,0,255)
f 1465/2645/2312 1475/2719/2386 1466/2706/2373
f 1466/2706/2373 1475/2719/2386 1472/2714/2381
f 1466/2706/2373 1472/2714/2381 1469/2707/2374
f 1469/2707/2374 1472/2714/2381 1471/2710/2377
f 1469/2707/2374 1471/2710/2377 1470/2708/2375
f 1465/2645/2312 1464/2647/2314 1475/2719/2386
f 1474/2649/2316 1473/2718/2385 1475/2719/2386
f 1475/2719/2386 1473/2718/2385 1472/2714/2381
f 1468/2632/2299 1467/2643/2310 1469/2707/2374
f 1469/2707/2374 1467/2643/2310 1466/2706/2373
f 1503/2754/2421 1808/2974/2641 1504/2975/2328
f 1504/2975/2328 1808/2974/2641 1786/2976/2642
f 1504/2975/2328 1786/2976/2642 1505/2977/2335
f 1505/2977/2335 1786/2976/2642 1829/2978/2643
f 1505/2977/2335 1829/2978/2643 1809/2979/2644
f 1502/2980/2420 1806/2981/2645 1503/2982/2421
f 1503/2982/2421 1806/2981/2645 1807/2983/2646
f 1503/2982/2421 1807/2983/2646 1808/2974/2641
f 1501/2984/2419 1803/2985/2647 1502/2980/2420
f 1502/2980/2420 1803/2985/2647 1804/2986/2648
f 1502/2980/2420 1804/2986/2648 1805/2987/2649
f 1500/2988/2417 1801/2989/2650 1501/2984/2419
f 1501/2984/2419 1801/2989/2650 1802/2990/2651
f 1501/2984/2419 1802/2990/2651 1803/2985/2647
f 1801/2989/2650 1500/2988/2417 1800/2991/2652
f 1800/2991/2652 1500/2988/2417 1499/2992/2415
f 1800/2991/2652 1499/2992/2415 1799/2993/2653
f 1799/2993/2653 1499/2992/2415 1798/2994/2654
f 1798/2994/2654 1499/2992/2415 1498/2995/2413
f 1798/2994/2654 1498/2995/2413 1497/2996/2409
f 1798/2994/2654 1497/2996/2409 1797/2997/2655
f 1797/2997/2655 1497/2996/2409 1496/2998/2407
f 1797/2997/2655 1496/2998/2407 1524/2999/2406
f 1524/2999/2406 1523/3000/2446 1797/2997/2655
f 1797/2997/2655 1523/3000/2446 1522/3001/2445
f 1797/2997/2655 1522/3001/2445 1796/3002/2656
f 1796/3002/2656 1522/3001/2445 1521/3003/2444
f 1796/3002/2656 1521/3003/2444 1520/3004/2443
f 1519/3005/2447 1794/3006/2657 1520/3004/2443
f 1520/3004/2443 1794/3006/2657 1795/3007/2658
f 1520/3004/2443 1795/3007/2658 1796/3002/2656
f 1518/3008/2442 1820/3009/2659 1519/3005/2447
f 1519/3005/2447 1820/3009/2659 1821/3010/2660
f 1519/3005/2447 1821/3010/2660 1822/3011/2661
f 1820/3009/2659 1518/3008/2442 1819/3012/2662
f 1819/3012/2662 1518/3008/2442 1517/3013/2441
f 1819/3012/2662 1517/3013/2441 1516/3014/2440
f 1516/3014/2440 1515/3015/2439 1819/3012/2662
f 1819/3012/2662 1515/3015/2439 1514/3016/2436
f 1819/3012/2662 1514/3016/2436 1513/3017/2435
f 1513/3017/2435 1512/3018/2434 1819/3012/2662
f 1819/3012/2662 1512/3018/2434 1818/3019/2663
f 1818/3019/2663 1512/3018/2434 1511/3020/2432
f 1818/3019/2663 1511/3020/2432 1510/3021/2431
f 1510/3021/2431 1509/3022/2430 1818/3019/2663
f 1818/3019/2663 1509/3022/2430 1817/3023/2664
f 1817/3023/2664 1509/3022/2430 1816/3024/2665
f 1816/3024/2665 1509/3022/2430 1508/3025/2429
f 1816/3024/2665 1508/3025/2429 1815/3026/2666
f 1815/3026/2666 1508/3025/2429 1814/3027/2667
f 1814/3027/2667 1508/3025/2429 1507/3028/2400
f 1814/3027/2667 1507/3028/2400 1813/3029/2668
f 1813/3029/2668 1507/3028/2400 1812/3030/2669
f 1812/3030/2669 1507/3028/2400 1811/3031/2670
f 1811/3031/2670 1507/3028/2400 1810/3032/2671
f 1810/3032/2671 1507/3028/2400 1506/3033/2403
f 1810/3032/2671 1506/3033/2403 1809/2979/2644
f 1809/2979/2644 1506/3033/2403 1505/2977/2335
f 1786/2976/2642 1787/3034/2672 1829/2978/2643
f 1829/2978/2643 1787/3034/2672 1828/3035/2673
f 1828/3035/2673 1787/3034/2672 1827/3036/2674
f 1827/3036/2674 1787/3034/2672 1788/3037/2675
f 1827/3036/2674 1788/3037/2675 1826/3038/2676
f 1826/3038/2676 1788/3037/2675 1789/3039/2677
f 1826/3038/2676 1789/3039/2677 1825/3040/2678
f 1825/3040/2678 1789/3039/2677 1790/3041/2679
f 1825/3040/2678 1790/3041/2679 1824/3042/2680
f 1824/3042/2680 1790/3041/2679 1519/3005/2447
f 1824/3042/2680 1519/3005/2447 1823/3043/2681
f 1823/3043/2681 1519/3005/2447 1822/3011/2661
f 1790/3041/2679 1791/3044/2682 1519/3005/2447
f 1519/3005/2447 1791/3044/2682 1792/3045/2683
f 1519/3005/2447 1792/3045/2683 1793/3046/2684
f 1793/3046/2684 1794/3006/2657 1519/3005/2447
f 1805/2987/2649 1806/2981/2645 1502/2980/2420
f 1796/3002/2656 1805/2987/2649 1797/2997/2655
f 1797/2997/2655 1805/2987/2649 1804/2986/2648
f 1797/2997/2655 1804/2986/2648 1798/2994/2654
f 1798/2994/2654 1804/2986/2648 1803/2985/2647
f 1798/2994/2654 1803/2985/2647 1802/2990/2651
f 1796/3002/2656 1795/3007/2658 1805/2987/2649
f 1805/2987/2649 1795/3007/2658 1794/3006/2657
f 1805/2987/2649 1794/3006/2657 1793/3046/2684
f 1793/3046/2684 1792/3045/2683 1805/2987/2649
f 1805/2987/2649 1792/3045/2683 1791/3044/2682
f 1805/2987/2649 1791/3044/2682 1790/3041/2679
f 1805/2987/2649 1790/3041/2679 1806/2981/2645
f 1806/2981/2645 1790/3041/2679 1789/3039/2677
f 1806/2981/2645 1789/3039/2677 1788/3037/2675
f 1806/2981/2645 1788/3037/2675 1807/2983/2646
f 1807/2983/2646 1788/3037/2675 1787/3034/2672
f 1807/2983/2646 1787/3034/2672 1808/2974/2641
f 1808/2974/2641 1787/3034/2672 1786/2976/2642
f 1801/2989/2650 1800/2991/2652 1802/2990/2651
f 1802/2990/2651 1800/2991/2652 1799/2993/2653
f 1802/2990/2651 1799/2993/2653 1798/2994/2654
usemtl Opaque(128,128,128)
f 1818/3019/2663 1826/3038/2676 1819/3012/2662
f 1819/3012/2662 1826/3038/2676 1825/3040/2678
f 1819/3012/2662 1825/3040/2678 1820/3009/2659
f 1820/3009/2659 1825/3040/2678 1821/3010/2660
f 1821/3010/2660 1825/3040/2678 1822/3011/2661
f 1822/3011/2661 1825/3040/2678 1823/3043/2681
f 1823/3043/2681 1825/3040/2678 1824/3042/2680
f 1818/3019/2663 1817/3023/2664 1826/3038/2676
f 1826/3038/2676 1817/3023/2664 1816/3024/2665
f 1826/3038/2676 1816/3024/2665 1815/3026/2666
f 1815/3026/2666 1814/3027/2667 1826/3038/2676
f 1826/3038/2676 1814/3027/2667 1813/3029/2668
f 1826/3038/2676 1813/3029/2668 1812/3030/2669
f 1812/3030/2669 1811/3031/2670 1826/3038/2676
f 1826/3038/2676 1811/3031/2670 1827/3036/2674
f 1827/3036/2674 1811/3031/2670 1810/3032/2671
f 1827/3036/2674 1810/3032/2671 1828/3035/2673
f 1828/3035/2673 1810/3032/2671 1809/2979/2644
f 1828/3035/2673 1809/2979/2644 1829/2978/2643
usemtl Opaque(255,0,255)
f 1526/3047/2303 1549/3048/2451 1527/3049/2302
f 1527/3049/2302 1549/3048/2451 1830/3050/2685
f 1527/3049/2302 1830/3050/2685 1831/3051/2686
f 1526/3047/2303 1525/3052/2448 1549/3048/2451
f 1549/3048/2451 1548/3053/2450 1830/3050/2685
f 1830/3050/2685 1548/3053/2450 1849/3054/2687
f 1849/3054/2687 1548/3053/2450 1848/3055/2688
f 1848/3055/2688 1548/3053/2450 1545/3056/2329
f 1848/3055/2688 1545/3056/2329 1847/3057/2689
f 1847/3057/2689 1545/3056/2329 1846/3058/2690
f 1846/3058/2690 1545/3056/2329 1845/3059/2691
f 1845/3059/2691 1545/3056/2329 1544/3060/2330
f 1845/3059/2691 1544/3060/2330 1844/3061/2692
f 1844/3061/2692 1544/3060/2330 1843/3062/2693
f 1843/3062/2693 1544/3060/2330 1543/3063/2331
f 1843/3062/2693 1543/3063/2331 1842/3064/2694
f 1842/3064/2694 1543/3063/2331 1542/3065/2332
f 1842/3064/2694 1542/3065/2332 1541/3066/2333
f 1548/3053/2450 1547/3067/2449 1545/3056/2329
f 1545/3056/2329 1547/3067/2449 1546/3068/2327
f 1541/3066/2333 1540/3069/2334 1842/3064/2694
f 1842/3064/2694 1540/3069/2334 1841/3070/2695
f 1841/3070/2695 1540/3069/2334 1539/3071/2336
f 1841/3070/2695 1539/3071/2336 1538/3072/2337
f 1841/3070/2695 1538/3072/2337 1840/3073/2696
f 1840/3073/2696 1538/3072/2337 1537/3074/2338
f 1840/3073/2696 1537/3074/2338 1536/3075/2339
f 1536/3075/2339 1535/3076/2340 1840/3073/2696
f 1840/3073/2696 1535/3076/2340 1839/3077/2697
f 1839/3077/2697 1535/3076/2340 1534/3078/2341
f 1839/3077/2697 1534/3078/2341 1838/3079/2698
f 1838/3079/2698 1534/3078/2341 1533/3080/2342
f 1838/3079/2698 1533/3080/2342 1532/3081/2343
f 1838/3079/2698 1532/3081/2343 1837/3082/2699
f 1837/3082/2699 1532/3081/2343 1531/3083/2344
f 1837/3082/2699 1531/3083/2344 1836/3084/2700
f 1836/3084/2700 1531/3083/2344 1835/3085/2701
f 1835/3085/2701 1531/3083/2344 1530/3086/2345
f 1835/3085/2701 1530/3086/2345 1834/3087/2702
f 1834/3087/2702 1530/3086/2345 1529/3088/2346
f 1834/3087/2702 1529/3088/2346 1833/3089/2703
f 1833/3089/2703 1529/3088/2346 1528/3090/2347
f 1833/3089/2703 1528/3090/2347 1832/3091/2704
f 1832/3091/2704 1528/3090/2347 1831/3051/2686
f 1831/3051/2686 1528/3090/2347 1527/3049/2302
f 1831/3051/2686 1830/3050/2685 1832/3091/2704
f 1832/3091/2704 1830/3050/2685 1849/3054/2687
f 1832/3091/2704 1849/3054/2687 1833/3089/2703
f 1833/3089/2703 1849/3054/2687 1848/3055/2688
f 1833/3089/2703 1848/3055/2688 1834/3087/2702
f 1834/3087/2702 1848/3055/2688 1835/3085/2701
f 1835/3085/2701 1848/3055/2688 1836/3084/2700
f 1836/3084/2700 1848/3055/2688 1837/3082/2699
f 1837/3082/2699 1848/3055/2688 1838/3079/2698
f 1838/3079/2698 1848/3055/2688 1839/3077/2697
f 1839/3077/2697 1848/3055/2688 1840/3073/2696
f 1840/3073/2696 1848/3055/2688 1841/3070/2695
f 1841/3070/2695 1848/3055/2688 1842/3064/2694
f 1842/3064/2694 1848/3055/2688 1847/3057/2689
f 1842/3064/2694 1847/3057/2689 1843/3062/2693
f 1843/3062/2693 1847/3057/2689 1844/3061/2692
f 1844/3061/2692 1847/3057/2689 1845/3059/2691
f 1845/3059/2691 1847/3057/2689 1846/3058/2690
f 1553/3092/2383 1552/3093/2382 1554/3094/2384
f 1554/3094/2384 1552/3093/2382 1551/3095/2318
f 1554/3094/2384 1551/3095/2318 1550/3096/2307
f 1550/3096/2307 1562/3097/2308 1554/3094/2384
f 1554/3094/2384 1562/3097/2308 1555/3098/2378
f 1555/3098/2378 1562/3097/2308 1556/3099/2379
f 1556/3099/2379 1562/3097/2308 1557/3100/2380
f 1557/3100/2380 1562/3097/2308 1561/3101/2306
f 1557/3100/2380 1561/3101/2306 1560/3102/2304
f 1560/3102/2304 1559/3103/2301 1557/3100/2380
f 1557/3100/2380 1559/3103/2301 1558/3104/2376
f 1564/3105/2452 1589/3106/2350 1565/3107/2457
f 1565/3107/2457 1589/3106/2350 1850/3108/2705
f 1565/3107/2457 1850/3108/2705 1851/3109/2706
f 1564/3105/2452 1563/3110/2454 1589/3106/2350
f 1589/3106/2350 1563/3110/2454 1590/3111/2479
f 1590/3111/2479 1563/3110/2454 1607/3112/2486
f 1590/3111/2479 1607/3112/2486 1606/3113/2485
f 1590/3111/2479 1606/3113/2485 1591/3114/2480
f 1591/3114/2480 1606/3113/2485 1605/3115/2484
f 1591/3114/2480 1605/3115/2484 1604/3116/2456
f 1591/3114/2480 1604/3116/2456 1592/3117/2483
f 1592/3117/2483 1604/3116/2456 1603/3118/2455
f 1592/3117/2483 1603/3118/2455 1602/3119/2453
f 1601/3120/2459 1596/3121/2325 1602/3119/2453
f 1602/3119/2453 1596/3121/2325 1593/3122/2482
f 1602/3119/2453 1593/3122/2482 1592/3117/2483
f 1596/3121/2325 1601/3120/2459 1597/3123/2326
f 1597/3123/2326 1601/3120/2459 1600/3124/2458
f 1597/3123/2326 1600/3124/2458 1599/3125/2463
f 1599/3125/2463 1598/3126/2462 1597/3123/2326
f 1595/3127/2348 1594/3128/2481 1596/3121/2325
f 1596/3121/2325 1594/3128/2481 1593/3122/2482
f 1850/3108/2705 1589/3106/2350 1852/3129/2707
f 1852/3129/2707 1589/3106/2350 1588/3130/2351
f 1852/3129/2707 1588/3130/2351 1587/3131/2356
f 1587/3131/2356 1586/3132/2477 1852/3129/2707
f 1852/3129/2707 1586/3132/2477 1851/3109/2706
f 1851/3109/2706 1586/3132/2477 1566/3133/2460
f 1851/3109/2706 1566/3133/2460 1565/3107/2457
f 1585/3134/2476 1568/3135/2469 1586/3132/2477
f 1586/3132/2477 1568/3135/2469 1567/3136/2465
f 1586/3132/2477 1567/3136/2465 1566/3133/2460
f 1584/3137/2475 1571/3138/2472 1585/3134/2476
f 1585/3134/2476 1571/3138/2472 1570/3139/2473
f 1585/3134/2476 1570/3139/2473 1569/3140/2474
f 1583/3141/2428 1574/3142/2468 1584/3137/2475
f 1584/3137/2475 1574/3142/2468 1573/3143/2470
f 1584/3137/2475 1573/3143/2470 1572/3144/2471
f 1582/3145/2427 1580/3146/2423 1583/3141/2428
f 1583/3141/2428 1580/3146/2423 1575/3147/2467
f 1583/3141/2428 1575/3147/2467 1574/3142/2468
f 1582/3145/2427 1581/3148/2425 1580/3146/2423
f 1575/3147/2467 1580/3146/2423 1576/3149/2466
f 1576/3149/2466 1580/3146/2423 1579/3150/2422
f 1576/3149/2466 1579/3150/2422 1577/3151/2464
f 1577/3151/2464 1579/3150/2422 1578/3152/2461
f 1572/3144/2471 1571/3138/2472 1584/3137/2475
f 1569/3140/2474 1568/3135/2469 1585/3134/2476
f 1852/3129/2707 1851/3109/2706 1850/3108/2705
f 1614/3153/2359 1613/3154/2491 1615/3155/2355
f 1615/3155/2355 1613/3154/2491 1612/3156/2492
f 1615/3155/2355 1612/3156/2492 1618/3157/2496
f 1618/3157/2496 1612/3156/2492 1611/3158/2490
f 1618/3157/2496 1611/3158/2490 1610/3159/2489
f 1618/3157/2496 1610/3159/2489 1619/3160/2497
f 1619/3160/2497 1610/3159/2489 1609/3161/2488
f 1619/3160/2497 1609/3161/2488 1608/3162/2487
f 1688/3163/2358 1621/3164/2499 1608/3162/2487
f 1608/3162/2487 1621/3164/2499 1620/3165/2498
f 1608/3162/2487 1620/3165/2498 1619/3160/2497
f 1687/3166/2559 1624/3167/2502 1688/3163/2358
f 1688/3163/2358 1624/3167/2502 1623/3168/2501
f 1688/3163/2358 1623/3168/2501 1622/3169/2500
f 1624/3167/2502 1687/3166/2559 1625/3170/2503
f 1625/3170/2503 1687/3166/2559 1686/3171/2558
f 1625/3170/2503 1686/3171/2558 1626/3172/2504
f 1626/3172/2504 1686/3171/2558 1627/3173/2505
f 1627/3173/2505 1686/3171/2558 1685/3174/2363
f 1627/3173/2505 1685/3174/2363 1628/3175/2506
f 1628/3175/2506 1685/3174/2363 1629/3176/2507
f 1629/3176/2507 1685/3174/2363 1684/3177/2362
f 1629/3176/2507 1684/3177/2362 1630/3178/2508
f 1630/3178/2508 1684/3177/2362 1683/3179/2557
f 1630/3178/2508 1683/3179/2557 1631/3180/2509
f 1631/3180/2509 1683/3179/2557 1682/3181/2556
f 1631/3180/2509 1682/3181/2556 1632/3182/2510
f 1632/3182/2510 1682/3181/2556 1681/3183/2555
f 1632/3182/2510 1681/3183/2555 1680/3184/2552
f 1632/3182/2510 1680/3184/2552 1633/3185/2511
f 1633/3185/2511 1680/3184/2552 1679/3186/2548
f 1633/3185/2511 1679/3186/2548 1678/3187/2547
f 1633/3185/2511 1678/3187/2547 1634/3188/2512
f 1634/3188/2512 1678/3187/2547 1677/3189/2546
f 1634/3188/2512 1677/3189/2546 1676/3190/2544
f 1634/3188/2512 1676/3190/2544 1635/3191/2513
f 1635/3191/2513 1676/3190/2544 1675/3192/2543
f 1635/3191/2513 1675/3192/2543 1636/3193/2514
f 1636/3193/2514 1675/3192/2543 1674/3194/2410
f 1636/3193/2514 1674/3194/2410 1637/3195/2515
f 1637/3195/2515 1674/3194/2410 1673/3196/2411
f 1637/3195/2515 1673/3196/2411 1638/3197/2516
f 1638/3197/2516 1673/3196/2411 1672/3198/2412
f 1638/3197/2516 1672/3198/2412 1639/3199/2518
f 1639/3199/2518 1672/3198/2412 1640/3200/2519
f 1640/3200/2519 1672/3198/2412 1671/3201/2414
f 1640/3200/2519 1671/3201/2414 1641/3202/2520
f 1641/3202/2520 1671/3201/2414 1642/3203/2521
f 1642/3203/2521 1671/3201/2414 1670/3204/2416
f 1642/3203/2521 1670/3204/2416 1643/3205/2522
f 1643/3205/2522 1670/3204/2416 1644/3206/2524
f 1644/3206/2524 1670/3204/2416 1669/3207/2418
f 1644/3206/2524 1669/3207/2418 1645/3208/2534
f 1645/3208/2534 1669/3207/2418 1668/3209/2424
f 1645/3208/2534 1668/3209/2424 1667/3210/2536
f 1645/3208/2534 1667/3210/2536 1646/3211/2526
f 1646/3211/2526 1667/3210/2536 1666/3212/2540
f 1646/3211/2526 1666/3212/2540 1647/3213/2530
f 1647/3213/2530 1666/3212/2540 1665/3214/2541
f 1647/3213/2530 1665/3214/2541 1648/3215/2533
f 1648/3215/2533 1665/3214/2541 1664/3216/2542
f 1648/3215/2533 1664/3216/2542 1649/3217/2532
f 1649/3217/2532 1664/3216/2542 1663/3218/2539
f 1649/3217/2532 1663/3218/2539 1650/3219/2531
f 1650/3219/2531 1663/3218/2539 1651/3220/2529
f 1651/3220/2529 1663/3218/2539 1662/3221/2538
f 1651/3220/2529 1662/3221/2538 1652/3222/2528
f 1652/3222/2528 1662/3221/2538 1661/3223/2537
f 1652/3222/2528 1661/3223/2537 1653/3224/2527
f 1653/3224/2527 1661/3223/2537 1658/3225/2478
f 1653/3224/2527 1658/3225/2478 1654/3226/2525
f 1654/3226/2525 1658/3225/2478 1657/3227/2495
f 1654/3226/2525 1657/3227/2495 1655/3228/2523
f 1655/3228/2523 1657/3227/2495 1656/3229/2517
f 1661/3223/2537 1660/3230/2535 1658/3225/2478
f 1658/3225/2478 1660/3230/2535 1659/3231/2426
f 1622/3169/2500 1621/3164/2499 1688/3163/2358
f 1617/3232/2494 1616/3233/2493 1618/3157/2496
f 1618/3157/2496 1616/3233/2493 1615/3155/2355
f 1701/3234/2545 1700/3235/2550 1702/3236/2408
f 1702/3236/2408 1700/3235/2550 1699/3237/2569
f 1702/3236/2408 1699/3237/2569 1698/3238/2563
f 1697/3239/2562 1707/3240/2575 1698/3238/2563
f 1698/3238/2563 1707/3240/2575 1703/3241/2437
f 1698/3238/2563 1703/3241/2437 1702/3236/2408
f 1707/3240/2575 1697/3239/2562 1708/3242/2576
f 1708/3242/2576 1697/3239/2562 1696/3243/2561
f 1708/3242/2576 1696/3243/2561 1709/3244/2578
f 1709/3244/2578 1696/3243/2561 1695/3245/2566
f 1709/3244/2578 1695/3245/2566 1710/3246/2579
f 1710/3246/2579 1695/3245/2566 1694/3247/2565
f 1710/3246/2579 1694/3247/2565 1693/3248/2568
f 1710/3246/2579 1693/3248/2568 1711/3249/2580
f 1711/3249/2580 1693/3248/2568 1692/3250/2567
f 1711/3249/2580 1692/3250/2567 1691/3251/2564
f 1711/3249/2580 1691/3251/2564 1712/3252/2581
f 1712/3252/2581 1691/3251/2564 1690/3253/2560
f 1712/3252/2581 1690/3253/2560 1713/3254/2577
f 1713/3254/2577 1690/3253/2560 1689/3255/2549
f 1713/3254/2577 1689/3255/2549 1714/3256/2571
f 1714/3256/2571 1689/3255/2549 1739/3257/2551
f 1714/3256/2571 1739/3257/2551 1715/3258/2582
f 1715/3258/2582 1739/3257/2551 1738/3259/2598
f 1715/3258/2582 1738/3259/2598 1716/3260/2585
f 1716/3260/2585 1738/3259/2598 1737/3261/2602
f 1716/3260/2585 1737/3261/2602 1717/3262/2589
f 1717/3262/2589 1737/3261/2602 1736/3263/2601
f 1717/3262/2589 1736/3263/2601 1718/3264/2592
f 1718/3264/2592 1736/3263/2601 1719/3265/2590
f 1719/3265/2590 1736/3263/2601 1735/3266/2600
f 1719/3265/2590 1735/3266/2600 1720/3267/2591
f 1720/3267/2591 1735/3266/2600 1734/3268/2599
f 1720/3267/2591 1734/3268/2599 1721/3269/2586
f 1721/3269/2586 1734/3268/2599 1733/3270/2597
f 1721/3269/2586 1733/3270/2597 1722/3271/2587
f 1722/3271/2587 1733/3270/2597 1732/3272/2596
f 1722/3271/2587 1732/3272/2596 1723/3273/2588
f 1723/3273/2588 1732/3272/2596 1728/3274/2361
f 1723/3273/2588 1728/3274/2361 1727/3275/2594
f 1732/3272/2596 1731/3276/2595 1728/3274/2361
f 1728/3274/2361 1731/3276/2595 1730/3277/2553
f 1728/3274/2361 1730/3277/2553 1729/3278/2554
f 1726/3279/2584 1725/3280/2583 1727/3275/2594
f 1727/3275/2594 1725/3280/2583 1724/3281/2593
f 1727/3275/2594 1724/3281/2593 1723/3273/2588
f 1707/3240/2575 1706/3282/2574 1703/3241/2437
f 1703/3241/2437 1706/3282/2574 1705/3283/2570
f 1703/3241/2437 1705/3283/2570 1704/3284/2438
f 1741/3285/2366 1752/3286/2622 1742/3287/2367
f 1742/3287/2367 1752/3286/2622 1751/3288/2621
f 1742/3287/2367 1751/3288/2621 1750/3289/2620
f 1740/3290/2395 1784/3291/2640 1741/3285/2366
f 1741/3285/2366 1784/3291/2640 1783/3292/2639
f 1741/3285/2366 1783/3292/2639 1782/3293/2638
f 1740/3290/2395 1785/3294/2625 1784/3291/2640
f 1782/3293/2638 1781/3295/2637 1741/3285/2366
f 1741/3285/2366 1781/3295/2637 1780/3296/2636
f 1741/3285/2366 1780/3296/2636 1779/3297/2635
f 1779/3297/2635 1778/3298/2634 1741/3285/2366
f 1741/3285/2366 1778/3298/2634 1752/3286/2622
f 1778/3298/2634 1777/3299/2624 1752/3286/2622
f 1752/3286/2622 1777/3299/2624 1753/3300/2608
f 1753/3300/2608 1777/3299/2624 1776/3301/2629
f 1753/3300/2608 1776/3301/2629 1754/3302/2615
f 1754/3302/2615 1776/3301/2629 1775/3303/2633
f 1754/3302/2615 1775/3303/2633 1755/3304/2618
f 1755/3304/2618 1775/3303/2633 1774/3305/2632
f 1755/3304/2618 1774/3305/2632 1756/3306/2619
f 1756/3306/2619 1774/3305/2632 1757/3307/2617
f 1757/3307/2617 1774/3305/2632 1773/3308/2631
f 1757/3307/2617 1773/3308/2631 1758/3309/2616
f 1758/3309/2616 1773/3308/2631 1772/3310/2630
f 1758/3309/2616 1772/3310/2630 1759/3311/2614
f 1759/3311/2614 1772/3310/2630 1771/3312/2628
f 1759/3311/2614 1771/3312/2628 1760/3313/2613
f 1760/3313/2613 1771/3312/2628 1770/3314/2627
f 1760/3313/2613 1770/3314/2627 1761/3315/2612
f 1761/3315/2612 1770/3314/2627 1766/3316/2396
f 1761/3315/2612 1766/3316/2396 1765/3317/2433
f 1770/3314/2627 1769/3318/2626 1766/3316/2396
f 1766/3316/2396 1769/3318/2626 1768/3319/2623
f 1766/3316/2396 1768/3319/2623 1767/3320/2397
f 1764/3321/2609 1763/3322/2610 1765/3317/2433
f 1765/3317/2433 1763/3322/2610 1762/3323/2611
f 1765/3317/2433 1762/3323/2611 1761/3315/2612
f 1750/3289/2620 1749/3324/2607 1742/3287/2367
f 1742/3287/2367 1749/3324/2607 1748/3325/2606
f 1742/3287/2367 1748/3325/2606 1747/3326/2605
f 1747/3326/2605 1746/3327/2604 1742/3287/2367
f 1742/3287/2367 1746/3327/2604 1745/3328/2603
f 1742/3287/2367 1745/3328/2603 1743/3329/2572
f 1743/3329/2572 1745/3328/2603 1744/3330/2573
usemtl Opaque(128,128,128)
f 1463/3331/2708 1853/3332/2709 1443/3333/2710
f 1443/3333/2710 1853/3332/2709 1854/3334/2711
f 1462/3335/2712 1856/3336/2713 1463/3337/2714
f 1463/3337/2714 1856/3336/2713 1857/3338/2715
f 1463/3337/2714 1857/3338/2715 1858/3339/2716
f 1462/3335/2712 1855/3340/2717 1856/3336/2713
f 1858/3339/2716 1853/3341/2718 1463/3337/2714
f 1456/3342/2719 1455/3343/2720 1860/3344/2721
f 1860/3344/2721 1455/3343/2720 1859/3345/2722
f 1855/3346/2717 1462/3347/2712 1867/3348/2723
f 1867/3348/2723 1462/3347/2712 1461/3349/2724
f 1867/3348/2723 1461/3349/2724 1866/3350/2725
f 1866/3350/2725 1461/3349/2724 1460/3351/2726
f 1866/3350/2725 1460/3351/2726 1865/3352/2727
f 1865/3352/2727 1460/3351/2726 1459/3353/2728
f 1865/3352/2727 1459/3353/2728 1864/3354/2729
f 1864/3354/2729 1459/3353/2728 1458/3355/2730
f 1864/3354/2729 1458/3355/2730 1863/3356/2731
f 1863/3356/2731 1458/3355/2730 1862/3357/2732
f 1862/3357/2732 1458/3355/2730 1457/3358/2733
f 1862/3357/2732 1457/3358/2733 1861/3359/2734
f 1861/3359/2734 1457/3358/2733 1456/3360/2719
f 1861/3359/2734 1456/3360/2719 1860/3361/2721
f 1859/3362/2722 1455/3363/2720 1879/3364/2735
f 1879/3364/2735 1455/3363/2720 1454/3365/2736
f 1879/3364/2735 1454/3365/2736 1878/3366/2737
f 1878/3366/2737 1454/3365/2736 1453/3367/2738
f 1878/3366/2737 1453/3367/2738 1877/3368/2739
f 1877/3368/2739 1453/3367/2738 1452/3369/2740
f 1877/3368/2739 1452/3369/2740 1876/3370/2741
f 1876/3370/2741 1452/3369/2740 1451/3371/2742
f 1876/3370/2741 1451/3371/2742 1875/3372/2743
f 1875/3372/2743 1451/3371/2742 1450/3373/2744
f 1875/3372/2743 1450/3373/2744 1874/3374/2745
f 1874/3374/2745 1450/3373/2744 1449/3375/2746
f 1874/3374/2745 1449/3375/2746 1873/3376/2747
f 1873/3376/2747 1449/3375/2746 1448/3377/2748
f 1873/3376/2747 1448/3377/2748 1872/3378/2749
f 1872/3378/2749 1448/3377/2748 1447/3379/2750
f 1872/3378/2749 1447/3379/2750 1871/3380/2751
f 1871/3380/2751 1447/3379/2750 1446/3381/2752
f 1871/3380/2751 1446/3381/2752 1870/3382/2753
f 1870/3382/2753 1446/3381/2752 1445/3383/2754
f 1870/3382/2753 1445/3383/2754 1869/3384/2755
f 1869/3384/2755 1445/3383/2754 1444/3385/2756
f 1869/3384/2755 1444/3385/2756 1868/3386/2757
f 1868/3386/2757 1444/3385/2756 1443/3387/2710
f 1868/3386/2757 1443/3387/2710 1854/3388/2711
f 1856/3389/2758 1855/3390/2759 1883/3391/2760
f 1883/3391/2760 1855/3390/2759 1880/3392/2761
f 1883/3391/2760 1880/3392/2761 1882/3393/2762
f 1882/3393/2762 1880/3392/2761 1881/3394/2763
f 1855/3390/2759 1867/3395/2764 1880/3392/2761
f 1880/3392/2761 1867/3395/2764 1866/3396/2765
f 1880/3392/2761 1866/3396/2765 1865/3397/2766
f 1865/3397/2766 1864/3398/2767 1880/3392/2761
f 1884/3399/2768 1885/3400/2769 1889/3401/2770
f 1889/3401/2770 1885/3400/2769 1886/3402/2771
f 1889/3401/2770 1886/3402/2771 1888/3403/2772
f 1888/3403/2772 1886/3402/2771 1887/3404/2773
f 1888/3403/2772 1887/3404/2773 1432/3405/2774
f 1432/3405/2774 1887/3404/2773 1433/3406/2775
f 1423/3407/2776 1414/3408/2777 1901/3409/2778
f 1901/3409/2778 1414/3408/2777 1413/3410/2779
f 1901/3409/2778 1413/3410/2779 1412/3411/2780
f 1901/3409/2778 1412/3411/2780 1900/3412/2781
f 1900/3412/2781 1412/3411/2780 1411/3413/2782
f 1900/3412/2781 1411/3413/2782 1899/3414/2783
f 1899/3414/2783 1411/3413/2782 1410/3415/2784
f 1899/3414/2783 1410/3415/2784 1898/3416/2785
f 1898/3416/2785 1410/3415/2784 1896/3417/2786
f 1898/3416/2785 1896/3417/2786 1897/3418/2787
f 1410/3415/2784 1409/3419/2788 1896/3417/2786
f 1896/3417/2786 1409/3419/2788 1895/3420/2789
f 1895/3420/2789 1409/3419/2788 1893/3421/2790
f 1895/3420/2789 1893/3421/2790 1894/3422/2791
f 1893/3421/2790 1409/3419/2788 1892/3423/2792
f 1892/3423/2792 1409/3419/2788 1408/3424/2793
f 1892/3423/2792 1408/3424/2793 1891/3425/2794
f 1891/3425/2794 1408/3424/2793 1407/3426/2795
f 1891/3425/2794 1407/3426/2795 1890/3427/2796
f 1890/3427/2796 1407/3426/2795 1406/3428/2797
f 1890/3427/2796 1406/3428/2797 1405/3429/2798
f 1405/3429/2798 1442/3430/2799 1890/3427/2796
f 1868/3431/2800 1902/3432/2801 1869/3433/2802
f 1869/3433/2802 1902/3432/2801 1870/3434/2803
f 1870/3434/2803 1902/3432/2801 1871/3435/2804
f 1871/3435/2804 1902/3432/2801 1872/3436/2805
f 1872/3436/2805 1902/3432/2801 1873/3437/2806
f 1873/3437/2806 1902/3432/2801 1874/3438/2807
f 1874/3438/2807 1902/3432/2801 1903/3439/2808
f 1874/3438/2807 1903/3439/2808 1875/3440/2809
f 1875/3440/2809 1903/3439/2808 1876/3441/2810
f 1876/3441/2810 1903/3439/2808 1877/3442/2811
f 1877/3442/2811 1903/3439/2808 1878/3443/2812
f 1878/3443/2812 1903/3439/2808 1879/3444/2813
f 1881/3445/2814 1909/3446/2815 1882/3447/2816
f 1882/3447/2816 1909/3446/2815 1918/3448/2817
f 1882/3447/2816 1918/3448/2817 1919/3449/2818
f 1904/3450/2819 1906/3451/2820 1881/3445/2814
f 1881/3445/2814 1906/3451/2820 1907/3452/2821
f 1881/3445/2814 1907/3452/2821 1908/3453/2822
f 1904/3450/2819 1905/3454/2823 1906/3451/2820
f 1908/3453/2822 1909/3446/2815 1881/3445/2814
f 1909/3446/2815 1910/3455/2824 1918/3448/2817
f 1918/3448/2817 1910/3455/2824 1917/3456/2825
f 1917/3456/2825 1910/3455/2824 1911/3457/2826
f 1917/3456/2825 1911/3457/2826 1916/3458/2827
f 1916/3458/2827 1911/3457/2826 1912/3459/2828
f 1916/3458/2827 1912/3459/2828 1915/3460/2829
f 1915/3460/2829 1912/3459/2828 1913/3461/2830
f 1915/3460/2829 1913/3461/2830 1914/3462/2831
f 1914/3462/2831 1913/3461/2830 1884/3463/2832
f 1884/3463/2832 1913/3461/2830 1885/3464/2833
f 1919/3449/2818 1920/3465/2834 1882/3447/2816
f 1882/3447/2816 1920/3465/2834 1921/3466/2835
f 1882/3447/2816 1921/3466/2835 1923/3467/2836
f 1923/3467/2836 1921/3466/2835 1922/3468/2837
f 1886/3469/2838 1885/3470/2839 1928/3471/2840
f 1928/3471/2840 1885/3470/2839 1913/3472/2841
f 1928/3471/2840 1913/3472/2841 1927/3473/2842
f 1927/3473/2842 1913/3472/2841 1912/3474/2843
f 1927/3473/2842 1912/3474/2843 1926/3475/2844
f 1926/3475/2844 1912/3474/2843 1911/3476/2845
f 1926/3475/2844 1911/3476/2845 1910/3477/2846
f 1926/3475/2844 1910/3477/2846 1925/3478/2847
f 1925/3478/2847 1910/3477/2846 1909/3479/2848
f 1925/3478/2847 1909/3479/2848 1908/3480/2849
f 1925/3478/2847 1908/3480/2849 1924/3481/2850
f 1924/3481/2850 1908/3480/2849 1907/3482/2851
f 1924/3481/2850 1907/3482/2851 1906/3483/2852
f 1924/3481/2850 1906/3483/2852 1880/3484/2761
f 1880/3484/2761 1906/3483/2852 1905/3485/2853
f 1880/3484/2761 1905/3485/2853 1904/3486/2854
f 1904/3486/2854 1881/3487/2763 1880/3484/2761
f 1886/3469/2838 1928/3471/2840 1887/3488/2855
f 1887/3488/2855 1928/3471/2840 1434/3489/2856
f 1887/3488/2855 1434/3489/2856 1433/3490/2857
f 1879/3491/2813 1903/3492/2808 1859/3493/2858
f 1859/3493/2858 1903/3492/2808 1929/3494/2859
f 1859/3493/2858 1929/3494/2859 1934/3495/2860
f 1934/3495/2860 1929/3494/2859 1935/3496/2861
f 1934/3495/2860 1935/3496/2861 1925/3497/2862
f 1925/3497/2862 1935/3496/2861 1926/3498/2863
f 1926/3498/2863 1935/3496/2861 1936/3499/2864
f 1926/3498/2863 1936/3499/2864 1927/3500/2865
f 1927/3500/2865 1936/3499/2864 1937/3501/2866
f 1927/3500/2865 1937/3501/2866 1928/3502/2867
f 1928/3502/2867 1937/3501/2866 1938/3503/2868
f 1928/3502/2867 1938/3503/2868 1434/3504/2869
f 1434/3504/2869 1938/3503/2868 1435/3505/2870
f 1435/3505/2870 1938/3503/2868 1933/3506/2871
f 1933/3506/2871 1938/3503/2868 1932/3507/2872
f 1932/3507/2872 1938/3503/2868 1937/3501/2866
f 1932/3507/2872 1937/3501/2866 1931/3508/2873
f 1931/3508/2873 1937/3501/2866 1936/3499/2864
f 1931/3508/2873 1936/3499/2864 1930/3509/2874
f 1930/3509/2874 1936/3499/2864 1935/3496/2861
f 1930/3509/2874 1935/3496/2861 1929/3494/2859
f 1925/3497/2862 1924/3510/2875 1934/3495/2860
f 1934/3495/2860 1924/3510/2875 1860/3511/2876
f 1934/3495/2860 1860/3511/2876 1859/3493/2858
f 1880/3512/2761 1862/3513/2877 1924/3510/2875
f 1924/3510/2875 1862/3513/2877 1861/3514/2878
f 1924/3510/2875 1861/3514/2878 1860/3511/2876
f 1864/3515/2767 1863/3516/2879 1880/3512/2761
f 1880/3512/2761 1863/3516/2879 1862/3513/2877
f 1948/3517/2880 1431/3518/2881 1949/3519/2882
f 1949/3519/2882 1431/3518/2881 1430/3520/2883
f 1949/3519/2882 1430/3520/2883 1939/3521/2884
f 1939/3521/2884 1940/3522/2885 1949/3519/2882
f 1949/3519/2882 1940/3522/2885 1950/3523/2886
f 1949/3519/2882 1950/3523/2886 1948/3517/2880
f 1948/3517/2880 1950/3523/2886 1947/3524/2887
f 1947/3524/2887 1950/3523/2886 1951/3525/2888
f 1947/3524/2887 1951/3525/2888 1946/3526/2889
f 1946/3526/2889 1951/3525/2888 1952/3527/2890
f 1946/3526/2889 1952/3527/2890 1945/3528/2891
f 1945/3528/2891 1952/3527/2890 1953/3529/2892
f 1945/3528/2891 1953/3529/2892 1944/3530/2893
f 1944/3530/2893 1953/3529/2892 1853/3531/2894
f 1944/3530/2893 1853/3531/2894 1858/3532/2895
f 1940/3522/2885 1941/3533/2896 1950/3523/2886
f 1950/3523/2886 1941/3533/2896 1951/3525/2888
f 1941/3533/2896 1942/3534/2897 1951/3525/2888
f 1951/3525/2888 1942/3534/2897 1952/3527/2890
f 1942/3534/2897 1943/3535/2898 1952/3527/2890
f 1952/3527/2890 1943/3535/2898 1953/3529/2892
f 1902/3536/2801 1854/3537/2899 1943/3535/2898
f 1943/3535/2898 1854/3537/2899 1853/3531/2894
f 1943/3535/2898 1853/3531/2894 1953/3529/2892
f 1902/3536/2801 1868/3538/2800 1854/3537/2899
f 1944/3530/2893 1858/3532/2895 1883/3539/2760
f 1883/3539/2760 1858/3532/2895 1857/3540/2900
f 1883/3539/2760 1857/3540/2900 1856/3541/2758
f 1432/3542/2901 1431/3543/2902 1888/3544/2903
f 1888/3544/2903 1431/3543/2902 1948/3545/2904
f 1888/3544/2903 1948/3545/2904 1889/3546/2905
f 1889/3546/2905 1948/3545/2904 1884/3547/2906
f 1884/3547/2906 1948/3545/2904 1914/3548/2907
f 1914/3548/2907 1948/3545/2904 1947/3549/2908
f 1914/3548/2907 1947/3549/2908 1915/3550/2909
f 1915/3550/2909 1947/3549/2908 1946/3551/2910
f 1915/3550/2909 1946/3551/2910 1916/3552/2911
f 1916/3552/2911 1946/3551/2910 1917/3553/2912
f 1917/3553/2912 1946/3551/2910 1945/3554/2913
f 1917/3553/2912 1945/3554/2913 1918/3555/2914
f 1918/3555/2914 1945/3554/2913 1919/3556/2915
f 1919/3556/2915 1945/3554/2913 1944/3557/2916
f 1919/3556/2915 1944/3557/2916 1920/3558/2917
f 1920/3558/2917 1944/3557/2916 1921/3559/2918
f 1921/3559/2918 1944/3557/2916 1883/3560/2760
f 1921/3559/2918 1883/3560/2760 1922/3561/2919
f 1922/3561/2919 1883/3560/2760 1923/3562/2920
f 1923/3562/2920 1883/3560/2760 1882/3563/2762
usemtl Opaque(255,0,255)
f 1480/3564/2370 1489/3565/2399 1481/3566/2389
f 1481/3566/2389 1489/3565/2399 1488/3567/2398
f 1481/3566/2389 1488/3567/2398 1482/3568/2390
f 1482/3568/2390 1488/3567/2398 1483/3569/2391
f 1483/3569/2391 1488/3567/2398 1484/3570/2392
f 1484/3570/2392 1488/3567/2398 1485/3571/2393
f 1485/3571/2393 1488/3567/2398 1486/3572/2365
f 1486/3572/2365 1488/3567/2398 1487/3573/2394
f 1489/3565/2399 1480/3564/2370 1490/3574/2401
f 1490/3574/2401 1480/3564/2370 1479/3575/2388
f 1490/3574/2401 1479/3575/2388 1491/3576/2402
f 1491/3576/2402 1479/3575/2388 1478/3577/2387
f 1491/3576/2402 1478/3577/2387 1492/3578/2404
f 1492/3578/2404 1478/3577/2387 1477/3579/2372
f 1492/3578/2404 1477/3579/2372 1493/3580/2405
f 1493/3580/2405 1477/3579/2372 1476/3581/2371
f 1493/3580/2405 1476/3581/2371 1494/3582/2368
f 1494/3582/2368 1476/3581/2371 1495/3583/2369
usemtl Opaque(128,128,128)
f 1890/3584/2921 1442/3585/2799 1961/3586/2922
f 1961/3586/2922 1442/3585/2799 1441/3587/2923
f 1961/3586/2922 1441/3587/2923 1970/3588/2924
f 1970/3588/2924 1441/3587/2923 1440/3589/2925
f 1970/3588/2924 1440/3589/2925 1979/3590/2926
f 1979/3590/2926 1440/3589/2925 1439/3591/2927
f 1979/3590/2926 1439/3591/2927 1987/3592/2928
f 1987/3592/2928 1439/3591/2927 1438/3593/2929
f 1987/3592/2928 1438/3593/2929 1996/3594/2930
f 1996/3594/2930 1438/3593/2929 1437/3595/2931
f 1996/3594/2930 1437/3595/2931 2005/3596/2932
f 2005/3596/2932 1437/3595/2931 1436/3597/2933
f 2005/3596/2932 1436/3597/2933 2014/3598/2934
f 2014/3598/2934 1436/3597/2933 1435/3599/2870
f 2014/3598/2934 1435/3599/2870 1933/3600/2935
f 1932/3601/2936 2016/3602/2937 1933/3600/2935
f 1933/3600/2935 2016/3602/2937 2015/3603/2938
f 1933/3600/2935 2015/3603/2938 2014/3598/2934
f 2014/3598/2934 2015/3603/2938 2005/3596/2932
f 2016/3602/2937 1932/3601/2936 2017/3604/2939
f 2017/3604/2939 1932/3601/2936 1931/3605/2940
f 2017/3604/2939 1931/3605/2940 2018/3606/2941
f 2018/3606/2941 1931/3605/2940 2019/3607/2942
f 2018/3606/2941 2019/3607/2942 2009/3608/2943
f 2009/3608/2943 2019/3607/2942 2010/3609/2944
f 2009/3608/2943 2010/3609/2944 2000/3610/2945
f 2000/3610/2945 2010/3609/2944 2001/3611/2946
f 2000/3610/2945 2001/3611/2946 1991/3612/2947
f 1991/3612/2947 2001/3611/2946 1992/3613/2948
f 1991/3612/2947 1992/3613/2948 1983/3614/2949
f 1983/3614/2949 1992/3613/2948 1984/3615/2950
f 1983/3614/2949 1984/3615/2950 1974/3616/2951
f 1974/3616/2951 1984/3615/2950 1975/3617/2952
f 1974/3616/2951 1975/3617/2952 1965/3618/2953
f 1965/3618/2953 1975/3617/2952 1966/3619/2954
f 1965/3618/2953 1966/3619/2954 1892/3620/2955
f 1892/3620/2955 1966/3619/2954 1893/3621/2956
f 1893/3621/2956 1966/3619/2954 1967/3622/2957
f 1893/3621/2956 1967/3622/2957 1968/3623/2958
f 1968/3623/2958 1967/3622/2957 1977/3624/2959
f 1968/3623/2958 1977/3624/2959 1978/3625/2960
f 1978/3625/2960 1977/3624/2959 1959/3626/2961
f 1978/3625/2960 1959/3626/2961 1957/3627/2962
f 1957/3627/2962 1959/3626/2961 1956/3628/2963
f 1956/3628/2963 1959/3626/2961 1995/3629/2964
f 1956/3628/2963 1995/3629/2964 2004/3630/2965
f 2004/3630/2965 1995/3629/2964 1994/3631/2966
f 2004/3630/2965 1994/3631/2966 2003/3632/2967
f 2003/3632/2967 1994/3631/2966 1993/3633/2968
f 2003/3632/2967 1993/3633/2968 2002/3634/2969
f 2002/3634/2969 1993/3633/2968 1992/3613/2948
f 2002/3634/2969 1992/3613/2948 2001/3611/2946
f 1931/3605/2940 1930/3635/2970 2019/3607/2942
f 2019/3607/2942 1930/3635/2970 2020/3636/2971
f 2019/3607/2942 2020/3636/2971 2010/3609/2944
f 2010/3609/2944 2020/3636/2971 2011/3637/2972
f 2010/3609/2944 2011/3637/2972 2001/3611/2946
f 2001/3611/2946 2011/3637/2972 2002/3634/2969
f 2020/3636/2971 1930/3635/2970 2021/3638/2973
f 2021/3638/2973 1930/3635/2970 1929/3639/2974
f 2021/3638/2973 1929/3639/2974 1960/3640/2975
f 1960/3640/2975 1929/3639/2974 1903/3641/2808
f 1960/3640/2975 1903/3641/2808 1954/3642/2976
f 1960/3640/2975 1954/3642/2976 2013/3643/2977
f 2013/3643/2977 1954/3642/2976 1955/3644/2978
f 2013/3643/2977 1955/3644/2978 2004/3630/2965
f 2004/3630/2965 1955/3644/2978 1956/3628/2963
f 1957/3627/2962 1958/3645/2979 1978/3625/2960
f 1978/3625/2960 1958/3645/2979 1969/3646/2980
f 1978/3625/2960 1969/3646/2980 1968/3623/2958
f 1968/3623/2958 1969/3646/2980 1894/3647/2981
f 1968/3623/2958 1894/3647/2981 1893/3621/2956
f 1958/3645/2979 1895/3648/2982 1969/3646/2980
f 1969/3646/2980 1895/3648/2982 1894/3647/2981
f 1965/3618/2953 1892/3620/2955 1964/3649/2983
f 1964/3649/2983 1892/3620/2955 1891/3650/2984
f 1964/3649/2983 1891/3650/2984 1963/3651/2985
f 1963/3651/2985 1891/3650/2984 1890/3584/2921
f 1963/3651/2985 1890/3584/2921 1962/3652/2986
f 1962/3652/2986 1890/3584/2921 1961/3586/2922
f 1962/3652/2986 1961/3586/2922 1971/3653/2987
f 1971/3653/2987 1961/3586/2922 1970/3588/2924
f 1971/3653/2987 1970/3588/2924 1980/3654/2988
f 1980/3654/2988 1970/3588/2924 1979/3590/2926
f 1980/3654/2988 1979/3590/2926 1988/3655/2989
f 1988/3655/2989 1979/3590/2926 1987/3592/2928
f 1988/3655/2989 1987/3592/2928 1997/3656/2990
f 1997/3656/2990 1987/3592/2928 1996/3594/2930
f 1997/3656/2990 1996/3594/2930 2006/3657/2991
f 2006/3657/2991 1996/3594/2930 2005/3596/2932
f 2006/3657/2991 2005/3596/2932 2015/3603/2938
f 1963/3651/2985 1962/3652/2986 1972/3658/2992
f 1972/3658/2992 1962/3652/2986 1971/3653/2987
f 1972/3658/2992 1971/3653/2987 1981/3659/2993
f 1981/3659/2993 1971/3653/2987 1980/3654/2988
f 1981/3659/2993 1980/3654/2988 1989/3660/2994
f 1989/3660/2994 1980/3654/2988 1988/3655/2989
f 1989/3660/2994 1988/3655/2989 1998/3661/2995
f 1998/3661/2995 1988/3655/2989 1997/3656/2990
f 1998/3661/2995 1997/3656/2990 2007/3662/2996
f 2007/3662/2996 1997/3656/2990 2006/3657/2991
f 2007/3662/2996 2006/3657/2991 2016/3602/2937
f 2016/3602/2937 2006/3657/2991 2015/3603/2938
f 1974/3616/2951 1965/3618/2953 1964/3649/2983
f 1964/3649/2983 1963/3651/2985 1973/3663/2997
f 1973/3663/2997 1963/3651/2985 1972/3658/2992
f 1973/3663/2997 1972/3658/2992 1982/3664/2998
f 1982/3664/2998 1972/3658/2992 1981/3659/2993
f 1982/3664/2998 1981/3659/2993 1990/3665/2999
f 1990/3665/2999 1981/3659/2993 1989/3660/2994
f 1990/3665/2999 1989/3660/2994 1999/3666/3000
f 1999/3666/3000 1989/3660/2994 1998/3661/2995
f 1999/3666/3000 1998/3661/2995 2008/3667/3001
f 2008/3667/3001 1998/3661/2995 2007/3662/2996
f 2008/3667/3001 2007/3662/2996 2017/3604/2939
f 2017/3604/2939 2007/3662/2996 2016/3602/2937
f 1967/3622/2957 1966/3619/2954 1976/3668/3002
f 1976/3668/3002 1966/3619/2954 1975/3617/2952
f 1976/3668/3002 1975/3617/2952 1985/3669/3003
f 1985/3669/3003 1975/3617/2952 1984/3615/2950
f 1985/3669/3003 1984/3615/2950 1993/3633/2968
f 1993/3633/2968 1984/3615/2950 1992/3613/2948
f 1983/3614/2949 1974/3616/2951 1973/3663/2997
f 1973/3663/2997 1974/3616/2951 1964/3649/2983
f 1983/3614/2949 1973/3663/2997 1982/3664/2998
f 1967/3622/2957 1976/3668/3002 1977/3624/2959
f 1977/3624/2959 1976/3668/3002 1986/3670/3004
f 1977/3624/2959 1986/3670/3004 1959/3626/2961
f 1959/3626/2961 1986/3670/3004 1995/3629/2964
f 1986/3670/3004 1976/3668/3002 1985/3669/3003
f 1991/3612/2947 1983/3614/2949 1982/3664/2998
f 1991/3612/2947 1982/3664/2998 1990/3665/2999
f 1993/3633/2968 1994/3631/2966 1985/3669/3003
f 1985/3669/3003 1994/3631/2966 1986/3670/3004
f 1994/3631/2966 1995/3629/2964 1986/3670/3004
f 2000/3610/2945 1991/3612/2947 1990/3665/2999
f 2000/3610/2945 1990/3665/2999 1999/3666/3000
f 2009/3608/2943 2000/3610/2945 1999/3666/3000
f 2009/3608/2943 1999/3666/3000 2008/3667/3001
f 2013/3643/2977 2004/3630/2965 2003/3632/2967
f 2003/3632/2967 2002/3634/2969 2012/3671/3005
f 2012/3671/3005 2002/3634/2969 2011/3637/2972
f 2012/3671/3005 2011/3637/2972 2021/3638/2973
f 2021/3638/2973 2011/3637/2972 2020/3636/2971
f 2018/3606/2941 2009/3608/2943 2008/3667/3001
f 2018/3606/2941 2008/3667/3001 2017/3604/2939
f 1960/3640/2975 2013/3643/2977 2012/3671/3005
f 2012/3671/3005 2013/3643/2977 2003/3632/2967
f 1960/3640/2975 2012/3671/3005 2021/3638/2973
f 1958/3672/3006 2027/3673/3007 1895/3674/2789
f 1895/3674/2789 2027/3673/3007 2028/3675/3008
f 1895/3674/2789 2028/3675/3008 2029/3676/3009
f 2029/3676/3009 2028/3675/3008 2034/3677/3010
f 2029/3676/3009 2034/3677/3010 2035/3678/3011
f 2035/3678/3011 2034/3677/3010 2040/3679/3012
f 2035/3678/3011 2040/3679/3012 2041/3680/3013
f 2041/3680/3013 2040/3679/3012 2046/3681/3014
f 2041/3680/3013 2046/3681/3014 2023/3682/3015
f 2023/3682/3015 2046/3681/3014 2022/3683/3016
f 2022/3683/3016 2046/3681/3014 2051/3684/3017
f 2022/3683/3016 2051/3684/3017 1902/3685/2801
f 1902/3685/2801 2051/3684/3017 2050/3686/3018
f 1902/3685/2801 2050/3686/3018 2049/3687/3019
f 2049/3687/3019 2050/3686/3018 2044/3688/3020
f 2049/3687/3019 2044/3688/3020 2043/3689/3021
f 2043/3689/3021 2044/3688/3020 2038/3690/3022
f 2043/3689/3021 2038/3690/3022 2037/3691/3023
f 2037/3691/3023 2038/3690/3022 2032/3692/3024
f 2037/3691/3023 2032/3692/3024 1957/3693/3025
f 1957/3693/3025 2032/3692/3024 1958/3672/3006
f 1958/3672/3006 2032/3692/3024 2027/3673/3007
f 1957/3693/3025 1956/3694/3026 2037/3691/3023
f 2037/3691/3023 1956/3694/3026 2042/3695/3027
f 2037/3691/3023 2042/3695/3027 2043/3689/3021
f 2043/3689/3021 2042/3695/3027 2048/3696/3028
f 2043/3689/3021 2048/3696/3028 2049/3687/3019
f 2049/3687/3019 2048/3696/3028 1903/3697/2808
f 2049/3687/3019 1903/3697/2808 1902/3685/2801
f 1956/3694/3026 1955/3698/3029 2042/3695/3027
f 2042/3695/3027 1955/3698/3029 2047/3699/3030
f 2042/3695/3027 2047/3699/3030 2048/3696/3028
f 2048/3696/3028 2047/3699/3030 1903/3697/2808
f 1955/3698/3029 1954/3700/3031 2047/3699/3030
f 2047/3699/3030 1954/3700/3031 1903/3697/2808
f 2023/3682/3015 2024/3701/3032 2041/3680/3013
f 2041/3680/3013 2024/3701/3032 2036/3702/3033
f 2041/3680/3013 2036/3702/3033 2035/3678/3011
f 2035/3678/3011 2036/3702/3033 2030/3703/3034
f 2035/3678/3011 2030/3703/3034 2029/3676/3009
f 2029/3676/3009 2030/3703/3034 1896/3704/2786
f 2029/3676/3009 1896/3704/2786 1895/3674/2789
f 2024/3701/3032 2025/3705/3035 2036/3702/3033
f 2036/3702/3033 2025/3705/3035 2031/3706/3036
f 2036/3702/3033 2031/3706/3036 2030/3703/3034
f 2030/3703/3034 2031/3706/3036 1896/3704/2786
f 2025/3705/3035 2026/3707/3037 2031/3706/3036
f 2031/3706/3036 2026/3707/3037 1896/3704/2786
f 2028/3675/3008 2027/3673/3007 2033/3708/3038
f 2033/3708/3038 2027/3673/3007 2032/3692/3024
f 2033/3708/3038 2032/3692/3024 2038/3690/3022
f 2028/3675/3008 2033/3708/3038 2034/3677/3010
f 2034/3677/3010 2033/3708/3038 2039/3709/3039
f 2034/3677/3010 2039/3709/3039 2040/3679/3012
f 2040/3679/3012 2039/3709/3039 2045/3710/3040
f 2040/3679/3012 2045/3710/3040 2046/3681/3014
f 2046/3681/3014 2045/3710/3040 2051/3684/3017
f 2039/3709/3039 2033/3708/3038 2038/3690/3022
f 2045/3710/3040 2039/3709/3039 2044/3688/3020
f 2044/3688/3020 2039/3709/3039 2038/3690/3022
f 2051/3684/3017 2045/3710/3040 2050/3686/3018
f 2050/3686/3018 2045/3710/3040 2044/3688/3020
f 1897/3711/3041 1896/3712/2786 2054/3713/3042
f 2054/3713/3042 1896/3712/2786 2026/3714/3043
f 2054/3713/3042 2026/3714/3043 2063/3715/3044
f 2063/3715/3044 2026/3714/3043 2025/3716/3045
f 2063/3715/3044 2025/3716/3045 2052/3717/3046
f 2052/3717/3046 2025/3716/3045 2024/3718/3047
f 2052/3717/3046 2024/3718/3047 2097/3719/3048
f 2097/3719/3048 2024/3718/3047 2080/3720/3049
f 2097/3719/3048 2080/3720/3049 2081/3721/3050
f 2081/3721/3050 2080/3720/3049 2099/3722/3051
f 2081/3721/3050 2099/3722/3051 2100/3723/3052
f 2100/3723/3052 2099/3722/3051 2109/3724/3053
f 2100/3723/3052 2109/3724/3053 2110/3725/3054
f 2110/3725/3054 2109/3724/3053 1942/3726/3055
f 2110/3725/3054 1942/3726/3055 1941/3727/3056
f 2024/3718/3047 2023/3728/3057 2080/3720/3049
f 2080/3720/3049 2023/3728/3057 2098/3729/3058
f 2080/3720/3049 2098/3729/3058 2099/3722/3051
f 2099/3722/3051 2098/3729/3058 2108/3730/3059
f 2099/3722/3051 2108/3730/3059 2109/3724/3053
f 2109/3724/3053 2108/3730/3059 1943/3731/3060
f 2109/3724/3053 1943/3731/3060 1942/3726/3055
f 2023/3728/3057 2022/3732/3061 2098/3729/3058
f 2098/3729/3058 2022/3732/3061 2107/3733/3062
f 2098/3729/3058 2107/3733/3062 2108/3730/3059
f 2108/3730/3059 2107/3733/3062 1943/3731/3060
f 2022/3732/3061 1902/3734/2801 2107/3733/3062
f 2107/3733/3062 1902/3734/2801 1943/3731/3060
f 1940/3735/3063 2112/3736/3064 1941/3727/3056
f 1941/3727/3056 2112/3736/3064 2111/3737/3065
f 1941/3727/3056 2111/3737/3065 2110/3725/3054
f 2110/3725/3054 2111/3737/3065 2101/3738/3066
f 2110/3725/3054 2101/3738/3066 2100/3723/3052
f 2100/3723/3052 2101/3738/3066 2082/3739/3067
f 2100/3723/3052 2082/3739/3067 2081/3721/3050
f 2081/3721/3050 2082/3739/3067 2096/3740/3068
f 2081/3721/3050 2096/3740/3068 2097/3719/3048
f 2097/3719/3048 2096/3740/3068 2052/3717/3046
f 1939/3741/3069 2114/3742/3070 1940/3735/3063
f 1940/3735/3063 2114/3742/3070 2113/3743/3071
f 1940/3735/3063 2113/3743/3071 2112/3736/3064
f 2112/3736/3064 2113/3743/3071 2103/3744/3072
f 2112/3736/3064 2103/3744/3072 2102/3745/3073
f 2102/3745/3073 2103/3744/3072 2084/3746/3074
f 2102/3745/3073 2084/3746/3074 2083/3747/3075
f 2083/3747/3075 2084/3746/3074 2094/3748/3076
f 2083/3747/3075 2094/3748/3076 2095/3749/3077
f 2095/3749/3077 2094/3748/3076 2073/3750/3078
f 2095/3749/3077 2073/3750/3078 2072/3751/3079
f 2072/3751/3079 2073/3750/3078 2064/3752/3080
f 2072/3751/3079 2064/3752/3080 2063/3715/3044
f 2063/3715/3044 2064/3752/3080 2054/3713/3042
f 2114/3742/3070 1939/3741/3069 2053/3753/3081
f 2053/3753/3081 1939/3741/3069 1430/3754/3082
f 2053/3753/3081 1430/3754/3082 1429/3755/3083
f 2053/3753/3081 1429/3755/3083 2106/3756/3084
f 2106/3756/3084 1429/3755/3083 1428/3757/3085
f 2106/3756/3084 1428/3757/3085 2088/3758/3086
f 2088/3758/3086 1428/3757/3085 1427/3759/3087
f 2088/3758/3086 1427/3759/3087 2089/3760/3088
f 2089/3760/3088 1427/3759/3087 1426/3761/3089
f 2089/3760/3088 1426/3761/3089 2079/3762/3090
f 2079/3762/3090 1426/3761/3089 1425/3763/3091
f 2079/3762/3090 1425/3763/3091 2071/3764/3092
f 2071/3764/3092 1425/3763/3091 1424/3765/3093
f 2071/3764/3092 1424/3765/3093 2062/3766/3094
f 2062/3766/3094 1424/3765/3093 1423/3767/2776
f 2062/3766/3094 1423/3767/2776 1901/3768/3095
f 2062/3766/3094 1901/3768/3095 2061/3769/3096
f 2061/3769/3096 1901/3768/3095 1900/3770/3097
f 2061/3769/3096 1900/3770/3097 2060/3771/3098
f 2060/3771/3098 1900/3770/3097 2059/3772/3099
f 2060/3771/3098 2059/3772/3099 2069/3773/3100
f 2069/3773/3100 2059/3772/3099 2068/3774/3101
f 2069/3773/3100 2068/3774/3101 2077/3775/3102
f 2077/3775/3102 2068/3774/3101 2076/3776/3103
f 2077/3775/3102 2076/3776/3103 2091/3777/3104
f 2091/3777/3104 2076/3776/3103 2092/3778/3105
f 2091/3777/3104 2092/3778/3105 2086/3779/3106
f 2086/3779/3106 2092/3778/3105 2085/3780/3107
f 2086/3779/3106 2085/3780/3107 2104/3781/3108
f 2104/3781/3108 2085/3780/3107 2103/3744/3072
f 2104/3781/3108 2103/3744/3072 2113/3743/3071
f 1900/3770/3097 1899/3782/2783 2059/3772/3099
f 2059/3772/3099 1899/3782/2783 2058/3783/3109
f 2059/3772/3099 2058/3783/3109 2068/3774/3101
f 2068/3774/3101 2058/3783/3109 2067/3784/3110
f 2068/3774/3101 2067/3784/3110 2076/3776/3103
f 2076/3776/3103 2067/3784/3110 2075/3785/3111
f 2076/3776/3103 2075/3785/3111 2092/3778/3105
f 2092/3778/3105 2075/3785/3111 2093/3786/3112
f 2092/3778/3105 2093/3786/3112 2085/3780/3107
f 2085/3780/3107 2093/3786/3112 2084/3746/3074
f 2085/3780/3107 2084/3746/3074 2103/3744/3072
f 2058/3783/3109 1899/3782/2783 2057/3787/3113
f 2057/3787/3113 1899/3782/2783 1898/3788/3114
f 2057/3787/3113 1898/3788/3114 2056/3789/3115
f 2056/3789/3115 1898/3788/3114 1897/3711/3041
f 2056/3789/3115 1897/3711/3041 2055/3790/3116
f 2055/3790/3116 1897/3711/3041 2054/3713/3042
f 2055/3790/3116 2054/3713/3042 2064/3752/3080
f 2056/3789/3115 2055/3790/3116 2065/3791/3117
f 2065/3791/3117 2055/3790/3116 2064/3752/3080
f 2065/3791/3117 2064/3752/3080 2073/3750/3078
f 2067/3784/3110 2058/3783/3109 2057/3787/3113
f 2057/3787/3113 2056/3789/3115 2066/3792/3118
f 2066/3792/3118 2056/3789/3115 2065/3791/3117
f 2066/3792/3118 2065/3791/3117 2074/3793/3119
f 2074/3793/3119 2065/3791/3117 2073/3750/3078
f 2074/3793/3119 2073/3750/3078 2094/3748/3076
f 2071/3764/3092 2062/3766/3094 2061/3769/3096
f 2061/3769/3096 2060/3771/3098 2070/3794/3120
f 2070/3794/3120 2060/3771/3098 2069/3773/3100
f 2070/3794/3120 2069/3773/3100 2078/3795/3121
f 2078/3795/3121 2069/3773/3100 2077/3775/3102
f 2078/3795/3121 2077/3775/3102 2090/3796/3122
f 2090/3796/3122 2077/3775/3102 2091/3777/3104
f 2090/3796/3122 2091/3777/3104 2087/3797/3123
f 2087/3797/3123 2091/3777/3104 2086/3779/3106
f 2087/3797/3123 2086/3779/3106 2105/3798/3124
f 2105/3798/3124 2086/3779/3106 2104/3781/3108
f 2105/3798/3124 2104/3781/3108 2114/3742/3070
f 2114/3742/3070 2104/3781/3108 2113/3743/3071
f 2075/3785/3111 2067/3784/3110 2066/3792/3118
f 2066/3792/3118 2067/3784/3110 2057/3787/3113
f 2075/3785/3111 2066/3792/3118 2074/3793/3119
f 2079/3762/3090 2071/3764/3092 2070/3794/3120
f 2070/3794/3120 2071/3764/3092 2061/3769/3096
f 2079/3762/3090 2070/3794/3120 2078/3795/3121
f 2063/3715/3044 2052/3717/3046 2072/3751/3079
f 2072/3751/3079 2052/3717/3046 2096/3740/3068
f 2072/3751/3079 2096/3740/3068 2095/3749/3077
f 2095/3749/3077 2096/3740/3068 2082/3739/3067
f 2095/3749/3077 2082/3739/3067 2083/3747/3075
f 2083/3747/3075 2082/3739/3067 2101/3738/3066
f 2083/3747/3075 2101/3738/3066 2102/3745/3073
f 2102/3745/3073 2101/3738/3066 2111/3737/3065
f 2102/3745/3073 2111/3737/3065 2112/3736/3064
f 2093/3786/3112 2075/3785/3111 2074/3793/3119
f 2093/3786/3112 2074/3793/3119 2094/3748/3076
f 2089/3760/3088 2079/3762/3090 2078/3795/3121
f 2089/3760/3088 2078/3795/3121 2090/3796/3122
f 2093/3786/3112 2094/3748/3076 2084/3746/3074
f 2089/3760/3088 2090/3796/3122 2088/3758/3086
f 2088/3758/3086 2090/3796/3122 2087/3797/3123
f 2088/3758/3086 2087/3797/3123 2106/3756/3084
f 2106/3756/3084 2087/3797/3123 2105/3798/3124
f 2106/3756/3084 2105/3798/3124 2053/3753/3081
f 2053/3753/3081 2105/3798/3124 2114/3742/3070
# 2114 vertices
# 3798 texture params
# 3124 normals
# 4192 facets

# 9 groups
